Date,Open,High,Low,Close,Adj Close,Volume
2013-01-02,19.779285430908203,19.821428298950195,19.343929290771484,19.608213424682617,16.567115783691406,560518000
2013-01-03,19.567142486572266,19.631071090698242,19.321428298950195,19.360713958740234,16.358003616333008,352965200
2013-01-04,19.177499771118164,19.236785888671875,18.77964210510254,18.821428298950195,15.902359008789062,594333600
2013-01-07,18.64285659790039,18.9035701751709,18.399999618530273,18.71071434020996,15.808804512023926,484156400
2013-01-08,18.90035629272461,18.996070861816406,18.616071701049805,18.761070251464844,15.851356506347656,458707200
2013-01-09,18.66071319580078,18.750356674194336,18.428213119506836,18.467857360839844,15.603612899780273,407604400
2013-01-10,18.876785278320312,18.882856369018555,18.411428451538086,18.696786880493164,15.797039985656738,601146000
2013-01-11,18.60714340209961,18.761428833007812,18.536428451538086,18.582143783569336,15.700177192687988,350506800
2013-01-14,17.952856063842773,18.125,17.80392837524414,17.91964340209961,15.140425682067871,734207600
2013-01-15,17.796428680419922,17.82107162475586,17.26357078552246,17.354286193847656,14.662760734558105,876772400
2013-01-16,17.665714263916016,18.194286346435547,17.58928680419922,18.074642181396484,15.271391868591309,690804800
2013-01-17,18.225357055664062,18.241071701049805,17.929643630981445,17.952856063842773,15.168487548828125,453678400
2013-01-18,17.804285049438477,17.93642807006836,17.72857093811035,17.85714340209961,15.087620735168457,472922800
2013-01-22,18.020000457763672,18.13857078552246,17.736785888671875,18.02750015258789,15.23155403137207,461546400
2013-01-23,18.171785354614258,18.392499923706055,18.02750015258789,18.357500076293945,15.510372161865234,861509600
2013-01-24,16.428571701049805,16.633214950561523,16.08035659790039,16.08928680419922,13.593951225280762,1460852400
2013-01-25,16.131786346435547,16.293928146362305,15.535714149475098,15.710000038146973,13.27348804473877,1208026400
2013-01-28,15.636786460876465,16.186071395874023,15.566429138183594,16.065357208251953,13.57373046875,785517600
2013-01-29,16.375,16.435714721679688,16.14714241027832,16.366785049438477,13.828410148620605,571158000
2013-01-30,16.321428298950195,16.52142906188965,16.23214340209961,16.315357208251953,13.784958839416504,417155200
2013-01-31,16.320714950561523,16.402856826782227,16.249286651611328,16.267499923706055,13.744522094726562,319334400
2013-02-01,16.396785736083984,16.40999984741211,16.012500762939453,16.200714111328125,13.688095092773438,539484400
2013-02-04,16.211071014404297,16.283571243286133,15.785714149475098,15.79714298248291,13.347111701965332,477117200
2013-02-05,15.858928680419922,16.419286727905273,15.793571472167969,16.351428985595703,13.815433502197266,573347600
2013-02-06,16.302499771118164,16.66071319580078,16.163570404052734,16.33392906188965,13.800647735595703,593706400
2013-02-07,16.54464340209961,16.78571319580078,16.218570709228516,16.722143173217773,14.210992813110352,704580800
2013-02-08,16.928571701049805,17.100357055664062,16.72321319580078,16.963571548461914,14.416169166564941,633158400
2013-02-11,17.01785659790039,17.319286346435547,16.90178680419922,17.140356063842773,14.56640625,517490400
2013-02-12,17.125356674194336,17.22785758972168,16.704999923706055,16.71071434020996,14.201281547546387,609053200
2013-02-13,16.686071395874023,16.915714263916016,16.54357147216797,16.67892837524414,14.174267768859863,475207600
2013-02-14,16.59000015258789,16.84428596496582,16.5721435546875,16.663928985595703,14.16152572631836,355275200
2013-02-15,16.74464225769043,16.79142951965332,16.42571449279785,16.43428611755371,13.966365814208984,391745200
2013-02-19,16.467857360839844,16.526071548461914,16.20892906188965,16.428213119506836,13.961202621459961,435783600
2013-02-20,16.346071243286133,16.346071243286133,16.0285701751709,16.030357360839844,13.62309455871582,476302400
2013-02-21,15.928570747375488,16.041786193847656,15.8149995803833,15.930713653564453,13.538412094116211,447182400
2013-02-22,16.04464340209961,16.128570556640625,15.949999809265137,16.100357055664062,13.682584762573242,330654800
2013-02-25,16.20892906188965,16.25428581237793,15.806071281433105,15.814286231994629,13.439468383789062,372579200
2013-02-26,15.850713729858398,16.126428604125977,15.630714416503906,16.034643173217773,13.626733779907227,501499600
2013-02-27,16.015356063842773,16.158571243286133,15.737500190734863,15.8774995803833,13.493191719055176,587350400
2013-02-28,15.858928680419922,15.995356559753418,15.764286041259766,15.764286041259766,13.396977424621582,322515200
2013-03-01,15.64285659790039,15.649286270141602,15.356429100036621,15.373929023742676,13.065240859985352,552448400
2013-03-04,15.278571128845215,15.29285717010498,14.964285850524902,15.001786231994629,12.748985290527344,582755600
2013-03-05,15.052857398986816,15.542499542236328,15.026785850524902,15.397856712341309,13.085575103759766,638433600
2013-03-06,15.518214225769043,15.54464340209961,15.15821361541748,15.202142715454102,12.919255256652832,460250000
2013-03-07,15.160714149475098,15.428929328918457,15.037857055664062,15.377857208251953,13.068582534790039,468473600
2013-03-08,15.350000381469727,15.551071166992188,15.307499885559082,15.418571472167969,13.103178977966309,391482000
2013-03-11,15.348214149475098,15.678929328918457,15.183570861816406,15.638214111328125,13.289840698242188,474236000
2013-03-12,15.557143211364746,15.674285888671875,15.270357131958008,15.301071166992188,13.003323554992676,465911600
2013-03-13,15.301786422729492,15.51785659790039,15.191429138183594,15.298213958740234,13.000895500183105,405549200
2013-03-14,15.458213806152344,15.522856712341309,15.373213768005371,15.446429252624512,13.126853942871094,303875600
2013-03-15,15.64035701751709,15.865357398986816,15.616070747375488,15.845000267028809,13.465570449829102,643960800
2013-03-18,15.766071319580078,16.33785629272461,15.757143020629883,16.275714874267578,13.831608772277832,606197200
2013-03-19,16.41071319580078,16.463214874267578,16.01785659790039,16.231786727905273,13.794275283813477,526775200
2013-03-20,16.336429595947266,16.343929290771484,16.056785583496094,16.145713806152344,13.721125602722168,308660800
2013-03-21,16.079286575317383,16.356428146362305,16.075000762939453,16.168928146362305,13.740859985351562,383255600
2013-03-22,16.235000610351562,16.503570556640625,16.1825008392334,16.49678611755371,14.019478797912598,395105200
2013-03-25,16.596071243286133,16.7839298248291,16.492143630981445,16.556428909301758,14.07016658782959,501135600
2013-03-26,16.62285614013672,16.637142181396484,16.447500228881836,16.46928596496582,13.996109962463379,294294000
2013-03-27,16.302143096923828,16.314285278320312,16.09749984741211,16.145713806152344,13.721125602722168,331237200
2013-03-28,16.065000534057617,16.136428833007812,15.772143363952637,15.809286117553711,13.435221672058105,442839600
2013-04-01,15.782142639160156,15.846428871154785,15.276429176330566,15.318214416503906,13.017891883850098,389732000
2013-04-02,15.271429061889648,15.647856712341309,15.228570938110352,15.349642753601074,13.044604301452637,529519200
2013-04-03,15.406070709228516,15.617142677307129,15.368213653564453,15.428214073181152,13.111376762390137,363216000
2013-04-04,15.491429328918457,15.535714149475098,15.1875,15.275713920593262,12.98177433013916,358447600
2013-04-05,15.160714149475098,15.176786422729492,14.988571166992188,15.114286422729492,12.844586372375488,383695200
2013-04-08,15.173213958740234,15.26785659790039,15.088929176330566,15.221785545349121,12.935940742492676,300829200
2013-04-09,15.227143287658691,15.303570747375488,15.098214149475098,15.249285697937012,12.959317207336426,306614000
2013-04-10,15.289285659790039,15.609286308288574,15.214642524719238,15.560357093811035,13.223672866821289,375928000
2013-04-11,15.489999771118164,15.642499923706055,15.399999618530273,15.511786460876465,13.18239688873291,328364400
2013-04-12,15.505356788635254,15.505356788635254,15.3246431350708,15.350000381469727,13.044899940490723,238613200
2013-04-15,15.25,15.28178596496582,14.983928680419922,14.994643211364746,12.74290943145752,317520000
2013-04-16,15.056071281433105,15.23607063293457,15.020357131958008,15.222857475280762,12.936856269836426,305771200
2013-04-17,15.009642601013184,15.021429061889648,14.21821403503418,14.385713577270508,12.22542667388916,945056000
2013-04-18,14.463929176330566,14.492500305175781,13.919285774230957,14.001786231994629,11.899150848388672,666299200
2013-04-19,13.856071472167969,14.271429061889648,13.753570556640625,13.947500228881836,11.853018760681152,609274400
2013-04-22,14.022856712341309,14.364286422729492,13.973929405212402,14.238213539123535,12.100072860717773,429920400
2013-04-23,14.428214073181152,14.585000038146973,14.243213653564453,14.504643440246582,12.326494216918945,664238400
2013-04-24,14.055000305175781,14.83035659790039,14.01785659790039,14.480713844299316,12.306158065795898,969651200
2013-04-25,14.686785697937012,14.783571243286133,14.535714149475098,14.585000038146973,12.39478588104248,384837600
2013-04-26,14.63607120513916,14.956070899963379,14.58035659790039,14.899999618530273,12.662480354309082,764097600
2013-04-29,15.016071319580078,15.486429214477539,15.0,15.361429214477539,13.054618835449219,640326400
2013-04-30,15.539285659790039,15.901785850524902,15.431071281433105,15.813570976257324,13.438861846923828,691538400
2013-05-01,15.873571395874023,15.89035701751709,15.51392936706543,15.688928604125977,13.332935333251953,506909200
2013-05-02,15.777856826782227,16.02107048034668,15.736785888671875,15.911429405212402,13.522027015686035,421828400
2013-05-03,16.118213653564453,16.186786651611328,16.04107093811035,16.070714950561523,13.657389640808105,361300800
2013-05-06,16.27535629272461,16.507143020629883,16.225357055664062,16.453929901123047,13.983059883117676,496641600
2013-05-07,16.60607147216797,16.633928298950195,16.203571319580078,16.380714416503906,13.920839309692383,483753200
2013-05-08,16.394285202026367,16.620357513427734,16.278928756713867,16.56571388244629,14.078058242797852,472598000
2013-05-09,16.421785354614258,16.53571319580078,16.270713806152344,16.313213348388672,13.955241203308105,398487600
2013-05-10,16.35607147216797,16.418214797973633,16.088571548461914,16.177499771118164,13.839140892028809,334852000
2013-05-13,16.125356674194336,16.35357093811035,16.125,16.240713119506836,13.893217086791992,316948800
2013-05-14,16.20892906188965,16.257143020629883,15.791070938110352,15.852143287658691,13.560815811157227,447118000
2013-05-15,15.684286117553711,15.75,15.084285736083984,15.316070556640625,13.102225303649902,741613600
2013-05-16,15.115714073181152,15.637499809265137,14.960714340209961,15.520713806152344,13.277292251586914,603204000
2013-05-17,15.680356979370117,15.717499732971191,15.393214225769043,15.473570823669434,13.236961364746094,427904400
2013-05-20,15.4253568649292,15.921428680419922,15.360713958740234,15.818928718566895,13.532400131225586,451578400
2013-05-21,15.648214340209961,15.90999984741211,15.507143020629883,15.702142715454102,13.432493209838867,456022000
2013-05-22,15.858928680419922,16.012500762939453,15.650713920593262,15.762499809265137,13.484128952026367,443038400
2013-05-23,15.569643020629883,15.934286117553711,15.563928604125977,15.790714263916016,13.50826358795166,353021200
2013-05-24,15.744643211364746,15.916428565979004,15.727143287658691,15.898214340209961,13.600229263305664,276166800
2013-05-28,16.06785774230957,16.11107063293457,15.744643211364746,15.765713691711426,13.486879348754883,386145200
2013-05-29,15.714285850524902,15.98214340209961,15.692856788635254,15.891071319580078,13.5941162109375,330576400
2013-05-30,15.916070938110352,16.23214340209961,15.875356674194336,16.127857208251953,13.796675682067871,353519600
2013-05-31,16.16071319580078,16.325000762939453,16.053571701049805,16.061786651611328,13.740157127380371,384302800
2013-06-03,16.09749984741211,16.15571403503418,15.802857398986816,16.097143173217773,13.770401954650879,372352400
2013-06-04,16.18642807006836,16.229642868041992,15.978214263916016,16.046785354614258,13.727319717407227,292728800
2013-06-05,15.916070938110352,16.097143173217773,15.846785545349121,15.896785736083984,13.599002838134766,290589600
2013-06-06,15.909643173217773,15.964285850524902,15.501786231994629,15.659285545349121,13.395830154418945,416934000
2013-06-07,15.589285850524902,15.829999923706055,15.456070899963379,15.778928756713867,13.498180389404297,404535600
2013-06-10,15.883213996887207,16.038570404052734,15.600000381469727,15.674642562866211,13.408971786499023,450153200
2013-06-11,15.562143325805664,15.812856674194336,15.475713729858398,15.628570556640625,13.36955738067627,286112400
2013-06-12,15.696429252624512,15.758929252624512,15.410714149475098,15.435357093811035,13.204270362854004,265227200
2013-06-13,15.446429252624512,15.612142562866211,15.3125,15.569999694824219,13.319452285766602,285832400
2013-06-14,15.550000190734863,15.581786155700684,15.303570747375488,15.358928680419922,13.138891220092773,271866000
2013-06-17,15.408571243286133,15.560713768005371,15.369999885559082,15.428570747375488,13.198465347290039,259414400
2013-06-18,15.412857055664062,15.532142639160156,15.364643096923828,15.420356750488281,13.191434860229492,195025600
2013-06-19,15.407142639160156,15.416428565979004,15.10714340209961,15.10714340209961,12.923497200012207,310940000
2013-06-20,14.975000381469727,15.213570594787598,14.827500343322754,14.8871431350708,12.735297203063965,357310800
2013-06-21,14.946070671081543,15.0,14.574999809265137,14.76785659790039,12.633255958557129,481118400
2013-06-24,14.550000190734863,14.595000267028809,14.216071128845215,14.376428604125977,12.298402786254883,480746000
2013-06-25,14.489286422729492,14.563928604125977,14.243928909301758,14.379643440246582,12.301154136657715,314162800
2013-06-26,14.425000190734863,14.456786155700684,14.130714416503906,14.21678638458252,12.161836624145508,367724000
2013-06-27,14.258929252624512,14.335356712341309,14.055000305175781,14.063570976257324,12.030768394470215,337246000
2013-06-28,13.977143287658691,14.295356750488281,13.888214111328125,14.161786079406738,12.114789009094238,578516400
2013-07-01,14.381786346435547,14.723929405212402,14.329285621643066,14.614999771118164,12.502494812011719,391053600
2013-07-02,14.64142894744873,15.05821418762207,14.623929023742676,14.946070671081543,12.785707473754883,469865200
2013-07-03,15.03071403503418,15.106429100036621,14.908928871154785,15.028571128845215,12.856285095214844,240928800
2013-07-05,15.01392936706543,15.117500305175781,14.833929061889648,14.907856941223145,12.753015518188477,274024800
2013-07-08,15.003929138183594,15.035714149475098,14.666070938110352,14.823213577270508,12.680607795715332,298138400
2013-07-09,14.771429061889648,15.125,14.656429290771484,15.083929061889648,12.903635025024414,352584400
2013-07-10,14.985713958740234,15.171428680419922,14.9375,15.026070594787598,12.854141235351562,281405600
2013-07-11,15.10535717010498,15.29464340209961,15.041786193847656,15.260356903076172,13.054567337036133,326292400
2013-07-12,15.273214340209961,15.349642753601074,15.121786117553711,15.232500076293945,13.030733108520508,279563200
2013-07-15,15.178929328918457,15.409285545349121,15.171428680419922,15.265713691711426,13.059147834777832,241917200
2013-07-16,15.232856750488281,15.382499694824219,15.14892864227295,15.364286422729492,13.143473625183105,216538000
2013-07-17,15.346428871154785,15.436429023742676,15.293571472167969,15.368213653564453,13.146831512451172,198990400
2013-07-18,15.477856636047363,15.531070709228516,15.378929138183594,15.420000076293945,13.191133499145508,218878800
2013-07-19,15.467857360839844,15.499285697937012,15.155357360839844,15.176786422729492,12.983073234558105,268721600
2013-07-22,15.337857246398926,15.348214149475098,15.195357322692871,15.225357055664062,13.024625778198242,207796400
2013-07-23,15.214285850524902,15.248571395874023,14.95392894744873,14.963929176330566,12.800984382629395,369395600
2013-07-24,15.676071166992188,15.878213882446289,15.545000076293945,15.732500076293945,13.458464622497559,591936800
2013-07-25,15.739286422729492,15.764286041259766,15.564642906188965,15.660714149475098,13.39705753326416,229493600
2013-07-26,15.546428680419922,15.751428604125977,15.5121431350708,15.749643325805664,13.473127365112305,200152400
2013-07-29,15.742856979370117,16.07107162475586,15.721428871154785,15.992500305175781,13.680880546569824,248057600
2013-07-30,16.06999969482422,16.326786041259766,16.043928146362305,16.190000534057617,13.849838256835938,309422400
2013-07-31,16.249643325805664,16.33357048034668,16.051071166992188,16.161785125732422,13.825695991516113,322957600
2013-08-01,16.27678680419922,16.314285278320312,16.187856674194336,16.309999465942383,13.952488899230957,206250800
2013-08-02,16.357500076293945,16.530357360839844,16.30928611755371,16.519285202026367,14.131521224975586,274783600
2013-08-05,16.596071243286133,16.809642791748047,16.50535774230957,16.766071319580078,14.342634201049805,318855600
2013-08-06,16.71500015258789,16.853214263916016,16.506071090698242,16.616071701049805,14.214320182800293,334857600
2013-08-07,16.564285278320312,16.678571701049805,16.491785049438477,16.606428146362305,14.206071853637695,298858000
2013-08-08,16.566429138183594,16.575000762939453,16.355356216430664,16.464643478393555,14.177777290344238,255777200
2013-08-09,16.3799991607666,16.44499969482422,16.201786041259766,16.230356216430664,13.976032257080078,266865200
2013-08-12,16.316429138183594,16.737499237060547,16.30821418762207,16.691429138183594,14.373062133789062,364434000
2013-08-13,16.819286346435547,17.66642951965332,16.7160701751709,17.484643936157227,15.05610466003418,881941200
2013-08-14,17.781429290771484,18.008928298950195,17.621429443359375,17.803571701049805,15.330739974975586,756372400
2013-08-15,17.729286193847656,17.94285774230957,17.46714210510254,17.782499313354492,15.312592506408691,490294000
2013-08-16,17.862499237060547,17.962142944335938,17.816429138183594,17.940357208251953,15.448526382446289,362306000
2013-08-19,18.012142181396484,18.347856521606445,18.0,18.13357162475586,15.614901542663574,510518400
2013-08-20,18.203929901123047,18.234643936157227,17.886428833007812,17.895357131958008,15.409770965576172,358688400
2013-08-21,17.9853572845459,18.112499237060547,17.899999618530273,17.941429138183594,15.44944953918457,335879600
2013-08-22,18.03499984741211,18.056785583496094,17.792856216430664,17.96285629272461,15.46789264678955,244207600
2013-08-23,17.973928451538086,17.97678565979004,17.83392906188965,17.893571853637695,15.408236503601074,222731600
2013-08-26,17.883928298950195,18.2214298248291,17.875,17.963214874267578,15.468208312988281,330965600
2013-08-27,17.78571319580078,17.946786880493164,17.367856979370117,17.449642181396484,15.025972366333008,424188800
2013-08-28,17.35714340209961,17.707143783569336,17.35714340209961,17.532142639160156,15.097006797790527,307608000
2013-08-29,17.558929443359375,17.73214340209961,17.54035758972168,17.560714721679688,15.121612548828125,239657600
2013-08-30,17.571428298950195,17.605356216430664,17.375,17.400714874267578,14.98383617401123,272297200
2013-09-03,17.610713958740234,17.878570556640625,17.405357360839844,17.44928550720215,15.025659561157227,331928800
2013-09-04,17.841428756713867,17.937143325805664,17.724285125732422,17.81035614013672,15.336579322814941,345032800
2013-09-05,17.866071701049805,17.88142967224121,17.6299991607666,17.688213348388672,15.231400489807129,236367600
2013-09-06,17.801429748535156,17.834999084472656,17.498214721679688,17.79357147216797,15.322124481201172,359525600
2013-09-09,18.03571319580078,18.139999389648438,17.981428146362305,18.077499389648438,15.566611289978027,340687200
2013-09-10,18.078571319580078,18.123214721679688,17.48214340209961,17.665714263916016,15.21202564239502,743195600
2013-09-11,16.67892837524414,16.917499542236328,16.600357055664062,16.703929901123047,14.38382625579834,898696400
2013-09-12,16.73214340209961,16.97857093811035,16.643213272094727,16.881786346435547,14.536983489990234,404051200
2013-09-13,16.762142181396484,16.851070404052734,16.5964298248291,16.60357093811035,14.29741096496582,298835600
2013-09-16,16.46428680419922,16.48607063293457,15.972143173217773,16.075714111328125,13.84287166595459,543706800
2013-09-17,15.998571395874023,16.418214797973633,15.98214340209961,16.261428833007812,14.002788543701172,399380800
2013-09-18,16.542142868041992,16.655357360839844,16.4521427154541,16.595714569091797,14.290640830993652,456862000
2013-09-19,16.810714721679688,16.993928909301758,16.758928298950195,16.867856979370117,14.524980545043945,404541200
2013-09-20,17.071428298950195,17.0910701751709,16.64285659790039,16.693214416503906,14.374600410461426,699302800
2013-09-23,17.717857360839844,17.74678611755371,17.235713958740234,17.522857666015625,15.089006423950195,762106800
2013-09-24,17.674285888671875,17.695356369018555,17.422143936157227,17.467857360839844,15.04164981842041,364344400
2013-09-25,17.4714298248291,17.48714256286621,17.19392967224121,17.197500228881836,14.80884838104248,316957200
2013-09-26,17.35714340209961,17.448570251464844,17.282142639160156,17.364999771118164,14.953080177307129,237221600
2013-09-27,17.277856826782227,17.309642791748047,17.16857147216797,17.241071701049805,14.846364974975586,228040400
2013-09-30,17.04464340209961,17.2021427154541,16.943214416503906,17.02678680419922,14.66184139251709,260156400
2013-10-01,17.087499618530273,17.46928596496582,17.084999084472656,17.427143096923828,15.006592750549316,353883600
2013-10-02,17.343929290771484,17.564285278320312,17.27678680419922,17.484285354614258,15.055801391601562,289184000
2013-10-03,17.518213272094727,17.58392906188965,17.169286727905273,17.2646427154541,14.866660118103027,322753200
2013-10-04,17.28071403503418,17.30714225769043,17.092857360839844,17.25107192993164,14.854973793029785,258868400
2013-10-07,17.37714385986328,17.594642639160156,17.33392906188965,17.41964340209961,15.000136375427246,312292400
2013-10-08,17.49785614013672,17.522857666015625,17.16214370727539,17.176429748535156,14.79069709777832,290917200
2013-10-09,17.308570861816406,17.421070098876953,17.08142852783203,17.37821388244629,14.964460372924805,301725200
2013-10-10,17.547143936157227,17.584999084472656,17.394285202026367,17.48714256286621,15.058260917663574,278602800
2013-10-11,17.392499923706055,17.637142181396484,17.3271427154541,17.600357055664062,15.155746459960938,267738800
2013-10-14,17.493928909301758,17.770713806152344,17.47678565979004,17.715713500976562,15.25507926940918,261898000
2013-10-15,17.768213272094727,17.928571701049805,17.6971435546875,17.809999465942383,15.336265563964844,320073600
2013-10-16,17.885356903076172,17.947500228881836,17.82964324951172,17.896785736083984,15.411005973815918,251101200
2013-10-17,17.856428146362305,18.027856826782227,17.845714569091797,18.01785659790039,15.51525592803955,253593200
2013-10-18,18.07107162475586,18.187856674194336,18.061071395874023,18.17464256286621,15.650269508361816,290542000
2013-10-21,18.27750015258789,18.725000381469727,18.268571853637695,18.6200008392334,16.033767700195312,398106800
2013-10-22,18.800357818603516,18.873214721679688,18.14392852783203,18.56678581237793,15.987950325012207,534063600
2013-10-23,18.53571319580078,18.773929595947266,18.53571319580078,18.748571395874023,16.144487380981445,313723200
2013-10-24,18.75,19.016786575317383,18.6589298248291,18.99678611755371,16.358217239379883,384764800
2013-10-25,18.9757137298584,19.043928146362305,18.753929138183594,18.784286499023438,16.175235748291016,337792000
2013-10-28,18.894285202026367,18.96428680419922,18.686071395874023,18.924285888671875,16.295785903930664,550440800
2013-10-29,19.15250015258789,19.258928298950195,18.376428604125977,18.452856063842773,15.8898344039917,635807200
2013-10-30,18.5575008392334,18.84000015258789,18.46500015258789,18.746429443359375,16.14263343811035,354163600
2013-10-31,18.75,18.83892822265625,18.616785049438477,18.667856216430664,16.074983596801758,275696400
2013-11-01,18.71500015258789,18.742856979370117,18.4228572845459,18.572500228881836,15.99285888671875,274890000
2013-11-04,18.610713958740234,18.815000534057617,18.528928756713867,18.8125,16.19952964782715,244627600
2013-11-05,18.735000610351562,18.88892936706543,18.678571701049805,18.766071319580078,16.1595401763916,265213200
2013-11-06,18.719642639160156,18.7450008392334,18.507143020629883,18.604286193847656,16.11376190185547,223375600
2013-11-07,18.556428909301758,18.68535614013672,18.299285888671875,18.303213119506836,15.852998733520508,262620400
2013-11-08,18.377857208251953,18.611785888671875,18.306785583496094,18.591428756713867,16.102630615234375,279316800
2013-11-11,18.57107162475586,18.631071090698242,18.37178611755371,18.537500381469727,16.055919647216797,227452400
2013-11-12,18.48821449279785,18.711429595947266,18.46428680419922,18.571786880493164,16.085622787475586,204276800
2013-11-13,18.5,18.65178680419922,18.46285629272461,18.593929290771484,16.10479736328125,197220800
2013-11-14,18.671785354614258,18.902856826782227,18.638214111328125,18.862857818603516,16.33772850036621,282419200
2013-11-15,18.806428909301758,18.89607048034668,18.731786727905273,18.749643325805664,16.239665985107422,317920400
2013-11-18,18.749643325805664,18.828214645385742,18.507143020629883,18.522499084472656,16.04292869567871,244944000
2013-11-19,18.536785125732422,18.692142486572266,18.49892807006836,18.555356979370117,16.071392059326172,208938800
2013-11-20,18.543928146362305,18.586429595947266,18.368928909301758,18.39285659790039,15.93063735961914,193916800
2013-11-21,18.485713958740234,18.614643096923828,18.34535789489746,18.61214256286621,16.120573043823242,262026800
2013-11-22,18.554285049438477,18.648571014404297,18.51892852783203,18.564285278320312,16.07911491394043,223725600
2013-11-25,18.60785675048828,18.781070709228516,18.60714340209961,18.704999923706055,16.20100212097168,229311600
2013-11-26,18.718570709228516,19.147857666015625,18.71428680419922,19.049999237060547,16.49981689453125,401382800
2013-11-27,19.153928756713867,19.5,19.049999237060547,19.498571395874023,16.88833999633789,363448400
2013-11-29,19.624286651611328,19.940357208251953,19.56464385986328,19.859643936157227,17.201074600219727,318127600
2013-12-02,19.928571701049805,20.15464210510254,19.672143936157227,19.686786651611328,17.051355361938477,472544800
2013-12-03,19.939285278320312,20.22785758972168,19.917142868041992,20.2257137298584,17.518131256103516,450968000
2013-12-04,20.196428298950195,20.328214645385742,20.029285430908203,20.178571701049805,17.477306365966797,377809600
2013-12-05,20.451786041259766,20.540714263916016,20.22892951965332,20.282142639160156,17.567012786865234,447580000
2013-12-06,20.206785202026367,20.241071701049805,19.984643936157227,20.000713348388672,17.323261260986328,344352400
2013-12-09,20.032142639160156,20.34214210510254,20.032142639160156,20.229642868041992,17.52154541015625,320493600
2013-12-10,20.127857208251953,20.281429290771484,20.042856216430664,20.198213577270508,17.494321823120117,278269600
2013-12-11,20.25,20.391786575317383,19.988929748535156,20.04857063293457,17.364707946777344,359718800
2013-12-12,20.07642936706543,20.19071388244629,20.00107192993164,20.019285202026367,17.339344024658203,262290000
2013-12-13,20.10178565979004,20.10285758972168,19.773929595947266,19.801071166992188,17.15034294128418,332822000
2013-12-16,19.8221435546875,20.09428596496582,19.821786880493164,19.91071319580078,17.245302200317383,282592800
2013-12-17,19.850357055664062,19.979999542236328,19.76357078552246,19.82107162475586,17.16766357421875,229902400
2013-12-18,19.632143020629883,19.694643020629883,19.242856979370117,19.67035675048828,17.03712272644043,565863200
2013-12-19,19.625,19.64285659790039,19.418928146362305,19.44499969482422,16.84193229675293,320308800
2013-12-20,19.479642868041992,19.70035743713379,19.457857131958008,19.60785675048828,16.982995986938477,436413600
2013-12-23,20.28571319580078,20.382856369018555,20.09857177734375,20.3603572845459,17.63475799560547,501306400
2013-12-24,20.353214263916016,20.424285888671875,20.215356826782227,20.273929595947266,17.55990219116211,167554800
2013-12-26,20.28928565979004,20.33928680419922,20.12071418762207,20.139286041259766,17.443281173706055,204008000
2013-12-27,20.136428833007812,20.157499313354492,19.98214340209961,20.00321388244629,17.325428009033203,225884400
2013-12-30,19.909286499023438,20.00321388244629,19.7257137298584,19.804285049438477,17.153125762939453,253629600
2013-12-31,19.791786193847656,20.045713424682617,19.78571319580078,20.036428451538086,17.35419464111328,223084400
2014-01-02,19.845714569091797,19.89392852783203,19.71500015258789,19.754642486572266,17.110124588012695,234684800
2014-01-03,19.7450008392334,19.774999618530273,19.301071166992188,19.320714950561523,16.734294891357422,392467600
2014-01-06,19.194643020629883,19.5285701751709,19.05714225769043,19.426071166992188,16.825546264648438,412610800
2014-01-07,19.440000534057617,19.498571395874023,19.211429595947266,19.28714370727539,16.70521354675293,317209200
2014-01-08,19.243213653564453,19.484285354614258,19.238929748535156,19.409286499023438,16.811004638671875,258529600
2014-01-09,19.5285701751709,19.53071403503418,19.11964225769043,19.161428451538086,16.596328735351562,279148800
2014-01-10,19.27964210510254,19.314285278320312,18.96821403503418,19.033571243286133,16.485578536987305,304976000
2014-01-13,18.925357818603516,19.375,18.924285888671875,19.133214950561523,16.5718936920166,378492800
2014-01-14,19.222143173217773,19.526071548461914,19.2021427154541,19.51392936706543,16.901643753051758,332561600
2014-01-15,19.768571853637695,20.007143020629883,19.7021427154541,19.90571403503418,17.240978240966797,391638800
2014-01-16,19.81785774230957,19.887500762939453,19.702856063842773,19.79464340209961,17.144765853881836,229278000
2014-01-17,19.695714950561523,19.716785430908203,19.282142639160156,19.309642791748047,16.724706649780273,426739600
2014-01-21,19.32107162475586,19.645357131958008,19.30071449279785,19.609643936157227,16.984539031982422,328526800
2014-01-22,19.675357818603516,19.903213500976562,19.56464385986328,19.696786880493164,17.060014724731445,379985200
2014-01-23,19.640714645385742,19.875,19.457500457763672,19.863571166992188,17.20447540283203,403239200
2014-01-24,19.78571319580078,19.843570709228516,19.45535659790039,19.502500534057617,16.89173698425293,429354800
2014-01-27,19.645357131958008,19.814285278320312,19.491071701049805,19.66071319580078,17.028778076171875,554878800
2014-01-28,18.170000076293945,18.39285659790039,17.93107032775879,18.08928680419922,15.667710304260254,1065523200
2014-01-29,17.998214721679688,18.120357513427734,17.807857513427734,17.883928298950195,15.489840507507324,502810000
2014-01-30,17.947856903076172,18.08928680419922,17.739286422729492,17.849285125732422,15.459839820861816,678501600
2014-01-31,17.684999465942383,17.911785125732422,17.626785278320312,17.878570556640625,15.485198020935059,464797200
2014-02-03,17.95035743713379,18.133214950561523,17.832143783569336,17.911785125732422,15.513969421386719,401464000
2014-02-04,18.066070556640625,18.19499969482422,17.955713272094727,18.171070098876953,15.738545417785645,376681200
2014-02-05,18.091428756713867,18.402856826782227,18.08035659790039,18.306785583496094,15.856095314025879,328344800
2014-02-06,18.216428756713867,18.33928680419922,18.136070251464844,18.30392837524414,15.948515892028809,257765200
2014-02-07,18.62071418762207,18.676071166992188,18.47785758972168,18.559999465942383,16.171640396118164,370280400
2014-02-10,18.523571014404297,18.999643325805664,18.5,18.892499923706055,16.461347579956055,345559200
2014-02-11,18.95035743713379,19.20535659790039,18.91071319580078,19.141429901123047,16.67824935913086,282256800
2014-02-12,19.176786422729492,19.270000457763672,19.044286727905273,19.139999389648438,16.6769962310791,308100800
2014-02-13,19.094999313354492,19.45892906188965,19.078571319580078,19.44392967224121,16.941810607910156,307398000
2014-02-14,19.37392807006836,19.499286651611328,19.328929901123047,19.428213119506836,16.928119659423828,272924400
2014-02-18,19.5,19.68535614013672,19.48607063293457,19.499643325805664,16.99036407470703,260251600
2014-02-19,19.45535659790039,19.53178596496582,19.08392906188965,19.19178581237793,16.72212028503418,313768000
2014-02-20,19.035356521606445,19.178571701049805,18.89285659790039,18.969642639160156,16.528568267822266,305858000
2014-02-21,19.028213500976562,19.091785430908203,18.735713958740234,18.758928298950195,16.34496307373047,278784800
2014-02-24,18.683929443359375,18.92571449279785,18.65785789489746,18.8410701751709,16.41653060913086,288909600
2014-02-25,18.906429290771484,18.9132137298584,18.60714340209961,18.645000457763672,16.245698928833008,231952000
2014-02-26,18.70035743713379,18.75,18.41428565979004,18.47678565979004,16.09912872314453,276217200
2014-02-27,18.46928596496582,18.885000228881836,18.430356979370117,18.84535789489746,16.420269012451172,301882000
2014-02-28,18.895713806152344,19.02678680419922,18.64714241027832,18.794286727905273,16.375770568847656,371968800
2014-03-03,18.693571090698242,18.951786041259766,18.671785354614258,18.84857177734375,16.42307472229004,238781200
2014-03-04,18.96428680419922,19.022857666015625,18.848928451538086,18.972856521606445,16.531362533569336,259140000
2014-03-05,18.961429595947266,19.09821319580078,18.897499084472656,19.01285743713379,16.566225051879883,200062800
2014-03-06,19.028213500976562,19.087142944335938,18.860713958740234,18.95535659790039,16.516115188598633,185488800
2014-03-07,18.967500686645508,18.999286651611328,18.787500381469727,18.944286346435547,16.506479263305664,220729600
2014-03-10,18.8700008392334,19.047500610351562,18.869285583496094,18.961429595947266,16.521406173706055,178584000
2014-03-11,19.123214721679688,19.240713119506836,19.02107048034668,19.14607048034668,16.682294845581055,279224400
2014-03-12,19.089643478393555,19.191070556640625,19.0,19.164642333984375,16.698469161987305,199326400
2014-03-13,19.194286346435547,19.273571014404297,18.898571014404297,18.951786041259766,16.51300621032715,257742800
2014-03-14,18.885356903076172,18.960357666015625,18.678571701049805,18.738929748535156,16.327533721923828,237199200
2014-03-17,18.8464298248291,18.927499771118164,18.780357360839844,18.812143325805664,16.391334533691406,199544800
2014-03-18,18.782142639160156,18.99892807006836,18.757143020629883,18.97857093811035,16.53634262084961,209647200
2014-03-19,19.009286880493164,19.15142822265625,18.89285659790039,18.97357177734375,16.531986236572266,224756000
2014-03-20,18.92464256286621,19.023929595947266,18.83392906188965,18.882143020629883,16.452327728271484,208398400
2014-03-21,18.997499465942383,19.0625,18.797500610351562,19.031070709228516,16.58208465576172,374046400
2014-03-24,19.229286193847656,19.303571701049805,19.109285354614258,19.256786346435547,16.77875518798828,355700800
2014-03-25,19.33928680419922,19.491071701049805,19.27107048034668,19.46392822265625,16.959247589111328,282293200
2014-03-26,19.518571853637695,19.60714340209961,19.2450008392334,19.277856826782227,16.797115325927734,299768000
2014-03-27,19.286428451538086,19.33928680419922,19.11142921447754,19.19499969482422,16.72492218017578,222031600
2014-03-28,19.2257137298584,19.24785614013672,19.08035659790039,19.17357063293457,16.70625114440918,200564000
2014-03-31,19.258214950561523,19.31464385986328,19.140356063842773,19.169286727905273,16.7025203704834,168669200
2014-04-01,19.205713272094727,19.352500915527344,19.17035675048828,19.344642639160156,16.855304718017578,200760000
2014-04-02,19.37071418762207,19.40999984741211,19.295000076293945,19.376785278320312,16.883304595947266,180420800
2014-04-03,19.335357666015625,19.375,19.20142936706543,19.24250030517578,16.766305923461914,162344000
2014-04-04,19.278928756713867,19.28571319580078,18.94928550720215,18.99357032775879,16.549413681030273,275251200
2014-04-07,18.85785675048828,18.96071434020996,18.63892936706543,18.695356369018555,16.289573669433594,289850400
2014-04-08,18.756786346435547,18.790000915527344,18.524999618530273,18.694286346435547,16.28864288330078,243888400
2014-04-09,18.665714263916016,18.94607162475586,18.643571853637695,18.940000534057617,16.50273323059082,206169600
2014-04-10,18.952856063842773,19.00857162475586,18.684642791748047,18.695714950561523,16.28988265991211,239652000
2014-04-11,18.53571319580078,18.672500610351562,18.46928596496582,18.5575008392334,16.16946029663086,271717600
2014-04-14,18.639286041259766,18.648571014404297,18.471786499023438,18.63142967224121,16.233875274658203,205674000
2014-04-15,18.581071853637695,18.6299991607666,18.26178550720215,18.498571395874023,16.118112564086914,266490000
2014-04-16,18.501785278320312,18.6103572845459,18.36214256286621,18.53607177734375,16.150781631469727,214765600
2014-04-17,18.571428298950195,18.84857177734375,18.542856216430664,18.74785614013672,16.335315704345703,284334400
2014-04-21,18.762142181396484,19.0049991607666,18.71285629272461,18.97035789489746,16.529184341430664,182548800
2014-04-22,18.868213653564453,18.993928909301758,18.803571701049805,18.989286422729492,16.545684814453125,202563200
2014-04-23,18.895000457763672,18.968929290771484,18.730356216430664,18.741071701049805,16.32940673828125,394940000
2014-04-24,20.293214797973633,20.35714340209961,20.026071548461914,20.27750015258789,17.668119430541992,759911600
2014-04-25,20.161785125732422,20.428213119506836,20.141429901123047,20.426429748535156,17.797887802124023,390275200
2014-04-28,20.457143783569336,21.27678680419922,20.448213577270508,21.217500686645508,18.487159729003906,669485600
2014-04-29,21.204999923706055,21.28499984741211,21.05392837524414,21.15464210510254,18.43238639831543,337377600
2014-04-30,21.165714263916016,21.408214569091797,21.064285278320312,21.074642181396484,18.362682342529297,456640800
2014-05-01,21.14285659790039,21.242856979370117,20.941429138183594,21.124286651611328,18.40593910217285,244048000
2014-05-02,21.155000686645508,21.2214298248291,21.061071395874023,21.163570404052734,18.440168380737305,191514400
2014-05-05,21.07642936706543,21.46428680419922,21.071428298950195,21.46285629272461,18.70093536376953,287067200
2014-05-06,21.492856979370117,21.586071014404297,21.22892951965332,21.22892951965332,18.49711799621582,374564400
2014-05-07,21.258928298950195,21.331785202026367,20.9903564453125,21.15464210510254,18.43238639831543,282864400
2014-05-08,21.008928298950195,21.22892951965332,20.94285774230957,20.999643325805664,18.3995361328125,230297200
2014-05-09,20.876428604125977,20.9375,20.726070404052734,20.91214370727539,18.322866439819336,291597600
2014-05-12,20.981786727905273,21.2021427154541,20.97857093811035,21.172500610351562,18.550994873046875,213208800
2014-05-13,21.14285659790039,21.233570098876953,21.0964298248291,21.205713272094727,18.580087661743164,159737200
2014-05-14,21.158214569091797,21.33571434020996,21.13357162475586,21.20964241027832,18.583532333374023,166404000
2014-05-15,21.239286422729492,21.30714225769043,21.001428604125977,21.029285430908203,18.425506591796875,230846000
2014-05-16,21.022499084472656,21.340356826782227,20.907142639160156,21.339643478393555,18.697433471679688,276256400
2014-05-19,21.35178565979004,21.690357208251953,21.333213806152344,21.592500686645508,18.91898536682129,317755200
2014-05-20,21.589643478393555,21.657142639160156,21.45464324951172,21.596786499023438,18.92274284362793,234836000
2014-05-21,21.565357208251953,21.667856216430664,21.50214385986328,21.653928756713867,18.972806930541992,196859600
2014-05-22,21.66428565979004,21.780357360839844,21.575000762939453,21.688213348388672,19.00284767150879,200760000
2014-05-23,21.6875,21.95464324951172,21.659643173217773,21.93321418762207,19.21751594543457,232209600
2014-05-27,21.99571418762207,22.352142333984375,21.986785888671875,22.343929290771484,19.577367782592773,348866000
2014-05-28,22.35785675048828,22.493928909301758,22.277856826782227,22.28607177734375,19.526681900024414,315481600
2014-05-29,22.423213958740234,22.745357513427734,22.42035675048828,22.692142486572266,19.882465362548828,376474000
2014-05-30,22.78499984741211,23.006071090698242,22.46071434020996,22.60714340209961,19.8079891204834,564020800
2014-06-02,22.641429901123047,22.672500610351562,22.23214340209961,22.451786041259766,19.671876907348633,369350800
2014-06-03,22.44499969482422,22.812143325805664,22.4375,22.769285202026367,19.95005989074707,292709200
2014-06-04,22.765714645385742,23.13892936706543,22.71821403503418,23.029285430908203,20.177873611450195,335482000
2014-06-05,23.078571319580078,23.19178581237793,22.95035743713379,23.11964225769043,20.257043838500977,303805600
2014-06-06,23.21071434020996,23.259286880493164,23.016786575317383,23.05607032775879,20.201339721679688,349938400
2014-06-09,23.174999237060547,23.469999313354492,22.9375,23.424999237060547,20.524587631225586,301660000
2014-06-10,23.6825008392334,23.762500762939453,23.392499923706055,23.5625,20.64506721496582,251108000
2014-06-11,23.532499313354492,23.690000534057617,23.36750030517578,23.46500015258789,20.55963134765625,182724000
2014-06-12,23.510000228881836,23.530000686645508,22.975000381469727,23.072500228881836,20.21573829650879,218996000
2014-06-13,23.049999237060547,23.110000610351562,22.719999313354492,22.81999969482422,19.994497299194336,218100000
2014-06-16,22.877500534057617,23.1875,22.862499237060547,23.049999237060547,20.196020126342773,142244000
2014-06-17,23.077499389648438,23.174999237060547,22.950000762939453,23.020000457763672,20.169729232788086,118904000
2014-06-18,23.0674991607666,23.072500228881836,22.837499618530273,23.045000076293945,20.19163703918457,134056000
2014-06-19,23.072500228881836,23.075000762939453,22.834999084472656,22.96500015258789,20.121538162231445,142112000
2014-06-20,22.962499618530273,23.137500762939453,22.725000381469727,22.727500915527344,19.913454055786133,403592000
2014-06-23,22.829999923706055,22.905000686645508,22.649999618530273,22.707500457763672,19.89592933654785,174776000
2014-06-24,22.6875,22.934999465942383,22.547500610351562,22.56999969482422,19.77545166015625,156144000
2014-06-25,22.552499771118164,22.674999237060547,22.412500381469727,22.59000015258789,19.79298210144043,147476000
2014-06-26,22.592500686645508,22.762500762939453,22.450000762939453,22.725000381469727,19.911256790161133,130516000
2014-06-27,22.704999923706055,23.0,22.6924991607666,22.9950008392334,20.1478271484375,256116000
2014-06-30,23.024999618530273,23.4325008392334,23.022499084472656,23.232500076293945,20.355928421020508,197929200
2014-07-01,23.3799991607666,23.517499923706055,23.282499313354492,23.3799991607666,20.48516273498535,152892000
2014-07-02,23.467500686645508,23.514999389648438,23.272499084472656,23.3700008392334,20.476402282714844,113860000
2014-07-03,23.417499542236328,23.524999618530273,23.299999237060547,23.50749969482422,20.596872329711914,91567200
2014-07-07,23.53499984741211,23.997499465942383,23.524999618530273,23.99250030517578,21.021821975708008,225872000
2014-07-08,24.0674991607666,24.200000762939453,23.479999542236328,23.837499618530273,20.886014938354492,260888000
2014-07-09,23.860000610351562,23.987499237060547,23.690000534057617,23.84749984741211,20.894777297973633,145744000
2014-07-10,23.440000534057617,23.887500762939453,23.3799991607666,23.760000228881836,20.8181095123291,158744000
2014-07-11,23.84000015258789,23.97249984741211,23.71500015258789,23.80500030517578,20.8575382232666,136072000
2014-07-14,23.96500015258789,24.22249984741211,23.912500381469727,24.112499237060547,21.126956939697266,171240000
2014-07-15,24.200000762939453,24.212499618530273,23.75749969482422,23.829999923706055,20.87944793701172,181911600
2014-07-16,24.24250030517578,24.274999618530273,23.684999465942383,23.69499969482422,20.761159896850586,213585200
2014-07-17,23.75749969482422,23.81999969482422,23.142499923706055,23.272499084472656,20.390966415405273,229192000
2014-07-18,23.405000686645508,23.684999465942383,23.2549991607666,23.607500076293945,20.684492111206055,199952000
2014-07-21,23.747499465942383,23.75,23.43000030517578,23.485000610351562,20.577163696289062,156316000
2014-07-22,23.670000076293945,23.72249984741211,23.530000686645508,23.68000030517578,20.748016357421875,220788000
2014-07-23,23.854999542236328,24.469999313354492,23.792499542236328,24.297500610351562,21.289060592651367,371672000
2014-07-24,24.260000228881836,24.329999923706055,24.104999542236328,24.25749969482422,21.254009246826172,182916000
2014-07-25,24.212499618530273,24.459999084472656,24.15999984741211,24.417499542236328,21.394201278686523,173876000
2014-07-28,24.454999923706055,24.809999465942383,24.387500762939453,24.7549991607666,21.689910888671875,221272000
2014-07-29,24.832500457763672,24.860000610351562,24.5625,24.594999313354492,21.54972267150879,172572000
2014-07-30,24.610000610351562,24.674999237060547,24.417499542236328,24.537500381469727,21.499343872070312,132040000
2014-07-31,24.290000915527344,24.362499237060547,23.832500457763672,23.899999618530273,20.940776824951172,227372000
2014-08-01,23.725000381469727,24.155000686645508,23.702499389648438,24.032499313354492,21.056867599487305,194044000
2014-08-04,24.092500686645508,24.145000457763672,23.792499542236328,23.897499084472656,20.938587188720703,159832000
2014-08-05,23.84000015258789,23.920000076293945,23.59000015258789,23.780000686645508,20.835634231567383,223732000
2014-08-06,23.6875,23.8700008392334,23.677499771118164,23.739999771118164,20.800588607788086,154232000
2014-08-07,23.732500076293945,23.987499237060547,23.524999618530273,23.6200008392334,20.798383712768555,186844000
2014-08-08,23.565000534057617,23.704999923706055,23.31999969482422,23.684999465942383,20.855623245239258,167460000
2014-08-11,23.8174991607666,24.020000457763672,23.709999084472656,23.997499465942383,21.13079261779785,146340000
2014-08-12,24.010000228881836,24.219999313354492,23.90250015258789,23.99250030517578,21.126394271850586,135180000
2014-08-13,24.037500381469727,24.309999465942383,24.010000228881836,24.309999465942383,21.40595817565918,127664000
2014-08-14,24.332500457763672,24.392499923706055,24.200000762939453,24.375,21.46319580078125,112464000
2014-08-15,24.475000381469727,24.547500610351562,24.21500015258789,24.4950008392334,21.568866729736328,195804000
2014-08-18,24.622499465942383,24.842500686645508,24.4950008392334,24.790000915527344,21.828617095947266,190288000
2014-08-19,24.852500915527344,25.170000076293945,24.829999923706055,25.13249969482422,22.130207061767578,277596000
2014-08-20,25.110000610351562,25.272499084472656,24.987499237060547,25.142499923706055,22.139007568359375,210796000
2014-08-21,25.142499923706055,25.235000610351562,25.02750015258789,25.145000457763672,22.141212463378906,133912000
2014-08-22,25.072500228881836,25.36750030517578,25.047500610351562,25.329999923706055,22.30411720275879,176736000
2014-08-25,25.447500228881836,25.542499542236328,25.31999969482422,25.385000228881836,22.352540969848633,161080000
2014-08-26,25.354999542236328,25.375,25.21500015258789,25.22249984741211,22.20945930480957,132608000
2014-08-27,25.2549991607666,25.642499923706055,25.174999237060547,25.532499313354492,22.482419967651367,209476000
2014-08-28,25.397499084472656,25.69499969482422,25.389999389648438,25.5625,22.50883674621582,273840000
2014-08-29,25.71500015258789,25.725000381469727,25.549999237060547,25.625,22.563865661621094,178380000
2014-09-02,25.764999389648438,25.934999465942383,25.68000030517578,25.825000762939453,22.73997688293457,214256000
2014-09-03,25.774999618530273,25.799999237060547,24.645000457763672,24.735000610351562,21.78019142150879,501684000
2014-09-04,24.712499618530273,25.022499084472656,24.447500228881836,24.530000686645508,21.59967613220215,342872000
2014-09-05,24.700000762939453,24.84749984741211,24.577499389648438,24.74250030517578,21.786800384521484,233828000
2014-09-08,24.825000762939453,24.827499389648438,24.512500762939453,24.59000015258789,21.652509689331055,185426800
2014-09-09,24.770000457763672,25.770000457763672,24.03499984741211,24.497499465942383,21.571062088012695,759385200
2014-09-10,24.502500534057617,25.27750015258789,24.440000534057617,25.25,22.233665466308594,403478400
2014-09-11,25.102500915527344,25.360000610351562,24.905000686645508,25.357500076293945,22.328325271606445,249412400
2014-09-12,25.302499771118164,25.547500610351562,25.270000457763672,25.415000915527344,22.378955841064453,250504400
2014-09-15,25.702499389648438,25.762500762939453,25.360000610351562,25.407499313354492,22.37235450744629,245266000
2014-09-16,24.950000762939453,25.315000534057617,24.72249984741211,25.21500015258789,22.202852249145508,267632400
2014-09-17,25.3174991607666,25.450000762939453,25.147499084472656,25.395000457763672,22.361345291137695,243706000
2014-09-18,25.482500076293945,25.587499618530273,25.389999389648438,25.447500228881836,22.407577514648438,149197600
2014-09-19,25.572500228881836,25.587499618530273,25.125,25.239999771118164,22.224863052368164,283609600
2014-09-22,25.450000762939453,25.53499984741211,25.145000457763672,25.264999389648438,22.24687385559082,211153600
2014-09-23,25.149999618530273,25.735000610351562,25.135000228881836,25.65999984741211,22.594690322875977,253608800
2014-09-24,25.540000915527344,25.712499618530273,25.299999237060547,25.4375,22.398771286010742,240687200
2014-09-25,25.127500534057617,25.177499771118164,24.43000030517578,24.467500686645508,21.544647216796875,400368000
2014-09-26,24.63249969482422,25.1875,24.600000381469727,25.1875,22.17863655090332,249482000
2014-09-29,24.662500381469727,25.110000610351562,24.657499313354492,25.02750015258789,22.037748336791992,199065200
2014-09-30,25.202499389648438,25.385000228881836,25.13249969482422,25.1875,22.17863655090332,221056400
2014-10-01,25.147499084472656,25.172500610351562,24.674999237060547,24.795000076293945,21.83302116394043,205965200
2014-10-02,24.8174991607666,25.05500030517578,24.510000228881836,24.975000381469727,21.99152183532715,191031200
2014-10-03,24.860000610351562,25.052499771118164,24.760000228881836,24.905000686645508,21.929885864257812,173878400
2014-10-06,24.987499237060547,25.162500381469727,24.854999542236328,24.905000686645508,21.929885864257812,148204800
2014-10-07,24.857500076293945,25.030000686645508,24.6825008392334,24.6875,21.73836326599121,168376800
2014-10-08,24.690000534057617,25.27750015258789,24.577499389648438,25.200000762939453,22.18964385986328,229618800
2014-10-09,25.385000228881836,25.594999313354492,25.15250015258789,25.2549991607666,22.238075256347656,309506000
2014-10-10,25.172500610351562,25.50749969482422,25.075000762939453,25.1825008392334,22.174232482910156,265326400
2014-10-13,25.332500457763672,25.44499969482422,24.952499389648438,24.952499389648438,21.971712112426758,214333600
2014-10-14,25.09749984741211,25.1299991607666,24.642499923706055,24.6875,21.73836326599121,254754400
2014-10-15,24.49250030517578,24.787500381469727,23.795000076293945,24.385000228881836,21.472002029418945,403734400
2014-10-16,23.887500762939453,24.43000030517578,23.852500915527344,24.065000534057617,21.19021987915039,288618000
2014-10-17,24.375,24.75,24.202499389648438,24.417499542236328,21.500619888305664,272718800
2014-10-20,24.579999923706055,24.989999771118164,24.55500030517578,24.940000534057617,21.9606990814209,310069200
2014-10-21,25.7549991607666,25.7549991607666,25.3174991607666,25.61750030517578,22.557266235351562,378495600
2014-10-22,25.709999084472656,26.02750015258789,25.649999618530273,25.747499465942383,22.671741485595703,273052400
2014-10-23,26.020000457763672,26.262500762939453,25.907499313354492,26.207500457763672,23.0767822265625,284298800
2014-10-24,26.295000076293945,26.372499465942383,26.13249969482422,26.30500030517578,23.162639617919922,188215600
2014-10-27,26.212499618530273,26.3700008392334,26.174999237060547,26.27750015258789,23.138427734375,136750800
2014-10-28,26.350000381469727,26.684999465942383,26.337499618530273,26.684999465942383,23.49724769592285,192243600
2014-10-29,26.662500381469727,26.842500686645508,26.59000015258789,26.834999084472656,23.62932586669922,210751600
2014-10-30,26.739999771118164,26.837499618530273,26.475000381469727,26.7450008392334,23.550081253051758,162619200
2014-10-31,27.002500534057617,27.010000228881836,26.802499771118164,27.0,23.77461814880371,178557200
2014-11-03,27.05500030517578,27.575000762939453,27.002500534057617,27.350000381469727,24.082801818847656,209130400
2014-11-04,27.34000015258789,27.372499465942383,26.93000030517578,27.149999618530273,23.90669822692871,166297600
2014-11-05,27.274999618530273,27.325000762939453,27.032499313354492,27.21500015258789,23.96393394470215,149743600
2014-11-06,27.149999618530273,27.197500228881836,26.950000762939453,27.174999237060547,24.032472610473633,139874000
2014-11-07,27.1875,27.329999923706055,27.137500762939453,27.252500534057617,24.101011276245117,134766000
2014-11-10,27.2549991607666,27.332500457763672,27.167499542236328,27.207500457763672,24.061216354370117,108782000
2014-11-11,27.174999237060547,27.4375,27.100000381469727,27.424999237060547,24.253562927246094,109769200
2014-11-12,27.344999313354492,27.857500076293945,27.342500686645508,27.8125,24.596254348754883,187769600
2014-11-13,27.950000762939453,28.362499237060547,27.899999618530273,28.204999923706055,24.9433650970459,238091600
2014-11-14,28.287500381469727,28.547500610351562,27.802499771118164,28.545000076293945,25.24404525756836,176254400
2014-11-17,28.5674991607666,29.31999969482422,28.325000762939453,28.497499465942383,25.202030181884766,186986800
2014-11-18,28.485000610351562,28.922500610351562,28.47249984741211,28.86750030517578,25.529245376586914,176896000
2014-11-19,28.860000610351562,28.934999465942383,28.450000762939453,28.667499542236328,25.35237693786621,167476800
2014-11-20,28.727500915527344,29.21500015258789,28.712499618530273,29.077499389648438,25.71495819091797,173582000
2014-11-21,29.377500534057617,29.392499923706055,29.00749969482422,29.11750030517578,25.750333786010742,228717200
2014-11-24,29.212499618530273,29.6924991607666,29.155000686645508,29.657499313354492,26.227895736694336,189803200
2014-11-25,29.767499923706055,29.9375,29.362499237060547,29.399999618530273,26.000165939331055,275361600
2014-11-26,29.485000610351562,29.774999618530273,29.457500457763672,29.75,26.309701919555664,163073200
2014-11-28,29.8174991607666,29.850000381469727,29.512500762939453,29.732500076293945,26.294218063354492,99257600
2014-12-01,29.702499389648438,29.8125,27.8174991607666,28.767499923706055,25.440818786621094,335256000
2014-12-02,28.375,28.9375,28.1875,28.657499313354492,25.34353256225586,237395600
2014-12-03,28.9375,29.087499618530273,28.77750015258789,28.982500076293945,25.630950927734375,172253600
2014-12-04,28.9424991607666,29.299999237060547,28.822500228881836,28.872499465942383,25.533668518066406,168178000
2014-12-05,28.997499465942383,29.020000457763672,28.65999984741211,28.75,25.425338745117188,153275600
2014-12-08,28.524999618530273,28.662500381469727,27.905000686645508,28.100000381469727,24.85050392150879,230659600
2014-12-09,27.547500610351562,28.575000762939453,27.337499618530273,28.530000686645508,25.230775833129883,240832000
2014-12-10,28.602500915527344,28.712499618530273,27.885000228881836,27.987499237060547,24.75101089477539,178261200
2014-12-11,28.065000534057617,28.450000762939453,27.834999084472656,27.905000686645508,24.67805290222168,165606800
2014-12-12,27.614999771118164,27.967500686645508,27.395000457763672,27.4325008392334,24.260194778442383,224112400
2014-12-15,27.674999237060547,27.899999618530273,26.587499618530273,27.0575008392334,23.92856216430664,268872400
2014-12-16,26.592500686645508,27.540000915527344,26.565000534057617,26.6875,23.60134506225586,243162800
2014-12-17,26.780000686645508,27.459999084472656,26.704999923706055,27.352500915527344,24.189443588256836,213647200
2014-12-18,27.967500686645508,28.162500381469727,27.665000915527344,28.162500381469727,24.90577507019043,236024800
2014-12-19,28.065000534057617,28.309999465942383,27.915000915527344,27.94499969482422,24.713430404663086,353719200
2014-12-22,28.040000915527344,28.372499465942383,27.99250030517578,28.235000610351562,24.96990203857422,180670000
2014-12-23,28.3075008392334,28.332500457763672,28.114999771118164,28.135000228881836,24.88145637512207,104113600
2014-12-24,28.145000457763672,28.177499771118164,28.002500534057617,28.002500534057617,24.764278411865234,57918400
2014-12-26,28.024999618530273,28.6299991607666,28.002500534057617,28.497499465942383,25.202030181884766,134884000
2014-12-29,28.447500228881836,28.6924991607666,28.424999237060547,28.477500915527344,25.18434715270996,110395600
2014-12-30,28.40999984741211,28.479999542236328,28.02750015258789,28.1299991607666,24.877031326293945,119526000
2014-12-31,28.204999923706055,28.282499313354492,27.552499771118164,27.594999313354492,24.403902053833008,165613600
2015-01-02,27.84749984741211,27.860000610351562,26.837499618530273,27.332500457763672,24.171764373779297,212818400
2015-01-05,27.072500228881836,27.162500381469727,26.352500915527344,26.5625,23.490795135498047,257142000
2015-01-06,26.635000228881836,26.857500076293945,26.157499313354492,26.565000534057617,23.493013381958008,263188400
2015-01-07,26.799999237060547,27.049999237060547,26.674999237060547,26.9375,23.822431564331055,160423600
2015-01-08,27.3075008392334,28.037500381469727,27.174999237060547,27.97249984741211,24.737749099731445,237458000
2015-01-09,28.167499542236328,28.3125,27.552499771118164,28.002500534057617,24.764278411865234,214798000
2015-01-12,28.149999618530273,28.157499313354492,27.200000762939453,27.3125,24.15407371520996,198603200
2015-01-13,27.857500076293945,28.200000762939453,27.227500915527344,27.55500030517578,24.3685245513916,268367600
2015-01-14,27.260000228881836,27.622499465942383,27.125,27.450000762939453,24.27566909790039,195826400
2015-01-15,27.5,27.514999389648438,26.665000915527344,26.704999923706055,23.6168212890625,240056000
2015-01-16,26.75749969482422,26.895000457763672,26.299999237060547,26.497499465942383,23.43331527709961,314053200
2015-01-20,26.959999084472656,27.24250030517578,26.625,27.18000030517578,24.036893844604492,199599600
2015-01-21,27.237499237060547,27.764999389648438,27.0674991607666,27.387500762939453,24.22039794921875,194303600
2015-01-22,27.565000534057617,28.11750030517578,27.43000030517578,28.100000381469727,24.85050392150879,215185600
2015-01-23,28.075000762939453,28.4375,27.88249969482422,28.2450008392334,24.97873306274414,185859200
2015-01-26,28.434999465942383,28.59000015258789,28.200000762939453,28.274999618530273,25.005266189575195,222460000
2015-01-27,28.104999542236328,28.1200008392334,27.25749969482422,27.28499984741211,24.129749298095703,382274800
2015-01-28,29.407499313354492,29.530000686645508,28.827499389648438,28.827499389648438,25.49386978149414,585908400
2015-01-29,29.079999923706055,29.797500610351562,28.889999389648438,29.725000381469727,26.287582397460938,337745600
2015-01-30,29.600000381469727,30.0,29.212499618530273,29.290000915527344,25.90289878845215,334982000
2015-02-02,29.512500762939453,29.792499542236328,29.020000457763672,29.657499313354492,26.227895736694336,250956400
2015-02-03,29.625,29.772499084472656,29.40250015258789,29.662500381469727,26.23231315612793,207662800
2015-02-04,29.625,30.127500534057617,29.577499389648438,29.889999389648438,26.433504104614258,280598800
2015-02-05,30.0049991607666,30.0575008392334,29.8125,29.985000610351562,26.622177124023438,168984800
2015-02-06,30.0049991607666,30.0625,29.612499237060547,29.732500076293945,26.397994995117188,174826400
2015-02-09,29.637500762939453,29.959999084472656,29.607500076293945,29.93000030517578,26.573345184326172,155559200
2015-02-10,30.042499542236328,30.537500381469727,30.040000915527344,30.5049991607666,27.083858489990234,248034000
2015-02-11,30.6924991607666,31.229999542236328,30.625,31.219999313354492,27.718664169311523,294247200
2015-02-12,31.514999389648438,31.8700008392334,31.392499923706055,31.614999771118164,28.069366455078125,297898000
2015-02-13,31.81999969482422,31.81999969482422,31.412500381469727,31.770000457763672,28.206981658935547,217088800
2015-02-17,31.872499465942383,32.220001220703125,31.729999542236328,31.957500457763672,28.37346076965332,252609600
2015-02-18,31.907499313354492,32.19499969482422,31.862499237060547,32.18000030517578,28.571016311645508,179566800
2015-02-19,32.119998931884766,32.25749969482422,32.08250045776367,32.11249923706055,28.511075973510742,149449600
2015-02-20,32.154998779296875,32.375,32.01250076293945,32.375,28.7441349029541,195793600
2015-02-23,32.505001068115234,33.25,32.415000915527344,33.25,29.52100944519043,283896400
2015-02-24,33.23500061035156,33.400001525878906,32.79249954223633,33.04249954223633,29.33677864074707,276912400
2015-02-25,32.88999938964844,32.900001525878906,32.037498474121094,32.1974983215332,28.5865421295166,298846800
2015-02-26,32.1974983215332,32.717498779296875,31.65250015258789,32.60499954223633,28.94834327697754,365150000
2015-02-27,32.5,32.64250183105469,32.060001373291016,32.1150016784668,28.5132999420166,248059200
2015-03-02,32.3125,32.56999969482422,32.07500076293945,32.272499084472656,28.653127670288086,192386800
2015-03-03,32.2400016784668,32.380001068115234,32.022499084472656,32.34000015258789,28.71306037902832,151265200
2015-03-04,32.275001525878906,32.38999938964844,32.08000183105469,32.1349983215332,28.53104591369629,126665200
2015-03-05,32.14500045776367,32.1875,31.440000534057617,31.602500915527344,28.05827522277832,226068400
2015-03-06,32.099998474121094,32.342498779296875,31.565000534057617,31.649999618530273,28.100444793701172,291368400
2015-03-09,31.989999771118164,32.39250183105469,31.264999389648438,31.78499984741211,28.22029685974121,354114000
2015-03-10,31.602500915527344,31.80500030517578,30.950000762939453,31.127500534057617,27.63654327392578,275426400
2015-03-11,31.1875,31.1924991607666,30.52750015258789,30.559999465942383,27.132692337036133,275756000
2015-03-12,30.577499389648438,31.225000381469727,30.407499313354492,31.112499237060547,27.623226165771484,193450800
2015-03-13,31.100000381469727,31.350000381469727,30.645000457763672,30.897499084472656,27.432334899902344,207309200
2015-03-16,30.969999313354492,31.237499237060547,30.717500686645508,31.237499237060547,27.734209060668945,143497200
2015-03-17,31.475000381469727,31.829999923706055,31.412500381469727,31.760000228881836,28.19810676574707,204092400
2015-03-18,31.75,32.290000915527344,31.592500686645508,32.11750030517578,28.515514373779297,261083600
2015-03-19,32.1875,32.3125,31.850000381469727,31.875,28.300209045410156,183238000
2015-03-20,32.0625,32.099998474121094,31.290000915527344,31.475000381469727,27.945070266723633,274780400
2015-03-23,31.780000686645508,31.962499618530273,31.6299991607666,31.802499771118164,28.2358455657959,150838800
2015-03-24,31.8075008392334,32.0099983215332,31.639999389648438,31.672500610351562,28.12042236328125,131369200
2015-03-25,31.635000228881836,31.704999923706055,30.844999313354492,30.844999313354492,27.385723114013672,206620800
2015-03-26,30.690000534057617,31.219999313354492,30.649999618530273,31.059999465942383,27.576618194580078,190291600
2015-03-27,31.142499923706055,31.174999237060547,30.727500915527344,30.8125,27.35687255859375,158184800
2015-03-30,31.012500762939453,31.600000381469727,31.0,31.592500686645508,28.049394607543945,188398800
2015-03-31,31.522499084472656,31.622499465942383,31.09000015258789,31.107500076293945,27.618791580200195,168362400
2015-04-01,31.204999923706055,31.280000686645508,30.774999618530273,31.0625,27.578834533691406,162485600
2015-04-02,31.25749969482422,31.389999389648438,31.047500610351562,31.329999923706055,27.816329956054688,128880400
2015-04-06,31.11750030517578,31.877500534057617,31.082500457763672,31.837499618530273,28.26691246032715,148776000
2015-04-07,31.90999984741211,32.029998779296875,31.4950008392334,31.502500534057617,27.96949005126953,140049200
2015-04-08,31.462499618530273,31.600000381469727,31.24250030517578,31.399999618530273,27.878477096557617,149316800
2015-04-09,31.462499618530273,31.645000457763672,31.165000915527344,31.639999389648438,28.091569900512695,129936000
2015-04-10,31.487499237060547,31.802499771118164,31.315000534057617,31.774999618530273,28.21142578125,160752000
2015-04-13,32.092498779296875,32.14250183105469,31.65250015258789,31.712499618530273,28.15593147277832,145460400
2015-04-14,31.75,31.822500228881836,31.477500915527344,31.575000762939453,28.033857345581055,102098400
2015-04-15,31.602500915527344,31.782499313354492,31.502500534057617,31.69499969482422,28.14039421081543,115881600
2015-04-16,31.56999969482422,31.774999618530273,31.52750015258789,31.542499542236328,28.0049991607666,113476000
2015-04-17,31.387500762939453,31.53499984741211,31.114999771118164,31.1875,27.689817428588867,207828000
2015-04-20,31.392499923706055,32.029998779296875,31.292499542236328,31.899999618530273,28.32240867614746,188217200
2015-04-21,32.025001525878906,32.04999923706055,31.667499542236328,31.727500915527344,28.169248580932617,129740400
2015-04-22,31.747499465942383,32.217498779296875,31.579999923706055,32.154998779296875,28.548803329467773,150618000
2015-04-23,32.07500076293945,32.60499954223633,32.03499984741211,32.41749954223633,28.781869888305664,183083600
2015-04-24,32.622501373291016,32.657501220703125,32.307498931884766,32.56999969482422,28.917261123657227,178103600
2015-04-27,33.07749938964844,33.282501220703125,32.787498474121094,33.162498474121094,29.443315505981445,387816800
2015-04-28,33.6150016784668,33.6349983215332,32.39250183105469,32.63999938964844,28.979415893554688,475696000
2015-04-29,32.540000915527344,32.897499084472656,32.07500076293945,32.15999984741211,28.553247451782227,253544400
2015-04-30,32.15999984741211,32.15999984741211,31.145000457763672,31.287500381469727,27.778602600097656,332781600
2015-05-01,31.524999618530273,32.532501220703125,31.325000762939453,32.23749923706055,28.622051239013672,234050400
2015-05-04,32.375,32.64250183105469,32.064998626708984,32.17499923706055,28.56656837463379,203953200
2015-05-05,32.037498474121094,32.11249923706055,31.44499969482422,31.450000762939453,27.922882080078125,197085600
2015-05-06,31.639999389648438,31.6875,30.84000015258789,31.252500534057617,27.74752426147461,288564000
2015-05-07,31.1924991607666,31.520000457763672,31.0049991607666,31.315000534057617,27.919145584106445,175763600
2015-05-08,31.670000076293945,31.905000686645508,31.52750015258789,31.905000686645508,28.445171356201172,222201600
2015-05-11,31.84749984741211,31.889999389648438,31.407499313354492,31.579999923706055,28.155412673950195,168143200
2015-05-12,31.399999618530273,31.719999313354492,31.204999923706055,31.467500686645508,28.055110931396484,192640000
2015-05-13,31.537500381469727,31.797500610351562,31.467500686645508,31.502500534057617,28.086320877075195,138776800
2015-05-14,31.852500915527344,32.23749923706055,31.790000915527344,32.23749923706055,28.741605758666992,180814000
2015-05-15,32.26750183105469,32.372501373291016,32.0525016784668,32.192501068115234,28.701494216918945,152832000
2015-05-18,32.095001220703125,32.68000030517578,32.09000015258789,32.54750061035156,29.01799201965332,203531600
2015-05-19,32.67250061035156,32.720001220703125,32.40999984741211,32.51750183105469,28.991260528564453,178532800
2015-05-20,32.5,32.744998931884766,32.334999084472656,32.51499938964844,28.9890193939209,145819600
2015-05-21,32.51750183105469,32.907501220703125,32.45750045776367,32.84749984741211,29.28546142578125,158921600
2015-05-22,32.900001525878906,33.24250030517578,32.849998474121094,33.1349983215332,29.541784286499023,182384000
2015-05-26,33.150001525878906,33.227500915527344,32.279998779296875,32.404998779296875,28.890953063964844,282790400
2015-05-27,32.584999084472656,33.064998626708984,32.51250076293945,33.0099983215332,29.430335998535156,183332800
2015-05-28,32.96500015258789,32.98749923706055,32.775001525878906,32.94499969482422,29.37238883972168,122933200
2015-05-29,32.807498931884766,32.86249923706055,32.474998474121094,32.56999969482422,29.038047790527344,203538000
2015-06-01,32.56999969482422,32.84749984741211,32.51250076293945,32.6349983215332,29.096006393432617,128451200
2015-06-02,32.46500015258789,32.665000915527344,32.33000183105469,32.4900016784668,28.966732025146484,134670400
2015-06-03,32.665000915527344,32.73500061035156,32.474998474121094,32.529998779296875,29.00238609313965,123934000
2015-06-04,32.39500045776367,32.64500045776367,32.227500915527344,32.34000015258789,28.832996368408203,153800400
2015-06-05,32.375,32.42250061035156,32.09000015258789,32.162498474121094,28.674747467041016,142507200
2015-06-08,32.224998474121094,32.3025016784668,31.707500457763672,31.950000762939453,28.485294342041016,210699200
2015-06-09,31.674999237060547,32.02000045776367,31.405000686645508,31.854999542236328,28.400592803955078,224301600
2015-06-10,31.979999542236328,32.334999084472656,31.962499618530273,32.220001220703125,28.726009368896484,156349200
2015-06-11,32.29499816894531,32.54499816894531,32.119998931884766,32.147499084472656,28.661367416381836,141563600
2015-06-12,32.04750061035156,32.08250045776367,31.77750015258789,31.792499542236328,28.344863891601562,147544800
2015-06-15,31.524999618530273,31.809999465942383,31.427499771118164,31.729999542236328,28.289152145385742,175955600
2015-06-16,31.75749969482422,31.962499618530273,31.592500686645508,31.899999618530273,28.440711975097656,125976400
2015-06-17,31.93000030517578,31.969999313354492,31.684999465942383,31.825000762939453,28.37384605407715,131672400
2015-06-18,31.8075008392334,32.07749938964844,31.80500030517578,31.969999313354492,28.50312042236328,141628800
2015-06-19,31.927499771118164,31.954999923706055,31.600000381469727,31.649999618530273,28.217823028564453,218867600
2015-06-22,31.872499465942383,32.01499938964844,31.770000457763672,31.90250015258789,28.442941665649414,136157200
2015-06-23,31.8700008392334,31.90250015258789,31.719999313354492,31.75749969482422,28.31366539001465,121075600
2015-06-24,31.802499771118164,32.45000076293945,31.780000686645508,32.02750015258789,28.554386138916016,221123600
2015-06-25,32.21500015258789,32.29999923706055,31.875,31.875,28.418418884277344,127752400
2015-06-26,31.917499542236328,31.997499465942383,31.627500534057617,31.6875,28.251251220703125,176267200
2015-06-29,31.364999771118164,31.61750030517578,31.1200008392334,31.13249969482422,27.75644302368164,196645600
2015-06-30,31.392499923706055,31.530000686645508,31.21500015258789,31.357500076293945,27.957040786743164,177482800
2015-07-01,31.725000381469727,31.735000610351562,31.497499465942383,31.649999618530273,28.217823028564453,120955200
2015-07-02,31.607500076293945,31.672500610351562,31.4424991607666,31.610000610351562,28.182161331176758,108844000
2015-07-06,31.235000610351562,31.5575008392334,31.212499618530273,31.5,28.084087371826172,112241600
2015-07-07,31.47249984741211,31.537500381469727,30.9424991607666,31.422500610351562,28.014991760253906,187787200
2015-07-08,31.1200008392334,31.15999984741211,30.635000228881836,30.642499923706055,27.319581985473633,243046400
2015-07-09,30.962499618530273,31.014999389648438,29.80500030517578,30.017499923706055,26.76235580444336,314380000
2015-07-10,30.485000610351562,30.962499618530273,30.302499771118164,30.81999969482422,27.47783088684082,245418000
2015-07-13,31.25749969482422,31.440000534057617,31.079999923706055,31.415000915527344,28.008304595947266,165762000
2015-07-14,31.510000228881836,31.592500686645508,31.260000228881836,31.40250015258789,27.997161865234375,127072400
2015-07-15,31.43000030517578,31.787500381469727,31.395000457763672,31.704999923706055,28.266855239868164,134596800
2015-07-16,31.934999465942383,32.14250183105469,31.837499618530273,32.127498626708984,28.643545150756836,144889600
2015-07-17,32.27000045776367,32.404998779296875,32.07749938964844,32.404998779296875,28.890953063964844,184658800
2015-07-20,32.74250030517578,33.24250030517578,32.67499923706055,33.01750183105469,29.437028884887695,235600800
2015-07-21,33.212501525878906,33.22999954223633,32.58000183105469,32.6875,29.142812728881836,307025600
2015-07-22,30.497499465942383,31.375,30.497499465942383,31.30500030517578,27.910232543945312,461802400
2015-07-23,31.549999237060547,31.772499084472656,31.264999389648438,31.290000915527344,27.896865844726562,203998000
2015-07-24,31.329999923706055,31.434999465942383,30.975000381469727,31.125,27.749753952026367,168649200
2015-07-27,30.772499084472656,30.90250015258789,30.530000686645508,30.6924991607666,27.364152908325195,177822000
2015-07-28,30.844999313354492,30.977500915527344,30.637500762939453,30.844999313354492,27.50011444091797,134472400
2015-07-29,30.787500381469727,30.875,30.5674991607666,30.747499465942383,27.413192749023438,148046800
2015-07-30,30.579999923706055,30.642499923706055,30.427499771118164,30.592500686645508,27.275001525878906,134513200
2015-07-31,30.649999618530273,30.65999984741211,30.227500915527344,30.325000762939453,27.03650665283203,171540000
2015-08-03,30.375,30.642499923706055,29.3799991607666,29.610000610351562,26.399045944213867,279904000
2015-08-04,29.354999542236328,29.424999237060547,28.3125,28.65999984741211,25.552064895629883,496554400
2015-08-05,28.237499237060547,29.360000610351562,28.024999618530273,28.850000381469727,25.721454620361328,397250400
2015-08-06,28.99250030517578,29.125,28.530000686645508,28.782499313354492,25.777429580688477,211612000
2015-08-07,28.645000457763672,29.0625,28.625,28.8799991607666,25.8647518157959,154681600
2015-08-10,29.13249969482422,29.997499465942383,29.13249969482422,29.93000030517578,26.80512809753418,219806400
2015-08-11,29.452499389648438,29.545000076293945,28.332500457763672,28.372499465942383,25.410240173339844,388331200
2015-08-12,28.13249969482422,28.854999542236328,27.407499313354492,28.809999465942383,25.802059173583984,404870000
2015-08-13,29.010000228881836,29.100000381469727,28.635000228881836,28.787500381469727,25.78190803527832,194143200
2015-08-14,28.579999923706055,29.077499389648438,28.502500534057617,28.989999771118164,25.963268280029297,171718000
2015-08-17,29.010000228881836,29.412500381469727,28.875,29.290000915527344,26.231948852539062,163538800
2015-08-18,29.107500076293945,29.360000610351562,29.002500534057617,29.125,26.08417320251465,138242800
2015-08-19,29.024999618530273,29.1299991607666,28.670000076293945,28.752500534057617,25.750568389892578,193146000
2015-08-20,28.520000457763672,28.587499618530273,27.907499313354492,28.162500381469727,25.222169876098633,274006400
2015-08-21,27.607500076293945,27.975000381469727,26.412500381469727,26.440000534057617,23.67949867248535,513102000
2015-08-24,23.717500686645508,27.200000762939453,23.0,25.780000686645508,23.08841323852539,648825200
2015-08-25,27.77750015258789,27.77750015258789,25.875,25.934999465942383,23.227231979370117,414406400
2015-08-26,26.772499084472656,27.47249984741211,26.262500762939453,27.422500610351562,24.559429168701172,387098400
2015-08-27,28.0575008392334,28.309999465942383,27.5049991607666,28.229999542236328,25.28261375427246,338464400
2015-08-28,28.042499542236328,28.327499389648438,27.885000228881836,28.322500228881836,25.365463256835938,212657600
2015-08-31,28.00749969482422,28.63249969482422,28.0,28.190000534057617,25.24679946899414,224917200
2015-09-01,27.537500381469727,27.969999313354492,26.84000015258789,26.93000030517578,24.11834716796875,307383600
2015-09-02,27.5575008392334,28.084999084472656,27.282499313354492,28.084999084472656,25.152751922607422,247555200
2015-09-03,28.122499465942383,28.19499969482422,27.510000228881836,27.592500686645508,24.711671829223633,212935600
2015-09-04,27.24250030517578,27.612499237060547,27.127500534057617,27.3174991607666,24.465381622314453,199985200
2015-09-08,27.9375,28.139999389648438,27.579999923706055,28.077499389648438,25.146039962768555,219374400
2015-09-09,28.440000534057617,28.5049991607666,27.4424991607666,27.537500381469727,24.662418365478516,340043200
2015-09-10,27.5674991607666,28.31999969482422,27.475000381469727,28.142499923706055,25.204252243041992,251571200
2015-09-11,27.947500228881836,28.552499771118164,27.940000534057617,28.552499771118164,25.57144546508789,199662000
2015-09-14,29.145000457763672,29.22249984741211,28.71500015258789,28.827499389648438,25.817729949951172,233453600
2015-09-15,28.982500076293945,29.13249969482422,28.604999542236328,29.06999969482422,26.0349178314209,173364800
2015-09-16,29.0625,29.135000228881836,28.860000610351562,29.102500915527344,26.064023971557617,148694000
2015-09-17,28.915000915527344,29.122499465942383,28.43000030517578,28.479999542236328,25.506515502929688,256450400
2015-09-18,28.052499771118164,28.575000762939453,27.967500686645508,28.362499237060547,25.401281356811523,297141200
2015-09-21,28.417499542236328,28.842500686645508,28.415000915527344,28.802499771118164,25.795345306396484,200888000
2015-09-22,28.344999313354492,28.545000076293945,28.1299991607666,28.350000381469727,25.390085220336914,201384800
2015-09-23,28.407499313354492,28.68000030517578,28.325000762939453,28.579999923706055,25.596073150634766,143026800
2015-09-24,28.3125,28.875,28.092500686645508,28.75,25.748323440551758,200878000
2015-09-25,29.110000610351562,29.172500610351562,28.5049991607666,28.677499771118164,25.683395385742188,224607600
2015-09-28,28.462499618530273,28.642499923706055,28.110000610351562,28.110000610351562,25.175151824951172,208436000
2015-09-29,28.207500457763672,28.377500534057617,26.96500015258789,27.264999389648438,24.41836929321289,293461600
2015-09-30,27.542499542236328,27.885000228881836,27.1825008392334,27.575000762939453,24.696008682250977,265892000
2015-10-01,27.267499923706055,27.405000686645508,26.827499389648438,27.395000457763672,24.534793853759766,255716400
2015-10-02,27.002500534057617,27.752500534057617,26.887500762939453,27.594999313354492,24.71391487121582,232079200
2015-10-05,27.469999313354492,27.842500686645508,27.267499923706055,27.69499969482422,24.803470611572266,208258800
2015-10-06,27.657499313354492,27.934999465942383,27.4424991607666,27.827499389648438,24.92214012145996,192787200
2015-10-07,27.934999465942383,27.9424991607666,27.352500915527344,27.69499969482422,24.803470611572266,187062400
2015-10-08,27.547500610351562,27.547500610351562,27.052499771118164,27.375,24.516881942749023,247918400
2015-10-09,27.5,28.06999969482422,27.372499465942383,28.030000686645508,25.103504180908203,211064400
2015-10-12,28.1825008392334,28.1875,27.860000610351562,27.899999618530273,24.987070083618164,121868800
2015-10-13,27.704999923706055,28.112499237060547,27.670000076293945,27.947500228881836,25.02960968017578,132197200
2015-10-14,27.822500228881836,27.8799991607666,27.389999389648438,27.552499771118164,24.67584800720215,177849600
2015-10-15,27.732500076293945,28.024999618530273,27.622499465942383,27.96500015258789,25.04528045654297,150694000
2015-10-16,27.94499969482422,28.0,27.63249969482422,27.760000228881836,24.86168670654297,156930400
2015-10-19,27.700000762939453,27.9375,27.52750015258789,27.9325008392334,25.01618003845215,119036800
2015-10-20,27.834999084472656,28.542499542236328,27.704999923706055,28.4424991607666,25.472929000854492,195871200
2015-10-21,28.5,28.895000457763672,28.424999237060547,28.440000534057617,25.470691680908203,167180800
2015-10-22,28.582500457763672,28.875,28.524999618530273,28.875,25.860275268554688,166616400
2015-10-23,29.174999237060547,29.8075008392334,29.082500457763672,29.770000457763672,26.661836624145508,237467600
2015-10-26,29.520000457763672,29.532499313354492,28.729999542236328,28.81999969482422,25.811016082763672,265335200
2015-10-27,28.850000381469727,29.135000228881836,28.497499465942383,28.637500762939453,25.64757537841797,279537600
2015-10-28,29.232500076293945,29.825000762939453,29.014999389648438,29.8174991607666,26.704374313354492,342205600
2015-10-29,29.674999237060547,30.172500610351562,29.5674991607666,30.13249969482422,26.986482620239258,204909200
2015-10-30,30.247499465942383,30.30500030517578,29.862499237060547,29.875,26.755868911743164,197461200
2015-11-02,30.200000762939453,30.34000015258789,29.90250015258789,30.295000076293945,27.13201904296875,128813200
2015-11-03,30.197500228881836,30.872499465942383,30.174999237060547,30.642499923706055,27.443248748779297,182076000
2015-11-04,30.782499313354492,30.954999923706055,30.405000686645508,30.5,27.315610885620117,179544400
2015-11-05,30.462499618530273,30.672500610351562,30.045000076293945,30.229999542236328,27.189697265625,158210800
2015-11-06,30.27750015258789,30.452499389648438,30.155000686645508,30.264999389648438,27.22117805480957,132169200
2015-11-09,30.239999771118164,30.452499389648438,30.012500762939453,30.142499923706055,27.110994338989258,135485600
2015-11-10,29.225000381469727,29.517499923706055,29.014999389648438,29.1924991607666,26.256540298461914,236511600
2015-11-11,29.092500686645508,29.354999542236328,28.802499771118164,29.02750015258789,26.10813331604004,180872000
2015-11-12,29.065000534057617,29.204999923706055,28.912500381469727,28.93000030517578,26.02043342590332,130102400
2015-11-13,28.799999237060547,28.892499923706055,28.0674991607666,28.084999084472656,25.26042366027832,183249600
2015-11-16,27.844999313354492,28.559999465942383,27.75,28.545000076293945,25.67416000366211,152426800
2015-11-17,28.729999542236328,28.762500762939453,28.329999923706055,28.422500610351562,25.56397819519043,110467600
2015-11-18,28.940000534057617,29.372499465942383,28.875,29.322500228881836,26.37346839904785,186698800
2015-11-19,29.40999984741211,29.9375,29.190000534057617,29.69499969482422,26.7085018157959,173183200
2015-11-20,29.799999237060547,29.979999542236328,29.712499618530273,29.825000762939453,26.825428009033203,137148400
2015-11-23,29.8174991607666,29.9325008392334,29.334999084472656,29.4375,26.476900100708008,129930000
2015-11-24,29.332500457763672,29.837499618530273,29.280000686645508,29.719999313354492,26.730989456176758,171212800
2015-11-25,29.802499771118164,29.8075008392334,29.479999542236328,29.50749969482422,26.539867401123047,85553200
2015-11-27,29.572500228881836,29.602500915527344,29.399999618530273,29.452499389648438,26.49039077758789,52185600
2015-11-30,29.497499465942383,29.852500915527344,29.4375,29.575000762939453,26.600570678710938,156721200
2015-12-01,29.6875,29.702499389648438,29.21500015258789,29.334999084472656,26.384714126586914,139409600
2015-12-02,29.334999084472656,29.52750015258789,29.020000457763672,29.06999969482422,26.146360397338867,133546400
2015-12-03,29.137500762939453,29.197500228881836,28.55500030517578,28.799999237060547,25.90351104736328,166278000
2015-12-04,28.822500228881836,29.8125,28.77750015258789,29.75749969482422,26.764713287353516,231108000
2015-12-07,29.7450008392334,29.96500015258789,29.452499389648438,29.56999969482422,26.596073150634766,128336800
2015-12-08,29.3799991607666,29.649999618530273,29.21500015258789,29.5575008392334,26.584835052490234,137238000
2015-12-09,29.40999984741211,29.422500610351562,28.770000457763672,28.905000686645508,25.997953414916992,185445600
2015-12-10,29.010000228881836,29.235000610351562,28.877500534057617,29.042499542236328,26.121623992919922,116850800
2015-12-11,28.797500610351562,28.84749984741211,28.212499618530273,28.295000076293945,25.449298858642578,187544800
2015-12-14,28.045000076293945,28.170000076293945,27.447500228881836,28.1200008392334,25.29190444946289,257274800
2015-12-15,27.985000610351562,28.200000762939453,27.587499618530273,27.622499465942383,24.844432830810547,213292400
2015-12-16,27.767499923706055,27.997499465942383,27.200000762939453,27.834999084472656,25.03556251525879,224954000
2015-12-17,28.0049991607666,28.0625,27.2450008392334,27.2450008392334,24.504901885986328,179091200
2015-12-18,27.227500915527344,27.3799991607666,26.452499389648438,26.50749969482422,23.841581344604492,385813200
2015-12-21,26.81999969482422,26.842500686645508,26.392499923706055,26.832500457763672,24.133888244628906,190362400
2015-12-22,26.850000381469727,26.93000030517578,26.612499237060547,26.8075008392334,24.11140251159668,131157600
2015-12-23,26.8174991607666,27.212499618530273,26.799999237060547,27.15250015258789,24.42170524597168,130629600
2015-12-24,27.25,27.25,26.987499237060547,27.00749969482422,24.291284561157227,54281600
2015-12-28,26.897499084472656,26.922500610351562,26.545000076293945,26.704999923706055,24.01921272277832,106816800
2015-12-29,26.739999771118164,27.357500076293945,26.71500015258789,27.184999465942383,24.450937271118164,123724800
2015-12-30,27.145000457763672,27.174999237060547,26.795000076293945,26.829999923706055,24.13163948059082,100855200
2015-12-31,26.752500534057617,26.75749969482422,26.204999923706055,26.315000534057617,23.668437957763672,163649200
2016-01-04,25.65250015258789,26.342500686645508,25.5,26.337499618530273,23.688671112060547,270597600
2016-01-05,26.4375,26.462499618530273,25.602500915527344,25.677499771118164,23.09505271911621,223164000
2016-01-06,25.139999389648438,25.592500686645508,24.967500686645508,25.174999237060547,22.643089294433594,273829600
2016-01-07,24.670000076293945,25.032499313354492,24.107500076293945,24.112499237060547,21.687442779541016,324377600
2016-01-08,24.637500762939453,24.77750015258789,24.190000534057617,24.239999771118164,21.802125930786133,283192000
2016-01-11,24.74250030517578,24.764999389648438,24.334999084472656,24.63249969482422,22.155147552490234,198957600
2016-01-12,25.137500762939453,25.172500610351562,24.709999084472656,24.989999771118164,22.47669219970703,196616800
2016-01-13,25.079999923706055,25.297500610351562,24.325000762939453,24.34749984741211,21.898813247680664,249758400
2016-01-14,24.489999771118164,25.1200008392334,23.934999465942383,24.8799991607666,22.37775421142578,252680400
2016-01-15,24.049999237060547,24.427499771118164,23.84000015258789,24.282499313354492,21.840347290039062,319335600
2016-01-19,24.602500915527344,24.662500381469727,23.875,24.165000915527344,21.73466682434082,212350800
2016-01-20,23.774999618530273,24.547500610351562,23.354999542236328,24.197500228881836,21.763900756835938,289337600
2016-01-21,24.264999389648438,24.469999313354492,23.735000610351562,24.075000762939453,21.653724670410156,208646000
2016-01-22,24.657499313354492,25.364999771118164,24.592500686645508,25.354999542236328,22.80498695373535,263202000
2016-01-25,25.3799991607666,25.38249969482422,24.802499771118164,24.860000610351562,22.359769821166992,207178000
2016-01-26,24.982500076293945,25.219999313354492,24.517499923706055,24.997499465942383,22.483440399169922,300308000
2016-01-27,24.010000228881836,24.157499313354492,23.334999084472656,23.354999542236328,21.006128311157227,533478800
2016-01-28,23.447500228881836,23.6299991607666,23.09749984741211,23.522499084472656,21.156784057617188,222715200
2016-01-29,23.697500228881836,24.334999084472656,23.587499618530273,24.334999084472656,21.887569427490234,257666000
2016-02-01,24.11750030517578,24.177499771118164,23.850000381469727,24.107500076293945,21.68294334411621,163774000
2016-02-02,23.854999542236328,24.010000228881836,23.56999969482422,23.6200008392334,21.244482040405273,149428800
2016-02-03,23.75,24.209999084472656,23.520000457763672,24.087499618530273,21.66496467590332,183857200
2016-02-04,23.96500015258789,24.332500457763672,23.797500610351562,24.149999618530273,21.83904266357422,185886800
2016-02-05,24.1299991607666,24.229999542236328,23.422500610351562,23.5049991607666,21.25576400756836,185672400
2016-02-08,23.282499313354492,23.924999237060547,23.260000228881836,23.752500534057617,21.47957992553711,216085600
2016-02-09,23.572500228881836,23.985000610351562,23.482500076293945,23.747499465942383,21.475061416625977,177324800
2016-02-10,23.979999542236328,24.087499618530273,23.524999618530273,23.5674991607666,21.31228256225586,169374400
2016-02-11,23.447500228881836,23.68000030517578,23.147499084472656,23.424999237060547,21.18341827392578,200298800
2016-02-12,23.547500610351562,23.625,23.252500534057617,23.497499465942383,21.24897575378418,161405600
2016-02-16,23.7549991607666,24.212499618530273,23.65250015258789,24.15999984741211,21.848085403442383,196231600
2016-02-17,24.167499542236328,24.552499771118164,24.037500381469727,24.530000686645508,22.18267822265625,179452800
2016-02-18,24.709999084472656,24.72249984741211,24.022499084472656,24.065000534057617,21.762174606323242,156084000
2016-02-19,24.0,24.190000534057617,23.950000762939453,24.010000228881836,21.712440490722656,141496800
2016-02-22,24.077499389648438,24.225000381469727,23.979999542236328,24.219999313354492,21.90234375,137123200
2016-02-23,24.100000381469727,24.125,23.637500762939453,23.672500610351562,21.40723419189453,127770400
2016-02-24,23.4950008392334,24.094999313354492,23.329999923706055,24.024999618530273,21.725997924804688,145022800
2016-02-25,24.012500762939453,24.190000534057617,23.8125,24.190000534057617,21.87520980834961,110330800
2016-02-26,24.299999237060547,24.5049991607666,24.145000457763672,24.227500915527344,21.909122467041016,115964400
2016-02-29,24.21500015258789,24.5575008392334,24.162500381469727,24.172500610351562,21.85938835144043,140865200
2016-03-01,24.412500381469727,25.1924991607666,24.354999542236328,25.13249969482422,22.72751808166504,201628400
2016-03-02,25.127500534057617,25.22249984741211,24.90999984741211,25.1875,22.777259826660156,132678400
2016-03-03,25.145000457763672,25.427499771118164,25.112499237060547,25.375,22.94681739807129,147822800
2016-03-04,25.592500686645508,25.9375,25.342500686645508,25.752500534057617,23.28819465637207,184220400
2016-03-07,25.59749984741211,25.707500457763672,25.239999771118164,25.467500686645508,23.030466079711914,143315600
2016-03-08,25.19499969482422,25.440000534057617,25.100000381469727,25.25749969482422,22.840564727783203,126247600
2016-03-09,25.327499389648438,25.395000457763672,25.0674991607666,25.280000686645508,22.860910415649414,108806800
2016-03-10,25.352500915527344,25.559999465942383,25.037500381469727,25.292499542236328,22.872211456298828,134054400
2016-03-11,25.559999465942383,25.56999969482422,25.375,25.565000534057617,23.118642807006836,109632800
2016-03-14,25.477500915527344,25.727500915527344,25.44499969482422,25.6299991607666,23.17741584777832,100304400
2016-03-15,25.989999771118164,26.295000076293945,25.962499618530273,26.145000457763672,23.643138885498047,160270800
2016-03-16,26.15250015258789,26.577499389648438,26.147499084472656,26.49250030517578,23.957386016845703,153214000
2016-03-17,26.3799991607666,26.61750030517578,26.239999771118164,26.450000762939453,23.918949127197266,137682800
2016-03-18,26.584999084472656,26.625,26.297500610351562,26.479999542236328,23.946083068847656,176820800
2016-03-21,26.482500076293945,26.912500381469727,26.28499984741211,26.477500915527344,23.943817138671875,142010800
2016-03-22,26.3125,26.822500228881836,26.302499771118164,26.68000030517578,24.126941680908203,129777600
2016-03-23,26.6200008392334,26.767499923706055,26.475000381469727,26.532499313354492,23.993553161621094,102814000
2016-03-24,26.36750030517578,26.5625,26.22249984741211,26.417499542236328,23.889551162719727,104532000
2016-03-28,26.5,26.547500610351562,26.264999389648438,26.297500610351562,23.781042098999023,77645600
2016-03-29,26.22249984741211,26.947500228881836,26.219999313354492,26.920000076293945,24.343975067138672,124760400
2016-03-30,27.162500381469727,27.604999542236328,27.149999618530273,27.389999389648438,24.768991470336914,182404400
2016-03-31,27.43000030517578,27.475000381469727,27.219999313354492,27.247499465942383,24.640140533447266,103553600
2016-04-01,27.19499969482422,27.5,27.049999237060547,27.497499465942383,24.8662052154541,103496000
2016-04-04,27.604999542236328,28.047500610351562,27.5674991607666,27.780000686645508,25.121685028076172,149424800
2016-04-05,27.377500534057617,27.6825008392334,27.354999542236328,27.452499389648438,24.825517654418945,106314800
2016-04-06,27.5575008392334,27.7450008392334,27.299999237060547,27.739999771118164,25.08550453186035,105616400
2016-04-07,27.487499237060547,27.604999542236328,27.030000686645508,27.135000228881836,24.53839874267578,127207600
2016-04-08,27.227500915527344,27.4424991607666,27.042499542236328,27.165000915527344,24.565534591674805,94326800
2016-04-11,27.24250030517578,27.65250015258789,27.207500457763672,27.2549991607666,24.64691162109375,117630000
2016-04-12,27.334999084472656,27.625,27.165000915527344,27.610000610351562,24.96795082092285,108929200
2016-04-13,27.700000762939453,28.084999084472656,27.700000762939453,28.010000228881836,25.32967185974121,133029200
2016-04-14,27.905000686645508,28.09749984741211,27.832500457763672,28.024999618530273,25.343236923217773,101895600
2016-04-15,28.02750015258789,28.075000762939453,27.4325008392334,27.462499618530273,24.834558486938477,187756000
2016-04-18,27.22249984741211,27.237499237060547,26.735000610351562,26.8700008392334,24.29875373840332,243286000
2016-04-19,26.969999313354492,27.0,26.5575008392334,26.727500915527344,24.169891357421875,129539600
2016-04-20,26.65999984741211,27.022499084472656,26.514999389648438,26.782499313354492,24.21963119506836,122444000
2016-04-21,26.732500076293945,26.732500076293945,26.3799991607666,26.49250030517578,23.957386016845703,126210000
2016-04-22,26.252500534057617,26.6200008392334,26.155000686645508,26.420000076293945,23.89181900024414,134732400
2016-04-25,26.25,26.412500381469727,26.127500534057617,26.270000457763672,23.756175994873047,112126400
2016-04-26,25.977500915527344,26.325000762939453,25.977500915527344,26.087499618530273,23.591136932373047,224064800
2016-04-27,24.0,24.677499771118164,23.920000076293945,24.454999923706055,22.11485481262207,458408400
2016-04-28,24.40250015258789,24.469999313354492,23.5625,23.707500457763672,21.43888282775879,328970800
2016-04-29,23.497499465942383,23.68000030517578,23.127500534057617,23.434999465942383,21.192455291748047,274126000
2016-05-02,23.49250030517578,23.520000457763672,23.100000381469727,23.40999984741211,21.16985321044922,192640400
2016-05-03,23.549999237060547,23.934999465942383,23.420000076293945,23.795000076293945,21.518014907836914,227325200
2016-05-04,23.799999237060547,23.975000381469727,23.454999923706055,23.547500610351562,21.294191360473633,164102000
2016-05-05,23.5,23.517499923706055,23.170000076293945,23.309999465942383,21.2077579498291,143562000
2016-05-06,23.342500686645508,23.362499237060547,22.962499618530273,23.18000030517578,21.08948516845703,174799600
2016-05-09,23.25,23.4424991607666,23.147499084472656,23.197500228881836,21.10540771484375,131745600
2016-05-10,23.332500457763672,23.392499923706055,23.02750015258789,23.354999542236328,21.248703002929688,134747200
2016-05-11,23.3700008392334,23.392499923706055,23.114999771118164,23.127500534057617,21.041715621948242,114876400
2016-05-12,23.18000030517578,23.19499969482422,22.36750030517578,22.584999084472656,20.548147201538086,305258800
2016-05-13,22.5,22.917499542236328,22.5,22.6299991607666,20.589092254638672,177571200
2016-05-16,23.09749984741211,23.59749984741211,22.912500381469727,23.469999313354492,21.35332679748535,245039200
2016-05-17,23.637500762939453,23.674999237060547,23.252500534057617,23.372499465942383,21.26462173461914,187667600
2016-05-18,23.540000915527344,23.802499771118164,23.47249984741211,23.639999389648438,21.507999420166016,168249600
2016-05-19,23.65999984741211,23.65999984741211,23.392499923706055,23.549999237060547,21.426118850708008,121768400
2016-05-20,23.65999984741211,23.857500076293945,23.6299991607666,23.80500030517578,21.658117294311523,128104000
2016-05-23,23.967500686645508,24.297500610351562,23.917499542236328,24.107500076293945,21.933338165283203,152074400
2016-05-24,24.30500030517578,24.522499084472656,24.209999084472656,24.475000381469727,22.267696380615234,140560800
2016-05-25,24.667499542236328,24.934999465942383,24.52750015258789,24.905000686645508,22.658918380737305,152675200
2016-05-26,24.920000076293945,25.1825008392334,24.65999984741211,25.102500915527344,22.83860206604004,225324800
2016-05-27,24.860000610351562,25.11750030517578,24.8125,25.087499618530273,22.8249568939209,145364800
2016-05-31,24.899999618530273,25.100000381469727,24.704999923706055,24.96500015258789,22.7135009765625,169228800
2016-06-01,24.7549991607666,24.885000228881836,24.582500457763672,24.614999771118164,22.39506721496582,116693200
2016-06-02,24.399999618530273,24.459999084472656,24.157499313354492,24.43000030517578,22.22675132751465,160766400
2016-06-03,24.447500228881836,24.5674991607666,24.362499237060547,24.479999542236328,22.272241592407227,114019600
2016-06-06,24.497499465942383,25.47249984741211,24.387500762939453,24.657499313354492,22.433732986450195,93170000
2016-06-07,24.8125,24.967500686645508,24.739999771118164,24.75749969482422,22.524721145629883,89638000
2016-06-08,24.7549991607666,24.889999389648438,24.670000076293945,24.735000610351562,22.504249572753906,83392400
2016-06-09,24.625,24.997499465942383,24.614999771118164,24.912500381469727,22.665740966796875,106405600
2016-06-10,24.63249969482422,24.837499618530273,24.6200008392334,24.707500457763672,22.479225158691406,126851600
2016-06-13,24.672500610351562,24.780000686645508,24.274999618530273,24.334999084472656,22.14031982421875,152082000
2016-06-14,24.329999923706055,24.6200008392334,24.1875,24.364999771118164,22.16761589050293,127727600
2016-06-15,24.454999923706055,24.602500915527344,24.25749969482422,24.28499984741211,22.094820022583008,117780800
2016-06-16,24.112499237060547,24.4375,24.017499923706055,24.387500762939453,22.18808937072754,125307200
2016-06-17,24.155000686645508,24.162500381469727,23.825000762939453,23.832500457763672,21.68314552307129,244032800
2016-06-20,24.0,24.142499923706055,23.75749969482422,23.774999618530273,21.630828857421875,137647600
2016-06-21,23.735000610351562,24.087499618530273,23.670000076293945,23.977500915527344,21.8150634765625,142185600
2016-06-22,24.0625,24.22249984741211,23.837499618530273,23.887500762939453,21.73318099975586,116876400
2016-06-23,23.985000610351562,24.072500228881836,23.8125,24.024999618530273,21.8582763671875,128960800
2016-06-24,23.227500915527344,23.665000915527344,23.162500381469727,23.350000381469727,21.244150161743164,301245600
2016-06-27,23.25,23.262500762939453,22.875,23.010000228881836,20.934818267822266,181958400
2016-06-28,23.225000381469727,23.415000915527344,23.03499984741211,23.397499084472656,21.287372589111328,161779600
2016-06-29,23.49250030517578,23.637500762939453,23.407499313354492,23.600000381469727,21.471609115600586,146124000
2016-06-30,23.610000610351562,23.9424991607666,23.575000762939453,23.899999618530273,21.744548797607422,143345600
2016-07-01,23.872499465942383,24.11750030517578,23.832500457763672,23.97249984741211,21.810516357421875,104106000
2016-07-05,23.84749984741211,23.850000381469727,23.614999771118164,23.747499465942383,21.60580825805664,110820800
2016-07-06,23.649999618530273,23.915000915527344,23.592500686645508,23.88249969482422,21.728633880615234,123796400
2016-07-07,23.924999237060547,24.125,23.905000686645508,23.985000610351562,21.82189178466797,100558400
2016-07-08,24.122499465942383,24.22249984741211,24.012500762939453,24.170000076293945,21.99020004272461,115648400
2016-07-11,24.1875,24.412500381469727,24.1825008392334,24.2450008392334,22.058439254760742,95179600
2016-07-12,24.292499542236328,24.424999237060547,24.280000686645508,24.354999542236328,22.158517837524414,96670000
2016-07-13,24.352500915527344,24.417499542236328,24.209999084472656,24.217500686645508,22.033424377441406,103568800
2016-07-14,24.34749984741211,24.747499465942383,24.329999923706055,24.697500228881836,22.470134735107422,155676000
2016-07-15,24.729999542236328,24.825000762939453,24.625,24.69499969482422,22.467859268188477,120548000
2016-07-18,24.674999237060547,25.032499313354492,24.649999618530273,24.957500457763672,22.70667839050293,145975600
2016-07-19,24.889999389648438,25.0,24.834999084472656,24.967500686645508,22.715776443481445,95119600
2016-07-20,25.0,25.114999771118164,24.934999465942383,24.989999771118164,22.736244201660156,105104000
2016-07-21,24.957500457763672,25.25,24.782499313354492,24.857500076293945,22.615699768066406,130808000
2016-07-22,24.815000534057617,24.825000762939453,24.577499389648438,24.665000915527344,22.440555572509766,113254800
2016-07-25,24.5625,24.709999084472656,24.229999542236328,24.334999084472656,22.14031982421875,161531600
2016-07-26,24.204999923706055,24.49250030517578,24.104999542236328,24.167499542236328,21.987926483154297,224959200
2016-07-27,26.0674991607666,26.087499618530273,25.6875,25.737499237060547,23.41633415222168,369379200
2016-07-28,25.707500457763672,26.112499237060547,25.704999923706055,26.084999084472656,23.73249626159668,159479200
2016-07-29,26.047500610351562,26.137500762939453,25.920000076293945,26.052499771118164,23.70292854309082,110934800
2016-08-01,26.102500915527344,26.537500381469727,26.102500915527344,26.512500762939453,24.121444702148438,152671600
2016-08-02,26.512500762939453,26.517499923706055,26.0,26.1200008392334,23.764345169067383,135266400
2016-08-03,26.202499389648438,26.459999084472656,26.1924991607666,26.447500228881836,24.06230354309082,120810400
2016-08-04,26.395000457763672,26.5,26.31999969482422,26.467500686645508,24.21095085144043,109634800
2016-08-05,26.5674991607666,26.912500381469727,26.545000076293945,26.8700008392334,24.579133987426758,162213600
2016-08-08,26.8799991607666,27.092500686645508,26.790000915527344,27.092500686645508,24.782669067382812,112148800
2016-08-09,27.0575008392334,27.235000610351562,27.002500534057617,27.202499389648438,24.883285522460938,105260800
2016-08-10,27.177499771118164,27.225000381469727,26.940000534057617,27.0,24.698049545288086,96034000
2016-08-11,27.1299991607666,27.232500076293945,26.962499618530273,26.982500076293945,24.682043075561523,109938000
2016-08-12,26.94499969482422,27.110000610351562,26.94499969482422,27.045000076293945,24.739213943481445,74641600
2016-08-15,27.03499984741211,27.385000228881836,27.020000457763672,27.3700008392334,25.036508560180664,103472800
2016-08-16,27.407499313354492,27.5575008392334,27.302499771118164,27.344999313354492,25.01363754272461,135177600
2016-08-17,27.274999618530273,27.342500686645508,27.084999084472656,27.30500030517578,24.977048873901367,101424000
2016-08-18,27.3075008392334,27.399999618530273,27.2549991607666,27.270000457763672,24.945032119750977,87938800
2016-08-19,27.1924991607666,27.422500610351562,27.09000015258789,27.34000015258789,25.009061813354492,101472400
2016-08-22,27.21500015258789,27.274999618530273,26.962499618530273,27.127500534057617,24.814678192138672,103280800
2016-08-23,27.147499084472656,27.329999923706055,27.13249969482422,27.212499618530273,24.892431259155273,85030800
2016-08-24,27.142499923706055,27.1875,26.920000076293945,27.00749969482422,24.704912185668945,94700400
2016-08-25,26.84749984741211,26.969999313354492,26.670000076293945,26.892499923706055,24.59971046447754,100344800
2016-08-26,26.852500915527344,26.987499237060547,26.577499389648438,26.735000610351562,24.455642700195312,111065200
2016-08-29,26.655000686645508,26.860000610351562,26.572500228881836,26.704999923706055,24.428199768066406,99881200
2016-08-30,26.450000762939453,26.625,26.375,26.5,24.240680694580078,99455600
2016-08-31,26.415000915527344,26.642499923706055,26.40999984741211,26.524999618530273,24.2635440826416,118649600
2016-09-01,26.53499984741211,26.700000762939453,26.405000686645508,26.6825008392334,24.407625198364258,106806000
2016-09-02,26.924999237060547,27.0,26.704999923706055,26.9325008392334,24.636302947998047,107210000
2016-09-06,26.975000381469727,27.075000762939453,26.877500534057617,26.924999237060547,24.62944221496582,107521600
2016-09-07,26.957500457763672,27.190000534057617,26.767499923706055,27.09000015258789,24.78037452697754,169457200
2016-09-08,26.8125,26.8174991607666,26.309999465942383,26.3799991607666,24.130903244018555,212008000
2016-09-09,26.15999984741211,26.43000030517578,25.782499313354492,25.782499313354492,23.584348678588867,186228000
2016-09-12,25.662500381469727,26.43000030517578,25.63249969482422,26.360000610351562,24.112613677978516,181171200
2016-09-13,26.877500534057617,27.197500228881836,26.809999465942383,26.987499237060547,24.686614990234375,248704800
2016-09-14,27.1825008392334,28.25749969482422,27.149999618530273,27.9424991607666,25.560197830200195,443554800
2016-09-15,28.46500015258789,28.9325008392334,28.372499465942383,28.892499923706055,26.429197311401367,359934400
2016-09-16,28.780000686645508,29.032499313354492,28.510000228881836,28.729999542236328,26.280555725097656,319547600
2016-09-19,28.797500610351562,29.045000076293945,28.3125,28.395000457763672,25.97412109375,188092000
2016-09-20,28.262500762939453,28.530000686645508,28.127500534057617,28.392499923706055,25.971826553344727,138057200
2016-09-21,28.462499618530273,28.497499465942383,28.110000610351562,28.387500762939453,25.96725082397461,144012800
2016-09-22,28.587499618530273,28.735000610351562,28.5,28.655000686645508,26.211946487426758,124296000
2016-09-23,28.604999542236328,28.697500228881836,27.887500762939453,28.177499771118164,25.77515983581543,209924800
2016-09-26,27.90999984741211,28.34749984741211,27.887500762939453,28.219999313354492,25.81403923034668,119477600
2016-09-27,28.25,28.295000076293945,28.084999084472656,28.272499084472656,25.862058639526367,98429600
2016-09-28,28.422500610351562,28.65999984741211,28.357500076293945,28.487499237060547,26.058727264404297,118564400
2016-09-29,28.290000915527344,28.450000762939453,27.950000762939453,28.045000076293945,25.653953552246094,143548000
2016-09-30,28.114999771118164,28.342500686645508,27.950000762939453,28.262500762939453,25.852907180786133,145516400
2016-10-03,28.177499771118164,28.262500762939453,28.06999969482422,28.1299991607666,25.731708526611328,86807200
2016-10-04,28.264999389648438,28.577499389648438,28.157499313354492,28.25,25.841476440429688,118947200
2016-10-05,28.350000381469727,28.415000915527344,28.172500610351562,28.262500762939453,25.852907180786133,85812400
2016-10-06,28.424999237060547,28.584999084472656,28.282499313354492,28.47249984741211,26.04500389099121,115117200
2016-10-07,28.577499389648438,28.639999389648438,28.377500534057617,28.514999389648438,26.083877563476562,97433600
2016-10-10,28.7549991607666,29.1875,28.68000030517578,29.012500762939453,26.538965225219727,144944000
2016-10-11,29.424999237060547,29.672500610351562,29.049999237060547,29.075000762939453,26.59614372253418,256164000
2016-10-12,29.337499618530273,29.4950008392334,29.1875,29.334999084472656,26.833972930908203,150347200
2016-10-13,29.197500228881836,29.360000610351562,28.93000030517578,29.2450008392334,26.75165367126465,140769600
2016-10-14,29.469999313354492,29.542499542236328,29.282499313354492,29.407499313354492,26.900291442871094,142608800
2016-10-17,29.332500457763672,29.459999084472656,29.19499969482422,29.387500762939453,26.88199806213379,94499600
2016-10-18,29.545000076293945,29.552499771118164,29.362499237060547,29.36750030517578,26.863698959350586,98214000
2016-10-19,29.3125,29.440000534057617,28.450000762939453,29.280000686645508,26.78367042541504,80138400
2016-10-20,29.21500015258789,29.344999313354492,29.082500457763672,29.264999389648438,26.769941329956055,96503200
2016-10-21,29.202499389648438,29.227500915527344,29.06999969482422,29.149999618530273,26.664745330810547,92770800
2016-10-24,29.274999618530273,29.434999465942383,29.25,29.412500381469727,26.904861450195312,94154800
2016-10-25,29.487499237060547,29.59000015258789,29.327499389648438,29.5625,27.042072296142578,192516000
2016-10-26,28.577499389648438,28.924999237060547,28.327499389648438,28.897499084472656,26.433767318725586,264536800
2016-10-27,28.84749984741211,28.96500015258789,28.524999618530273,28.6200008392334,26.179929733276367,138248000
2016-10-28,28.467500686645508,28.802499771118164,28.362499237060547,28.43000030517578,26.006132125854492,151446800
2016-10-31,28.412500381469727,28.5575008392334,28.299999237060547,28.385000228881836,25.964962005615234,105677600
2016-11-01,28.364999771118164,28.4424991607666,27.63249969482422,27.872499465942383,25.496164321899414,175303200
2016-11-02,27.850000381469727,28.087499618530273,27.8075008392334,27.897499084472656,25.519027709960938,113326800
2016-11-03,27.7450008392334,27.864999771118164,27.387500762939453,27.457500457763672,25.245500564575195,107730400
2016-11-04,27.13249969482422,27.5625,27.02750015258789,27.209999084472656,25.01793670654297,123348000
2016-11-07,27.520000457763672,27.627500534057617,27.364999771118164,27.602500915527344,25.378814697265625,130240000
2016-11-08,27.577499389648438,27.93000030517578,27.424999237060547,27.764999389648438,25.528226852416992,97016800
2016-11-09,27.469999313354492,27.829999923706055,27.012500762939453,27.719999313354492,25.486846923828125,236705600
2016-11-10,27.772499084472656,27.772499084472656,26.457500457763672,26.947500228881836,24.77658462524414,228538000
2016-11-11,26.780000686645508,27.217500686645508,26.637500762939453,27.107500076293945,24.92369270324707,136575600
2016-11-14,26.927499771118164,26.952499389648438,26.020000457763672,26.427499771118164,24.298479080200195,204702000
2016-11-15,26.642499923706055,26.920000076293945,26.540000915527344,26.77750015258789,24.620277404785156,129058000
2016-11-16,26.674999237060547,27.5575008392334,26.649999618530273,27.497499465942383,25.282272338867188,235362000
2016-11-17,27.452499389648438,27.587499618530273,27.207500457763672,27.487499237060547,25.273080825805664,110528000
2016-11-18,27.43000030517578,27.635000228881836,27.415000915527344,27.514999389648438,25.298362731933594,113715600
2016-11-21,27.530000686645508,27.997499465942383,27.502500534057617,27.9325008392334,25.68222999572754,117058400
2016-11-22,27.987499237060547,28.104999542236328,27.850000381469727,27.950000762939453,25.698322296142578,103862000
2016-11-23,27.84000015258789,27.877500534057617,27.582500457763672,27.8075008392334,25.56730079650879,109705600
2016-11-25,27.782499313354492,27.967500686645508,27.737499237060547,27.947500228881836,25.696027755737305,45903600
2016-11-28,27.857500076293945,28.11750030517578,27.84749984741211,27.892499923706055,25.645450592041016,108776000
2016-11-29,27.69499969482422,28.00749969482422,27.517499923706055,27.864999771118164,25.620162963867188,114115200
2016-11-30,27.899999618530273,28.049999237060547,27.5674991607666,27.6299991607666,25.404098510742188,144649200
2016-12-01,27.592500686645508,27.735000610351562,27.25749969482422,27.372499465942383,25.167346954345703,148347600
2016-12-02,27.292499542236328,27.522499084472656,27.212499618530273,27.475000381469727,25.261577606201172,106112000
2016-12-05,27.5,27.50749969482422,27.0625,27.27750015258789,25.079992294311523,137298000
2016-12-06,27.375,27.59000015258789,27.297500610351562,27.487499237060547,25.273080825805664,104782000
2016-12-07,27.315000534057617,27.797500610351562,27.290000915527344,27.75749969482422,25.521324157714844,119994800
2016-12-08,27.71500015258789,28.107500076293945,27.649999618530273,28.030000686645508,25.771875381469727,108273200
2016-12-09,28.077499389648438,28.674999237060547,28.077499389648438,28.487499237060547,26.192514419555664,137610400
2016-12-12,28.322500228881836,28.75,28.122499465942383,28.325000762939453,26.04311180114746,105497600
2016-12-13,28.459999084472656,28.979999542236328,28.4375,28.797500610351562,26.4775447845459,174935200
2016-12-14,28.760000228881836,29.049999237060547,28.7450008392334,28.797500610351562,26.4775447845459,136127200
2016-12-15,28.844999313354492,29.1825008392334,28.8075008392334,28.954999923706055,26.622356414794922,186098000
2016-12-16,29.11750030517578,29.125,28.912500381469727,28.99250030517578,26.656837463378906,177404400
2016-12-19,28.950000762939453,29.344999313354492,28.9375,29.15999984741211,26.810848236083984,111117600
2016-12-20,29.184999465942383,29.375,29.170000076293945,29.237499237060547,26.882099151611328,85700000
2016-12-21,29.200000762939453,29.350000381469727,29.19499969482422,29.264999389648438,26.90738296508789,95132800
2016-12-22,29.087499618530273,29.127500534057617,28.90999984741211,29.072500228881836,26.730396270751953,104343600
2016-12-23,28.897499084472656,29.1299991607666,28.897499084472656,29.1299991607666,26.783260345458984,56998000
2016-12-27,29.1299991607666,29.450000762939453,29.122499465942383,29.315000534057617,26.953351974487305,73187600
2016-12-28,29.3799991607666,29.5049991607666,29.049999237060547,29.190000534057617,26.838424682617188,83623600
2016-12-29,29.112499237060547,29.27750015258789,29.100000381469727,29.1825008392334,26.831527709960938,60158000
2016-12-30,29.162500381469727,29.299999237060547,28.857500076293945,28.954999923706055,26.622356414794922,122345200
2017-01-03,28.950000762939453,29.082500457763672,28.690000534057617,29.037500381469727,26.698211669921875,115127600
2017-01-04,28.962499618530273,29.127500534057617,28.9375,29.0049991607666,26.6683349609375,84472400
2017-01-05,28.979999542236328,29.21500015258789,28.952499389648438,29.15250015258789,26.803951263427734,88774400
2017-01-06,29.19499969482422,29.540000915527344,29.11750030517578,29.477500915527344,27.102766036987305,127007600
2017-01-09,29.487499237060547,29.857500076293945,29.485000610351562,29.747499465942383,27.351015090942383,134247600
2017-01-10,29.6924991607666,29.844999313354492,29.575000762939453,29.77750015258789,27.37859344482422,97848400
2017-01-11,29.684999465942383,29.982500076293945,29.649999618530273,29.9375,27.525707244873047,110354400
2017-01-12,29.725000381469727,29.825000762939453,29.552499771118164,29.8125,27.41077423095703,108344800
2017-01-13,29.77750015258789,29.905000686645508,29.702499389648438,29.760000228881836,27.362504959106445,104447600
2017-01-17,29.584999084472656,30.059999465942383,29.55500030517578,30.0,27.583175659179688,137759200
2017-01-18,30.0,30.125,29.927499771118164,29.997499465942383,27.580869674682617,94852000
2017-01-19,29.850000381469727,30.022499084472656,29.842500686645508,29.94499969482422,27.53260612487793,102389200
2017-01-20,30.112499237060547,30.112499237060547,29.9325008392334,30.0,27.583175659179688,130391600
2017-01-23,30.0,30.202499389648438,29.9424991607666,30.020000457763672,27.601558685302734,88200800
2017-01-24,29.887500762939453,30.024999618530273,29.875,29.99250030517578,27.576274871826172,92844000
2017-01-25,30.104999542236328,30.524999618530273,30.06999969482422,30.469999313354492,28.015302658081055,129510400
2017-01-26,30.417499542236328,30.610000610351562,30.399999618530273,30.485000610351562,28.029098510742188,105350400
2017-01-27,30.53499984741211,30.587499618530273,30.399999618530273,30.487499237060547,28.031396865844727,82251600
2017-01-30,30.232500076293945,30.407499313354492,30.165000915527344,30.407499313354492,27.957836151123047,121510000
2017-01-31,30.287500381469727,30.34749984741211,30.155000686645508,30.337499618530273,27.89348030090332,196804000
2017-02-01,31.75749969482422,32.622501373291016,31.752500534057617,32.1875,29.59444236755371,447940000
2017-02-02,31.9950008392334,32.34749984741211,31.94499969482422,32.13249969482422,29.54387092590332,134841600
2017-02-03,32.07749938964844,32.29750061035156,32.040000915527344,32.27000045776367,29.670303344726562,98029200
2017-02-06,32.282501220703125,32.625,32.224998474121094,32.5724983215332,29.948421478271484,107383600
2017-02-07,32.6349983215332,33.022499084472656,32.61249923706055,32.88249969482422,30.233448028564453,152735200
2017-02-08,32.837501525878906,33.05500030517578,32.80500030517578,33.0099983215332,30.350685119628906,92016400
2017-02-09,32.912498474121094,33.11249923706055,32.779998779296875,33.10499954223633,30.569997787475586,113399600
2017-02-10,33.1150016784668,33.23500061035156,33.01250076293945,33.029998779296875,30.500747680664062,80262000
2017-02-13,33.27000045776367,33.45500183105469,33.1875,33.3224983215332,30.770837783813477,92141600
2017-02-14,33.36750030517578,33.772499084472656,33.3125,33.755001068115234,31.17022705078125,132904800
2017-02-15,33.880001068115234,34.067501068115234,33.654998779296875,33.877498626708984,31.283327102661133,142492400
2017-02-16,33.91749954223633,33.974998474121094,33.709999084472656,33.837501525878906,31.246400833129883,90338400
2017-02-17,33.775001525878906,33.95750045776367,33.775001525878906,33.93000030517578,31.33182144165039,88792800
2017-02-21,34.057498931884766,34.1875,33.994998931884766,34.17499923706055,31.55805206298828,98028800
2017-02-22,34.10749816894531,34.279998779296875,34.02750015258789,34.27750015258789,31.652711868286133,83347600
2017-02-23,34.345001220703125,34.369998931884766,34.07500076293945,34.13249969482422,31.5188045501709,83152800
2017-02-24,33.977500915527344,34.165000915527344,33.81999969482422,34.165000915527344,31.548830032348633,87106400
2017-02-27,34.28499984741211,34.36000061035156,34.06999969482422,34.23249816894531,31.611156463623047,81029600
2017-02-28,34.27000045776367,34.36000061035156,34.17499923706055,34.247501373291016,31.625011444091797,93931600
2017-03-01,34.47249984741211,35.037498474121094,34.400001525878906,34.9474983215332,32.27140808105469,145658400
2017-03-02,35.0,35.06999969482422,34.689998626708984,34.7400016784668,32.07981872558594,104844000
2017-03-03,34.69499969482422,34.95750045776367,34.647499084472656,34.94499969482422,32.269100189208984,84432400
2017-03-06,34.842498779296875,34.942501068115234,34.650001525878906,34.834999084472656,32.16752624511719,87000000
2017-03-07,34.76499938964844,34.994998931884766,34.6974983215332,34.880001068115234,32.209068298339844,69785200
2017-03-08,34.73749923706055,34.95000076293945,34.70500183105469,34.75,32.089027404785156,74828800
2017-03-09,34.685001373291016,34.6974983215332,34.26250076293945,34.66999816894531,32.0151481628418,88623600
2017-03-10,34.8125,34.84000015258789,34.65999984741211,34.78499984741211,32.12135696411133,78451200
2017-03-13,34.712501525878906,34.85749816894531,34.70500183105469,34.79999923706055,32.135189056396484,69686800
2017-03-14,34.82500076293945,34.912498474121094,34.709999084472656,34.747501373291016,32.08673095703125,61236400
2017-03-15,34.852500915527344,35.1875,34.75749969482422,35.1150016784668,32.42608642578125,102767200
2017-03-16,35.18000030517578,35.255001068115234,35.064998626708984,35.17250061035156,32.47916793823242,76928000
2017-03-17,35.25,35.25,34.97249984741211,34.997501373291016,32.31757354736328,175540000
2017-03-20,35.099998474121094,35.375,35.057498931884766,35.3650016784668,32.656925201416016,86168000
2017-03-21,35.52750015258789,35.70000076293945,34.932498931884766,34.959999084472656,32.28295135498047,158119600
2017-03-22,34.962501525878906,35.400001525878906,34.939998626708984,35.35499954223633,32.647708892822266,103440800
2017-03-23,35.314998626708984,35.39500045776367,35.15250015258789,35.22999954223633,32.53226852416992,81385200
2017-03-24,35.375,35.435001373291016,35.087501525878906,35.15999984741211,32.46763610839844,89582400
2017-03-27,34.84749984741211,35.30500030517578,34.654998779296875,35.220001220703125,32.52304458618164,94300400
2017-03-28,35.227500915527344,36.0099983215332,35.154998779296875,35.95000076293945,33.197147369384766,133499200
2017-03-29,35.91999816894531,36.122501373291016,35.79750061035156,36.029998779296875,33.27101516723633,116760000
2017-03-30,36.04750061035156,36.125,35.875,35.98249816894531,33.227149963378906,84829200
2017-03-31,35.93000030517578,36.067501068115234,35.752498626708984,35.915000915527344,33.16482162475586,78646800
2017-04-03,35.9275016784668,36.029998779296875,35.76250076293945,35.92499923706055,33.174072265625,79942800
2017-04-04,35.8125,36.22249984741211,35.79249954223633,36.192501068115234,33.421077728271484,79565600
2017-04-05,36.05500030517578,36.3650016784668,35.95249938964844,36.005001068115234,33.247928619384766,110871600
2017-04-06,36.0724983215332,36.130001068115234,35.86249923706055,35.915000915527344,33.16482162475586,84596000
2017-04-07,35.932498931884766,36.04499816894531,35.817501068115234,35.834999084472656,33.090946197509766,66688800
2017-04-10,35.900001525878906,35.970001220703125,35.724998474121094,35.79249954223633,33.051692962646484,75733600
2017-04-11,35.73500061035156,35.837501525878906,35.01499938964844,35.407501220703125,32.69618225097656,121517600
2017-04-12,35.400001525878906,35.537498474121094,35.252498626708984,35.45000076293945,32.73542404174805,81400000
2017-04-13,35.477500915527344,35.595001220703125,35.26250076293945,35.26250076293945,32.562294006347656,71291600
2017-04-17,35.369998931884766,35.470001220703125,35.217498779296875,35.45750045776367,32.74235534667969,66328400
2017-04-18,35.352500915527344,35.5099983215332,35.27750015258789,35.29999923706055,32.596923828125,58790000
2017-04-19,35.470001220703125,35.5,35.11249923706055,35.16999816894531,32.47687530517578,69313600
2017-04-20,35.30500030517578,35.72999954223633,35.290000915527344,35.61000061035156,32.883174896240234,93278400
2017-04-21,35.61000061035156,35.66999816894531,35.462501525878906,35.567501068115234,32.84392547607422,69283600
2017-04-24,35.875,35.98749923706055,35.79499816894531,35.90999984741211,33.16020584106445,68537200
2017-04-25,35.977500915527344,36.224998474121094,35.967498779296875,36.13249969482422,33.365665435791016,75486000
2017-04-26,36.11750030517578,36.150001525878906,35.845001220703125,35.91999816894531,33.16943359375,80164800
2017-04-27,35.97999954223633,36.040000915527344,35.82749938964844,35.9474983215332,33.19483184814453,56985200
2017-04-28,36.022499084472656,36.07500076293945,35.817501068115234,35.912498474121094,33.162506103515625,83441600
2017-05-01,36.275001525878906,36.79999923706055,36.2400016784668,36.64500045776367,33.838924407958984,134411600
2017-05-02,36.8849983215332,37.022499084472656,36.709999084472656,36.877498626708984,34.05362319946289,181408800
2017-05-03,36.397499084472656,36.872501373291016,36.067501068115234,36.76499938964844,33.949737548828125,182788000
2017-05-04,36.630001068115234,36.78499984741211,36.45249938964844,36.63249969482422,33.827396392822266,93487600
2017-05-05,36.689998626708984,37.244998931884766,36.689998626708984,37.2400016784668,34.388362884521484,109310800
2017-05-08,37.25749969482422,38.42499923706055,37.25749969482422,38.252498626708984,35.323326110839844,195009600
2017-05-09,38.467498779296875,38.720001220703125,38.36249923706055,38.497501373291016,35.549556732177734,156521600
2017-05-10,38.407501220703125,38.48500061035156,38.02750015258789,38.314998626708984,35.381038665771484,103222800
2017-05-11,38.11249923706055,38.51750183105469,38.07749938964844,38.48749923706055,35.687034606933594,109020400
2017-05-12,38.67499923706055,39.10499954223633,38.66749954223633,39.025001525878906,36.1854248046875,130108000
2017-05-15,39.002498626708984,39.162498474121094,38.76250076293945,38.92499923706055,36.09269332885742,104038800
2017-05-16,38.98500061035156,39.01499938964844,38.68000030517578,38.86750030517578,36.03937530517578,80194000
2017-05-17,38.400001525878906,38.64250183105469,37.4275016784668,37.5625,34.8293342590332,203070800
2017-05-18,37.817501068115234,38.334999084472656,37.782501220703125,38.1349983215332,35.360172271728516,134272800
2017-05-19,38.345001220703125,38.494998931884766,38.157501220703125,38.26499938964844,35.48072052001953,107843200
2017-05-22,38.5,38.64500045776367,38.227500915527344,38.497501373291016,35.696292877197266,91865600
2017-05-23,38.724998474121094,38.724998474121094,38.32749938964844,38.45000076293945,35.65226364135742,79675600
2017-05-24,38.459999084472656,38.54249954223633,38.16749954223633,38.334999084472656,35.545623779296875,76712000
2017-05-25,38.432498931884766,38.587501525878906,38.25749969482422,38.467498779296875,35.668479919433594,76942400
2017-05-26,38.5,38.560001373291016,38.32749938964844,38.40250015258789,35.608219146728516,87710400
2017-05-30,38.35499954223633,38.60749816894531,38.33250045776367,38.41749954223633,35.62211990356445,80507600
2017-05-31,38.49250030517578,38.54249954223633,38.095001220703125,38.189998626708984,35.41117858886719,97804800
2017-06-01,38.29249954223633,38.33250045776367,38.05500030517578,38.29499816894531,35.50853729248047,65616400
2017-06-02,38.39500045776367,38.86249923706055,38.22249984741211,38.86249923706055,36.03474426269531,111082800
2017-06-05,38.584999084472656,38.61249923706055,38.3650016784668,38.48249816894531,35.68239212036133,101326800
2017-06-06,38.474998474121094,38.95249938964844,38.44499969482422,38.61249923706055,35.802947998046875,106499600
2017-06-07,38.755001068115234,38.994998931884766,38.619998931884766,38.842498779296875,36.016197204589844,84278400
2017-06-08,38.8125,38.8849983215332,38.599998474121094,38.747501373291016,35.92811965942383,85003200
2017-06-09,38.79750061035156,38.79750061035156,36.505001068115234,37.244998931884766,34.534934997558594,259530800
2017-06-12,36.435001373291016,36.522499084472656,35.627498626708984,36.35499954223633,33.70969772338867,289229200
2017-06-13,36.790000915527344,36.86249923706055,36.287498474121094,36.647499084472656,33.98092269897461,136661600
2017-06-14,36.875,36.875,35.959999084472656,36.290000915527344,33.64942932128906,126124800
2017-06-15,35.83000183105469,36.119998931884766,35.5525016784668,36.0724983215332,33.44774627685547,128661600
2017-06-16,35.94499969482422,36.125,35.54999923706055,35.567501068115234,32.9795036315918,201444400
2017-06-19,35.915000915527344,36.685001373291016,35.915000915527344,36.584999084472656,33.9229621887207,130165600
2017-06-20,36.717498779296875,36.717498779296875,36.23500061035156,36.252498626708984,33.614662170410156,99600400
2017-06-21,36.380001068115234,36.51750183105469,36.15250015258789,36.467498779296875,33.81400680541992,85063200
2017-06-22,36.442501068115234,36.67499923706055,36.279998779296875,36.407501220703125,33.758384704589844,76425200
2017-06-23,36.282501220703125,36.790000915527344,36.27750015258789,36.56999969482422,33.909061431884766,141757600
2017-06-26,36.79249954223633,37.06999969482422,36.345001220703125,36.45500183105469,33.80242156982422,102769600
2017-06-27,36.252498626708984,36.540000915527344,35.904998779296875,35.932498931884766,33.31793975830078,99047600
2017-06-28,36.122501373291016,36.52750015258789,35.790000915527344,36.45750045776367,33.804744720458984,88329600
2017-06-29,36.1775016784668,36.282501220703125,35.56999969482422,35.91999816894531,33.30635452270508,125997600
2017-06-30,36.11249923706055,36.2400016784668,35.94499969482422,36.005001068115234,33.385162353515625,92096400
2017-07-03,36.220001220703125,36.32500076293945,35.775001525878906,35.875,33.2646369934082,57111200
2017-07-05,35.92250061035156,36.1974983215332,35.68000030517578,36.022499084472656,33.40138244628906,86278400
2017-07-06,35.755001068115234,35.875,35.602500915527344,35.682498931884766,33.086124420166016,96515200
2017-07-07,35.724998474121094,36.1875,35.724998474121094,36.04499816894531,33.42224884033203,76806800
2017-07-10,36.02750015258789,36.48749923706055,35.842498779296875,36.26499938964844,33.62624740600586,84362400
2017-07-11,36.182498931884766,36.462501525878906,36.095001220703125,36.38249969482422,33.73519515991211,79127200
2017-07-12,36.467498779296875,36.54499816894531,36.20500183105469,36.435001373291016,33.78387451171875,99538000
2017-07-13,36.375,37.122501373291016,36.36000061035156,36.942501068115234,34.254451751708984,100797600
2017-07-14,36.99250030517578,37.33250045776367,36.83250045776367,37.2599983215332,34.5488395690918,80528400
2017-07-17,37.20500183105469,37.724998474121094,37.14250183105469,37.38999938964844,34.66939163208008,95174000
2017-07-18,37.29999923706055,37.532501220703125,37.16749954223633,37.52000045776367,34.78992462158203,71475200
2017-07-19,37.619998931884766,37.85499954223633,37.48749923706055,37.755001068115234,35.007835388183594,83692000
2017-07-20,37.875,37.935001373291016,37.54750061035156,37.584999084472656,34.85020065307617,68974800
2017-07-21,37.497501373291016,37.61000061035156,37.220001220703125,37.567501068115234,34.8339729309082,105010400
2017-07-24,37.64500045776367,38.11000061035156,37.474998474121094,38.022499084472656,35.255863189697266,85972800
2017-07-25,37.95000076293945,38.459999084472656,37.95000076293945,38.185001373291016,35.40653610229492,75415600
2017-07-26,38.337501525878906,38.48249816894531,38.26499938964844,38.3650016784668,35.573448181152344,63124000
2017-07-27,38.4375,38.497501373291016,36.82500076293945,37.63999938964844,34.901206970214844,129905200
2017-07-28,37.47249984741211,37.557498931884766,37.29750061035156,37.375,34.65548324584961,68854800
2017-07-31,37.474998474121094,37.58250045776367,37.032501220703125,37.182498931884766,34.47698211669922,79383600
2017-08-01,37.275001525878906,37.55500030517578,37.102500915527344,37.51250076293945,34.7829704284668,141474400
2017-08-02,39.81999969482422,39.9375,39.040000915527344,39.28499984741211,36.42649459838867,279747200
2017-08-03,39.26250076293945,39.3025016784668,38.755001068115234,38.89250183105469,36.06255340576172,108389200
2017-08-04,39.01750183105469,39.349998474121094,38.92250061035156,39.09749984741211,36.25264358520508,82239600
2017-08-07,39.26499938964844,39.72999954223633,39.16749954223633,39.70249938964844,36.81361770629883,87481200
2017-08-08,39.650001525878906,40.45750045776367,39.567501068115234,40.02000045776367,37.1080322265625,144823600
2017-08-09,39.814998626708984,40.317501068115234,39.77750015258789,40.26499938964844,37.335201263427734,104526000
2017-08-10,39.974998474121094,40.0,38.657501220703125,38.83000183105469,36.145999908447266,163217200
2017-08-11,39.150001525878906,39.64250183105469,39.01750183105469,39.369998931884766,36.64866256713867,105028400
2017-08-14,39.83000183105469,40.0525016784668,39.6875,39.962501525878906,37.20021057128906,88490800
2017-08-15,40.165000915527344,40.54999923706055,40.03499984741211,40.400001525878906,37.607479095458984,117862000
2017-08-16,40.48500061035156,40.627498626708984,40.037498474121094,40.23749923706055,37.456207275390625,110686400
2017-08-17,40.130001068115234,40.1775016784668,39.459999084472656,39.46500015258789,36.737098693847656,111762400
2017-08-18,39.46500015258789,39.875,39.18000030517578,39.375,36.6533203125,109712400
2017-08-21,39.375,39.47249984741211,38.77750015258789,39.3025016784668,36.58583450317383,105474000
2017-08-22,39.557498931884766,40.0,39.505001068115234,39.94499969482422,37.18392562866211,86418400
2017-08-23,39.76750183105469,40.11750030517578,39.720001220703125,39.994998931884766,37.230464935302734,77596400
2017-08-24,40.10749816894531,40.185001373291016,39.63750076293945,39.817501068115234,37.06523132324219,79275600
2017-08-25,39.912498474121094,40.13999938964844,39.817501068115234,39.96500015258789,37.202537536621094,101920400
2017-08-28,40.03499984741211,40.5,39.98249816894531,40.36750030517578,37.57722091674805,103864000
2017-08-29,40.025001525878906,40.779998779296875,40.0,40.727500915527344,37.91233444213867,118067600
2017-08-30,40.95000076293945,40.97249984741211,40.65250015258789,40.837501525878906,38.01472091674805,109078400
2017-08-31,40.90999984741211,41.130001068115234,40.869998931884766,41.0,38.1660041809082,107140400
2017-09-01,41.20000076293945,41.23500061035156,40.907501220703125,41.01250076293945,38.177635192871094,66364400
2017-09-05,40.9375,41.0625,40.13999938964844,40.52000045776367,37.719181060791016,117874000
2017-09-06,40.6775016784668,40.747501373291016,40.130001068115234,40.477500915527344,37.67961883544922,86606800
2017-09-07,40.522499084472656,40.560001373291016,40.09000015258789,40.314998626708984,37.52834701538086,87714000
2017-09-08,40.21500015258789,40.287498474121094,39.63249969482422,39.657501220703125,36.916297912597656,114446000
2017-09-11,40.125,40.51250076293945,39.97249984741211,40.375,37.58420944213867,126323200
2017-09-12,40.65250015258789,40.9900016784668,39.692501068115234,40.21500015258789,37.435264587402344,286856000
2017-09-13,39.967498779296875,39.9900016784668,39.477500915527344,39.912498474121094,37.15367126464844,179629600
2017-09-14,39.747501373291016,39.849998474121094,39.522499084472656,39.56999969482422,36.8348503112793,95042800
2017-09-15,39.61750030517578,40.24250030517578,39.5,39.970001220703125,37.207191467285156,196458400
2017-09-18,40.02750015258789,40.125,39.5,39.66749954223633,36.92559814453125,113077600
2017-09-19,39.877498626708984,39.942501068115234,39.61000061035156,39.682498931884766,36.9395751953125,83242400
2017-09-20,39.474998474121094,39.564998626708984,38.45750045776367,39.01750183105469,36.32054138183594,211805600
2017-09-21,38.95000076293945,38.95000076293945,38.1875,38.34749984741211,35.696861267089844,150046800
2017-09-22,37.8849983215332,38.067501068115234,37.63999938964844,37.97249984741211,35.34776306152344,186581600
2017-09-25,37.497501373291016,37.95750045776367,37.290000915527344,37.63750076293945,35.035926818847656,177549200
2017-09-26,37.94499969482422,38.47999954223633,37.92250061035156,38.28499984741211,35.63865661621094,146640000
2017-09-27,38.45000076293945,38.68000030517578,38.3849983215332,38.557498931884766,35.89232635498047,102016800
2017-09-28,38.47249984741211,38.56999969482422,38.17499923706055,38.31999969482422,35.67124557495117,88022000
2017-09-29,38.3025016784668,38.532501220703125,38.0,38.529998779296875,35.86674118041992,105199200
2017-10-02,38.564998626708984,38.61249923706055,38.18000030517578,38.45249938964844,35.79460144042969,74795200
2017-10-03,38.502498626708984,38.772499084472656,38.477500915527344,38.619998931884766,35.95051956176758,64921200
2017-10-04,38.407501220703125,38.46500015258789,38.1150016784668,38.369998931884766,35.71780014038086,80655200
2017-10-05,38.54499816894531,38.86000061035156,38.51250076293945,38.84749984741211,36.162288665771484,85135200
2017-10-06,38.74250030517578,38.872501373291016,38.63999938964844,38.82500076293945,36.14134979248047,69630400
2017-10-09,38.95249938964844,39.182498931884766,38.872501373291016,38.959999084472656,36.26700973510742,65051600
2017-10-10,39.01499938964844,39.5,38.775001525878906,38.974998474121094,36.28096389770508,62468000
2017-10-11,38.99250030517578,39.244998931884766,38.9375,39.13750076293945,36.43223571777344,67622400
2017-10-12,39.087501525878906,39.342498779296875,38.932498931884766,39.0,36.30424880981445,64500400
2017-10-13,39.182498931884766,39.31999969482422,39.102500915527344,39.247501373291016,36.534645080566406,65576800
2017-10-16,39.474998474121094,40.0,39.412498474121094,39.970001220703125,37.207191467285156,96486000
2017-10-17,39.94499969482422,40.217498779296875,39.807498931884766,40.11750030517578,37.34450149536133,75989200
2017-10-18,40.10499954223633,40.1775016784668,39.900001525878906,39.939998626708984,37.17927169799805,65496800
2017-10-19,39.1875,39.27000045776367,38.755001068115234,38.994998931884766,36.299583435058594,170336800
2017-10-20,39.15250015258789,39.4375,38.9900016784668,39.0625,36.3624267578125,95896400
2017-10-23,39.22249984741211,39.42250061035156,38.875,39.04249954223633,36.34381866455078,87937200
2017-10-24,39.0724983215332,39.35499954223633,39.04999923706055,39.275001525878906,36.560237884521484,71028800
2017-10-25,39.227500915527344,39.38750076293945,38.817501068115234,39.102500915527344,36.399658203125,84828400
2017-10-26,39.307498931884766,39.45750045776367,39.19499969482422,39.352500915527344,36.632381439208984,68002000
2017-10-27,39.8224983215332,40.900001525878906,39.67499923706055,40.76250076293945,37.944923400878906,177816800
2017-10-30,40.97249984741211,42.01750183105469,40.93000030517578,41.68000030517578,38.79899597167969,178803200
2017-10-31,41.974998474121094,42.412498474121094,41.73500061035156,42.2599983215332,39.33890914916992,144187200
2017-11-01,42.467498779296875,42.48500061035156,41.40250015258789,41.72249984741211,38.83856964111328,134551200
2017-11-02,41.650001525878906,42.125,41.31999969482422,42.02750015258789,39.12248229980469,165573600
2017-11-03,43.5,43.564998626708984,42.779998779296875,43.125,40.14411544799805,237594400
2017-11-06,43.092498779296875,43.747501373291016,42.93000030517578,43.5625,40.55137634277344,140105200
2017-11-07,43.477500915527344,43.8125,43.400001525878906,43.70249938964844,40.68169403076172,97446000
2017-11-08,43.665000915527344,44.060001373291016,43.58250045776367,44.060001373291016,41.014495849609375,97638000
2017-11-09,43.77750015258789,44.025001525878906,43.28499984741211,43.970001220703125,40.93071365356445,117930400
2017-11-10,43.77750015258789,43.845001220703125,43.567501068115234,43.66749954223633,40.795249938964844,100582000
2017-11-13,43.375,43.625,43.349998474121094,43.49250030517578,40.63175964355469,67928400
2017-11-14,43.2599983215332,43.369998931884766,42.79499816894531,42.834999084472656,40.01750564575195,99130000
2017-11-15,42.49250030517578,42.58000183105469,42.095001220703125,42.27000045776367,39.48966598510742,116632400
2017-11-16,42.79499816894531,42.967498779296875,42.57500076293945,42.775001525878906,39.96145248413086,94550000
2017-11-17,42.7599983215332,42.84749984741211,42.40999984741211,42.537498474121094,39.73957443237305,87598000
2017-11-20,42.5724983215332,42.63999938964844,42.38999938964844,42.494998931884766,39.699859619140625,65049600
2017-11-21,42.69499969482422,43.42499923706055,42.69499969482422,43.28499984741211,40.437904357910156,100525200
2017-11-22,43.34000015258789,43.75,43.26250076293945,43.7400016784668,40.86298370361328,102355600
2017-11-24,43.775001525878906,43.875,43.662498474121094,43.74250030517578,40.86530685424805,56106800
2017-11-27,43.76250076293945,43.77000045776367,43.334999084472656,43.522499084472656,40.659786224365234,82867200
2017-11-28,43.57500076293945,43.717498779296875,42.96500015258789,43.26750183105469,40.42155838012695,105715200
2017-11-29,43.157501220703125,43.22999954223633,41.790000915527344,42.369998931884766,39.583091735839844,166665600
2017-11-30,42.60749816894531,43.03499984741211,42.11000061035156,42.962501525878906,40.13662338256836,166108800
2017-12-01,42.48749923706055,42.91749954223633,42.125,42.76250076293945,39.94977951049805,159037200
2017-12-04,43.119998931884766,43.154998779296875,42.407501220703125,42.45000076293945,39.6578369140625,130169600
2017-12-05,42.26499938964844,42.880001068115234,42.099998474121094,42.40999984741211,39.620460510253906,109400800
2017-12-06,41.875,42.54999923706055,41.6150016784668,42.252498626708984,39.47332000732422,114240000
2017-12-07,42.25749969482422,42.61000061035156,42.227500915527344,42.33000183105469,39.54572296142578,102693200
2017-12-08,42.622501373291016,42.75,42.20500183105469,42.342498779296875,39.55739212036133,93420800
2017-12-11,42.29999923706055,43.22249984741211,42.1974983215332,43.16749954223633,40.328125,141095200
2017-12-12,43.037498474121094,43.09749984741211,42.8650016784668,42.92499923706055,40.10158920288086,77636800
2017-12-13,43.125,43.3849983215332,43.0,43.067501068115234,40.234710693359375,95273600
2017-12-14,43.099998474121094,43.282501220703125,42.912498474121094,43.05500030517578,40.2230224609375,81906000
2017-12-15,43.407501220703125,43.54249954223633,43.1150016784668,43.49250030517578,40.63175964355469,160677200
2017-12-18,43.720001220703125,44.29999923706055,43.71500015258789,44.10499954223633,41.203975677490234,117684400
2017-12-19,43.75749969482422,43.84749984741211,43.522499084472656,43.6349983215332,40.764888763427734,109745600
2017-12-20,43.717498779296875,43.85499954223633,43.3125,43.587501525878906,40.72051239013672,93902400
2017-12-21,43.54249954223633,44.005001068115234,43.525001525878906,43.752498626708984,40.874656677246094,83799600
2017-12-22,43.66999816894531,43.85499954223633,43.625,43.752498626708984,40.874656677246094,65397600
2017-12-26,42.70000076293945,42.86750030517578,42.41999816894531,42.64250183105469,39.83766174316406,132742000
2017-12-27,42.525001525878906,42.69499969482422,42.4275016784668,42.650001525878906,39.84468078613281,85992800
2017-12-28,42.75,42.962501525878906,42.619998931884766,42.77000045776367,39.95679473876953,65920800
2017-12-29,42.630001068115234,42.647499084472656,42.30500030517578,42.307498931884766,39.52470779418945,103999600
2018-01-02,42.540000915527344,43.07500076293945,42.314998626708984,43.064998626708984,40.23237228393555,102223600
2018-01-03,43.13249969482422,43.63750076293945,42.9900016784668,43.057498931884766,40.22536849975586,118071600
2018-01-04,43.1349983215332,43.36750030517578,43.02000045776367,43.25749969482422,40.4122200012207,89738400
2018-01-05,43.36000061035156,43.842498779296875,43.26250076293945,43.75,40.8723258972168,94640000
2018-01-08,43.587501525878906,43.90250015258789,43.48249816894531,43.587501525878906,40.72051239013672,82271200
2018-01-09,43.63750076293945,43.76499938964844,43.352500915527344,43.58250045776367,40.7158317565918,86336000
2018-01-10,43.290000915527344,43.57500076293945,43.25,43.5724983215332,40.70648956298828,95839600
2018-01-11,43.647499084472656,43.872501373291016,43.622501373291016,43.81999969482422,40.937713623046875,74670800
2018-01-12,44.04499816894531,44.34000015258789,43.912498474121094,44.272499084472656,41.36045455932617,101672400
2018-01-16,44.474998474121094,44.84749984741211,44.03499984741211,44.04750061035156,41.15026092529297,118263600
2018-01-17,44.037498474121094,44.8125,43.76750183105469,44.775001525878906,41.82990264892578,137547200
2018-01-18,44.842498779296875,45.025001525878906,44.5625,44.814998626708984,41.86727523803711,124773600
2018-01-19,44.65250015258789,44.89500045776367,44.352500915527344,44.6150016784668,41.680423736572266,129700400
2018-01-22,44.32500076293945,44.44499969482422,44.150001525878906,44.25,41.33943176269531,108434400
2018-01-23,44.32500076293945,44.86000061035156,44.20500183105469,44.2599983215332,41.348785400390625,130756400
2018-01-24,44.3125,44.32500076293945,43.29999923706055,43.55500030517578,40.69014358520508,204420400
2018-01-25,43.627498626708984,43.73749923706055,42.63249969482422,42.77750015258789,39.96379470825195,166116000
2018-01-26,43.0,43.0,42.51499938964844,42.877498626708984,40.05720901489258,156572000
2018-01-29,42.540000915527344,42.540000915527344,41.76750183105469,41.9900016784668,39.22808837890625,202561600
2018-01-30,41.38249969482422,41.842498779296875,41.17499923706055,41.74250030517578,38.99687194824219,184192800
2018-01-31,41.717498779296875,42.11000061035156,41.625,41.85749816894531,39.10430145263672,129915600
2018-02-01,41.79249954223633,42.154998779296875,41.689998626708984,41.94499969482422,39.1860466003418,188923200
2018-02-02,41.5,41.70000076293945,40.025001525878906,40.125,37.48575210571289,346375200
2018-02-05,39.775001525878906,40.970001220703125,39.0,39.122501373291016,36.549198150634766,290954000
2018-02-06,38.70750045776367,40.93000030517578,38.5,40.75749969482422,38.076656341552734,272975200
2018-02-07,40.772499084472656,40.849998474121094,39.76750183105469,39.8849983215332,37.26154327392578,206434400
2018-02-08,40.0724983215332,40.25,38.75749969482422,38.787498474121094,36.236228942871094,217562000
2018-02-09,39.26750183105469,39.47249984741211,37.560001373291016,39.102500915527344,36.67945861816406,282690400
2018-02-12,39.625,40.97249984741211,39.377498626708984,40.6775016784668,38.156856536865234,243278000
2018-02-13,40.48749923706055,41.1875,40.412498474121094,41.084999084472656,38.53909683227539,130196800
2018-02-14,40.7599983215332,41.8849983215332,40.720001220703125,41.842498779296875,39.24966812133789,162579600
2018-02-15,42.4474983215332,43.272499084472656,42.25,43.247501373291016,40.5676155090332,204588800
2018-02-16,43.09000015258789,43.70500183105469,42.942501068115234,43.10749816894531,40.4362678527832,160704400
2018-02-20,43.01250076293945,43.564998626708984,42.85499954223633,42.962501525878906,40.300262451171875,135722000
2018-02-21,43.20750045776367,43.529998779296875,42.752498626708984,42.76750183105469,40.11735153198242,149886400
2018-02-22,42.95000076293945,43.48749923706055,42.9275016784668,43.125,40.452701568603516,123967600
2018-02-23,43.41749954223633,43.912498474121094,43.3849983215332,43.875,41.15621566772461,135249600
2018-02-26,44.087501525878906,44.84749984741211,44.0525016784668,44.74250030517578,41.9699592590332,152648800
2018-02-27,44.775001525878906,45.119998931884766,44.540000915527344,44.59749984741211,41.83394241333008,155712400
2018-02-28,44.814998626708984,45.154998779296875,44.51250076293945,44.529998779296875,41.770626068115234,151128400
2018-03-01,44.6349983215332,44.94499969482422,43.165000915527344,43.75,41.03896713256836,195208000
2018-03-02,43.20000076293945,44.07500076293945,43.11249923706055,44.0525016784668,41.32271957397461,153816000
2018-03-05,43.8025016784668,44.435001373291016,43.630001068115234,44.20500183105469,41.46577835083008,113605600
2018-03-06,44.477500915527344,44.5625,44.032501220703125,44.16749954223633,41.43058395385742,95154000
2018-03-07,43.73500061035156,43.962501525878906,43.567501068115234,43.75749969482422,41.0460090637207,126814000
2018-03-08,43.869998931884766,44.279998779296875,43.76750183105469,44.23500061035156,41.493896484375,95096400
2018-03-09,44.4900016784668,45.0,44.34749984741211,44.994998931884766,42.206809997558594,128740800
2018-03-12,45.0724983215332,45.59749984741211,45.0525016784668,45.43000030517578,42.614871978759766,128828400
2018-03-13,45.647499084472656,45.875,44.810001373291016,44.99250030517578,42.2044677734375,126774000
2018-03-14,45.08000183105469,45.130001068115234,44.45249938964844,44.61000061035156,41.845672607421875,117473600
2018-03-15,44.625,45.060001373291016,44.51750183105469,44.662498474121094,41.8949089050293,90975200
2018-03-16,44.662498474121094,44.779998779296875,44.404998779296875,44.505001068115234,41.747188568115234,157618800
2018-03-19,44.33000183105469,44.36750030517578,43.415000915527344,43.82500076293945,41.10931396484375,133787200
2018-03-20,43.810001373291016,44.20000076293945,43.73500061035156,43.810001373291016,41.09525680541992,78597600
2018-03-21,43.7599983215332,43.772499084472656,42.814998626708984,42.817501068115234,40.16423416137695,148219600
2018-03-22,42.5,43.16999816894531,42.150001525878906,42.212501525878906,39.59673309326172,165963200
2018-03-23,42.09749984741211,42.47999954223633,41.23500061035156,41.23500061035156,38.679805755615234,164115200
2018-03-26,42.01750183105469,43.275001525878906,41.61000061035156,43.192501068115234,40.51601028442383,150164800
2018-03-27,43.41999816894531,43.787498474121094,41.72999954223633,42.084999084472656,39.47714614868164,163690400
2018-03-28,41.8125,42.505001068115234,41.29750061035156,41.619998931884766,39.04094696044922,166674000
2018-03-29,41.95249938964844,42.9375,41.724998474121094,41.94499969482422,39.34581756591797,153594000
2018-04-02,41.65999984741211,42.23500061035156,41.11750030517578,41.66999816894531,39.087852478027344,150347200
2018-04-03,41.90999984741211,42.1875,41.220001220703125,42.09749984741211,39.48885726928711,121112000
2018-04-04,41.220001220703125,43.002498626708984,41.192501068115234,42.90250015258789,40.24397659301758,138422000
2018-04-05,43.14500045776367,43.557498931884766,43.02000045776367,43.20000076293945,40.52303695678711,107732800
2018-04-06,42.74250030517578,43.119998931884766,42.04999923706055,42.095001220703125,39.48651885986328,140021200
2018-04-09,42.470001220703125,43.272499084472656,42.462501525878906,42.51250076293945,39.878143310546875,116070800
2018-04-10,43.25,43.5,42.88249969482422,43.3125,40.62856674194336,113634400
2018-04-11,43.057498931884766,43.47999954223633,42.92499923706055,43.11000061035156,40.438621520996094,89726400
2018-04-12,43.352500915527344,43.75,43.2599983215332,43.53499984741211,40.837284088134766,91557200
2018-04-13,43.69499969482422,43.959999084472656,43.462501525878906,43.682498931884766,40.97563934326172,100497200
2018-04-16,43.75749969482422,44.04750061035156,43.70750045776367,43.95500183105469,41.231266021728516,86313600
2018-04-17,44.122501373291016,44.73500061035156,44.102500915527344,44.560001373291016,41.798770904541016,106421600
2018-04-18,44.45249938964844,44.70500183105469,44.220001220703125,44.459999084472656,41.704959869384766,83018000
2018-04-19,43.439998626708984,43.84749984741211,43.165000915527344,43.20000076293945,40.52303695678711,139235200
2018-04-20,42.650001525878906,42.80500030517578,41.35749816894531,41.43000030517578,38.862735748291016,261964400
2018-04-23,41.70750045776367,41.72999954223633,41.022499084472656,41.310001373291016,38.75016403198242,146062000
2018-04-24,41.41749954223633,41.58250045776367,40.30500030517578,40.73500061035156,38.21078109741211,134768000
2018-04-25,40.654998779296875,41.35499954223633,40.602500915527344,40.912498474121094,38.377288818359375,113528400
2018-04-26,41.029998779296875,41.432498931884766,40.842498779296875,41.05500030517578,38.51096725463867,111852000
2018-04-27,41.0,41.08250045776367,40.157501220703125,40.58000183105469,38.06539535522461,142623200
2018-04-30,40.532501220703125,41.814998626708984,40.459999084472656,41.314998626708984,38.754859924316406,169709600
2018-05-01,41.602500915527344,42.29999923706055,41.317501068115234,42.275001525878906,39.65535354614258,214277600
2018-05-02,43.807498931884766,44.4375,43.45000076293945,44.14250183105469,41.40714645385742,266157600
2018-05-03,43.970001220703125,44.375,43.61000061035156,44.22249984741211,41.48218536376953,136272800
2018-05-04,44.5625,46.0625,44.54249954223633,45.95750045776367,43.109676361083984,224805200
2018-05-07,46.29499816894531,46.91749954223633,46.1875,46.290000915527344,43.42156219482422,169805600
2018-05-08,46.247501373291016,46.55500030517578,45.91749954223633,46.51250076293945,43.630279541015625,113611200
2018-05-09,46.63750076293945,46.849998474121094,46.30500030517578,46.84000015258789,43.93748474121094,92844800
2018-05-10,46.935001373291016,47.592498779296875,46.912498474121094,47.5099983215332,44.56596374511719,111957200
2018-05-11,47.372501373291016,47.51499938964844,46.86249923706055,47.147499084472656,44.39646911621094,104848800
2018-05-14,47.252498626708984,47.38249969482422,46.96500015258789,47.037498474121094,44.29288864135742,83115200
2018-05-15,46.69499969482422,46.76750183105469,46.275001525878906,46.61000061035156,43.89033889770508,94780800
2018-05-16,46.51750183105469,47.1150016784668,46.5,47.04499816894531,44.299957275390625,76732400
2018-05-17,47.0,47.227500915527344,46.59000015258789,46.747501373291016,44.01981735229492,69176000
2018-05-18,46.79750061035156,46.95249938964844,46.532501220703125,46.57749938964844,43.85972595214844,73190800
2018-05-21,47.0,47.317501068115234,46.727500915527344,46.907501220703125,44.170475006103516,73603200
2018-05-22,47.095001220703125,47.220001220703125,46.69499969482422,46.790000915527344,44.05982971191406,60962800
2018-05-23,46.587501525878906,47.125,46.439998626708984,47.09000015258789,44.34232711791992,80233600
2018-05-24,47.192501068115234,47.209999084472656,46.5525016784668,47.037498474121094,44.29288864135742,92936000
2018-05-25,47.057498931884766,47.412498474121094,46.912498474121094,47.14500045776367,44.39411544799805,69844000
2018-05-29,46.900001525878906,47.1875,46.717498779296875,46.974998474121094,44.23404312133789,90056400
2018-05-30,46.93000030517578,47.0,46.69499969482422,46.875,44.13987350463867,74762000
2018-05-31,46.80500030517578,47.057498931884766,46.53499984741211,46.717498779296875,43.991554260253906,109931200
2018-06-01,46.997501373291016,47.564998626708984,46.9375,47.560001373291016,44.7849006652832,93770000
2018-06-04,47.90999984741211,48.35499954223633,47.837501525878906,47.95750045776367,45.15920639038086,105064800
2018-06-05,48.26750183105469,48.48500061035156,48.09000015258789,48.32749938964844,45.50761795043945,86264000
2018-06-06,48.407501220703125,48.52000045776367,47.97999954223633,48.494998931884766,45.66533660888672,83734400
2018-06-07,48.53499984741211,48.54999923706055,48.084999084472656,48.3650016784668,45.54292297363281,85388800
2018-06-08,47.79249954223633,48.0,47.442501068115234,47.92499923706055,45.128597259521484,106627200
2018-06-11,47.837501525878906,47.99250030517578,47.5525016784668,47.807498931884766,45.01795959472656,73234000
2018-06-12,47.84749984741211,48.15250015258789,47.787498474121094,48.06999969482422,45.26513671875,67644400
2018-06-13,48.10499954223633,48.220001220703125,47.61000061035156,47.67499923706055,44.893192291259766,86553600
2018-06-14,47.88750076293945,47.89250183105469,47.55500030517578,47.70000076293945,44.91672897338867,86440400
2018-06-15,47.50749969482422,47.540000915527344,47.064998626708984,47.209999084472656,44.455322265625,246876800
2018-06-18,46.970001220703125,47.30500030517578,46.79999923706055,47.185001373291016,44.431785583496094,73939600
2018-06-19,46.28499984741211,46.58250045776367,45.86249923706055,46.42250061035156,43.71377182006836,134314000
2018-06-20,46.587501525878906,46.79999923706055,46.432498931884766,46.625,43.90446090698242,82514800
2018-06-21,46.8125,47.087501525878906,46.23500061035156,46.3650016784668,43.65962600708008,102847600
2018-06-22,46.529998779296875,46.537498474121094,46.17499923706055,46.22999954223633,43.532508850097656,108801600
2018-06-25,45.849998474121094,46.22999954223633,45.182498931884766,45.54249954223633,42.88512420654297,126652400
2018-06-26,45.747501373291016,46.63249969482422,45.6349983215332,46.10749816894531,43.41716003417969,98276800
2018-06-27,46.307498931884766,46.81999969482422,46.00749969482422,46.040000915527344,43.35359573364258,101141200
2018-06-28,46.025001525878906,46.5525016784668,45.95000076293945,46.375,43.66904067993164,69460800
2018-06-29,46.5724983215332,46.79750061035156,45.727500915527344,46.27750015258789,43.577232360839844,90950800
2018-07-02,45.95500183105469,46.82500076293945,45.85499954223633,46.79499816894531,44.064537048339844,70925200
2018-07-03,46.9474983215332,46.98749923706055,45.8849983215332,45.97999954223633,43.297096252441406,55819200
2018-07-05,46.314998626708984,46.602500915527344,46.06999969482422,46.349998474121094,43.64550018310547,66416800
2018-07-06,46.35499954223633,47.10749816894531,46.29999923706055,46.99250030517578,44.250518798828125,69940800
2018-07-09,47.375,47.66999816894531,47.32500076293945,47.64500045776367,44.86494445800781,79026400
2018-07-10,47.6775016784668,47.81999969482422,47.54499816894531,47.587501525878906,44.810791015625,63756400
2018-07-11,47.125,47.44499969482422,46.90250015258789,46.970001220703125,44.229331970214844,75326000
2018-07-12,47.38249969482422,47.852500915527344,47.32749938964844,47.75749969482422,44.97087097167969,72164400
2018-07-13,47.77000045776367,47.959999084472656,47.724998474121094,47.83250045776367,45.041500091552734,50055600
2018-07-16,47.880001068115234,48.162498474121094,47.60499954223633,47.727500915527344,44.942626953125,60172400
2018-07-17,47.4375,47.967498779296875,47.29999923706055,47.86249923706055,45.06975173950195,62138000
2018-07-18,47.94499969482422,47.95000076293945,47.48249816894531,47.599998474121094,44.822566986083984,65573600
2018-07-19,47.42250061035156,48.13750076293945,47.42250061035156,47.970001220703125,45.170982360839844,81147200
2018-07-20,47.94499969482422,48.10749816894531,47.54249954223633,47.86000061035156,45.0673942565918,82704800
2018-07-23,47.66999816894531,47.9900016784668,47.38999938964844,47.90250015258789,45.10741424560547,63957600
2018-07-24,48.11249923706055,48.415000915527344,48.01250076293945,48.25,45.43464279174805,74791600
2018-07-25,48.26499938964844,48.712501525878906,48.10749816894531,48.70500183105469,45.86309051513672,66839600
2018-07-26,48.65250015258789,48.9900016784668,48.40250015258789,48.5525016784668,45.71949005126953,76304000
2018-07-27,48.747501373291016,48.79750061035156,47.525001525878906,47.744998931884766,44.95911407470703,96096000
2018-07-30,47.974998474121094,48.04999923706055,47.26750183105469,47.477500915527344,44.70721435546875,84118000
2018-07-31,47.57500076293945,48.03499984741211,47.334999084472656,47.5724983215332,44.796669006347656,157492000
2018-08-01,49.782501220703125,50.439998626708984,49.32749938964844,50.375,47.43564224243164,271742800
2018-08-02,50.14500045776367,52.095001220703125,50.087501525878906,51.84749984741211,48.822235107421875,249616000
2018-08-03,51.75749969482422,52.185001373291016,51.369998931884766,51.997501373291016,48.96348571777344,133789600
2018-08-06,52.0,52.3125,51.76750183105469,52.26750183105469,49.21773147583008,101701600
2018-08-07,52.33000183105469,52.375,51.689998626708984,51.77750015258789,48.756317138671875,102349600
2018-08-08,51.51250076293945,51.95249938964844,51.130001068115234,51.8125,48.789268493652344,90102000
2018-08-09,52.38249969482422,52.44499969482422,51.79999923706055,52.220001220703125,49.172996520996094,93970400
2018-08-10,51.84000015258789,52.275001525878906,51.66749954223633,51.88249969482422,49.026519775390625,98444800
2018-08-13,52.32749938964844,52.73749923706055,51.92499923706055,52.217498779296875,49.34308624267578,103563600
2018-08-14,52.540000915527344,52.63999938964844,52.064998626708984,52.4375,49.55097579956055,82992000
2018-08-15,52.30500030517578,52.685001373291016,52.08250045776367,52.560001373291016,49.6667366027832,115230400
2018-08-16,52.9375,53.45249938964844,52.86750030517578,53.33000183105469,50.394344329833984,114001600
2018-08-17,53.36000061035156,54.48749923706055,53.290000915527344,54.39500045776367,51.40072250366211,141708000
2018-08-20,54.525001525878906,54.79499816894531,53.77750015258789,53.8650016784668,50.899906158447266,121150800
2018-08-21,54.20000076293945,54.29750061035156,53.50749969482422,53.7599983215332,50.8006706237793,104639200
2018-08-22,53.525001525878906,54.09000015258789,53.459999084472656,53.76250076293945,50.80302810668945,76072400
2018-08-23,53.662498474121094,54.26250076293945,53.650001525878906,53.872501373291016,50.906982421875,75532800
2018-08-24,54.150001525878906,54.224998474121094,53.77750015258789,54.040000915527344,51.06526565551758,73905600
2018-08-27,54.287498474121094,54.685001373291016,54.08250045776367,54.48500061035156,51.48576736450195,82100400
2018-08-28,54.752498626708984,55.1349983215332,54.72999954223633,54.92499923706055,51.90154266357422,91107200
2018-08-29,55.037498474121094,55.872501373291016,54.852500915527344,55.744998931884766,52.67641067504883,109019200
2018-08-30,55.8125,57.064998626708984,55.599998474121094,56.25749969482422,53.16070556640625,195175200
2018-08-31,56.627498626708984,57.217498779296875,56.5,56.907501220703125,53.77490997314453,173360400
2018-09-04,57.102500915527344,57.29499816894531,56.657501220703125,57.09000015258789,53.94737243652344,109560400
2018-09-05,57.247501373291016,57.41749954223633,56.275001525878906,56.717498779296875,53.59537887573242,133332000
2018-09-06,56.557498931884766,56.837501525878906,55.32500076293945,55.775001525878906,52.70475769042969,137160000
2018-09-07,55.462501525878906,56.342498779296875,55.1775016784668,55.32500076293945,52.2795295715332,150479200
2018-09-10,55.23749923706055,55.462501525878906,54.11750030517578,54.58250045776367,51.577903747558594,158066000
2018-09-11,54.502498626708984,56.07500076293945,54.13999938964844,55.962501525878906,52.88193130493164,142996000
2018-09-12,56.23500061035156,56.25,54.959999084472656,55.26750183105469,52.22520065307617,197114800
2018-09-13,55.880001068115234,57.087501525878906,55.64250183105469,56.602500915527344,53.48670196533203,166825600
2018-09-14,56.4375,56.709999084472656,55.630001068115234,55.959999084472656,52.879581451416016,127997200
2018-09-17,55.537498474121094,55.73749923706055,54.317501068115234,54.470001220703125,51.47159194946289,148780400
2018-09-18,54.4474983215332,55.462501525878906,54.279998779296875,54.560001373291016,51.556636810302734,126286800
2018-09-19,54.625,54.904998779296875,53.82500076293945,54.592498779296875,51.58735275268555,108495200
2018-09-20,55.060001373291016,55.56999969482422,54.787498474121094,55.00749969482422,51.979496002197266,106435200
2018-09-21,55.19499969482422,55.34000015258789,54.3224983215332,54.415000915527344,51.419620513916016,384986800
2018-09-24,54.20500183105469,55.314998626708984,54.157501220703125,55.1974983215332,52.15903854370117,110773600
2018-09-25,54.9375,55.70500183105469,54.92499923706055,55.54750061035156,52.48978805541992,98217600
2018-09-26,55.25,55.9375,54.939998626708984,55.10499954223633,52.071632385253906,95938800
2018-09-27,55.95500183105469,56.61000061035156,55.8849983215332,56.23749923706055,53.14179992675781,120724800
2018-09-28,56.1974983215332,56.459999084472656,56.005001068115234,56.435001373291016,53.328433990478516,91717600
2018-10-01,56.98749923706055,57.35499954223633,56.587501525878906,56.814998626708984,53.68751525878906,94403200
2018-10-02,56.8125,57.5,56.657501220703125,57.31999969482422,54.16470718383789,99152800
2018-10-03,57.51250076293945,58.36750030517578,57.44499969482422,58.01750183105469,54.82381057739258,114619200
2018-10-04,57.69499969482422,58.087501525878906,56.682498931884766,56.997501373291016,53.85995101928711,128168000
2018-10-05,56.9900016784668,57.102500915527344,55.14500045776367,56.0724983215332,52.98588562011719,134322000
2018-10-08,55.5525016784668,56.20000076293945,55.04999923706055,55.942501068115234,52.863037109375,118655600
2018-10-09,55.90999984741211,56.817501068115234,55.5625,56.717498779296875,53.59537887573242,107564000
2018-10-10,56.3650016784668,56.587501525878906,54.01250076293945,54.09000015258789,51.11251449584961,167962400
2018-10-11,53.630001068115234,54.875,53.08000183105469,53.61249923706055,50.66128921508789,212497600
2018-10-12,55.10499954223633,55.720001220703125,54.209999084472656,55.52750015258789,52.470882415771484,161351600
2018-10-15,55.290000915527344,55.45750045776367,54.317501068115234,54.34000015258789,51.34874725341797,123164000
2018-10-16,54.73249816894531,55.747501373291016,54.189998626708984,55.537498474121094,52.48033142089844,116736000
2018-10-17,55.57500076293945,55.65999984741211,54.834999084472656,55.29750061035156,52.253536224365234,91541600
2018-10-18,54.46500015258789,54.935001373291016,53.25,54.005001068115234,51.03218460083008,130325200
2018-10-19,54.51499938964844,55.314998626708984,54.35749816894531,54.82749938964844,51.80939865112305,132314800
2018-10-22,54.9474983215332,55.84000015258789,54.73500061035156,55.162498474121094,52.12596893310547,115168400
2018-10-23,53.95750045776367,55.8125,53.67499923706055,55.682498931884766,52.61735153198242,155071200
2018-10-24,55.650001525878906,56.057498931884766,53.6349983215332,53.772499084472656,50.81249237060547,163702000
2018-10-25,54.4275016784668,55.345001220703125,54.1875,54.95000076293945,51.925167083740234,119423200
2018-10-26,53.974998474121094,55.04750061035156,53.16749954223633,54.07500076293945,51.09834671020508,189033600
2018-10-29,54.79750061035156,54.92250061035156,51.522499084472656,53.060001373291016,50.13921356201172,183742000
2018-10-30,52.787498474121094,53.79499816894531,52.317501068115234,53.32500076293945,50.38962173461914,146640000
2018-10-31,54.220001220703125,55.11249923706055,54.154998779296875,54.71500015258789,51.70310592651367,153435600
2018-11-01,54.76250076293945,55.59000015258789,54.20249938964844,55.55500030517578,52.496864318847656,233292800
2018-11-02,52.38750076293945,53.412498474121094,51.35749816894531,51.869998931884766,49.014705657958984,365314800
2018-11-05,51.07500076293945,51.09749984741211,49.54249954223633,50.397499084472656,47.62327194213867,264654800
2018-11-06,50.47999954223633,51.18000030517578,50.42250061035156,50.942501068115234,48.13827133178711,127531600
2018-11-07,51.49250030517578,52.51499938964844,51.032501220703125,52.48749923706055,49.598228454589844,133697600
2018-11-08,52.494998931884766,52.529998779296875,51.6875,52.122501373291016,49.4251708984375,101450400
2018-11-09,51.38750076293945,51.502498626708984,50.5625,51.11750030517578,48.47218322753906,137463200
2018-11-12,49.75,49.962501525878906,48.4474983215332,48.54249954223633,46.03044509887695,204542000
2018-11-13,47.907501220703125,49.29499816894531,47.86249923706055,48.057498931884766,45.570533752441406,187531600
2018-11-14,48.474998474121094,48.619998931884766,46.48249816894531,46.70000076293945,44.283287048339844,243204000
2018-11-15,47.09749984741211,47.99250030517578,46.724998474121094,47.852500915527344,45.376136779785156,185915200
2018-11-16,47.625,48.74250030517578,47.3650016784668,48.38249969482422,45.878719329833984,147713200
2018-11-19,47.5,47.67499923706055,46.247501373291016,46.46500015258789,44.06044387817383,167701200
2018-11-20,44.592498779296875,45.36750030517578,43.877498626708984,44.244998931884766,41.955322265625,271300800
2018-11-21,44.932498931884766,45.067501068115234,44.13750076293945,44.19499969482422,41.90791320800781,124496800
2018-11-23,43.73500061035156,44.150001525878906,43.025001525878906,43.0724983215332,40.843505859375,94496000
2018-11-26,43.560001373291016,43.73749923706055,42.564998626708984,43.654998779296875,41.39584732055664,179994000
2018-11-27,42.877498626708984,43.692501068115234,42.720001220703125,43.560001373291016,41.30577850341797,165549600
2018-11-28,44.182498931884766,45.3224983215332,43.73249816894531,45.23500061035156,42.89410400390625,184250000
2018-11-29,45.665000915527344,45.70000076293945,44.42499923706055,44.88750076293945,42.564571380615234,167080000
2018-11-30,45.0724983215332,45.08250045776367,44.25749969482422,44.64500045776367,42.334632873535156,158126000
2018-12-03,46.1150016784668,46.23500061035156,45.3025016784668,46.20500183105469,43.813899993896484,163210000
2018-12-04,45.23749923706055,45.59749984741211,44.067501068115234,44.17250061035156,41.88658142089844,165377200
2018-12-06,42.939998626708984,43.69499969482422,42.60499954223633,43.68000030517578,41.41956329345703,172393600
2018-12-07,43.372501373291016,43.622501373291016,42.07500076293945,42.122501373291016,39.94266128540039,169126400
2018-12-10,41.25,42.522499084472656,40.83250045776367,42.400001525878906,40.20580291748047,248104000
2018-12-11,42.915000915527344,42.9474983215332,41.75,42.157501220703125,39.97585678100586,189126800
2018-12-12,42.599998474121094,42.97999954223633,42.255001068115234,42.275001525878906,40.087276458740234,142510800
2018-12-13,42.622501373291016,43.14250183105469,42.38750076293945,42.73749923706055,40.52584457397461,127594400
2018-12-14,42.25,42.27000045776367,41.31999969482422,41.369998931884766,39.22909164428711,162814800
2018-12-17,41.36249923706055,42.087501525878906,40.682498931884766,40.98500061035156,38.86404037475586,177151600
2018-12-18,41.345001220703125,41.88249969482422,41.09749984741211,41.51750183105469,39.36897659301758,135366000
2018-12-19,41.5,41.86249923706055,39.772499084472656,40.22249984741211,38.1409912109375,196189200
2018-12-20,40.099998474121094,40.52750015258789,38.82500076293945,39.20750045776367,37.178531646728516,259092000
2018-12-21,39.21500015258789,39.540000915527344,37.407501220703125,37.682498931884766,35.73244094848633,382978400
2018-12-24,37.037498474121094,37.88750076293945,36.647499084472656,36.70750045776367,34.807891845703125,148676800
2018-12-26,37.07500076293945,39.307498931884766,36.68000030517578,39.29249954223633,37.259124755859375,234330000
2018-12-27,38.959999084472656,39.192501068115234,37.51750183105469,39.037498474121094,37.01732635498047,212468400
2018-12-28,39.375,39.630001068115234,38.63750076293945,39.057498931884766,37.03628158569336,169165600
2018-12-31,39.63249969482422,39.84000015258789,39.119998931884766,39.435001373291016,37.39424133300781,140014000
2019-01-02,38.72249984741211,39.712501525878906,38.557498931884766,39.47999954223633,37.436920166015625,148158800
2019-01-03,35.994998931884766,36.43000030517578,35.5,35.54750061035156,33.707923889160156,365248800
2019-01-04,36.13249969482422,37.13750076293945,35.95000076293945,37.064998626708984,35.14690017700195,234428400
2019-01-07,37.17499923706055,37.20750045776367,36.474998474121094,36.98249816894531,35.06865310668945,219111200
2019-01-08,37.38999938964844,37.95500183105469,37.130001068115234,37.6875,35.7371826171875,164101200
2019-01-09,37.8224983215332,38.63249969482422,37.407501220703125,38.32749938964844,36.34405517578125,180396400
2019-01-10,38.125,38.49250030517578,37.71500015258789,38.45000076293945,36.46022033691406,143122800
2019-01-11,38.220001220703125,38.42499923706055,37.877498626708984,38.0724983215332,36.102256774902344,108092800
2019-01-14,37.712501525878906,37.817501068115234,37.30500030517578,37.5,35.55937576293945,129756800
2019-01-15,37.567501068115234,38.34749984741211,37.51250076293945,38.26750183105469,36.287174224853516,114843600
2019-01-16,38.27000045776367,38.970001220703125,38.25,38.73500061035156,36.730472564697266,122278800
2019-01-17,38.54999923706055,39.415000915527344,38.314998626708984,38.96500015258789,36.94856262207031,119284800
2019-01-18,39.375,39.470001220703125,38.994998931884766,39.20500183105469,37.17615509033203,135004000
2019-01-22,39.102500915527344,39.182498931884766,38.154998779296875,38.32500076293945,36.34169006347656,121576000
2019-01-23,38.537498474121094,38.78499984741211,37.92499923706055,38.47999954223633,36.488670349121094,92522400
2019-01-24,38.52750015258789,38.619998931884766,37.935001373291016,38.17499923706055,36.1994514465332,101766000
2019-01-25,38.869998931884766,39.532501220703125,38.58000183105469,39.439998626708984,37.39897918701172,134142000
2019-01-28,38.9474983215332,39.08250045776367,38.415000915527344,39.07500076293945,37.05287551879883,104768400
2019-01-29,39.0625,39.532501220703125,38.52750015258789,38.66999816894531,36.66883087158203,166348800
2019-01-30,40.8125,41.537498474121094,40.057498931884766,41.3125,39.17458724975586,244439200
2019-01-31,41.52750015258789,42.25,41.13999938964844,41.61000061035156,39.45669174194336,162958400
2019-02-01,41.7400016784668,42.244998931884766,41.48249816894531,41.630001068115234,39.47566223144531,130672400
2019-02-04,41.852500915527344,42.915000915527344,41.81999969482422,42.8125,40.59696578979492,125982000
2019-02-05,43.21500015258789,43.77000045776367,43.087501525878906,43.54499816894531,41.29154968261719,144406400
2019-02-06,43.662498474121094,43.89250183105469,43.212501525878906,43.560001373291016,41.30577850341797,112958400
2019-02-07,43.099998474121094,43.48500061035156,42.584999084472656,42.73500061035156,40.52346420288086,126966800
2019-02-08,42.247501373291016,42.665000915527344,42.10499954223633,42.602500915527344,40.57109451293945,95280000
2019-02-11,42.76250076293945,42.8025016784668,42.3125,42.35749816894531,40.3377685546875,83973600
2019-02-12,42.525001525878906,42.75,42.42499923706055,42.72249984741211,40.68536376953125,89134000
2019-02-13,42.84749984741211,43.119998931884766,42.47999954223633,42.54499816894531,40.51632308959961,89960800
2019-02-14,42.4275016784668,42.814998626708984,42.345001220703125,42.70000076293945,40.663936614990234,87342800
2019-02-15,42.8125,42.92499923706055,42.4375,42.60499954223633,40.57347106933594,98507200
2019-02-19,42.4275016784668,42.86000061035156,42.372501373291016,42.73249816894531,40.69490051269531,75891200
2019-02-20,42.79750061035156,43.33000183105469,42.747501373291016,43.00749969482422,40.95677947998047,104457600
2019-02-21,42.95000076293945,43.092498779296875,42.57500076293945,42.76499938964844,40.725833892822266,68998800
2019-02-22,42.89500045776367,43.25,42.845001220703125,43.24250030517578,41.18057632446289,75652800
2019-02-25,43.540000915527344,43.967498779296875,43.48749923706055,43.557498931884766,41.48054504394531,87493600
2019-02-26,43.4275016784668,43.82500076293945,43.29249954223633,43.58250045776367,41.504356384277344,68280800
2019-02-27,43.3025016784668,43.75,43.182498931884766,43.717498779296875,41.632904052734375,111341600
2019-02-28,43.58000183105469,43.727500915527344,43.22999954223633,43.287498474121094,41.22342300415039,112861600
2019-03-01,43.56999969482422,43.787498474121094,43.22249984741211,43.74250030517578,41.65672302246094,103544800
2019-03-04,43.92250061035156,44.4375,43.49250030517578,43.962501525878906,41.86624526977539,109744800
2019-03-05,43.98500061035156,44.0,43.6349983215332,43.88249969482422,41.79005432128906,78949600
2019-03-06,43.66749954223633,43.872501373291016,43.48500061035156,43.630001068115234,41.549598693847656,83241600
2019-03-07,43.467498779296875,43.61000061035156,43.005001068115234,43.125,41.06867218017578,99185600
2019-03-08,42.58000183105469,43.26750183105469,42.375,43.227500915527344,41.16628646850586,95997600
2019-03-11,43.872501373291016,44.779998779296875,43.837501525878906,44.724998474121094,42.592384338378906,128044000
2019-03-12,45.0,45.66749954223633,44.842498779296875,45.227500915527344,43.070926666259766,129870400
2019-03-13,45.5625,45.82500076293945,45.22999954223633,45.4275016784668,43.261390686035156,124130000
2019-03-14,45.974998474121094,46.025001525878906,45.63999938964844,45.932498931884766,43.74229431152344,94318000
2019-03-15,46.212501525878906,46.83250045776367,45.935001373291016,46.529998779296875,44.31130599975586,156171600
2019-03-18,46.45000076293945,47.09749984741211,46.4474983215332,47.005001068115234,44.7636604309082,104879200
2019-03-19,47.087501525878906,47.247501373291016,46.47999954223633,46.63249969482422,44.4089241027832,126585600
2019-03-20,46.557498931884766,47.372501373291016,46.182498931884766,47.040000915527344,44.796993255615234,124140800
2019-03-21,47.505001068115234,49.08250045776367,47.45249938964844,48.772499084472656,46.44689178466797,204136800
2019-03-22,48.834999084472656,49.42250061035156,47.69499969482422,47.76250076293945,45.48504638671875,169630800
2019-03-25,47.877498626708984,47.994998931884766,46.650001525878906,47.185001373291016,44.93509292602539,175381200
2019-03-26,47.915000915527344,48.220001220703125,46.14500045776367,46.6974983215332,44.47081756591797,199202000
2019-03-27,47.1875,47.439998626708984,46.63750076293945,47.11750030517578,44.87080001831055,119393600
2019-03-28,47.23749923706055,47.38999938964844,46.88249969482422,47.18000030517578,44.93031311035156,83121600
2019-03-29,47.45750045776367,47.52000045776367,47.1349983215332,47.48749923706055,45.22316360473633,94256000
2019-04-01,47.90999984741211,47.91999816894531,47.095001220703125,47.810001373291016,45.530277252197266,111448000
2019-04-02,47.772499084472656,48.6150016784668,47.76250076293945,48.505001068115234,46.192138671875,91062800
2019-04-03,48.3125,49.125,48.287498474121094,48.837501525878906,46.50879669189453,93087200
2019-04-04,48.6974983215332,49.092498779296875,48.28499984741211,48.92250061035156,46.589725494384766,76457200
2019-04-05,49.11249923706055,49.275001525878906,48.98249816894531,49.25,46.901611328125,74106400
2019-04-08,49.10499954223633,50.057498931884766,49.084999084472656,50.025001525878906,47.639652252197266,103526800
2019-04-09,50.08000183105469,50.712501525878906,49.807498931884766,49.875,47.49680709838867,143072800
2019-04-10,49.66999816894531,50.185001373291016,49.54499816894531,50.154998779296875,47.763465881347656,86781200
2019-04-11,50.212501525878906,50.25,49.61000061035156,49.73749923706055,47.36586380004883,83603200
2019-04-12,49.79999923706055,50.03499984741211,49.0525016784668,49.717498779296875,47.346832275390625,111042800
2019-04-15,49.64500045776367,49.962501525878906,49.502498626708984,49.807498931884766,47.43252944946289,70146400
2019-04-16,49.8650016784668,50.342498779296875,49.63999938964844,49.8125,47.43729782104492,102785600
2019-04-17,49.8849983215332,50.845001220703125,49.65250015258789,50.782501220703125,48.36104202270508,115627200
2019-04-18,50.779998779296875,51.037498474121094,50.630001068115234,50.96500015258789,48.53483200073242,96783200
2019-04-22,50.70750045776367,51.23500061035156,50.584999084472656,51.13249969482422,48.69435119628906,77758000
2019-04-23,51.10749816894531,51.9375,50.974998474121094,51.869998931884766,49.39667892456055,93292000
2019-04-24,51.84000015258789,52.119998931884766,51.76250076293945,51.790000915527344,49.32050323486328,70162400
2019-04-25,51.70750045776367,51.939998626708984,51.279998779296875,51.31999969482422,48.87290573120117,74172800
2019-04-26,51.224998474121094,51.25,50.529998779296875,51.07500076293945,48.639591217041016,74596400
2019-04-29,51.099998474121094,51.49250030517578,50.96500015258789,51.15250015258789,48.7133903503418,88818800
2019-04-30,50.76499938964844,50.849998474121094,49.77750015258789,50.16749954223633,47.77536392211914,186139600
2019-05-01,52.470001220703125,53.82749938964844,52.307498931884766,52.630001068115234,50.12044143676758,259309200
2019-05-02,52.459999084472656,53.162498474121094,52.032501220703125,52.287498474121094,49.79427719116211,127985200
2019-05-03,52.72249984741211,52.959999084472656,52.557498931884766,52.9375,50.41328430175781,83569600
2019-05-06,51.0724983215332,52.209999084472656,50.875,52.119998931884766,49.634765625,129772400
2019-05-07,51.470001220703125,51.85499954223633,50.20750045776367,50.71500015258789,48.29676055908203,155054800
2019-05-08,50.474998474121094,51.334999084472656,50.4375,50.724998474121094,48.3062744140625,105358000
2019-05-09,50.099998474121094,50.41999816894531,49.165000915527344,50.18000030517578,47.787261962890625,139634400
2019-05-10,49.35499954223633,49.712501525878906,48.192501068115234,49.29499816894531,47.125244140625,164834800
2019-05-13,46.9275016784668,47.369998931884766,45.712501525878906,46.43000030517578,44.38636016845703,229722400
2019-05-14,46.602500915527344,47.42499923706055,46.352500915527344,47.165000915527344,45.08900451660156,146118800
2019-05-15,46.567501068115234,47.9375,46.505001068115234,47.72999954223633,45.6291389465332,106178800
2019-05-16,47.477500915527344,48.11750030517578,47.209999084472656,47.52000045776367,45.42837905883789,132125600
2019-05-17,46.73249816894531,47.724998474121094,46.689998626708984,47.25,45.17026901245117,131516400
2019-05-20,45.880001068115234,46.087501525878906,45.06999969482422,45.772499084472656,43.757789611816406,154449200
2019-05-21,46.30500030517578,47.0,46.17499923706055,46.650001525878906,44.5966682434082,113459200
2019-05-22,46.165000915527344,46.4275016784668,45.63750076293945,45.69499969482422,43.6837043762207,118994400
2019-05-23,44.95000076293945,45.1349983215332,44.45249938964844,44.915000915527344,42.938045501708984,146118800
2019-05-24,45.04999923706055,45.53499984741211,44.654998779296875,44.74250030517578,42.77312469482422,94858800
2019-05-28,44.72999954223633,45.147499084472656,44.477500915527344,44.557498931884766,42.59627914428711,111792800
2019-05-29,44.10499954223633,44.837501525878906,44.0,44.345001220703125,42.39311599731445,113924800
2019-05-30,44.48749923706055,44.807498931884766,44.16749954223633,44.57500076293945,42.61301040649414,84873600
2019-05-31,44.057498931884766,44.497501373291016,43.747501373291016,43.76750183105469,41.8410530090332,108174400
2019-06-03,43.900001525878906,44.47999954223633,42.567501068115234,43.32500076293945,41.41801834106445,161584400
2019-06-04,43.86000061035156,44.95750045776367,43.630001068115234,44.90999984741211,42.93326950073242,123872000
2019-06-05,46.06999969482422,46.247501373291016,45.28499984741211,45.6349983215332,43.62635040283203,119093600
2019-06-06,45.77000045776367,46.36750030517578,45.537498474121094,46.30500030517578,44.266849517822266,90105200
2019-06-07,46.627498626708984,47.97999954223633,46.442501068115234,47.537498474121094,45.44510269165039,122737600
2019-06-10,47.95249938964844,48.842498779296875,47.904998779296875,48.14500045776367,46.0258674621582,104883600
2019-06-11,48.71500015258789,49.0,48.400001525878906,48.70249938964844,46.5588264465332,107731600
2019-06-12,48.48749923706055,48.99250030517578,48.34749984741211,48.54750061035156,46.41065216064453,73012800
2019-06-13,48.67499923706055,49.1974983215332,48.400001525878906,48.537498474121094,46.401092529296875,86698400
2019-06-14,47.88750076293945,48.397499084472656,47.57500076293945,48.185001373291016,46.06411361694336,75046000
2019-06-17,48.224998474121094,48.7400016784668,48.04249954223633,48.47249984741211,46.338951110839844,58676400
2019-06-18,49.01250076293945,50.0724983215332,48.8025016784668,49.61249923706055,47.42879104614258,106204000
2019-06-19,49.91999816894531,49.970001220703125,49.32749938964844,49.467498779296875,47.290157318115234,84496800
2019-06-20,50.092498779296875,50.15250015258789,49.50749969482422,49.8650016784668,47.670162200927734,86056000
2019-06-21,49.70000076293945,50.212501525878906,49.537498474121094,49.69499969482422,47.50764083862305,191202400
2019-06-24,49.6349983215332,50.040000915527344,49.54249954223633,49.64500045776367,47.459842681884766,72881600
2019-06-25,49.60749816894531,49.814998626708984,48.8224983215332,48.89250183105469,46.74046325683594,84281200
2019-06-26,49.442501068115234,50.247501373291016,49.337501525878906,49.95000076293945,47.75141906738281,104270000
2019-06-27,50.0724983215332,50.39250183105469,49.89250183105469,49.935001373291016,47.737083435058594,83598800
2019-06-28,49.66999816894531,49.875,49.26250076293945,49.47999954223633,47.30211639404297,124442400
2019-07-01,50.79249954223633,51.122501373291016,50.162498474121094,50.38750076293945,48.1696662902832,109012000
2019-07-02,50.352500915527344,50.782501220703125,50.34000015258789,50.682498931884766,48.45167541503906,67740800
2019-07-03,50.81999969482422,51.11000061035156,50.67250061035156,51.102500915527344,48.85319519042969,45448000
2019-07-05,50.837501525878906,51.27000045776367,50.724998474121094,51.057498931884766,48.81016540527344,69062000
2019-07-08,50.20249938964844,50.349998474121094,49.602500915527344,50.005001068115234,47.80399703979492,101354400
2019-07-09,49.79999923706055,50.377498626708984,49.70249938964844,50.310001373291016,48.095577239990234,82312000
2019-07-10,50.462501525878906,50.932498931884766,50.38999938964844,50.807498931884766,48.5711669921875,71588400
2019-07-11,50.82749938964844,51.09749984741211,50.4275016784668,50.4375,48.217464447021484,80767200
2019-07-12,50.61249923706055,51.0,50.54999923706055,50.82500076293945,48.58790969848633,70380800
2019-07-15,51.022499084472656,51.467498779296875,51.0,51.3025016784668,49.04439163208008,67789600
2019-07-16,51.147499084472656,51.52750015258789,50.875,51.125,48.87470626831055,67467200
2019-07-17,51.01250076293945,51.272499084472656,50.817501068115234,50.837501525878906,48.599849700927734,56430000
2019-07-18,51.0,51.470001220703125,50.92499923706055,51.415000915527344,49.151939392089844,74162400
2019-07-19,51.4474983215332,51.625,50.59000015258789,50.647499084472656,48.4182243347168,83717200
2019-07-22,50.912498474121094,51.807498931884766,50.90250015258789,51.80500030517578,49.5247688293457,89111600
2019-07-23,52.1150016784668,52.227500915527344,51.8224983215332,52.209999084472656,49.91193389892578,73420800
2019-07-24,51.91749954223633,52.287498474121094,51.79249954223633,52.16749954223633,49.87130355834961,59966400
2019-07-25,52.22249984741211,52.310001373291016,51.682498931884766,51.755001068115234,49.47698974609375,55638400
2019-07-26,51.869998931884766,52.432498931884766,51.78499984741211,51.935001373291016,49.649051666259766,70475600
2019-07-29,52.1150016784668,52.65999984741211,52.11000061035156,52.41999816894531,50.11269760131836,86693600
2019-07-30,52.189998626708984,52.540000915527344,51.82749938964844,52.19499969482422,49.897605895996094,135742800
2019-07-31,54.10499954223633,55.342498779296875,52.82500076293945,53.2599983215332,50.91573715209961,277125600
2019-08-01,53.474998474121094,54.50749969482422,51.685001373291016,52.10749816894531,49.81396484375,216071600
2019-08-02,51.38249969482422,51.60749816894531,50.407501220703125,51.005001068115234,48.75998306274414,163448400
2019-08-05,49.497501373291016,49.662498474121094,48.14500045776367,48.334999084472656,46.20750045776367,209572000
2019-08-06,49.07749938964844,49.51750183105469,48.5099983215332,49.25,47.08222579956055,143299200
2019-08-07,48.852500915527344,49.88999938964844,48.45500183105469,49.7599983215332,47.56977844238281,133457600
2019-08-08,50.04999923706055,50.88249969482422,49.84749984741211,50.85749816894531,48.61896514892578,108038000
2019-08-09,50.32500076293945,50.689998626708984,49.8224983215332,50.247501373291016,48.21834182739258,98478800
2019-08-12,49.904998779296875,50.51250076293945,49.787498474121094,50.119998931884766,48.095977783203125,89927600
2019-08-13,50.255001068115234,53.03499984741211,50.119998931884766,52.24250030517578,50.13277053833008,188874000
2019-08-14,50.790000915527344,51.61000061035156,50.647499084472656,50.6875,48.64055633544922,146189600
2019-08-15,50.8650016784668,51.28499984741211,49.91749954223633,50.435001373291016,48.39826583862305,108909600
2019-08-16,51.06999969482422,51.790000915527344,50.959999084472656,51.625,49.54020309448242,110481600
2019-08-19,52.654998779296875,53.182498931884766,52.50749969482422,52.587501525878906,50.46383285522461,97654400
2019-08-20,52.720001220703125,53.337501525878906,52.58000183105469,52.59000015258789,50.466224670410156,107537200
2019-08-21,53.247501373291016,53.412498474121094,52.900001525878906,53.15999984741211,51.01322555541992,86141600
2019-08-22,53.29750061035156,53.61000061035156,52.6875,53.1150016784668,50.97003936767578,89014800
2019-08-23,52.35749816894531,53.01250076293945,50.25,50.65999984741211,48.61418533325195,187272000
2019-08-26,51.46500015258789,51.79750061035156,51.26499938964844,51.622501373291016,49.53780746459961,104174400
2019-08-27,51.96500015258789,52.13750076293945,50.88249969482422,51.040000915527344,48.97883605957031,103493200
2019-08-28,51.025001525878906,51.43000030517578,50.83000183105469,51.38249969482422,49.30751419067383,63755200
2019-08-29,52.125,52.33000183105469,51.665000915527344,52.252498626708984,50.14236068725586,83962000
2019-08-30,52.540000915527344,52.61249923706055,51.79999923706055,52.185001373291016,50.07759094238281,84573600
2019-09-03,51.60749816894531,51.744998931884766,51.05500030517578,51.42499923706055,49.34829330444336,80092000
2019-09-04,52.09749984741211,52.369998931884766,51.83000183105469,52.29750061035156,50.18555450439453,76752400
2019-09-05,53.0,53.49250030517578,52.877498626708984,53.31999969482422,51.16676330566406,95654800
2019-09-06,53.51250076293945,53.60499954223633,53.127498626708984,53.314998626708984,51.161964416503906,77449200
2019-09-09,53.709999084472656,54.11000061035156,52.76750183105469,53.54249954223633,51.38026809692383,109237600
2019-09-10,53.46500015258789,54.19499969482422,52.9275016784668,54.17499923706055,51.987220764160156,127111600
2019-09-11,54.51750183105469,55.9275016784668,54.432498931884766,55.897499084472656,53.640174865722656,177158400
2019-09-12,56.20000076293945,56.60499954223633,55.71500015258789,55.772499084472656,53.52022171020508,128906800
2019-09-13,55.0,55.1974983215332,54.255001068115234,54.6875,52.479034423828125,159053200
2019-09-16,54.432498931884766,55.032501220703125,54.38999938964844,54.974998474121094,52.75492858886719,84632400
2019-09-17,54.9900016784668,55.20500183105469,54.779998779296875,55.17499923706055,52.94686508178711,73274800
2019-09-18,55.26499938964844,55.712501525878906,54.86000061035156,55.692501068115234,53.44345474243164,101360000
2019-09-19,55.502498626708984,55.939998626708984,55.092498779296875,55.2400016784668,53.009220123291016,88242400
2019-09-20,55.345001220703125,55.63999938964844,54.36750030517578,54.432498931884766,52.234336853027344,221652400
2019-09-23,54.73749923706055,54.959999084472656,54.412498474121094,54.68000030517578,52.471839904785156,76662000
2019-09-24,55.25749969482422,55.622501373291016,54.29750061035156,54.41999816894531,52.22233581542969,124763200
2019-09-25,54.63750076293945,55.375,54.28499984741211,55.25749969482422,53.0260124206543,87613600
2019-09-26,55.0,55.23500061035156,54.70750045776367,54.97249984741211,52.752525329589844,75334000
2019-09-27,55.1349983215332,55.2400016784668,54.31999969482422,54.70500183105469,52.495826721191406,101408000
2019-09-30,55.224998474121094,56.14500045776367,55.1974983215332,55.99250030517578,53.731327056884766,103909600
2019-10-01,56.26750183105469,57.05500030517578,56.04999923706055,56.147499084472656,53.88006591796875,139223200
2019-10-02,55.76499938964844,55.89500045776367,54.48249816894531,54.7400016784668,52.52941131591797,138449200
2019-10-03,54.60749816894531,55.2400016784668,53.782501220703125,55.20500183105469,52.97563171386719,114426000
2019-10-04,56.40999984741211,56.872501373291016,55.97249984741211,56.752498626708984,54.46063995361328,138478800
2019-10-07,56.567501068115234,57.48249816894531,56.459999084472656,56.76499938964844,54.47263717651367,122306000
2019-10-08,56.45500183105469,57.01499938964844,56.08250045776367,56.099998474121094,53.83449935913086,111820000
2019-10-09,56.75749969482422,56.9474983215332,56.40999984741211,56.75749969482422,54.465450286865234,74770400
2019-10-10,56.98249816894531,57.61000061035156,56.82500076293945,57.522499084472656,55.19953918457031,113013600
2019-10-11,58.23749923706055,59.40999984741211,58.07749938964844,59.0525016784668,56.66777038574219,166795600
2019-10-14,58.724998474121094,59.532501220703125,58.66749954223633,58.967498779296875,56.5861930847168,96427600
2019-10-15,59.09749984741211,59.412498474121094,58.720001220703125,58.83000183105469,56.454254150390625,87360000
2019-10-16,58.342498779296875,58.810001373291016,58.29999923706055,58.592498779296875,56.22633743286133,73903200
2019-10-17,58.772499084472656,59.037498474121094,58.380001068115234,58.81999969482422,56.44466018676758,67585200
2019-10-18,58.647499084472656,59.39500045776367,58.5724983215332,59.102500915527344,56.71574783325195,97433600
2019-10-21,59.380001068115234,60.247501373291016,59.33000183105469,60.127498626708984,57.69935607910156,87247200
2019-10-22,60.290000915527344,60.54999923706055,59.904998779296875,59.9900016784668,57.567405700683594,82293600
2019-10-23,60.525001525878906,60.810001373291016,60.30500030517578,60.79499816894531,58.33989715576172,75828800
2019-10-24,61.127498626708984,61.20000076293945,60.45249938964844,60.89500045776367,58.43585968017578,69275200
2019-10-25,60.790000915527344,61.682498931884766,60.720001220703125,61.64500045776367,59.15556335449219,73477200
2019-10-28,61.85499954223633,62.3125,61.68000030517578,62.26250076293945,59.74813461303711,96572800
2019-10-29,62.24250030517578,62.4375,60.64250183105469,60.8224983215332,58.36628341674805,142839600
2019-10-30,61.189998626708984,61.32500076293945,60.3025016784668,60.814998626708984,58.35907745361328,124522000
2019-10-31,61.810001373291016,62.29249954223633,59.314998626708984,62.189998626708984,59.678558349609375,139162000
2019-11-01,62.3849983215332,63.98249816894531,62.290000915527344,63.95500183105469,61.37228775024414,151125200
2019-11-04,64.3324966430664,64.4625015258789,63.845001220703125,64.375,61.77531051635742,103272000
2019-11-05,64.26249694824219,64.54750061035156,64.08000183105469,64.28250122070312,61.686546325683594,79897600
2019-11-06,64.19249725341797,64.37249755859375,63.842498779296875,64.30999755859375,61.71293640136719,75864400
2019-11-07,64.68499755859375,65.0875015258789,64.52749633789062,64.85749816894531,62.42519760131836,94940400
2019-11-08,64.67250061035156,65.11000061035156,64.2125015258789,65.03500366210938,62.59604263305664,69986400
2019-11-11,64.57499694824219,65.61750030517578,64.56999969482422,65.55000305175781,63.09174346923828,81821200
2019-11-12,65.38749694824219,65.69750213623047,65.2300033569336,65.48999786376953,63.033966064453125,87388800
2019-11-13,65.28250122070312,66.19499969482422,65.26750183105469,66.11750030517578,63.637943267822266,102734400
2019-11-14,65.9375,66.22000122070312,65.5250015258789,65.66000366210938,63.19759750366211,89182800
2019-11-15,65.91999816894531,66.44499969482422,65.75250244140625,66.44000244140625,63.94834518432617,100206400
2019-11-18,66.44999694824219,66.85749816894531,66.05750274658203,66.7750015258789,64.27075958251953,86703200
2019-11-19,66.9749984741211,67.0,66.34750366210938,66.57250213623047,64.07587432861328,76167200
2019-11-20,66.38500213623047,66.5199966430664,65.0999984741211,65.79750061035156,63.329933166503906,106234400
2019-11-21,65.92250061035156,66.00250244140625,65.29499816894531,65.50250244140625,63.045997619628906,121395200
2019-11-22,65.64749908447266,65.79499816894531,65.20999908447266,65.44499969482422,62.990665435791016,65325200
2019-11-25,65.67749786376953,66.61000061035156,65.62999725341797,66.59249877929688,64.09512329101562,84020400
2019-11-26,66.73500061035156,66.79000091552734,65.625,66.07250213623047,63.59462356567383,105207600
2019-11-27,66.3949966430664,66.99500274658203,66.32749938964844,66.95999908447266,64.4488525390625,65235600
2019-11-29,66.6500015258789,67.0,66.4749984741211,66.8125,64.30686950683594,46617600
2019-12-02,66.81749725341797,67.0625,65.86250305175781,66.04000091552734,63.5633544921875,94487200
2019-12-03,64.57749938964844,64.88249969482422,64.07250213623047,64.86250305175781,62.430015563964844,114430400
2019-12-04,65.26750183105469,65.82749938964844,65.16999816894531,65.43499755859375,62.98103332519531,67181600
2019-12-05,65.94750213623047,66.47250366210938,65.68250274658203,66.3949966430664,63.90501022338867,74424400
2019-12-06,66.87000274658203,67.75,66.82499694824219,67.67749786376953,65.13941955566406,106075600
2019-12-09,67.5,67.69999694824219,66.22750091552734,66.7300033569336,64.22747802734375,128042400
2019-12-10,67.1500015258789,67.51750183105469,66.46499633789062,67.12000274658203,64.60285186767578,90420400
2019-12-11,67.20249938964844,67.7750015258789,67.125,67.69249725341797,65.1538314819336,78756800
2019-12-12,66.94499969482422,68.13999938964844,66.83000183105469,67.86499786376953,65.31990051269531,137310400
2019-12-13,67.86499786376953,68.82499694824219,67.73249816894531,68.7874984741211,66.20782470703125,133587600
2019-12-16,69.25,70.19750213623047,69.24500274658203,69.96499633789062,67.34114074707031,128186000
2019-12-17,69.89250183105469,70.44249725341797,69.69999694824219,70.10250091552734,67.47348022460938,114158400
2019-12-18,69.94999694824219,70.4749984741211,69.77999877929688,69.93499755859375,67.31227111816406,116028400
2019-12-19,69.875,70.29499816894531,69.73750305175781,70.00499725341797,67.379638671875,98369200
2019-12-20,70.55750274658203,70.6624984741211,69.63999938964844,69.86000061035156,67.2400894165039,275978000
2019-12-23,70.13249969482422,71.0625,70.09249877929688,71.0,68.33732604980469,98572000
2019-12-24,71.17250061035156,71.22250366210938,70.7300033569336,71.06749725341797,68.40230560302734,48478800
2019-12-26,71.20500183105469,72.49500274658203,71.17500305175781,72.47750091552734,69.75942993164062,93121200
2019-12-27,72.77999877929688,73.49250030517578,72.02999877929688,72.44999694824219,69.73296356201172,146266000
2019-12-30,72.36499786376953,73.17250061035156,71.30500030517578,72.87999725341797,70.1468276977539,144114400
2019-12-31,72.48249816894531,73.41999816894531,72.37999725341797,73.4124984741211,70.65936279296875,100805600
2020-01-02,74.05999755859375,75.1500015258789,73.79750061035156,75.0875015258789,72.27155303955078,135480400
2020-01-03,74.2874984741211,75.1449966430664,74.125,74.35749816894531,71.56891632080078,146322800
2020-01-06,73.44750213623047,74.98999786376953,73.1875,74.94999694824219,72.13917541503906,118387200
2020-01-07,74.95999908447266,75.2249984741211,74.37000274658203,74.59750366210938,71.79993438720703,108872000
2020-01-08,74.29000091552734,76.11000061035156,74.29000091552734,75.79750061035156,72.95492553710938,132079200
2020-01-09,76.80999755859375,77.60749816894531,76.55000305175781,77.40750122070312,74.50453186035156,170108400
2020-01-10,77.6500015258789,78.1675033569336,77.0625,77.5824966430664,74.6729736328125,140644800
2020-01-13,77.91000366210938,79.26750183105469,77.7874984741211,79.23999786376953,76.26830291748047,121532000
2020-01-14,79.17500305175781,79.39250183105469,78.0425033569336,78.16999816894531,75.23844909667969,161954400
2020-01-15,77.9625015258789,78.875,77.38749694824219,77.83499908447266,74.91600036621094,121923600
2020-01-16,78.39749908447266,78.92500305175781,78.02249908447266,78.80999755859375,75.85443115234375,108829200
2020-01-17,79.06749725341797,79.68499755859375,78.75,79.68250274658203,76.69420623779297,137816400
2020-01-21,79.29750061035156,79.75499725341797,79.0,79.14250183105469,76.17447662353516,110843200
2020-01-22,79.6449966430664,79.99749755859375,79.32749938964844,79.42500305175781,76.44636535644531,101832400
2020-01-23,79.4800033569336,79.88999938964844,78.9124984741211,79.80750274658203,76.81454467773438,104472000
2020-01-24,80.0625,80.8324966430664,79.37999725341797,79.57749938964844,76.59314727783203,146537600
2020-01-27,77.51499938964844,77.94249725341797,76.22000122070312,77.23750305175781,74.34089660644531,161940000
2020-01-28,78.1500015258789,79.5999984741211,78.04750061035156,79.42250061035156,76.44397735595703,162234000
2020-01-29,81.11250305175781,81.9625015258789,80.34500122070312,81.08499908447266,78.04412078857422,216229200
2020-01-30,80.13500213623047,81.02249908447266,79.6875,80.96749877929688,77.93102264404297,126743200
2020-01-31,80.23249816894531,80.66999816894531,77.07250213623047,77.37750244140625,74.47566223144531,199588400
2020-02-03,76.07499694824219,78.37249755859375,75.55500030517578,77.16500091552734,74.27113342285156,173788400
2020-02-04,78.82749938964844,79.91000366210938,78.40750122070312,79.7125015258789,76.72310638427734,136616400
2020-02-05,80.87999725341797,81.19000244140625,79.73750305175781,80.36250305175781,77.34872436523438,118826800
2020-02-06,80.64250183105469,81.30500030517578,80.06500244140625,81.30249786376953,78.25345611572266,105425600
2020-02-07,80.59249877929688,80.8499984741211,79.5,80.00749969482422,77.18978881835938,117684000
2020-02-10,78.54499816894531,80.38749694824219,78.4625015258789,80.38749694824219,77.556396484375,109348800
2020-02-11,80.9000015258789,80.9749984741211,79.67749786376953,79.90249633789062,77.08849334716797,94323200
2020-02-12,80.36750030517578,81.80500030517578,80.36750030517578,81.80000305175781,78.91917419433594,113730400
2020-02-13,81.04750061035156,81.55500030517578,80.8375015258789,81.21749877929688,78.357177734375,94747600
2020-02-14,81.18499755859375,81.49500274658203,80.7125015258789,81.23750305175781,78.37646484375,80113600
2020-02-18,78.83999633789062,79.9375,78.65249633789062,79.75,76.94135284423828,152531200
2020-02-19,80.0,81.14250183105469,80.0,80.90499877929688,78.05567169189453,93984000
2020-02-20,80.65750122070312,81.1624984741211,79.55249786376953,80.07499694824219,77.25492095947266,100566000
2020-02-21,79.65499877929688,80.11250305175781,77.625,78.26249694824219,75.50624084472656,129554000
2020-02-24,74.31500244140625,76.04499816894531,72.30750274658203,74.54499816894531,71.91966247558594,222195200
2020-02-25,75.23750305175781,75.63249969482422,71.53250122070312,72.0199966430664,69.48359680175781,230673600
2020-02-26,71.63249969482422,74.47000122070312,71.625,73.1624984741211,70.58586120605469,198054800
2020-02-27,70.2750015258789,71.5,68.23999786376953,68.37999725341797,65.9717788696289,320605600
2020-02-28,64.31500244140625,69.60250091552734,64.09249877929688,68.33999633789062,65.9332046508789,426510000
2020-03-02,70.56999969482422,75.36000061035156,69.43000030517578,74.70249938964844,72.07162475585938,341397200
2020-03-03,75.9175033569336,76.0,71.44999694824219,72.33000183105469,69.78268432617188,319475600
2020-03-04,74.11000061035156,75.8499984741211,73.28250122070312,75.68499755859375,73.0195083618164,219178400
2020-03-05,73.87999725341797,74.88749694824219,72.85250091552734,73.2300033569336,70.6510009765625,187572800
2020-03-06,70.5,72.70500183105469,70.30750274658203,72.25749969482422,69.71273040771484,226176800
2020-03-09,65.9375,69.52249908447266,65.75,66.5425033569336,64.19901275634766,286744800
2020-03-10,69.28500366210938,71.61000061035156,67.34249877929688,71.33499908447266,68.8227310180664,285290000
2020-03-11,69.34750366210938,70.30500030517578,67.96499633789062,68.85749816894531,66.43246459960938,255598800
2020-03-12,63.98500061035156,67.5,62.0,62.057498931884766,59.87196731567383,418474000
2020-03-13,66.22250366210938,69.9800033569336,63.23749923706055,69.49250030517578,67.04509735107422,370732000
2020-03-16,60.48749923706055,64.7699966430664,60.0,60.5525016784668,58.419960021972656,322423600
2020-03-17,61.877498626708984,64.40249633789062,59.599998474121094,63.21500015258789,60.98868942260742,324056000
2020-03-18,59.942501068115234,62.5,59.279998779296875,61.66749954223633,59.495697021484375,300233600
2020-03-19,61.84749984741211,63.209999084472656,60.65250015258789,61.19499969482422,59.039825439453125,271857200
2020-03-20,61.79499816894531,62.95750045776367,57.0,57.310001373291016,55.29165267944336,401693200
2020-03-23,57.02000045776367,57.125,53.15250015258789,56.092498779296875,54.117034912109375,336752800
2020-03-24,59.09000015258789,61.92250061035156,58.57500076293945,61.720001220703125,59.54634475708008,287531200
2020-03-25,62.6875,64.5625,61.07500076293945,61.380001068115234,59.21831512451172,303602000
2020-03-26,61.630001068115234,64.66999816894531,61.59000015258789,64.61000061035156,62.334556579589844,252087200
2020-03-27,63.1875,63.967498779296875,61.76250076293945,61.935001373291016,59.75376892089844,204216800
2020-03-30,62.685001373291016,63.880001068115234,62.349998474121094,63.70249938964844,61.459014892578125,167976400
2020-03-31,63.900001525878906,65.62249755859375,63.0,63.5724983215332,61.3336067199707,197002000
2020-04-01,61.625,62.18000030517578,59.782501220703125,60.227500915527344,58.10641098022461,176218400
2020-04-02,60.084999084472656,61.287498474121094,59.224998474121094,61.23249816894531,59.07600784301758,165934000
2020-04-03,60.70000076293945,61.42499923706055,59.74250030517578,60.352500915527344,58.22700500488281,129880000
2020-04-06,62.724998474121094,65.77749633789062,62.345001220703125,65.61750030517578,63.30659103393555,201820400
2020-04-07,67.69999694824219,67.92500305175781,64.75,64.85749816894531,62.57334518432617,202887200
2020-04-08,65.68499755859375,66.84249877929688,65.30750274658203,66.51750183105469,64.17491149902344,168895200
2020-04-09,67.17500305175781,67.51750183105469,66.17500305175781,66.99749755859375,64.63796997070312,161834800
2020-04-13,67.07749938964844,68.42500305175781,66.4574966430664,68.3125,65.90666961669922,131022800
2020-04-14,70.0,72.0625,69.51249694824219,71.76249694824219,69.23516082763672,194994800
2020-04-15,70.5999984741211,71.5824966430664,70.15750122070312,71.10749816894531,68.60322570800781,131154400
2020-04-16,71.84500122070312,72.05000305175781,70.5875015258789,71.67250061035156,69.1483383178711,157125200
2020-04-17,71.17250061035156,71.73750305175781,69.21499633789062,70.69999694824219,68.2100601196289,215250000
2020-04-20,69.48750305175781,70.41999816894531,69.2125015258789,69.23249816894531,66.79426574707031,130015200
2020-04-21,69.06999969482422,69.3125,66.35749816894531,67.09249877929688,64.72962188720703,180991600
2020-04-22,68.40249633789062,69.4749984741211,68.05000305175781,69.0250015258789,66.59407043457031,116862400
2020-04-23,68.96749877929688,70.4375,68.71749877929688,68.75749969482422,66.33599090576172,124814400
2020-04-24,69.30000305175781,70.75250244140625,69.25,70.74250030517578,68.2510757446289,126161200
2020-04-27,70.44999694824219,71.13500213623047,69.98750305175781,70.7925033569336,68.2993392944336,117087600
2020-04-28,71.2699966430664,71.4574966430664,69.55000305175781,69.6449966430664,67.1922378540039,112004800
2020-04-29,71.18250274658203,72.4175033569336,70.97250366210938,71.93250274658203,69.399169921875,137280800
2020-04-30,72.48999786376953,73.63249969482422,72.0875015258789,73.44999694824219,70.86323547363281,183064000
2020-05-01,71.5625,74.75,71.4625015258789,72.26750183105469,69.72238159179688,240616800
2020-05-04,72.2925033569336,73.42250061035156,71.58000183105469,73.29000091552734,70.70886993408203,133568000
2020-05-05,73.76499938964844,75.25,73.61499786376953,74.38999938964844,71.7701187133789,147751200
2020-05-06,75.11499786376953,75.80999755859375,74.71749877929688,75.15750122070312,72.51058197021484,142333600
2020-05-07,75.80500030517578,76.2925033569336,75.49250030517578,75.93499755859375,73.2607192993164,115215200
2020-05-08,76.41000366210938,77.5875015258789,76.07250213623047,77.53250122070312,75.00444793701172,133838400
2020-05-11,77.0250015258789,79.26249694824219,76.80999755859375,78.75250244140625,76.18466186523438,145946400
2020-05-12,79.4574966430664,79.92250061035156,77.72750091552734,77.85250091552734,75.31401062011719,162301200
2020-05-13,78.0374984741211,78.98750305175781,75.80249786376953,76.9124984741211,74.40465545654297,200622400
2020-05-14,76.12750244140625,77.44750213623047,75.38249969482422,77.38500213623047,74.86174774169922,158929200
2020-05-15,75.0875015258789,76.9749984741211,75.05249786376953,76.92749786376953,74.419189453125,166348400
2020-05-18,78.2925033569336,79.125,77.58000183105469,78.73999786376953,76.17257690429688,135178400
2020-05-19,78.75749969482422,79.62999725341797,78.25250244140625,78.28500366210938,75.732421875,101729600
2020-05-20,79.16999816894531,79.87999725341797,79.12999725341797,79.80750274658203,77.20526123046875,111504800
2020-05-21,79.66500091552734,80.22250366210938,78.96749877929688,79.2125015258789,76.62967681884766,102688800
2020-05-22,78.94249725341797,79.80750274658203,78.8375015258789,79.72250366210938,77.12303924560547,81803200
2020-05-26,80.875,81.05999755859375,79.125,79.18250274658203,76.60063171386719,125522000
2020-05-27,79.03500366210938,79.67749786376953,78.27249908447266,79.52749633789062,76.93438720703125,112945200
2020-05-28,79.19249725341797,80.86000061035156,78.90750122070312,79.5625,76.96824645996094,133560800
2020-05-29,79.8125,80.2874984741211,79.11750030517578,79.48500061035156,76.89327239990234,153532400
2020-06-01,79.4375,80.5875015258789,79.30249786376953,80.4625015258789,77.83891296386719,80791200
2020-06-02,80.1875,80.86000061035156,79.73249816894531,80.83499908447266,78.19926452636719,87642800
2020-06-03,81.16500091552734,81.55000305175781,80.57499694824219,81.27999877929688,78.6297607421875,104491200
2020-06-04,81.09750366210938,81.40499877929688,80.19499969482422,80.58000183105469,77.95256805419922,87560400
2020-06-05,80.8375015258789,82.9375,80.80750274658203,82.875,80.17273712158203,137250400
2020-06-08,82.5625,83.4000015258789,81.83000183105469,83.36499786376953,80.6467514038086,95654400
2020-06-09,83.03500366210938,86.40249633789062,83.00250244140625,85.99749755859375,83.19342803955078,147712400
2020-06-10,86.9749984741211,88.69249725341797,86.52249908447266,88.20999908447266,85.33378601074219,166651600
2020-06-11,87.32749938964844,87.76499938964844,83.87000274658203,83.9749984741211,81.23686981201172,201662400
2020-06-12,86.18000030517578,86.94999694824219,83.55500030517578,84.69999694824219,81.93824005126953,200146000
2020-06-15,83.3125,86.41999816894531,83.1449966430664,85.74749755859375,82.95158386230469,138808800
2020-06-16,87.86499786376953,88.30000305175781,86.18000030517578,88.0199966430664,85.14997863769531,165428800
2020-06-17,88.7874984741211,88.8499984741211,87.77249908447266,87.89749908447266,85.03147888183594,114406400
2020-06-18,87.85250091552734,88.36250305175781,87.30500030517578,87.93250274658203,85.0653305053711,96820400
2020-06-19,88.66000366210938,89.13999938964844,86.2874984741211,87.43000030517578,84.57921600341797,264476000
2020-06-22,87.83499908447266,89.86499786376953,87.7874984741211,89.71749877929688,86.7921371459961,135445200
2020-06-23,91.0,93.09500122070312,90.56749725341797,91.63249969482422,88.64470672607422,212155600
2020-06-24,91.25,92.19750213623047,89.62999725341797,90.01499938964844,87.07994079589844,192623200
2020-06-25,90.17500305175781,91.25,89.39250183105469,91.20999908447266,88.23596954345703,137522400
2020-06-26,91.10250091552734,91.33000183105469,88.25499725341797,88.40750122070312,85.52485656738281,205256800
2020-06-29,88.3125,90.5425033569336,87.81999969482422,90.44499969482422,87.49591064453125,130646000
2020-06-30,90.0199966430664,91.49500274658203,90.0,91.19999694824219,88.22627258300781,140223200
2020-07-01,91.27999877929688,91.83999633789062,90.97750091552734,91.02749633789062,88.05941772460938,110737200
2020-07-02,91.9625015258789,92.61750030517578,90.91000366210938,91.02749633789062,88.05941772460938,114041600
2020-07-06,92.5,93.94499969482422,92.46749877929688,93.4625015258789,90.41502380371094,118655600
2020-07-07,93.85250091552734,94.65499877929688,93.05750274658203,93.17250061035156,90.13447570800781,112424400
2020-07-08,94.18000030517578,95.375,94.08999633789062,95.34249877929688,92.23372650146484,117092000
2020-07-09,96.26249694824219,96.31749725341797,94.67250061035156,95.75250244140625,92.63036346435547,125642800
2020-07-10,95.33499908447266,95.9800033569336,94.70500183105469,95.91999816894531,92.79239654541016,90257200
2020-07-13,97.26499938964844,99.95500183105469,95.25749969482422,95.47750091552734,92.36431884765625,191649200
2020-07-14,94.83999633789062,97.25499725341797,93.87750244140625,97.05750274658203,93.89281463623047,170989200
2020-07-15,98.98999786376953,99.24749755859375,96.48999786376953,97.7249984741211,94.53852844238281,153198000
2020-07-16,96.5625,97.40499877929688,95.90499877929688,96.52249908447266,93.37525177001953,110577600
2020-07-17,96.98750305175781,97.14749908447266,95.83999633789062,96.32749938964844,93.18660736083984,92186800
2020-07-20,96.4175033569336,98.5,96.0625,98.35749816894531,95.15039825439453,90318000
2020-07-21,99.17250061035156,99.25,96.74250030517578,97.0,93.83717346191406,103433200
2020-07-22,96.69249725341797,97.9749984741211,96.60250091552734,97.27249908447266,94.10079956054688,89001600
2020-07-23,96.99749755859375,97.07749938964844,92.01000213623047,92.84500122070312,89.81765747070312,197004400
2020-07-24,90.98750305175781,92.97000122070312,89.1449966430664,92.61499786376953,89.59516143798828,185438800
2020-07-27,93.70999908447266,94.90499877929688,93.4800033569336,94.80999755859375,91.71859741210938,121214000
2020-07-28,94.36750030517578,94.55000305175781,93.24749755859375,93.25250244140625,90.21187591552734,103625600
2020-07-29,93.75,95.2300033569336,93.7125015258789,95.04000091552734,91.94107818603516,90329200
2020-07-30,94.1875,96.29750061035156,93.76750183105469,96.19000244140625,93.0535888671875,158130000
2020-07-31,102.88500213623047,106.41500091552734,100.82499694824219,106.26000213623047,102.79524230957031,374336800
2020-08-03,108.19999694824219,111.63749694824219,107.89250183105469,108.9375,105.38542938232422,308151200
2020-08-04,109.13249969482422,110.79000091552734,108.38749694824219,109.66500091552734,106.08924102783203,173071600
2020-08-05,109.37750244140625,110.39250183105469,108.89749908447266,110.0625,106.47376251220703,121776800
2020-08-06,110.40499877929688,114.4124984741211,109.79750061035156,113.90249633789062,110.18855285644531,202428800
2020-08-07,113.20500183105469,113.67500305175781,110.2925033569336,111.11250305175781,107.6833267211914,198045600
2020-08-10,112.5999984741211,113.7750015258789,110.0,112.72750091552734,109.24848175048828,212403600
2020-08-11,111.97000122070312,112.48249816894531,109.10749816894531,109.375,105.99945068359375,187902400
2020-08-12,110.49749755859375,113.2750015258789,110.29750061035156,113.01000213623047,109.52227020263672,165598000
2020-08-13,114.43000030517578,116.0425033569336,113.92749786376953,115.01000213623047,111.46054077148438,210082000
2020-08-14,114.83000183105469,115.0,113.04499816894531,114.90750122070312,111.36121368408203,165565200
2020-08-17,116.0625,116.0875015258789,113.9625015258789,114.60749816894531,111.07047271728516,119561600
2020-08-18,114.35250091552734,116.0,114.00749969482422,115.5625,111.99597930908203,105633600
2020-08-19,115.98249816894531,117.1624984741211,115.61000061035156,115.7074966430664,112.13650512695312,145538000
2020-08-20,115.75,118.39250183105469,115.73249816894531,118.2750015258789,114.62476348876953,126907200
2020-08-21,119.26249694824219,124.86750030517578,119.25,124.37000274658203,120.53167724609375,338054800
2020-08-24,128.69749450683594,128.78500366210938,123.9375,125.85749816894531,121.97325134277344,345937600
2020-08-25,124.69750213623047,125.18000030517578,123.05249786376953,124.82499694824219,120.9726333618164,211495600
2020-08-26,126.18000030517578,126.99250030517578,125.0824966430664,126.52249908447266,122.61772918701172,163022400
2020-08-27,127.14250183105469,127.48500061035156,123.8324966430664,125.01000213623047,121.15193939208984,155552400
2020-08-28,126.01249694824219,126.44249725341797,124.57749938964844,124.80750274658203,120.95565795898438,187630000
2020-08-31,127.58000183105469,131.0,126.0,129.0399932861328,125.05753326416016,225702700
2020-09-01,132.75999450683594,134.8000030517578,130.52999877929688,134.17999267578125,130.0388946533203,151948100
2020-09-02,137.58999633789062,137.97999572753906,127.0,131.39999389648438,127.3447265625,200119000
2020-09-03,126.91000366210938,128.83999633789062,120.5,120.87999725341797,117.14936065673828,257599600
2020-09-04,120.06999969482422,123.69999694824219,110.88999938964844,120.95999908447266,117.2269058227539,332607200
2020-09-08,113.94999694824219,118.98999786376953,112.68000030517578,112.81999969482422,109.33814239501953,231366600
2020-09-09,117.26000213623047,119.13999938964844,115.26000213623047,117.31999969482422,113.69925689697266,176940500
2020-09-10,120.36000061035156,120.5,112.5,113.48999786376953,109.98745727539062,182274400
2020-09-11,114.56999969482422,115.2300033569336,110.0,112.0,108.5434341430664,180860300
2020-09-14,114.72000122070312,115.93000030517578,112.80000305175781,115.36000061035156,111.79972839355469,140150100
2020-09-15,118.33000183105469,118.83000183105469,113.61000061035156,115.54000091552734,111.97415924072266,184642000
2020-09-16,115.2300033569336,116.0,112.04000091552734,112.12999725341797,108.66941833496094,154679000
2020-09-17,109.72000122070312,112.19999694824219,108.70999908447266,110.33999633789062,106.9346694946289,178011000
2020-09-18,110.4000015258789,110.87999725341797,106.08999633789062,106.83999633789062,103.54269409179688,287104900
2020-09-21,104.54000091552734,110.19000244140625,103.0999984741211,110.08000183105469,106.68268585205078,195713800
2020-09-22,112.68000030517578,112.86000061035156,109.16000366210938,111.80999755859375,108.35929870605469,183055400
2020-09-23,111.62000274658203,112.11000061035156,106.7699966430664,107.12000274658203,103.81402587890625,150718700
2020-09-24,105.16999816894531,110.25,105.0,108.22000122070312,104.8801040649414,167743300
2020-09-25,108.43000030517578,112.44000244140625,107.66999816894531,112.27999877929688,108.81478118896484,149981400
2020-09-28,115.01000213623047,115.31999969482422,112.77999877929688,114.95999908447266,111.4120864868164,137672400
2020-09-29,114.55000305175781,115.30999755859375,113.56999969482422,114.08999633789062,110.5689468383789,99382200
2020-09-30,113.79000091552734,117.26000213623047,113.62000274658203,115.80999755859375,112.23584747314453,142675200
2020-10-01,117.63999938964844,117.72000122070312,115.83000183105469,116.79000091552734,113.18560028076172,116120400
2020-10-02,112.88999938964844,115.37000274658203,112.22000122070312,113.0199966430664,109.53194427490234,144712000
2020-10-05,113.91000366210938,116.6500015258789,113.55000305175781,116.5,112.90457153320312,106243800
2020-10-06,115.69999694824219,116.12000274658203,112.25,113.16000366210938,109.66763305664062,161498200
2020-10-07,114.62000274658203,115.55000305175781,114.12999725341797,115.08000183105469,111.52837371826172,96849000
2020-10-08,116.25,116.4000015258789,114.58999633789062,114.97000122070312,111.42178344726562,83477200
2020-10-09,115.27999877929688,117.0,114.91999816894531,116.97000122070312,113.36004638671875,100506900
2020-10-12,120.05999755859375,125.18000030517578,119.27999877929688,124.4000015258789,120.56076049804688,240226800
2020-10-13,125.2699966430664,125.38999938964844,119.6500015258789,121.0999984741211,117.36260223388672,262330500
2020-10-14,121.0,123.02999877929688,119.62000274658203,121.19000244140625,117.44981384277344,150712000
2020-10-15,118.72000122070312,121.19999694824219,118.1500015258789,120.70999908447266,116.984619140625,112559200
2020-10-16,121.27999877929688,121.55000305175781,118.80999755859375,119.0199966430664,115.34679412841797,115393800
2020-10-19,119.95999908447266,120.41999816894531,115.66000366210938,115.9800033569336,112.40059661865234,120639300
2020-10-20,116.19999694824219,118.9800033569336,115.62999725341797,117.51000213623047,113.88336944580078,124423700
2020-10-21,116.66999816894531,118.70999908447266,116.44999694824219,116.87000274658203,113.26313781738281,89946000
2020-10-22,117.44999694824219,118.04000091552734,114.58999633789062,115.75,112.17768859863281,101988000
2020-10-23,116.38999938964844,116.55000305175781,114.27999877929688,115.04000091552734,111.48963165283203,82572600
2020-10-26,114.01000213623047,116.55000305175781,112.87999725341797,115.05000305175781,111.49931335449219,111850700
2020-10-27,115.48999786376953,117.27999877929688,114.54000091552734,116.5999984741211,113.00145721435547,92276800
2020-10-28,115.05000305175781,115.43000030517578,111.0999984741211,111.19999694824219,107.76814270019531,143937800
2020-10-29,112.37000274658203,116.93000030517578,112.19999694824219,115.31999969482422,111.76097106933594,146129200
2020-10-30,111.05999755859375,111.98999786376953,107.72000122070312,108.86000061035156,105.5003433227539,190272600
2020-11-02,109.11000061035156,110.68000030517578,107.31999969482422,108.7699966430664,105.41311645507812,122866900
2020-11-03,109.66000366210938,111.48999786376953,108.7300033569336,110.44000244140625,107.03157806396484,107624400
2020-11-04,114.13999938964844,115.58999633789062,112.3499984741211,114.94999694824219,111.40238952636719,138235500
2020-11-05,117.94999694824219,119.62000274658203,116.87000274658203,119.02999877929688,115.35648345947266,126387100
2020-11-06,118.31999969482422,119.19999694824219,116.12999725341797,118.69000244140625,115.22541809082031,114457900
2020-11-09,120.5,121.98999786376953,116.05000305175781,116.31999969482422,112.92459869384766,154515300
2020-11-10,115.55000305175781,117.58999633789062,114.12999725341797,115.97000122070312,112.58480834960938,138023400
2020-11-11,117.19000244140625,119.62999725341797,116.44000244140625,119.48999786376953,116.00206756591797,112295000
2020-11-12,119.62000274658203,120.52999877929688,118.56999969482422,119.20999908447266,115.73023986816406,103162300
2020-11-13,119.44000244140625,119.66999816894531,117.87000274658203,119.26000213623047,115.77879333496094,81581900
2020-11-16,118.91999816894531,120.98999786376953,118.1500015258789,120.30000305175781,116.78843688964844,91183000
2020-11-17,119.55000305175781,120.66999816894531,118.95999908447266,119.38999938964844,115.90498352050781,74271000
2020-11-18,118.61000061035156,119.81999969482422,118.0,118.02999877929688,114.58467102050781,76322100
2020-11-19,117.58999633789062,119.05999755859375,116.80999755859375,118.63999938964844,115.17688751220703,74113000
2020-11-20,118.63999938964844,118.7699966430664,117.29000091552734,117.33999633789062,113.91483306884766,73604300
2020-11-23,117.18000030517578,117.62000274658203,113.75,113.8499984741211,110.52669525146484,127959300
2020-11-24,113.91000366210938,115.8499984741211,112.58999633789062,115.16999816894531,111.80815124511719,113874200
2020-11-25,115.55000305175781,116.75,115.16999816894531,116.02999877929688,112.64306640625,76499200
2020-11-27,116.56999969482422,117.48999786376953,116.22000122070312,116.58999633789062,113.18672180175781,46691300
2020-11-30,116.97000122070312,120.97000122070312,116.80999755859375,119.05000305175781,115.57490539550781,169410200
2020-12-01,121.01000213623047,123.47000122070312,120.01000213623047,122.72000122070312,119.1377944946289,127728200
2020-12-02,122.0199966430664,123.37000274658203,120.88999938964844,123.08000183105469,119.48727416992188,89004200
2020-12-03,123.5199966430664,123.77999877929688,122.20999908447266,122.94000244140625,119.35134887695312,78967600
2020-12-04,122.5999984741211,122.86000061035156,121.5199966430664,122.25,118.68150329589844,78260400
2020-12-07,122.30999755859375,124.56999969482422,122.25,123.75,120.13770294189453,86712000
2020-12-08,124.37000274658203,124.9800033569336,123.08999633789062,124.37999725341797,120.74931335449219,82225500
2020-12-09,124.52999877929688,125.94999694824219,121.0,121.77999877929688,118.2252197265625,115089200
2020-12-10,120.5,123.87000274658203,120.1500015258789,123.23999786376953,119.64259338378906,81312200
2020-12-11,122.43000030517578,122.76000213623047,120.55000305175781,122.41000366210938,118.83683013916016,86939800
2020-12-14,122.5999984741211,123.3499984741211,121.54000091552734,121.77999877929688,118.2252197265625,79184500
2020-12-15,124.33999633789062,127.9000015258789,124.12999725341797,127.87999725341797,124.14714050292969,157243700
2020-12-16,127.41000366210938,128.3699951171875,126.55999755859375,127.80999755859375,124.07920837402344,98208600
2020-12-17,128.89999389648438,129.5800018310547,128.0399932861328,128.6999969482422,124.94319915771484,94359800
2020-12-18,128.9600067138672,129.10000610351562,126.12000274658203,126.66000366210938,122.96276092529297,192541500
2020-12-21,125.0199966430664,128.30999755859375,123.44999694824219,128.22999572753906,124.4869155883789,121251600
2020-12-22,131.61000061035156,134.41000366210938,129.64999389648438,131.8800048828125,128.03042602539062,168904800
2020-12-23,132.16000366210938,132.42999267578125,130.77999877929688,130.9600067138672,127.13724517822266,88223700
2020-12-24,131.32000732421875,133.4600067138672,131.10000610351562,131.97000122070312,128.1177520751953,54930100
2020-12-28,133.99000549316406,137.33999633789062,133.50999450683594,136.69000244140625,132.6999969482422,124486200
2020-12-29,138.0500030517578,138.7899932861328,134.33999633789062,134.8699951171875,130.93313598632812,121047300
2020-12-30,135.5800018310547,135.99000549316406,133.39999389648438,133.72000122070312,129.81668090820312,96452100
2020-12-31,134.0800018310547,134.74000549316406,131.72000122070312,132.69000244140625,128.81674194335938,99116600
2021-01-04,133.52000427246094,133.61000061035156,126.76000213623047,129.41000366210938,125.63253021240234,143301900
2021-01-05,128.88999938964844,131.74000549316406,128.42999267578125,131.00999450683594,127.185791015625,97664900
2021-01-06,127.72000122070312,131.0500030517578,126.37999725341797,126.5999984741211,122.90452575683594,155088000
2021-01-07,128.36000061035156,131.6300048828125,127.86000061035156,130.9199981689453,127.09840393066406,109578200
2021-01-08,132.42999267578125,132.6300048828125,130.22999572753906,132.0500030517578,128.1954345703125,105158200
2021-01-11,129.19000244140625,130.1699981689453,128.5,128.97999572753906,125.21505737304688,100384500
2021-01-12,128.5,129.69000244140625,126.86000061035156,128.8000030517578,125.04029846191406,91951100
2021-01-13,128.75999450683594,131.4499969482422,128.49000549316406,130.88999938964844,127.0693130493164,88636800
2021-01-14,130.8000030517578,131.0,128.75999450683594,128.91000366210938,125.14710235595703,90221800
2021-01-15,128.77999877929688,130.22000122070312,127.0,127.13999938964844,123.42876434326172,111598500
2021-01-19,127.77999877929688,128.7100067138672,126.94000244140625,127.83000183105469,124.09861755371094,90757300
2021-01-20,128.66000366210938,132.49000549316406,128.5500030517578,132.02999877929688,128.17604064941406,104319500
2021-01-21,133.8000030517578,139.6699981689453,133.58999633789062,136.8699951171875,132.8746795654297,120150900
2021-01-22,136.27999877929688,139.85000610351562,135.02000427246094,139.07000732421875,135.01051330566406,114459400
2021-01-25,143.07000732421875,145.08999633789062,136.5399932861328,142.9199981689453,138.7481231689453,157611700
2021-01-26,143.60000610351562,144.3000030517578,141.3699951171875,143.16000366210938,138.98117065429688,98390600
2021-01-27,143.42999267578125,144.3000030517578,140.41000366210938,142.05999755859375,137.9132080078125,140843800
2021-01-28,139.52000427246094,141.99000549316406,136.6999969482422,137.08999633789062,133.0883331298828,142621100
2021-01-29,135.8300018310547,136.74000549316406,130.2100067138672,131.9600067138672,128.1080780029297,177523800
2021-02-01,133.75,135.3800048828125,130.92999267578125,134.13999938964844,130.2244110107422,106239800
2021-02-02,135.72999572753906,136.30999755859375,134.61000061035156,134.99000549316406,131.04962158203125,83305400
2021-02-03,135.75999450683594,135.77000427246094,133.61000061035156,133.94000244140625,130.0302734375,89880900
2021-02-04,136.3000030517578,137.39999389648438,134.58999633789062,137.38999938964844,133.37957763671875,84183100
2021-02-05,137.35000610351562,137.4199981689453,135.86000061035156,136.75999450683594,132.9663543701172,75693800
2021-02-08,136.02999877929688,136.9600067138672,134.9199981689453,136.91000366210938,133.1121826171875,71297200
2021-02-09,136.6199951171875,137.8800048828125,135.85000610351562,136.00999450683594,132.2371368408203,76774200
2021-02-10,136.47999572753906,136.99000549316406,134.39999389648438,135.38999938964844,131.6343536376953,73046600
2021-02-11,135.89999389648438,136.38999938964844,133.77000427246094,135.1300048828125,131.38156127929688,64280000
2021-02-12,134.35000610351562,135.52999877929688,133.69000244140625,135.3699951171875,131.6149139404297,60145100
2021-02-16,135.49000549316406,136.00999450683594,132.7899932861328,133.19000244140625,129.49539184570312,80576300
2021-02-17,131.25,132.22000122070312,129.47000122070312,130.83999633789062,127.2105941772461,97918500
2021-02-18,129.1999969482422,130.0,127.41000366210938,129.7100067138672,126.1119155883789,96856700
2021-02-19,130.24000549316406,130.7100067138672,128.8000030517578,129.8699951171875,126.26746368408203,87668800
2021-02-22,128.00999450683594,129.72000122070312,125.5999984741211,126.0,122.50482940673828,103916400
2021-02-23,123.76000213623047,126.70999908447266,118.38999938964844,125.86000061035156,122.36870574951172,158273000
2021-02-24,124.94000244140625,125.55999755859375,122.2300033569336,125.3499984741211,121.87285614013672,111039900
2021-02-25,124.68000030517578,126.45999908447266,120.54000091552734,120.98999786376953,117.6337890625,148199500
2021-02-26,122.58999633789062,124.8499984741211,121.19999694824219,121.26000213623047,117.89631652832031,164560400
2021-03-01,123.75,127.93000030517578,122.79000091552734,127.79000091552734,124.24517059326172,116307900
2021-03-02,128.41000366210938,128.72000122070312,125.01000213623047,125.12000274658203,121.64922332763672,102260900
2021-03-03,124.80999755859375,125.70999908447266,121.83999633789062,122.05999755859375,118.67410278320312,112966300
2021-03-04,121.75,123.5999984741211,118.62000274658203,120.12999725341797,116.79765319824219,178155000
2021-03-05,120.9800033569336,121.94000244140625,117.56999969482422,121.41999816894531,118.05186462402344,153766600
2021-03-08,120.93000030517578,121.0,116.20999908447266,116.36000061035156,113.13224029541016,154376600
2021-03-09,119.02999877929688,122.05999755859375,118.79000091552734,121.08999633789062,117.73102569580078,129525800
2021-03-10,121.69000244140625,122.16999816894531,119.44999694824219,119.9800033569336,116.65181732177734,111943300
2021-03-11,122.54000091552734,123.20999908447266,121.26000213623047,121.95999908447266,118.57687377929688,103026500
2021-03-12,120.4000015258789,121.16999816894531,119.16000366210938,121.02999877929688,117.67266845703125,88105100
2021-03-15,121.41000366210938,124.0,120.41999816894531,123.98999786376953,120.55057525634766,92403800
2021-03-16,125.69999694824219,127.22000122070312,124.72000122070312,125.56999969482422,122.08673858642578,115227900
2021-03-17,124.05000305175781,125.86000061035156,122.33999633789062,124.76000213623047,121.2992172241211,111932600
2021-03-18,122.87999725341797,123.18000030517578,120.31999969482422,120.52999877929688,117.18655395507812,121229700
2021-03-19,119.9000015258789,121.43000030517578,119.68000030517578,119.98999786376953,116.6615219116211,185549500
2021-03-22,120.33000183105469,123.87000274658203,120.26000213623047,123.38999938964844,119.96723175048828,111912300
2021-03-23,123.33000183105469,124.23999786376953,122.13999938964844,122.54000091552734,119.14080047607422,95467100
2021-03-24,122.81999969482422,122.9000015258789,120.06999969482422,120.08999633789062,116.75875854492188,88530500
2021-03-25,119.54000091552734,121.66000366210938,119.0,120.58999633789062,117.24488067626953,98844700
2021-03-26,120.3499984741211,121.4800033569336,118.91999816894531,121.20999908447266,117.84768676757812,94071200
2021-03-29,121.6500015258789,122.58000183105469,120.7300033569336,121.38999938964844,118.02269744873047,80819200
2021-03-30,120.11000061035156,120.4000015258789,118.86000061035156,119.9000015258789,116.57403564453125,85671900
2021-03-31,121.6500015258789,123.5199966430664,121.1500015258789,122.1500015258789,118.76163482666016,118323800
2021-04-01,123.66000366210938,124.18000030517578,122.48999786376953,123.0,119.58804321289062,75089100
2021-04-05,123.87000274658203,126.16000366210938,123.06999969482422,125.9000015258789,122.40760040283203,88651200
2021-04-06,126.5,127.12999725341797,125.6500015258789,126.20999908447266,122.70897674560547,80171300
2021-04-07,125.83000183105469,127.91999816894531,125.13999938964844,127.9000015258789,124.35211944580078,83466700
2021-04-08,128.9499969482422,130.38999938964844,128.52000427246094,130.36000061035156,126.7438735961914,88844600
2021-04-09,129.8000030517578,133.0399932861328,129.47000122070312,133.0,129.31063842773438,106686700
2021-04-12,132.52000427246094,132.85000610351562,130.6300048828125,131.24000549316406,127.59947967529297,91420000
2021-04-13,132.44000244140625,134.66000366210938,131.92999267578125,134.42999267578125,130.70098876953125,91266500
2021-04-14,134.94000244140625,135.0,131.66000366210938,132.02999877929688,128.36753845214844,87222800
2021-04-15,133.82000732421875,135.0,133.63999938964844,134.5,130.76901245117188,89347100
2021-04-16,134.3000030517578,134.6699981689453,133.27999877929688,134.16000366210938,130.4384765625,84922400
2021-04-19,133.50999450683594,135.47000122070312,133.33999633789062,134.83999633789062,131.099609375,94264200
2021-04-20,135.02000427246094,135.52999877929688,131.80999755859375,133.11000061035156,129.41763305664062,94812300
2021-04-21,132.36000061035156,133.75,131.3000030517578,133.5,129.79676818847656,68847100
2021-04-22,133.0399932861328,134.14999389648438,131.41000366210938,131.94000244140625,128.28009033203125,84566500
2021-04-23,132.16000366210938,135.1199951171875,132.16000366210938,134.32000732421875,130.59405517578125,78657500
2021-04-26,134.8300018310547,135.05999755859375,133.55999755859375,134.72000122070312,130.98294067382812,66905100
2021-04-27,135.00999450683594,135.41000366210938,134.11000061035156,134.38999938964844,130.66207885742188,66015800
2021-04-28,134.30999755859375,135.02000427246094,133.0800018310547,133.5800018310547,129.87452697753906,107760100
2021-04-29,136.47000122070312,137.07000732421875,132.4499969482422,133.47999572753906,129.77732849121094,151101000
2021-04-30,131.77999877929688,133.55999755859375,131.07000732421875,131.4600067138672,127.81336212158203,109839500
2021-05-03,132.0399932861328,134.07000732421875,131.8300018310547,132.5399932861328,128.8634033203125,75135100
2021-05-04,131.19000244140625,131.49000549316406,126.69999694824219,127.8499984741211,124.30350494384766,137564700
2021-05-05,129.1999969482422,130.4499969482422,127.97000122070312,128.10000610351562,124.54657745361328,84000900
2021-05-06,127.88999938964844,129.75,127.12999725341797,129.74000549316406,126.14105987548828,78128300
2021-05-07,130.85000610351562,131.25999450683594,129.47999572753906,130.2100067138672,126.81307220458984,78973300
2021-05-10,129.41000366210938,129.5399932861328,126.80999755859375,126.8499984741211,123.54072570800781,88071200
2021-05-11,123.5,126.2699966430664,122.7699966430664,125.91000366210938,122.62525177001953,126142800
2021-05-12,123.4000015258789,124.63999938964844,122.25,122.7699966430664,119.56719207763672,112172300
2021-05-13,124.58000183105469,126.1500015258789,124.26000213623047,124.97000122070312,121.70977783203125,105861300
2021-05-14,126.25,127.88999938964844,125.8499984741211,127.44999694824219,124.12506103515625,81918000
2021-05-17,126.81999969482422,126.93000030517578,125.16999816894531,126.2699966430664,122.97586059570312,74244600
2021-05-18,126.55999755859375,126.98999786376953,124.77999877929688,124.8499984741211,121.59291076660156,63342900
2021-05-19,123.16000366210938,124.91999816894531,122.86000061035156,124.69000244140625,121.4371109008789,92612000
2021-05-20,125.2300033569336,127.72000122070312,125.0999984741211,127.30999755859375,123.98873901367188,76857100
2021-05-21,127.81999969482422,128.0,125.20999908447266,125.43000030517578,122.15776824951172,79295400
2021-05-24,126.01000213623047,127.94000244140625,125.94000244140625,127.0999984741211,123.78419494628906,63092900
2021-05-25,127.81999969482422,128.32000732421875,126.31999969482422,126.9000015258789,123.58943939208984,72009500
2021-05-26,126.95999908447266,127.38999938964844,126.41999816894531,126.8499984741211,123.54072570800781,56575900
2021-05-27,126.44000244140625,127.63999938964844,125.08000183105469,125.27999877929688,122.0116958618164,94625600
2021-05-28,125.56999969482422,125.80000305175781,124.55000305175781,124.61000061035156,121.35917663574219,71311100
2021-06-01,125.08000183105469,125.3499984741211,123.94000244140625,124.27999877929688,121.03776550292969,67637100
2021-06-02,124.27999877929688,125.23999786376953,124.05000305175781,125.05999755859375,121.79741668701172,59278900
2021-06-03,124.68000030517578,124.8499984741211,123.12999725341797,123.54000091552734,120.31710815429688,76229200
2021-06-04,124.06999969482422,126.16000366210938,123.8499984741211,125.88999938964844,122.60577392578125,75169300
2021-06-07,126.16999816894531,126.31999969482422,124.83000183105469,125.9000015258789,122.61551666259766,71057600
2021-06-08,126.5999984741211,128.4600067138672,126.20999908447266,126.73999786376953,123.43359375,74403800
2021-06-09,127.20999908447266,127.75,126.5199966430664,127.12999725341797,123.81343078613281,56877900
2021-06-10,127.0199966430664,128.19000244140625,125.94000244140625,126.11000061035156,122.820068359375,71186400
2021-06-11,126.52999877929688,127.44000244140625,126.0999984741211,127.3499984741211,124.02767944335938,53522400
2021-06-14,127.81999969482422,130.5399932861328,127.06999969482422,130.47999572753906,127.07603454589844,96906500
2021-06-15,129.94000244140625,130.60000610351562,129.38999938964844,129.63999938964844,126.25796508789062,62746300
2021-06-16,130.3699951171875,130.88999938964844,128.4600067138672,130.14999389648438,126.75464630126953,91815000
2021-06-17,129.8000030517578,132.5500030517578,129.64999389648438,131.7899932861328,128.3518524169922,96721700
2021-06-18,130.7100067138672,131.50999450683594,130.24000549316406,130.4600067138672,127.05655670166016,108953300
2021-06-21,130.3000030517578,132.41000366210938,129.2100067138672,132.3000030517578,128.8485565185547,79663300
2021-06-22,132.1300048828125,134.0800018310547,131.6199951171875,133.97999572753906,130.4846954345703,74783600
2021-06-23,133.77000427246094,134.32000732421875,133.22999572753906,133.6999969482422,130.21202087402344,60214200
2021-06-24,134.4499969482422,134.63999938964844,132.92999267578125,133.41000366210938,129.9295654296875,68711000
2021-06-25,133.4600067138672,133.88999938964844,132.80999755859375,133.11000061035156,129.63746643066406,70783700
2021-06-28,133.41000366210938,135.25,133.35000610351562,134.77999877929688,131.26388549804688,62111300
2021-06-29,134.8000030517578,136.49000549316406,134.35000610351562,136.3300018310547,132.77342224121094,64556100
2021-06-30,136.1699981689453,137.41000366210938,135.8699951171875,136.9600067138672,133.38702392578125,63261400
2021-07-01,136.60000610351562,137.3300018310547,135.75999450683594,137.27000427246094,133.6889190673828,52485800
2021-07-02,137.89999389648438,140.0,137.75,139.9600067138672,136.3087615966797,78852600
2021-07-06,140.07000732421875,143.14999389648438,140.07000732421875,142.02000427246094,138.3150177001953,108181800
2021-07-07,143.5399932861328,144.88999938964844,142.66000366210938,144.57000732421875,140.79844665527344,104911600
2021-07-08,141.5800018310547,144.05999755859375,140.6699981689453,143.24000549316406,139.50315856933594,105575500
2021-07-09,142.75,145.64999389648438,142.64999389648438,145.11000061035156,141.32437133789062,99890800
2021-07-12,146.2100067138672,146.32000732421875,144.0,144.5,140.7302703857422,76299700
2021-07-13,144.02999877929688,147.4600067138672,143.6300048828125,145.63999938964844,141.8404998779297,100827100
2021-07-14,148.10000610351562,149.57000732421875,147.67999267578125,149.14999389648438,145.25897216796875,127050800
2021-07-15,149.24000549316406,150.0,147.08999633789062,148.47999572753906,144.60643005371094,106820300
2021-07-16,148.4600067138672,149.75999450683594,145.8800048828125,146.38999938964844,142.5709686279297,93251400
2021-07-19,143.75,144.07000732421875,141.6699981689453,142.4499969482422,138.73373413085938,121434600
2021-07-20,143.4600067138672,147.10000610351562,142.9600067138672,146.14999389648438,142.33721923828125,96350000
2021-07-21,145.52999877929688,146.1300048828125,144.6300048828125,145.39999389648438,141.6067657470703,74993500
2021-07-22,145.94000244140625,148.1999969482422,145.80999755859375,146.8000030517578,142.9702911376953,77338200
2021-07-23,147.5500030517578,148.72000122070312,146.9199981689453,148.55999755859375,144.6843719482422,71447400
2021-07-26,148.27000427246094,149.8300018310547,147.6999969482422,148.99000549316406,145.10313415527344,72434100
2021-07-27,149.1199951171875,149.2100067138672,145.5500030517578,146.77000427246094,142.94105529785156,104818600
2021-07-28,144.80999755859375,146.97000122070312,142.5399932861328,144.97999572753906,141.19775390625,118931200
2021-07-29,144.69000244140625,146.5500030517578,144.5800018310547,145.63999938964844,141.8404998779297,56699500
2021-07-30,144.3800048828125,146.3300018310547,144.11000061035156,145.86000061035156,142.05482482910156,70440600
2021-08-02,146.36000061035156,146.9499969482422,145.25,145.52000427246094,141.72364807128906,62880000
2021-08-03,145.80999755859375,148.0399932861328,145.17999267578125,147.36000061035156,143.51568603515625,64786600
2021-08-04,147.27000427246094,147.7899932861328,146.27999877929688,146.9499969482422,143.11636352539062,56368300
2021-08-05,146.97999572753906,147.83999633789062,146.1699981689453,147.05999755859375,143.22348022460938,46397700
2021-08-06,146.35000610351562,147.11000061035156,145.6300048828125,146.13999938964844,142.54075622558594,54126800
2021-08-09,146.1999969482422,146.6999969482422,145.52000427246094,146.08999633789062,142.4919891357422,48908700
2021-08-10,146.44000244140625,147.7100067138672,145.3000030517578,145.60000610351562,142.01406860351562,69023100
2021-08-11,146.0500030517578,146.72000122070312,145.52999877929688,145.86000061035156,142.2676544189453,48493500
2021-08-12,146.19000244140625,149.0500030517578,145.83999633789062,148.88999938964844,145.22300720214844,72282600
2021-08-13,148.97000122070312,149.44000244140625,148.27000427246094,149.10000610351562,145.42782592773438,59375000
2021-08-16,148.5399932861328,151.19000244140625,146.47000122070312,151.1199951171875,147.3980712890625,103296000
2021-08-17,150.22999572753906,151.67999267578125,149.08999633789062,150.19000244140625,146.49099731445312,92229700
2021-08-18,149.8000030517578,150.72000122070312,146.14999389648438,146.36000061035156,142.75535583496094,86326000
2021-08-19,145.02999877929688,148.0,144.5,146.6999969482422,143.0869598388672,86960300
2021-08-20,147.44000244140625,148.5,146.77999877929688,148.19000244140625,144.54025268554688,60549600
2021-08-23,148.30999755859375,150.19000244140625,147.88999938964844,149.7100067138672,146.02279663085938,60131800
2021-08-24,149.4499969482422,150.86000061035156,149.14999389648438,149.6199951171875,145.93499755859375,48606400
2021-08-25,149.80999755859375,150.32000732421875,147.8000030517578,148.36000061035156,144.7060546875,58991300
2021-08-26,148.35000610351562,149.1199951171875,147.50999450683594,147.5399932861328,143.90626525878906,48597200
2021-08-27,147.47999572753906,148.75,146.8300018310547,148.60000610351562,144.94015502929688,55802400
2021-08-30,149.0,153.49000549316406,148.61000061035156,153.1199951171875,149.3488311767578,90956700
2021-08-31,152.66000366210938,152.8000030517578,151.2899932861328,151.8300018310547,148.0906219482422,86453100
2021-09-01,152.8300018310547,154.97999572753906,152.33999633789062,152.50999450683594,148.75390625,80313700
2021-09-02,153.8699951171875,154.72000122070312,152.39999389648438,153.64999389648438,149.86581420898438,71115500
2021-09-03,153.75999450683594,154.6300048828125,153.08999633789062,154.3000030517578,150.49978637695312,57808700
2021-09-07,154.97000122070312,157.25999450683594,154.38999938964844,156.69000244140625,152.83091735839844,82278300
2021-09-08,156.97999572753906,157.0399932861328,153.97999572753906,155.11000061035156,151.28982543945312,74420200
2021-09-09,155.49000549316406,156.11000061035156,153.9499969482422,154.07000732421875,150.2754364013672,57305700
2021-09-10,155.0,155.47999572753906,148.6999969482422,148.97000122070312,145.30101013183594,140893200
2021-09-13,150.6300048828125,151.4199981689453,148.75,149.5500030517578,145.86676025390625,102404300
2021-09-14,150.35000610351562,151.07000732421875,146.91000366210938,148.1199951171875,144.4719696044922,109296300
2021-09-15,148.55999755859375,149.44000244140625,146.3699951171875,149.02999877929688,145.3595428466797,83281300
2021-09-16,148.44000244140625,148.97000122070312,147.22000122070312,148.7899932861328,145.12548828125,68034100
2021-09-17,148.82000732421875,148.82000732421875,145.75999450683594,146.05999755859375,142.46270751953125,129868800
2021-09-20,143.8000030517578,144.83999633789062,141.27000427246094,142.94000244140625,139.41954040527344,123478900
2021-09-21,143.92999267578125,144.60000610351562,142.77999877929688,143.42999267578125,139.89749145507812,75834000
2021-09-22,144.4499969482422,146.42999267578125,143.6999969482422,145.85000610351562,142.2578887939453,76404300
2021-09-23,146.64999389648438,147.0800018310547,145.63999938964844,146.8300018310547,143.2137451171875,64838200
2021-09-24,145.66000366210938,147.47000122070312,145.55999755859375,146.9199981689453,143.30152893066406,53477900
2021-09-27,145.47000122070312,145.9600067138672,143.82000732421875,145.3699951171875,141.7897186279297,74150700
2021-09-28,143.25,144.75,141.69000244140625,141.91000366210938,138.41493225097656,108972300
2021-09-29,142.47000122070312,144.4499969482422,142.02999877929688,142.8300018310547,139.312255859375,74602000
2021-09-30,143.66000366210938,144.3800048828125,141.27999877929688,141.5,138.0150146484375,89056700
2021-10-01,141.89999389648438,142.9199981689453,139.11000061035156,142.64999389648438,139.1366729736328,94639600
2021-10-04,141.75999450683594,142.2100067138672,138.27000427246094,139.13999938964844,135.713134765625,98322000
2021-10-05,139.49000549316406,142.24000549316406,139.36000061035156,141.11000061035156,137.6346435546875,80861100
2021-10-06,139.47000122070312,142.14999389648438,138.3699951171875,142.0,138.50271606445312,83221100
2021-10-07,143.05999755859375,144.22000122070312,142.72000122070312,143.2899932861328,139.7609405517578,61732700
2021-10-08,144.02999877929688,144.17999267578125,142.55999755859375,142.89999389648438,139.38050842285156,58773200
2021-10-11,142.27000427246094,144.80999755859375,141.80999755859375,142.80999755859375,139.29273986816406,64452200
2021-10-12,143.22999572753906,143.25,141.0399932861328,141.50999450683594,138.02476501464844,73035900
2021-10-13,141.24000549316406,141.39999389648438,139.1999969482422,140.91000366210938,137.4395294189453,78762700
2021-10-14,142.11000061035156,143.8800048828125,141.50999450683594,143.75999450683594,140.21932983398438,69907100
2021-10-15,143.77000427246094,144.89999389648438,143.50999450683594,144.83999633789062,141.2727813720703,67940300
2021-10-18,143.4499969482422,146.83999633789062,143.16000366210938,146.5500030517578,142.94064331054688,85589200
2021-10-19,147.00999450683594,149.1699981689453,146.5500030517578,148.75999450683594,145.09620666503906,76378900
2021-10-20,148.6999969482422,149.75,148.1199951171875,149.25999450683594,145.5839080810547,58418800
2021-10-21,148.80999755859375,149.63999938964844,147.8699951171875,149.47999572753906,145.79844665527344,61421000
2021-10-22,149.69000244140625,150.17999267578125,148.63999938964844,148.69000244140625,145.02792358398438,58883400
2021-10-25,148.67999267578125,149.3699951171875,147.6199951171875,148.63999938964844,144.97915649414062,50720600
2021-10-26,149.3300018310547,150.83999633789062,149.00999450683594,149.32000732421875,145.64244079589844,60893400
2021-10-27,149.36000061035156,149.72999572753906,148.49000549316406,148.85000610351562,145.18397521972656,56094900
2021-10-28,149.82000732421875,153.1699981689453,149.72000122070312,152.57000732421875,148.8123321533203,100077900
2021-10-29,147.22000122070312,149.94000244140625,146.41000366210938,149.8000030517578,146.110595703125,124953200
2021-11-01,148.99000549316406,149.6999969482422,147.8000030517578,148.9600067138672,145.29129028320312,74588300
2021-11-02,148.66000366210938,151.57000732421875,148.64999389648438,150.02000427246094,146.3251953125,69122000
2021-11-03,150.38999938964844,151.97000122070312,149.82000732421875,151.49000549316406,147.7589569091797,54511500
2021-11-04,151.5800018310547,152.42999267578125,150.63999938964844,150.9600067138672,147.2420196533203,60394600
2021-11-05,151.88999938964844,152.1999969482422,150.05999755859375,151.27999877929688,147.7694549560547,65463900
2021-11-08,151.41000366210938,151.57000732421875,150.16000366210938,150.44000244140625,146.94898986816406,55020900
2021-11-09,150.1999969482422,151.42999267578125,150.05999755859375,150.80999755859375,147.31044006347656,56787900
2021-11-10,150.02000427246094,150.1300048828125,147.85000610351562,147.9199981689453,144.48745727539062,65187100
2021-11-11,148.9600067138672,149.42999267578125,147.67999267578125,147.8699951171875,144.4386444091797,41000000
2021-11-12,148.42999267578125,150.39999389648438,147.47999572753906,149.99000549316406,146.50941467285156,63804000
2021-11-15,150.3699951171875,151.8800048828125,149.42999267578125,150.0,146.51919555664062,59222800
2021-11-16,149.94000244140625,151.49000549316406,149.33999633789062,151.0,147.4959716796875,59256200
2021-11-17,151.0,155.0,150.99000549316406,153.49000549316406,149.92820739746094,88807000
2021-11-18,153.7100067138672,158.6699981689453,153.0500030517578,157.8699951171875,154.20655822753906,137827700
2021-11-19,157.64999389648438,161.02000427246094,156.52999877929688,160.5500030517578,156.8244171142578,117305600
2021-11-22,161.67999267578125,165.6999969482422,161.0,161.02000427246094,157.28346252441406,117467900
2021-11-23,161.1199951171875,161.8000030517578,159.05999755859375,161.41000366210938,157.66445922851562,96041900
2021-11-24,160.75,162.13999938964844,159.63999938964844,161.94000244140625,158.18215942382812,69463600
2021-11-26,159.57000732421875,160.4499969482422,156.36000061035156,156.80999755859375,153.17115783691406,76959800
2021-11-29,159.3699951171875,161.19000244140625,158.7899932861328,160.24000549316406,156.52162170410156,88748200
2021-11-30,159.99000549316406,165.52000427246094,159.9199981689453,165.3000030517578,161.46412658691406,174048100
2021-12-01,167.47999572753906,170.3000030517578,164.52999877929688,164.77000427246094,160.94644165039062,152052500
2021-12-02,158.74000549316406,164.1999969482422,157.8000030517578,163.75999450683594,159.95985412597656,136739200
2021-12-03,164.02000427246094,164.9600067138672,159.72000122070312,161.83999633789062,158.08448791503906,118023100
2021-12-06,164.2899932861328,167.8800048828125,164.27999877929688,165.32000732421875,161.48373413085938,107497000
2021-12-07,169.0800018310547,171.5800018310547,168.33999633789062,171.17999267578125,167.2076873779297,120405400
2021-12-08,172.1300048828125,175.9600067138672,170.6999969482422,175.0800018310547,171.01724243164062,116998900
2021-12-09,174.91000366210938,176.75,173.9199981689453,174.55999755859375,170.50927734375,108923700
2021-12-10,175.2100067138672,179.6300048828125,174.69000244140625,179.4499969482422,175.28579711914062,115402700
2021-12-13,181.1199951171875,182.1300048828125,175.52999877929688,175.74000549316406,171.6619110107422,153237000
2021-12-14,175.25,177.74000549316406,172.2100067138672,174.3300018310547,170.28460693359375,139380400
2021-12-15,175.11000061035156,179.5,172.30999755859375,179.3000030517578,175.13925170898438,131063300
2021-12-16,179.27999877929688,181.13999938964844,170.75,172.25999450683594,168.26266479492188,150185800
2021-12-17,169.92999267578125,173.47000122070312,169.69000244140625,171.13999938964844,167.1686248779297,195432700
2021-12-20,168.27999877929688,170.5800018310547,167.4600067138672,169.75,165.81088256835938,107499100
2021-12-21,171.55999755859375,173.1999969482422,169.1199951171875,172.99000549316406,168.97572326660156,91185900
2021-12-22,173.0399932861328,175.86000061035156,172.14999389648438,175.63999938964844,171.56422424316406,92135300
2021-12-23,175.85000610351562,176.85000610351562,175.27000427246094,176.27999877929688,172.18934631347656,68356600
2021-12-27,177.08999633789062,180.4199981689453,177.07000732421875,180.3300018310547,176.1454315185547,74919600
2021-12-28,180.16000366210938,181.3300018310547,178.52999877929688,179.2899932861328,175.1295166015625,79144300
2021-12-29,179.3300018310547,180.6300048828125,178.13999938964844,179.3800048828125,175.2174530029297,62348900
2021-12-30,179.47000122070312,180.57000732421875,178.08999633789062,178.1999969482422,174.06480407714844,59773000
2021-12-31,178.08999633789062,179.22999572753906,177.25999450683594,177.57000732421875,173.4494171142578,64062300
2022-01-03,177.8300018310547,182.8800048828125,177.7100067138672,182.00999450683594,177.78636169433594,104487900
2022-01-04,182.6300048828125,182.94000244140625,179.1199951171875,179.6999969482422,175.52996826171875,99310400
2022-01-05,179.61000061035156,180.1699981689453,174.63999938964844,174.9199981689453,170.8609161376953,94537600
2022-01-06,172.6999969482422,175.3000030517578,171.63999938964844,172.0,168.00868225097656,96904000
2022-01-07,172.88999938964844,174.13999938964844,171.02999877929688,172.1699981689453,168.1747283935547,86709100
2022-01-10,169.0800018310547,172.5,168.1699981689453,172.19000244140625,168.1942901611328,106765600
2022-01-11,172.32000732421875,175.17999267578125,170.82000732421875,175.0800018310547,171.01724243164062,76138300
2022-01-12,176.1199951171875,177.17999267578125,174.82000732421875,175.52999877929688,171.45677185058594,74805200
2022-01-13,175.77999877929688,176.6199951171875,171.7899932861328,172.19000244140625,168.1942901611328,84505800
2022-01-14,171.33999633789062,173.77999877929688,171.08999633789062,173.07000732421875,169.05384826660156,80440800
2022-01-18,171.50999450683594,172.5399932861328,169.41000366210938,169.8000030517578,165.8597412109375,90956700
2022-01-19,170.0,171.0800018310547,165.94000244140625,166.22999572753906,162.37255859375,94815000
2022-01-20,166.97999572753906,169.67999267578125,164.17999267578125,164.50999450683594,160.69247436523438,91420500
2022-01-21,164.4199981689453,166.3300018310547,162.3000030517578,162.41000366210938,158.64122009277344,122848900
2022-01-24,160.02000427246094,162.3000030517578,154.6999969482422,161.6199951171875,157.8695526123047,162294600
2022-01-25,158.97999572753906,162.75999450683594,157.02000427246094,159.77999877929688,156.0722198486328,115798400
2022-01-26,163.5,164.38999938964844,157.82000732421875,159.69000244140625,155.98434448242188,108275300
2022-01-27,162.4499969482422,163.83999633789062,158.27999877929688,159.22000122070312,155.5252227783203,121954600
2022-01-28,165.7100067138672,170.35000610351562,162.8000030517578,170.3300018310547,166.37742614746094,179935700
2022-01-31,170.16000366210938,175.0,169.50999450683594,174.77999877929688,170.7241668701172,115541600
2022-02-01,174.00999450683594,174.83999633789062,172.30999755859375,174.61000061035156,170.55812072753906,86213900
2022-02-02,174.75,175.8800048828125,173.3300018310547,175.83999633789062,171.7595672607422,84914300
2022-02-03,174.47999572753906,176.24000549316406,172.1199951171875,172.89999389648438,168.88780212402344,89418100
2022-02-04,171.67999267578125,174.10000610351562,170.67999267578125,172.38999938964844,168.60418701171875,82465400
2022-02-07,172.86000061035156,173.9499969482422,170.9499969482422,171.66000366210938,167.8902130126953,77251200
2022-02-08,171.72999572753906,175.35000610351562,171.42999267578125,174.8300018310547,170.99057006835938,74829200
2022-02-09,176.0500030517578,176.64999389648438,174.89999389648438,176.27999877929688,172.40872192382812,71285000
2022-02-10,174.13999938964844,175.47999572753906,171.5500030517578,172.1199951171875,168.340087890625,90865900
2022-02-11,172.3300018310547,173.0800018310547,168.0399932861328,168.63999938964844,164.93653869628906,98670700
2022-02-14,167.3699951171875,169.5800018310547,166.55999755859375,168.8800048828125,165.17124938964844,86185500
2022-02-15,170.97000122070312,172.9499969482422,170.25,172.7899932861328,168.99539184570312,62527400
2022-02-16,171.85000610351562,173.33999633789062,170.0500030517578,172.5500030517578,168.76068115234375,61177400
2022-02-17,171.02999877929688,171.91000366210938,168.47000122070312,168.8800048828125,165.17124938964844,69589300
2022-02-18,169.82000732421875,170.5399932861328,166.19000244140625,167.3000030517578,163.62596130371094,82772700
2022-02-22,164.97999572753906,166.69000244140625,162.14999389648438,164.32000732421875,160.71141052246094,91162800
2022-02-23,165.5399932861328,166.14999389648438,159.75,160.07000732421875,156.55474853515625,90009200
2022-02-24,152.5800018310547,162.85000610351562,152.0,162.74000549316406,159.1660919189453,141147500
2022-02-25,163.83999633789062,165.1199951171875,160.8699951171875,164.85000610351562,161.229736328125,91974200
2022-02-28,163.05999755859375,165.4199981689453,162.42999267578125,165.1199951171875,161.49380493164062,95056600
2022-03-01,164.6999969482422,166.60000610351562,161.97000122070312,163.1999969482422,159.61598205566406,83474400
2022-03-02,164.38999938964844,167.36000061035156,162.9499969482422,166.55999755859375,162.9022216796875,79724800
2022-03-03,168.47000122070312,168.91000366210938,165.5500030517578,166.22999572753906,162.57943725585938,76678400
2022-03-04,164.49000549316406,165.5500030517578,162.10000610351562,163.1699981689453,159.5866241455078,83737200
2022-03-07,163.36000061035156,165.02000427246094,159.0399932861328,159.3000030517578,155.80166625976562,96418800
2022-03-08,158.82000732421875,162.8800048828125,155.8000030517578,157.44000244140625,153.98248291015625,131148300
2022-03-09,161.47999572753906,163.41000366210938,159.41000366210938,162.9499969482422,159.37147521972656,91454900
2022-03-10,160.1999969482422,160.38999938964844,155.97999572753906,158.52000427246094,155.03878784179688,105342000
2022-03-11,158.92999267578125,159.27999877929688,154.5,154.72999572753906,151.3319854736328,96970100
2022-03-14,151.4499969482422,154.1199951171875,150.10000610351562,150.6199951171875,147.31224060058594,108732100
2022-03-15,150.89999389648438,155.57000732421875,150.3800048828125,155.08999633789062,151.68409729003906,92964300
2022-03-16,157.0500030517578,160.0,154.4600067138672,159.58999633789062,156.08526611328125,102300200
2022-03-17,158.61000061035156,161.0,157.6300048828125,160.6199951171875,157.09263610839844,75615400
2022-03-18,160.50999450683594,164.47999572753906,159.75999450683594,163.97999572753906,160.3788604736328,123511700
2022-03-21,163.50999450683594,166.35000610351562,163.00999450683594,165.3800048828125,161.7481231689453,95811400
2022-03-22,165.50999450683594,169.4199981689453,164.91000366210938,168.82000732421875,165.11257934570312,81532000
2022-03-23,167.99000549316406,172.63999938964844,167.64999389648438,170.2100067138672,166.4720458984375,98062700
2022-03-24,171.05999755859375,174.13999938964844,170.2100067138672,174.07000732421875,170.24725341796875,90131400
2022-03-25,173.8800048828125,175.27999877929688,172.75,174.72000122070312,170.8829803466797,80546200
2022-03-28,172.1699981689453,175.72999572753906,172.0,175.60000610351562,171.74368286132812,90371900
2022-03-29,176.69000244140625,179.00999450683594,176.33999633789062,178.9600067138672,175.0299072265625,100589400
2022-03-30,178.5500030517578,179.61000061035156,176.6999969482422,177.77000427246094,173.86599731445312,92633200
2022-03-31,177.83999633789062,178.02999877929688,174.39999389648438,174.61000061035156,170.77540588378906,103049300
2022-04-01,174.02999877929688,174.8800048828125,171.94000244140625,174.30999755859375,170.4820556640625,78751300
2022-04-04,174.57000732421875,178.49000549316406,174.44000244140625,178.44000244140625,174.5213165283203,76468400
2022-04-05,177.5,178.3000030517578,174.4199981689453,175.05999755859375,171.21554565429688,73401800
2022-04-06,172.36000061035156,173.6300048828125,170.1300048828125,171.8300018310547,168.05650329589844,89058800
2022-04-07,171.16000366210938,173.36000061035156,169.85000610351562,172.13999938964844,168.3596954345703,77594700
2022-04-08,171.77999877929688,171.77999877929688,169.1999969482422,170.08999633789062,166.3546600341797,76575500
2022-04-11,168.7100067138672,169.02999877929688,165.5,165.75,162.11000061035156,72246700
2022-04-12,168.02000427246094,169.8699951171875,166.63999938964844,167.66000366210938,163.97808837890625,79265200
2022-04-13,167.38999938964844,171.0399932861328,166.77000427246094,170.39999389648438,166.6578826904297,70618900
2022-04-14,170.6199951171875,171.27000427246094,165.0399932861328,165.2899932861328,161.66009521484375,75329400
2022-04-18,163.9199981689453,166.60000610351562,163.57000732421875,165.07000732421875,161.44493103027344,69023900
2022-04-19,165.02000427246094,167.82000732421875,163.91000366210938,167.39999389648438,163.7237548828125,67723800
2022-04-20,168.75999450683594,168.8800048828125,166.10000610351562,167.22999572753906,163.55747985839844,67929800
2022-04-21,168.91000366210938,171.52999877929688,165.91000366210938,166.4199981689453,162.76531982421875,87227800
2022-04-22,166.4600067138672,167.8699951171875,161.5,161.7899932861328,158.2369384765625,84882400
2022-04-25,161.1199951171875,163.1699981689453,158.4600067138672,162.8800048828125,159.30300903320312,96046400
2022-04-26,162.25,162.33999633789062,156.72000122070312,156.8000030517578,153.35655212402344,95623200
2022-04-27,155.91000366210938,159.7899932861328,155.3800048828125,156.57000732421875,153.13157653808594,88063200
2022-04-28,159.25,164.52000427246094,158.92999267578125,163.63999938964844,160.04632568359375,130216800
2022-04-29,161.83999633789062,166.1999969482422,157.25,157.64999389648438,154.18783569335938,131747600
2022-05-02,156.7100067138672,158.22999572753906,153.27000427246094,157.9600067138672,154.49107360839844,123055300
2022-05-03,158.14999389648438,160.7100067138672,156.32000732421875,159.47999572753906,155.97767639160156,88966500
2022-05-04,159.6699981689453,166.47999572753906,159.25999450683594,166.02000427246094,162.3740692138672,108256500
2022-05-05,163.85000610351562,164.0800018310547,154.9499969482422,156.77000427246094,153.32720947265625,130525300
2022-05-06,156.00999450683594,159.44000244140625,154.17999267578125,157.27999877929688,154.05198669433594,116124600
2022-05-09,154.92999267578125,155.8300018310547,151.49000549316406,152.05999755859375,148.9391632080078,131577900
2022-05-10,155.52000427246094,156.74000549316406,152.92999267578125,154.50999450683594,151.3388671875,115366700
2022-05-11,153.5,155.4499969482422,145.80999755859375,146.5,143.49330139160156,142689800
2022-05-12,142.77000427246094,146.1999969482422,138.8000030517578,142.55999755859375,139.63412475585938,182602000
2022-05-13,144.58999633789062,148.10000610351562,143.11000061035156,147.11000061035156,144.0907440185547,113990900
2022-05-16,145.5500030517578,147.52000427246094,144.17999267578125,145.5399932861328,142.5529327392578,86643800
2022-05-17,148.86000061035156,149.77000427246094,146.67999267578125,149.24000549316406,146.1770477294922,78336300
2022-05-18,146.85000610351562,147.36000061035156,139.89999389648438,140.82000732421875,137.92984008789062,109742900
2022-05-19,139.8800048828125,141.66000366210938,136.60000610351562,137.35000610351562,134.5310516357422,136095600
2022-05-20,139.08999633789062,140.6999969482422,132.61000061035156,137.58999633789062,134.76611328125,137426100
2022-05-23,137.7899932861328,143.25999450683594,137.64999389648438,143.11000061035156,140.17282104492188,117726300
2022-05-24,140.80999755859375,141.97000122070312,137.3300018310547,140.36000061035156,137.47926330566406,104132700
2022-05-25,138.42999267578125,141.7899932861328,138.33999633789062,140.52000427246094,137.635986328125,92482700
2022-05-26,137.38999938964844,144.33999633789062,137.13999938964844,143.77999877929688,140.82908630371094,90601500
2022-05-27,145.38999938964844,149.67999267578125,145.25999450683594,149.63999938964844,146.5688018798828,90978500
2022-05-31,149.07000732421875,150.66000366210938,146.83999633789062,148.83999633789062,145.78524780273438,103718400
2022-06-01,149.89999389648438,151.74000549316406,147.67999267578125,148.7100067138672,145.6578826904297,74286600
2022-06-02,147.8300018310547,151.27000427246094,146.86000061035156,151.2100067138672,148.10655212402344,72348100
2022-06-03,146.89999389648438,147.97000122070312,144.4600067138672,145.3800048828125,142.39625549316406,88570300
2022-06-06,147.02999877929688,148.57000732421875,144.89999389648438,146.13999938964844,143.14060974121094,71598400
2022-06-07,144.35000610351562,149.0,144.10000610351562,148.7100067138672,145.6578826904297,67808200
2022-06-08,148.5800018310547,149.8699951171875,147.4600067138672,147.9600067138672,144.92332458496094,53950200
2022-06-09,147.0800018310547,147.9499969482422,142.52999877929688,142.63999938964844,139.71246337890625,69473000
2022-06-10,140.27999877929688,140.75999450683594,137.05999755859375,137.1300048828125,134.31556701660156,91437900
2022-06-13,132.8699951171875,135.1999969482422,131.44000244140625,131.8800048828125,129.17335510253906,122207100
2022-06-14,133.1300048828125,133.88999938964844,131.47999572753906,132.75999450683594,130.0352325439453,84784300
2022-06-15,134.2899932861328,137.33999633789062,132.16000366210938,135.42999267578125,132.6504364013672,91533000
2022-06-16,132.0800018310547,132.38999938964844,129.0399932861328,130.05999755859375,127.39069366455078,108123900
2022-06-17,130.07000732421875,133.0800018310547,129.80999755859375,131.55999755859375,128.85986328125,134520300
2022-06-21,133.4199981689453,137.05999755859375,133.32000732421875,135.8699951171875,133.08140563964844,81000500
2022-06-22,134.7899932861328,137.75999450683594,133.91000366210938,135.35000610351562,132.57212829589844,73409200
2022-06-23,136.82000732421875,138.58999633789062,135.6300048828125,138.27000427246094,135.43215942382812,72433800
2022-06-24,139.89999389648438,141.91000366210938,139.77000427246094,141.66000366210938,138.75259399414062,89116800
2022-06-27,142.6999969482422,143.49000549316406,140.97000122070312,141.66000366210938,138.75259399414062,70207900
2022-06-28,142.1300048828125,143.4199981689453,137.32000732421875,137.44000244140625,134.61924743652344,67083400
2022-06-29,137.4600067138672,140.6699981689453,136.6699981689453,139.22999572753906,136.3724822998047,66242400
2022-06-30,137.25,138.3699951171875,133.77000427246094,136.72000122070312,133.91397094726562,98964500
2022-07-01,136.0399932861328,139.0399932861328,135.66000366210938,138.92999267578125,136.07862854003906,71051600
2022-07-05,137.77000427246094,141.61000061035156,136.92999267578125,141.55999755859375,138.65464782714844,73353800
2022-07-06,141.35000610351562,144.1199951171875,141.0800018310547,142.9199981689453,139.9866943359375,74064300
2022-07-07,143.2899932861328,146.5500030517578,143.27999877929688,146.35000610351562,143.3463897705078,66253700
2022-07-08,145.25999450683594,147.5500030517578,145.0,147.0399932861328,144.02215576171875,64547800
2022-07-11,145.6699981689453,146.63999938964844,143.77999877929688,144.8699951171875,141.89674377441406,63141600
2022-07-12,145.75999450683594,148.4499969482422,145.0500030517578,145.86000061035156,142.8663787841797,77588800
2022-07-13,142.99000549316406,146.4499969482422,142.1199951171875,145.49000549316406,142.5039825439453,71185600
2022-07-14,144.0800018310547,148.9499969482422,143.25,148.47000122070312,145.42283630371094,78140700
2022-07-15,149.77999877929688,150.86000061035156,148.1999969482422,150.1699981689453,147.0879364013672,76259900
2022-07-18,150.74000549316406,151.57000732421875,146.6999969482422,147.07000732421875,144.0515899658203,81420900
2022-07-19,147.9199981689453,151.22999572753906,146.91000366210938,151.0,147.90089416503906,82982400
2022-07-20,151.1199951171875,153.72000122070312,150.3699951171875,153.0399932861328,149.89901733398438,64823400
2022-07-21,154.5,155.57000732421875,151.94000244140625,155.35000610351562,152.16162109375,65086600
2022-07-22,155.38999938964844,156.27999877929688,153.41000366210938,154.08999633789062,150.927490234375,66675400
2022-07-25,154.00999450683594,155.0399932861328,152.27999877929688,152.9499969482422,149.8109130859375,53623900
2022-07-26,152.25999450683594,153.08999633789062,150.8000030517578,151.60000610351562,148.48861694335938,55138700
2022-07-27,152.5800018310547,157.3300018310547,152.16000366210938,156.7899932861328,153.57205200195312,78620700
2022-07-28,156.97999572753906,157.63999938964844,154.41000366210938,157.35000610351562,154.12057495117188,81378700
2022-07-29,161.24000549316406,163.6300048828125,159.5,162.50999450683594,159.1746368408203,101786900
2022-08-01,161.00999450683594,163.58999633789062,160.88999938964844,161.50999450683594,158.19520568847656,67829400
2022-08-02,160.10000610351562,162.41000366210938,159.6300048828125,160.00999450683594,156.72601318359375,59907000
2022-08-03,160.83999633789062,166.58999633789062,160.75,166.1300048828125,162.72035217285156,82507500
2022-08-04,166.00999450683594,167.19000244140625,164.42999267578125,165.80999755859375,162.4069366455078,55474100
2022-08-05,163.2100067138672,165.85000610351562,163.0,165.35000610351562,162.18133544921875,56697000
2022-08-08,166.3699951171875,167.80999755859375,164.1999969482422,164.8699951171875,161.71055603027344,60276900
2022-08-09,164.02000427246094,165.82000732421875,163.25,164.9199981689453,161.7595977783203,63135500
2022-08-10,167.67999267578125,169.33999633789062,166.89999389648438,169.24000549316406,165.99681091308594,70170500
2022-08-11,170.05999755859375,170.99000549316406,168.19000244140625,168.49000549316406,165.26116943359375,57149200
2022-08-12,169.82000732421875,172.1699981689453,169.39999389648438,172.10000610351562,168.802001953125,68039400
2022-08-15,171.52000427246094,173.38999938964844,171.35000610351562,173.19000244140625,169.87109375,54091700
2022-08-16,172.77999877929688,173.7100067138672,171.66000366210938,173.02999877929688,169.7141876220703,56377100
2022-08-17,172.77000427246094,176.14999389648438,172.57000732421875,174.5500030517578,171.2050323486328,79542000
2022-08-18,173.75,174.89999389648438,173.1199951171875,174.14999389648438,170.81271362304688,62290100
2022-08-19,173.02999877929688,173.74000549316406,171.30999755859375,171.52000427246094,168.23313903808594,70346300
2022-08-22,169.69000244140625,169.86000061035156,167.13999938964844,167.57000732421875,164.35877990722656,69026800
2022-08-23,167.0800018310547,168.7100067138672,166.64999389648438,167.22999572753906,164.0253143310547,54147100
2022-08-24,167.32000732421875,168.11000061035156,166.25,167.52999877929688,164.31956481933594,53841500
2022-08-25,168.77999877929688,170.13999938964844,168.35000610351562,170.02999877929688,166.7716522216797,51218200
2022-08-26,170.57000732421875,171.0500030517578,163.55999755859375,163.6199951171875,160.4844970703125,78961000
2022-08-29,161.14999389648438,162.89999389648438,159.82000732421875,161.3800048828125,158.28741455078125,73314000
2022-08-30,162.1300048828125,162.55999755859375,157.72000122070312,158.91000366210938,155.86474609375,77906200
2022-08-31,160.30999755859375,160.5800018310547,157.13999938964844,157.22000122070312,154.20712280273438,87991100
2022-09-01,156.63999938964844,158.4199981689453,154.6699981689453,157.9600067138672,154.9329833984375,74229900
2022-09-02,159.75,160.36000061035156,154.97000122070312,155.80999755859375,152.82415771484375,76957800
2022-09-06,156.47000122070312,157.08999633789062,153.69000244140625,154.52999877929688,151.56869506835938,73714800
2022-09-07,154.82000732421875,156.6699981689453,153.61000061035156,155.9600067138672,152.9713134765625,87449600
2022-09-08,154.63999938964844,156.36000061035156,152.67999267578125,154.4600067138672,151.5000457763672,84923800
2022-09-09,155.47000122070312,157.82000732421875,154.75,157.3699951171875,154.35426330566406,68028800
2022-09-12,159.58999633789062,164.25999450683594,159.3000030517578,163.42999267578125,160.29811096191406,104956000
2022-09-13,159.89999389648438,160.5399932861328,153.3699951171875,153.83999633789062,150.89190673828125,122656600
2022-09-14,154.7899932861328,157.10000610351562,153.61000061035156,155.30999755859375,152.33372497558594,87965400
2022-09-15,154.64999389648438,155.24000549316406,151.3800048828125,152.3699951171875,149.4501190185547,90481100
2022-09-16,151.2100067138672,151.35000610351562,148.3699951171875,150.6999969482422,147.8120880126953,162278800
2022-09-19,149.30999755859375,154.55999755859375,149.10000610351562,154.47999572753906,151.5196533203125,81474200
2022-09-20,153.39999389648438,158.0800018310547,153.0800018310547,156.89999389648438,153.89328002929688,107689800
2022-09-21,157.33999633789062,158.74000549316406,153.60000610351562,153.72000122070312,150.77423095703125,101696800
2022-09-22,152.3800048828125,154.47000122070312,150.91000366210938,152.74000549316406,149.81301879882812,86652500
2022-09-23,151.19000244140625,151.47000122070312,148.55999755859375,150.42999267578125,147.5472412109375,96029900
2022-09-26,149.66000366210938,153.77000427246094,149.63999938964844,150.77000427246094,147.88075256347656,93339400
2022-09-27,152.74000549316406,154.72000122070312,149.9499969482422,151.75999450683594,148.85174560546875,84442700
2022-09-28,147.63999938964844,150.63999938964844,144.83999633789062,149.83999633789062,146.96856689453125,146691400
2022-09-29,146.10000610351562,146.72000122070312,140.67999267578125,142.47999572753906,139.74961853027344,128138200
2022-09-30,141.27999877929688,143.10000610351562,138.0,138.1999969482422,135.55160522460938,124925300
2022-10-03,138.2100067138672,143.07000732421875,137.69000244140625,142.4499969482422,139.72019958496094,114311700
2022-10-04,145.02999877929688,146.22000122070312,144.25999450683594,146.10000610351562,143.30023193359375,87830100
2022-10-05,144.07000732421875,147.3800048828125,143.00999450683594,146.39999389648438,143.59446716308594,79471000
2022-10-06,145.80999755859375,147.5399932861328,145.22000122070312,145.42999267578125,142.64306640625,68402200
2022-10-07,142.5399932861328,143.10000610351562,139.4499969482422,140.08999633789062,137.4053955078125,85925600
2022-10-10,140.4199981689453,141.88999938964844,138.57000732421875,140.4199981689453,137.7290802001953,74899000
2022-10-11,139.89999389648438,141.35000610351562,138.22000122070312,138.97999572753906,136.31666564941406,77033700
2022-10-12,139.1300048828125,140.36000061035156,138.16000366210938,138.33999633789062,135.68896484375,70433700
2022-10-13,134.99000549316406,143.58999633789062,134.3699951171875,142.99000549316406,140.24981689453125,113224000
2022-10-14,144.30999755859375,144.52000427246094,138.19000244140625,138.3800048828125,135.72816467285156,88598000
2022-10-17,141.07000732421875,142.89999389648438,140.27000427246094,142.41000366210938,139.68092346191406,85250900
2022-10-18,145.49000549316406,146.6999969482422,140.61000061035156,143.75,140.9952850341797,99136600
2022-10-19,141.69000244140625,144.9499969482422,141.5,143.86000061035156,141.1031951904297,61758300
2022-10-20,143.02000427246094,145.88999938964844,142.64999389648438,143.38999938964844,140.64215087890625,64522000
2022-10-21,142.8699951171875,147.85000610351562,142.64999389648438,147.27000427246094,144.44784545898438,86548600
2022-10-24,147.19000244140625,150.22999572753906,146.0,149.4499969482422,146.58602905273438,75981900
2022-10-25,150.08999633789062,152.49000549316406,149.36000061035156,152.33999633789062,149.420654296875,74732300
2022-10-26,150.9600067138672,151.99000549316406,148.0399932861328,149.35000610351562,146.48794555664062,88194300
2022-10-27,148.07000732421875,149.0500030517578,144.1300048828125,144.8000030517578,142.02517700195312,109180200
2022-10-28,148.1999969482422,157.5,147.82000732421875,155.74000549316406,152.75550842285156,164762400
2022-10-31,153.16000366210938,154.24000549316406,151.9199981689453,153.33999633789062,150.4014892578125,97943200
2022-11-01,155.0800018310547,155.4499969482422,149.1300048828125,150.64999389648438,147.76304626464844,80379300
2022-11-02,148.9499969482422,152.1699981689453,145.0,145.02999877929688,142.250732421875,93604600
2022-11-03,142.05999755859375,142.8000030517578,138.75,138.8800048828125,136.21861267089844,97918500
2022-11-04,142.08999633789062,142.6699981689453,134.3800048828125,138.3800048828125,135.95335388183594,140814800
2022-11-07,137.11000061035156,139.14999389648438,135.6699981689453,138.9199981689453,136.48388671875,83374600
2022-11-08,140.41000366210938,141.42999267578125,137.49000549316406,139.5,137.05368041992188,89908500
2022-11-09,138.5,138.5500030517578,134.58999633789062,134.8699951171875,132.50489807128906,74917800
2022-11-10,141.24000549316406,146.8699951171875,139.5,146.8699951171875,144.29441833496094,118854000
2022-11-11,145.82000732421875,150.00999450683594,144.3699951171875,149.6999969482422,147.07481384277344,93979700
2022-11-14,148.97000122070312,150.27999877929688,147.42999267578125,148.27999877929688,145.6797332763672,73374100
2022-11-15,152.22000122070312,153.58999633789062,148.55999755859375,150.0399932861328,147.4088592529297,89868300
2022-11-16,149.1300048828125,149.8699951171875,147.2899932861328,148.7899932861328,146.1807861328125,64218300
2022-11-17,146.42999267578125,151.47999572753906,146.14999389648438,150.72000122070312,148.0769500732422,80389400
2022-11-18,152.30999755859375,152.6999969482422,149.97000122070312,151.2899932861328,148.63693237304688,74829600
2022-11-21,150.16000366210938,150.3699951171875,147.72000122070312,148.00999450683594,145.41445922851562,58724100
2022-11-22,148.1300048828125,150.4199981689453,146.92999267578125,150.17999267578125,147.54640197753906,51804100
2022-11-23,149.4499969482422,151.8300018310547,149.33999633789062,151.07000732421875,148.42083740234375,58301400
2022-11-25,148.30999755859375,148.8800048828125,147.1199951171875,148.11000061035156,145.51268005371094,35195900
2022-11-28,145.13999938964844,146.63999938964844,143.3800048828125,144.22000122070312,141.69091796875,69246000
2022-11-29,144.2899932861328,144.80999755859375,140.35000610351562,141.1699981689453,138.6944122314453,83763800
2022-11-30,141.39999389648438,148.72000122070312,140.5500030517578,148.02999877929688,145.43409729003906,111380900
2022-12-01,148.2100067138672,149.1300048828125,146.61000061035156,148.30999755859375,145.709228515625,71250400
2022-12-02,145.9600067138672,148.0,145.64999389648438,147.80999755859375,145.2179412841797,65447400
2022-12-05,147.77000427246094,150.9199981689453,145.77000427246094,146.6300048828125,144.0586395263672,68826400
2022-12-06,147.07000732421875,147.3000030517578,141.9199981689453,142.91000366210938,140.40391540527344,64727200
2022-12-07,142.19000244140625,143.3699951171875,140.0,140.94000244140625,138.4684600830078,69721100
2022-12-08,142.36000061035156,143.52000427246094,141.10000610351562,142.64999389648438,140.14842224121094,62128300
2022-12-09,142.33999633789062,145.57000732421875,140.89999389648438,142.16000366210938,139.66705322265625,76097000
2022-12-12,142.6999969482422,144.5,141.05999755859375,144.49000549316406,141.9561767578125,70462700
2022-12-13,149.5,149.97000122070312,144.24000549316406,145.47000122070312,142.9190216064453,93886200
2022-12-14,145.35000610351562,146.66000366210938,141.16000366210938,143.2100067138672,140.69862365722656,82291200
2022-12-15,141.11000061035156,141.8000030517578,136.02999877929688,136.5,134.10630798339844,98931900
2022-12-16,136.69000244140625,137.64999389648438,133.72999572753906,134.50999450683594,132.15121459960938,160156900
2022-12-19,135.11000061035156,135.1999969482422,131.32000732421875,132.3699951171875,130.04873657226562,79592600
2022-12-20,131.38999938964844,133.25,129.88999938964844,132.3000030517578,129.97996520996094,77432800
2022-12-21,132.97999572753906,136.80999755859375,132.75,135.4499969482422,133.07473754882812,85928000
2022-12-22,134.35000610351562,134.55999755859375,130.3000030517578,132.22999572753906,129.9111785888672,77852100
2022-12-23,130.9199981689453,132.4199981689453,129.63999938964844,131.86000061035156,129.54769897460938,63814900
2022-12-27,131.3800048828125,131.41000366210938,128.72000122070312,130.02999877929688,127.7497329711914,69007800
2022-12-28,129.6699981689453,131.02999877929688,125.87000274658203,126.04000091552734,123.8297348022461,85438400
2022-12-29,127.98999786376953,130.47999572753906,127.7300033569336,129.61000061035156,127.33712005615234,75703700
2022-12-30,128.41000366210938,129.9499969482422,127.43000030517578,129.92999267578125,127.65151977539062,77034200
2023-01-03,130.27999877929688,130.89999389648438,124.16999816894531,125.06999969482422,122.87674713134766,112117500
2023-01-04,126.88999938964844,128.66000366210938,125.08000183105469,126.36000061035156,124.14411926269531,89113600
2023-01-05,127.12999725341797,127.7699966430664,124.76000213623047,125.0199966430664,122.8276138305664,80962700
2023-01-06,126.01000213623047,130.2899932861328,124.88999938964844,129.6199951171875,127.34695434570312,87754700
2023-01-09,130.47000122070312,133.41000366210938,129.88999938964844,130.14999389648438,127.86766052246094,70790800
2023-01-10,130.25999450683594,131.25999450683594,128.1199951171875,130.72999572753906,128.43746948242188,63896200
2023-01-11,131.25,133.50999450683594,130.4600067138672,133.49000549316406,131.14910888671875,69458900
2023-01-12,133.8800048828125,134.25999450683594,131.44000244140625,133.41000366210938,131.0704803466797,71379600
2023-01-13,132.02999877929688,134.9199981689453,131.66000366210938,134.75999450683594,132.3967742919922,57809700
2023-01-17,134.8300018310547,137.2899932861328,134.1300048828125,135.94000244140625,133.55612182617188,63646600
2023-01-18,136.82000732421875,138.61000061035156,135.02999877929688,135.2100067138672,132.83889770507812,69672800
2023-01-19,134.0800018310547,136.25,133.77000427246094,135.27000427246094,132.8979034423828,58280400
2023-01-20,135.27999877929688,138.02000427246094,134.22000122070312,137.8699951171875,135.4522705078125,80223600
2023-01-23,138.1199951171875,143.32000732421875,137.89999389648438,141.11000061035156,138.63548278808594,81760300
2023-01-24,140.30999755859375,143.16000366210938,140.3000030517578,142.52999877929688,140.0305633544922,66435100
2023-01-25,140.88999938964844,142.42999267578125,138.80999755859375,141.86000061035156,139.37232971191406,65799300
2023-01-26,143.1699981689453,144.25,141.89999389648438,143.9600067138672,141.4355010986328,54105100
2023-01-27,143.16000366210938,147.22999572753906,143.0800018310547,145.92999267578125,143.3709716796875,70555800
2023-01-30,144.9600067138672,145.5500030517578,142.85000610351562,143.0,140.49234008789062,64015300
2023-01-31,142.6999969482422,144.33999633789062,142.27999877929688,144.2899932861328,141.7596893310547,65874500
2023-02-01,143.97000122070312,146.61000061035156,141.32000732421875,145.42999267578125,142.87969970703125,77663600
2023-02-02,148.89999389648438,151.17999267578125,148.1699981689453,150.82000732421875,148.17520141601562,118339000
2023-02-03,148.02999877929688,157.3800048828125,147.8300018310547,154.5,151.79066467285156,154357300
2023-02-06,152.57000732421875,153.10000610351562,150.77999877929688,151.72999572753906,149.06924438476562,69858300
2023-02-07,150.63999938964844,155.22999572753906,150.63999938964844,154.64999389648438,151.9380340576172,83322600
2023-02-08,153.8800048828125,154.5800018310547,151.1699981689453,151.9199981689453,149.25587463378906,64120100
2023-02-09,153.77999877929688,154.3300018310547,150.4199981689453,150.8699951171875,148.22430419921875,56007100
2023-02-10,149.4600067138672,151.33999633789062,149.22000122070312,151.00999450683594,148.58839416503906,57450700
2023-02-13,150.9499969482422,154.25999450683594,150.9199981689453,153.85000610351562,151.3828125,62199000
2023-02-14,152.1199951171875,153.77000427246094,150.86000061035156,153.1999969482422,150.74325561523438,61707600
2023-02-15,153.11000061035156,155.5,152.8800048828125,155.3300018310547,152.83909606933594,65573800
2023-02-16,153.50999450683594,156.3300018310547,153.35000610351562,153.7100067138672,151.24505615234375,68167900
2023-02-17,152.35000610351562,153.0,150.85000610351562,152.5500030517578,150.10366821289062,59144100
2023-02-21,150.1999969482422,151.3000030517578,148.41000366210938,148.47999572753906,146.0989532470703,58867200
2023-02-22,148.8699951171875,149.9499969482422,147.16000366210938,148.91000366210938,146.52203369140625,51011300
2023-02-23,150.08999633789062,150.33999633789062,147.24000549316406,149.39999389648438,147.00418090820312,48394200
2023-02-24,147.11000061035156,147.19000244140625,145.72000122070312,146.7100067138672,144.3573455810547,55469600
2023-02-27,147.7100067138672,149.1699981689453,147.4499969482422,147.9199981689453,145.5478973388672,44998500
2023-02-28,147.0500030517578,149.0800018310547,146.8300018310547,147.41000366210938,145.04611206054688,50547000
2023-03-01,146.8300018310547,147.22999572753906,145.00999450683594,145.30999755859375,142.97976684570312,55479000
2023-03-02,144.3800048828125,146.7100067138672,143.89999389648438,145.91000366210938,143.57015991210938,52238100
2023-03-03,148.0399932861328,151.11000061035156,147.3300018310547,151.02999877929688,148.60804748535156,70732300
2023-03-06,153.7899932861328,156.3000030517578,153.4600067138672,153.8300018310547,151.3631591796875,87558000
2023-03-07,153.6999969482422,154.02999877929688,151.1300048828125,151.60000610351562,149.16893005371094,56182000
2023-03-08,152.80999755859375,153.47000122070312,151.8300018310547,152.8699951171875,150.41854858398438,47204800
2023-03-09,153.55999755859375,154.5399932861328,150.22999572753906,150.58999633789062,148.17510986328125,53833600
2023-03-10,150.2100067138672,150.94000244140625,147.61000061035156,148.5,146.11863708496094,68572400
2023-03-13,147.80999755859375,153.13999938964844,147.6999969482422,150.47000122070312,148.0570526123047,84457100
2023-03-14,151.27999877929688,153.39999389648438,150.10000610351562,152.58999633789062,150.14303588867188,73695900
2023-03-15,151.19000244140625,153.25,149.9199981689453,152.99000549316406,150.53663635253906,77167900
2023-03-16,152.16000366210938,156.4600067138672,151.63999938964844,155.85000610351562,153.3507537841797,76161100
2023-03-17,156.0800018310547,156.74000549316406,154.27999877929688,155.0,152.514404296875,98944600
2023-03-20,155.07000732421875,157.82000732421875,154.14999389648438,157.39999389648438,154.8759002685547,73641400
2023-03-21,157.32000732421875,159.39999389648438,156.5399932861328,159.27999877929688,156.72576904296875,73938300
2023-03-22,159.3000030517578,162.13999938964844,157.80999755859375,157.8300018310547,155.2989959716797,75701800
2023-03-23,158.8300018310547,161.5500030517578,157.67999267578125,158.92999267578125,156.38136291503906,67622100
2023-03-24,158.86000061035156,160.33999633789062,157.85000610351562,160.25,157.6802215576172,59196500
2023-03-27,159.94000244140625,160.77000427246094,157.8699951171875,158.27999877929688,155.7417755126953,52390300
2023-03-28,157.97000122070312,158.49000549316406,155.97999572753906,157.64999389648438,155.12185668945312,45992200
2023-03-29,159.3699951171875,161.0500030517578,159.35000610351562,160.77000427246094,158.19189453125,51305700
2023-03-30,161.52999877929688,162.47000122070312,161.27000427246094,162.36000061035156,159.75636291503906,49501700
2023-03-31,162.44000244140625,165.0,161.91000366210938,164.89999389648438,162.255615234375,68749800
2023-04-03,164.27000427246094,166.2899932861328,164.22000122070312,166.1699981689453,163.50526428222656,56976200
2023-04-04,166.60000610351562,166.83999633789062,165.11000061035156,165.6300048828125,162.97393798828125,46278300
2023-04-05,164.74000549316406,165.0500030517578,161.8000030517578,163.75999450683594,161.13389587402344,51511700
2023-04-06,162.42999267578125,164.9600067138672,162.0,164.66000366210938,162.01950073242188,45390100
2023-04-10,161.4199981689453,162.02999877929688,160.0800018310547,162.02999877929688,159.4316864013672,47716900
2023-04-11,162.35000610351562,162.36000061035156,160.50999450683594,160.8000030517578,158.22137451171875,47644200
2023-04-12,161.22000122070312,162.05999755859375,159.77999877929688,160.10000610351562,157.53262329101562,50133100
2023-04-13,161.6300048828125,165.8000030517578,161.4199981689453,165.55999755859375,162.90504455566406,68445600
2023-04-14,164.58999633789062,166.32000732421875,163.82000732421875,165.2100067138672,162.56063842773438,49386500
2023-04-17,165.08999633789062,165.38999938964844,164.02999877929688,165.22999572753906,162.5803680419922,41516200
2023-04-18,166.10000610351562,167.41000366210938,165.64999389648438,166.47000122070312,163.80047607421875,49923000
2023-04-19,165.8000030517578,168.16000366210938,165.5399932861328,167.6300048828125,164.9418487548828,47720200
2023-04-20,166.08999633789062,167.8699951171875,165.55999755859375,166.64999389648438,163.97756958007812,52456400
2023-04-21,165.0500030517578,166.4499969482422,164.49000549316406,165.02000427246094,162.37367248535156,58337300
2023-04-24,165.0,165.60000610351562,163.88999938964844,165.3300018310547,162.67874145507812,41949600
2023-04-25,165.19000244140625,166.30999755859375,163.72999572753906,163.77000427246094,161.1437530517578,48714100
2023-04-26,163.05999755859375,165.27999877929688,162.8000030517578,163.75999450683594,161.13389587402344,45498800
2023-04-27,165.19000244140625,168.55999755859375,165.19000244140625,168.41000366210938,165.70936584472656,64902300
2023-04-28,168.49000549316406,169.85000610351562,167.8800048828125,169.67999267578125,166.958984375,55275900
2023-05-01,169.27999877929688,170.4499969482422,168.63999938964844,169.58999633789062,166.87042236328125,52472900
2023-05-02,170.08999633789062,170.35000610351562,167.5399932861328,168.5399932861328,165.83724975585938,48425700
2023-05-03,169.5,170.9199981689453,167.16000366210938,167.4499969482422,164.7647247314453,65136000
2023-05-04,164.88999938964844,167.0399932861328,164.30999755859375,165.7899932861328,163.13133239746094,81235400
2023-05-05,170.97999572753906,174.3000030517578,170.75999450683594,173.57000732421875,170.78659057617188,113453200
2023-05-08,172.47999572753906,173.85000610351562,172.11000061035156,173.5,170.71774291992188,55962800
2023-05-09,173.0500030517578,173.5399932861328,171.60000610351562,171.77000427246094,169.01548767089844,45326900
2023-05-10,173.02000427246094,174.02999877929688,171.89999389648438,173.55999755859375,170.77676391601562,53724500
2023-05-11,173.85000610351562,174.58999633789062,172.1699981689453,173.75,170.96371459960938,49514700
2023-05-12,173.6199951171875,174.05999755859375,171.0,172.57000732421875,170.03749084472656,45533100
2023-05-15,173.16000366210938,173.2100067138672,171.47000122070312,172.07000732421875,169.54486083984375,37266700
2023-05-16,171.99000549316406,173.13999938964844,171.8000030517578,172.07000732421875,169.54486083984375,42110300
2023-05-17,171.7100067138672,172.92999267578125,170.4199981689453,172.69000244140625,170.15573120117188,57951600
2023-05-18,173.0,175.24000549316406,172.5800018310547,175.0500030517578,172.48110961914062,65496700
2023-05-19,176.38999938964844,176.38999938964844,174.94000244140625,175.16000366210938,172.58950805664062,55809500
2023-05-22,173.97999572753906,174.7100067138672,173.4499969482422,174.1999969482422,171.6436004638672,43570900
2023-05-23,173.1300048828125,173.3800048828125,171.27999877929688,171.55999755859375,169.04234313964844,50747300
2023-05-24,171.08999633789062,172.4199981689453,170.52000427246094,171.83999633789062,169.3182373046875,45143500
2023-05-25,172.41000366210938,173.89999389648438,171.69000244140625,172.99000549316406,170.4513397216797,56058300
2023-05-26,173.32000732421875,175.77000427246094,173.11000061035156,175.42999267578125,172.85549926757812,54835000
2023-05-30,176.9600067138672,178.99000549316406,176.57000732421875,177.3000030517578,174.69805908203125,55964400
2023-05-31,177.3300018310547,179.35000610351562,176.75999450683594,177.25,174.6488494873047,99625300
2023-06-01,177.6999969482422,180.1199951171875,176.92999267578125,180.08999633789062,177.44712829589844,68901800
2023-06-02,181.02999877929688,181.77999877929688,179.25999450683594,180.9499969482422,178.2945098876953,61996900
2023-06-05,182.6300048828125,184.9499969482422,178.0399932861328,179.5800018310547,176.9446258544922,121946500
2023-06-06,179.97000122070312,180.1199951171875,177.42999267578125,179.2100067138672,176.58006286621094,64848400
2023-06-07,178.44000244140625,181.2100067138672,177.32000732421875,177.82000732421875,175.21046447753906,61944600
2023-06-08,177.89999389648438,180.83999633789062,177.4600067138672,180.57000732421875,177.9201202392578,50214900
2023-06-09,181.5,182.22999572753906,180.6300048828125,180.9600067138672,178.30438232421875,48900000
2023-06-12,181.27000427246094,183.88999938964844,180.97000122070312,183.7899932861328,181.09286499023438,54274900
2023-06-13,182.8000030517578,184.14999389648438,182.44000244140625,183.30999755859375,180.61993408203125,54929100
2023-06-14,183.3699951171875,184.38999938964844,182.02000427246094,183.9499969482422,181.25048828125,57462900
2023-06-15,183.9600067138672,186.52000427246094,183.77999877929688,186.00999450683594,183.28024291992188,65433200
2023-06-16,186.72999572753906,186.99000549316406,184.27000427246094,184.9199981689453,182.20626831054688,101256200
2023-06-20,184.41000366210938,186.10000610351562,184.41000366210938,185.00999450683594,182.29493713378906,49799100
2023-06-21,184.89999389648438,185.41000366210938,182.58999633789062,183.9600067138672,181.26036071777344,49515700
2023-06-22,183.74000549316406,187.0500030517578,183.6699981689453,187.0,184.2557373046875,51245300
2023-06-23,185.5500030517578,187.55999755859375,185.00999450683594,186.67999267578125,183.94044494628906,53117000
2023-06-26,186.8300018310547,188.0500030517578,185.22999572753906,185.27000427246094,182.5511474609375,48088700
2023-06-27,185.88999938964844,188.38999938964844,185.6699981689453,188.05999755859375,185.3001708984375,50730800
2023-06-28,187.92999267578125,189.89999389648438,187.60000610351562,189.25,186.4727020263672,51216800
2023-06-29,189.0800018310547,190.07000732421875,188.94000244140625,189.58999633789062,186.80772399902344,46347300
2023-06-30,191.6300048828125,194.47999572753906,191.25999450683594,193.97000122070312,191.12347412109375,85213200
2023-07-03,193.77999877929688,193.8800048828125,191.75999450683594,192.4600067138672,189.63560485839844,31458200
2023-07-05,191.57000732421875,192.97999572753906,190.6199951171875,191.3300018310547,188.522216796875,46920300
2023-07-06,189.83999633789062,192.02000427246094,189.1999969482422,191.80999755859375,188.99513244628906,45094300
2023-07-07,191.41000366210938,192.6699981689453,190.24000549316406,190.67999267578125,187.88172912597656,46815000
2023-07-10,189.25999450683594,189.99000549316406,187.0399932861328,188.61000061035156,185.84210205078125,59922200
2023-07-11,189.16000366210938,189.3000030517578,186.60000610351562,188.0800018310547,185.3199005126953,46638100
2023-07-12,189.67999267578125,191.6999969482422,188.47000122070312,189.77000427246094,186.98509216308594,60750200
2023-07-13,190.5,191.19000244140625,189.77999877929688,190.5399932861328,187.7437744140625,41342300
2023-07-14,190.22999572753906,191.17999267578125,189.6300048828125,190.69000244140625,187.8916015625,41616200
2023-07-17,191.89999389648438,194.32000732421875,191.80999755859375,193.99000549316406,191.14317321777344,50520200
2023-07-18,193.35000610351562,194.3300018310547,192.4199981689453,193.72999572753906,190.886962890625,48288200
2023-07-19,193.10000610351562,198.22999572753906,192.64999389648438,195.10000610351562,192.23684692382812,80507300
2023-07-20,195.08999633789062,196.47000122070312,192.5,193.1300048828125,190.2957763671875,59581200
2023-07-21,194.10000610351562,194.97000122070312,191.22999572753906,191.94000244140625,189.12326049804688,71951700
2023-07-24,193.41000366210938,194.91000366210938,192.25,192.75,189.92137145996094,45377800
2023-07-25,193.3300018310547,194.44000244140625,192.9199981689453,193.6199951171875,190.77857971191406,37283200
2023-07-26,193.6699981689453,195.63999938964844,193.32000732421875,194.5,191.64569091796875,47471900
2023-07-27,196.02000427246094,197.1999969482422,192.5500030517578,193.22000122070312,190.38449096679688,47460200
2023-07-28,194.6699981689453,196.6300048828125,194.13999938964844,195.8300018310547,192.95614624023438,48291400
2023-07-31,196.05999755859375,196.49000549316406,195.25999450683594,196.4499969482422,193.56703186035156,38824100
2023-08-01,196.24000549316406,196.72999572753906,195.27999877929688,195.61000061035156,192.73939514160156,35175100
2023-08-02,195.0399932861328,195.17999267578125,191.85000610351562,192.5800018310547,189.75387573242188,50389300
2023-08-03,191.57000732421875,192.3699951171875,190.69000244140625,191.1699981689453,188.3645477294922,61235200
2023-08-04,185.52000427246094,187.3800048828125,181.9199981689453,181.99000549316406,179.31927490234375,115956800
2023-08-07,182.1300048828125,183.1300048828125,177.35000610351562,178.85000610351562,176.2253875732422,97576100
2023-08-08,179.69000244140625,180.27000427246094,177.5800018310547,179.8000030517578,177.16140747070312,67823000
2023-08-09,180.8699951171875,180.92999267578125,177.00999450683594,178.19000244140625,175.57504272460938,60378500
2023-08-10,179.47999572753906,180.75,177.60000610351562,177.97000122070312,175.35826110839844,54686900
2023-08-11,177.32000732421875,178.6199951171875,176.5500030517578,177.7899932861328,175.4174346923828,52036700
2023-08-14,177.97000122070312,179.69000244140625,177.30999755859375,179.4600067138672,177.065185546875,43675600
2023-08-15,178.8800048828125,179.47999572753906,177.0500030517578,177.4499969482422,175.08200073242188,43622600
2023-08-16,177.1300048828125,178.5399932861328,176.5,176.57000732421875,174.21372985839844,46964900
2023-08-17,177.13999938964844,177.50999450683594,173.47999572753906,174.0,171.6780242919922,66062900
2023-08-18,172.3000030517578,175.10000610351562,171.9600067138672,174.49000549316406,172.1614990234375,61172200
2023-08-21,175.07000732421875,176.1300048828125,173.74000549316406,175.83999633789062,173.4934844970703,46311900
2023-08-22,177.05999755859375,177.67999267578125,176.25,177.22999572753906,174.8649139404297,42038900
2023-08-23,178.52000427246094,181.5500030517578,178.3300018310547,181.1199951171875,178.7030487060547,52722800
2023-08-24,180.6699981689453,181.10000610351562,176.00999450683594,176.3800048828125,174.02627563476562,54945800
2023-08-25,177.3800048828125,179.14999389648438,175.82000732421875,178.61000061035156,176.22653198242188,51449600
2023-08-28,180.08999633789062,180.58999633789062,178.5500030517578,180.19000244140625,177.7854461669922,43820700
2023-08-29,179.6999969482422,184.89999389648438,179.5,184.1199951171875,181.66297912597656,53003900
2023-08-30,184.94000244140625,187.85000610351562,184.74000549316406,187.64999389648438,185.14585876464844,60813900
2023-08-31,187.83999633789062,189.1199951171875,187.47999572753906,187.8699951171875,185.3629150390625,60794500
2023-09-01,189.49000549316406,189.9199981689453,188.27999877929688,189.4600067138672,186.93174743652344,45766500
2023-09-05,188.27999877929688,189.97999572753906,187.61000061035156,189.6999969482422,187.16851806640625,45280000
2023-09-06,188.39999389648438,188.85000610351562,181.47000122070312,182.91000366210938,180.46914672851562,81755800
2023-09-07,175.17999267578125,178.2100067138672,173.5399932861328,177.55999755859375,175.19053649902344,112488800
2023-09-08,178.35000610351562,180.24000549316406,177.7899932861328,178.17999267578125,175.80224609375,65551300
2023-09-11,180.07000732421875,180.3000030517578,177.33999633789062,179.36000061035156,176.96652221679688,58953100
2023-09-12,179.49000549316406,180.1300048828125,174.82000732421875,176.3000030517578,173.9473419189453,90370200
2023-09-13,176.50999450683594,177.3000030517578,173.97999572753906,174.2100067138672,171.88522338867188,84267900
2023-09-14,174.0,176.10000610351562,173.5800018310547,175.74000549316406,173.3948211669922,60895800
2023-09-15,176.47999572753906,176.5,173.82000732421875,175.00999450683594,172.67454528808594,109259500
2023-09-18,176.47999572753906,179.3800048828125,176.1699981689453,177.97000122070312,175.59507751464844,67257600
2023-09-19,177.52000427246094,179.6300048828125,177.1300048828125,179.07000732421875,176.6803741455078,51826900
2023-09-20,179.25999450683594,179.6999969482422,175.39999389648438,175.49000549316406,173.14816284179688,58436200
2023-09-21,174.5500030517578,176.3000030517578,173.86000061035156,173.92999267578125,171.60894775390625,63149100
2023-09-22,174.6699981689453,177.0800018310547,174.0500030517578,174.7899932861328,172.45748901367188,56725400
2023-09-25,174.1999969482422,176.97000122070312,174.14999389648438,176.0800018310547,173.7303009033203,46172700
2023-09-26,174.82000732421875,175.1999969482422,171.66000366210938,171.9600067138672,169.66525268554688,64588900
2023-09-27,172.6199951171875,173.0399932861328,169.0500030517578,170.42999267578125,168.15565490722656,66921800
2023-09-28,169.33999633789062,172.02999877929688,167.6199951171875,170.69000244140625,168.41221618652344,56294400
2023-09-29,172.02000427246094,173.07000732421875,170.33999633789062,171.2100067138672,168.92527770996094,51861100
2023-10-02,171.22000122070312,174.3000030517578,170.92999267578125,173.75,171.43136596679688,52164500
2023-10-03,172.25999450683594,173.6300048828125,170.82000732421875,172.39999389648438,170.09938049316406,49594600
2023-10-04,171.08999633789062,174.2100067138672,170.97000122070312,173.66000366210938,171.34255981445312,53020300
2023-10-05,173.7899932861328,175.4499969482422,172.67999267578125,174.91000366210938,172.5758819580078,48527900
2023-10-06,173.8000030517578,177.99000549316406,173.17999267578125,177.49000549316406,175.12147521972656,57266700
2023-10-09,176.80999755859375,179.0500030517578,175.8000030517578,178.99000549316406,176.60145568847656,42390800
2023-10-10,178.10000610351562,179.72000122070312,177.9499969482422,178.38999938964844,176.00946044921875,43698000
2023-10-11,178.1999969482422,179.85000610351562,177.60000610351562,179.8000030517578,177.400634765625,47551100
2023-10-12,180.07000732421875,182.33999633789062,179.0399932861328,180.7100067138672,178.2985076904297,56743100
2023-10-13,181.4199981689453,181.92999267578125,178.13999938964844,178.85000610351562,176.4633331298828,51427100
2023-10-16,176.75,179.0800018310547,176.50999450683594,178.72000122070312,176.33505249023438,52517000
2023-10-17,176.64999389648438,178.4199981689453,174.8000030517578,177.14999389648438,174.78599548339844,57549400
2023-10-18,175.5800018310547,177.5800018310547,175.11000061035156,175.83999633789062,173.4934844970703,54764400
2023-10-19,176.0399932861328,177.83999633789062,175.19000244140625,175.4600067138672,173.11856079101562,59302900
2023-10-20,175.30999755859375,175.4199981689453,172.63999938964844,172.8800048828125,170.572998046875,64244000
2023-10-23,170.91000366210938,174.00999450683594,169.92999267578125,173.0,170.6913604736328,55980100
2023-10-24,173.0500030517578,173.6699981689453,171.4499969482422,173.44000244140625,171.12550354003906,43816600
2023-10-25,171.8800048828125,173.05999755859375,170.64999389648438,171.10000610351562,168.81674194335938,57157000
2023-10-26,170.3699951171875,171.3800048828125,165.6699981689453,166.88999938964844,164.6629180908203,70625300
2023-10-27,166.91000366210938,168.9600067138672,166.8300018310547,168.22000122070312,165.97515869140625,58499100
2023-10-30,169.02000427246094,171.1699981689453,168.8699951171875,170.2899932861328,168.01751708984375,51131000
2023-10-31,169.35000610351562,170.89999389648438,167.89999389648438,170.77000427246094,168.4911346435547,44846000
2023-11-01,171.0,174.22999572753906,170.1199951171875,173.97000122070312,171.6484375,56934900
2023-11-02,175.52000427246094,177.77999877929688,175.4600067138672,177.57000732421875,175.2003936767578,77334800
2023-11-03,174.24000549316406,176.82000732421875,173.35000610351562,176.64999389648438,174.29266357421875,79829200
2023-11-06,176.3800048828125,179.42999267578125,176.2100067138672,179.22999572753906,176.83822631835938,63841300
2023-11-07,179.17999267578125,182.44000244140625,178.97000122070312,181.82000732421875,179.3936767578125,70530000
2023-11-08,182.35000610351562,183.4499969482422,181.58999633789062,182.88999938964844,180.44940185546875,49340300
2023-11-09,182.9600067138672,184.1199951171875,181.80999755859375,182.41000366210938,179.97579956054688,53763500
2023-11-10,183.97000122070312,186.57000732421875,183.52999877929688,186.39999389648438,184.1548614501953,66133400
2023-11-13,185.82000732421875,186.02999877929688,184.2100067138672,184.8000030517578,182.57412719726562,43627500
2023-11-14,187.6999969482422,188.11000061035156,186.3000030517578,187.44000244140625,185.18234252929688,60108400
2023-11-15,187.85000610351562,189.5,187.77999877929688,188.00999450683594,185.74546813964844,53790500
2023-11-16,189.57000732421875,190.9600067138672,188.64999389648438,189.7100067138672,187.42498779296875,54412900
2023-11-17,190.25,190.3800048828125,188.57000732421875,189.69000244140625,187.4052276611328,50922700
2023-11-20,189.88999938964844,191.91000366210938,189.8800048828125,191.4499969482422,189.14402770996094,46505100
2023-11-21,191.41000366210938,191.52000427246094,189.74000549316406,190.63999938964844,188.3437957763672,38134500
2023-11-22,191.49000549316406,192.92999267578125,190.8300018310547,191.30999755859375,189.00570678710938,39617700
2023-11-24,190.8699951171875,190.89999389648438,189.25,189.97000122070312,187.68185424804688,24048300
2023-11-27,189.9199981689453,190.6699981689453,188.89999389648438,189.7899932861328,187.50401306152344,40552600
2023-11-28,189.77999877929688,191.0800018310547,189.39999389648438,190.39999389648438,188.10665893554688,38415400
2023-11-29,190.89999389648438,192.08999633789062,188.97000122070312,189.3699951171875,187.08909606933594,43014200
2023-11-30,189.83999633789062,190.32000732421875,188.19000244140625,189.9499969482422,187.66209411621094,48794400
2023-12-01,190.3300018310547,191.55999755859375,189.22999572753906,191.24000549316406,188.93655395507812,45704800
2023-12-04,189.97999572753906,190.0500030517578,187.4499969482422,189.42999267578125,187.14833068847656,43389500
2023-12-05,190.2100067138672,194.39999389648438,190.17999267578125,193.4199981689453,191.0902862548828,66628400
2023-12-06,194.4499969482422,194.75999450683594,192.11000061035156,192.32000732421875,190.00357055664062,41089700
2023-12-07,193.6300048828125,195.0,193.58999633789062,194.27000427246094,191.93008422851562,47477700
2023-12-08,194.1999969482422,195.99000549316406,193.6699981689453,195.7100067138672,193.35272216796875,53406400
2023-12-11,193.11000061035156,193.49000549316406,191.4199981689453,193.17999267578125,190.8531951904297,60943700
2023-12-12,193.0800018310547,194.72000122070312,191.72000122070312,194.7100067138672,192.36477661132812,52696900
2023-12-13,195.08999633789062,198.0,194.85000610351562,197.9600067138672,195.57562255859375,70404200
2023-12-14,198.02000427246094,199.6199951171875,196.16000366210938,198.11000061035156,195.7238006591797,66831600
2023-12-15,197.52999877929688,198.39999389648438,197.0,197.57000732421875,195.1903076171875,128538400
2023-12-18,196.08999633789062,196.6300048828125,194.38999938964844,195.88999938964844,193.53053283691406,55751900
2023-12-19,196.16000366210938,196.9499969482422,195.88999938964844,196.94000244140625,194.56790161132812,40714100
2023-12-20,196.89999389648438,197.67999267578125,194.8300018310547,194.8300018310547,192.4833221435547,52242800
2023-12-21,196.10000610351562,197.0800018310547,193.5,194.67999267578125,192.33509826660156,46482500
2023-12-22,195.17999267578125,195.41000366210938,192.97000122070312,193.60000610351562,191.2681427001953,37149600
2023-12-26,193.61000061035156,193.88999938964844,192.8300018310547,193.0500030517578,190.7247772216797,28919300
2023-12-27,192.49000549316406,193.5,191.08999633789062,193.14999389648438,190.8235626220703,48087700
2023-12-28,194.13999938964844,194.66000366210938,193.1699981689453,193.5800018310547,191.24835205078125,34049900
2023-12-29,193.89999389648438,194.39999389648438,191.72999572753906,192.52999877929688,190.2110137939453,42672100
2024-01-02,187.14999389648438,188.44000244140625,183.88999938964844,185.63999938964844,183.40399169921875,82488700
2024-01-03,184.22000122070312,185.8800048828125,183.42999267578125,184.25,182.0307159423828,58414500
2024-01-04,182.14999389648438,183.08999633789062,180.8800048828125,181.91000366210938,179.7189483642578,71983600
2024-01-05,181.99000549316406,182.75999450683594,180.1699981689453,181.17999267578125,178.99774169921875,62379700
2024-01-08,182.08999633789062,185.60000610351562,181.5,185.55999755859375,183.32498168945312,59144500
2024-01-09,183.9199981689453,185.14999389648438,182.72999572753906,185.13999938964844,182.91004943847656,42841800
2024-01-10,184.35000610351562,186.39999389648438,183.9199981689453,186.19000244140625,183.94740295410156,46792900
2024-01-11,186.5399932861328,187.0500030517578,183.6199951171875,185.58999633789062,183.35459899902344,49128400
2024-01-12,186.05999755859375,186.74000549316406,185.19000244140625,185.9199981689453,183.6806182861328,40477800
2024-01-16,182.16000366210938,184.25999450683594,180.92999267578125,183.6300048828125,181.41822814941406,65603000
2024-01-17,181.27000427246094,182.92999267578125,180.3000030517578,182.67999267578125,180.47967529296875,47317400
2024-01-18,186.08999633789062,189.13999938964844,185.8300018310547,188.6300048828125,186.35800170898438,78005800
2024-01-19,189.3300018310547,191.9499969482422,188.82000732421875,191.55999755859375,189.252685546875,68903000
2024-01-22,192.3000030517578,195.3300018310547,192.25999450683594,193.88999938964844,191.55465698242188,60133900
2024-01-23,195.02000427246094,195.75,193.8300018310547,195.17999267578125,192.8291015625,42355600
2024-01-24,195.4199981689453,196.3800048828125,194.33999633789062,194.5,192.15728759765625,53631300
2024-01-25,195.22000122070312,196.27000427246094,193.11000061035156,194.1699981689453,191.83128356933594,54822100
2024-01-26,194.27000427246094,194.75999450683594,191.94000244140625,192.4199981689453,190.10235595703125,44594000
2024-01-29,192.00999450683594,192.1999969482422,189.5800018310547,191.72999572753906,189.42063903808594,47145600
2024-01-30,190.94000244140625,191.8000030517578,187.47000122070312,188.0399932861328,185.7751007080078,55859400
2024-01-31,187.0399932861328,187.10000610351562,184.35000610351562,184.39999389648438,182.17897033691406,55467800
2024-02-01,183.99000549316406,186.9499969482422,183.82000732421875,186.86000061035156,184.6093292236328,64885400
2024-02-02,179.86000061035156,187.3300018310547,179.25,185.85000610351562,183.61146545410156,102551700
2024-02-05,188.14999389648438,189.25,185.83999633789062,187.67999267578125,185.41943359375,69668800
2024-02-06,186.86000061035156,189.30999755859375,186.77000427246094,189.3000030517578,187.01991271972656,43490800
2024-02-07,190.63999938964844,191.0500030517578,188.61000061035156,189.41000366210938,187.1286163330078,53439000
2024-02-08,189.38999938964844,189.5399932861328,187.35000610351562,188.32000732421875,186.05172729492188,40962000
2024-02-09,188.64999389648438,189.99000549316406,188.0,188.85000610351562,186.8134307861328,45155200
2024-02-12,188.4199981689453,188.6699981689453,186.7899932861328,187.14999389648438,185.1317596435547,41781900
2024-02-13,185.77000427246094,186.2100067138672,183.50999450683594,185.0399932861328,183.04452514648438,56529500
2024-02-14,185.32000732421875,185.52999877929688,182.44000244140625,184.14999389648438,182.1641082763672,54630500
2024-02-15,183.5500030517578,184.49000549316406,181.35000610351562,183.86000061035156,181.8772430419922,65434500
2024-02-16,183.4199981689453,184.85000610351562,181.6699981689453,182.30999755859375,180.3439483642578,49752500
2024-02-20,181.7899932861328,182.42999267578125,180.0,181.55999755859375,179.60203552246094,53665600
2024-02-21,181.94000244140625,182.88999938964844,180.66000366210938,182.32000732421875,180.3538818359375,41371400
2024-02-22,183.47999572753906,184.9600067138672,182.4600067138672,184.3699951171875,182.38174438476562,52292200
2024-02-23,185.00999450683594,185.0399932861328,182.22999572753906,182.52000427246094,180.5516815185547,45119700
2024-02-26,182.24000549316406,182.75999450683594,180.64999389648438,181.16000366210938,179.20635986328125,40867400
2024-02-27,181.10000610351562,183.9199981689453,179.55999755859375,182.6300048828125,180.66050720214844,54318900
2024-02-28,182.50999450683594,183.1199951171875,180.1300048828125,181.4199981689453,179.4635467529297,48953900
2024-02-29,181.27000427246094,182.57000732421875,179.52999877929688,180.75,178.80076599121094,136682600
2024-03-01,179.5500030517578,180.52999877929688,177.3800048828125,179.66000366210938,177.7225341796875,73563100
2024-03-04,176.14999389648438,176.89999389648438,173.7899932861328,175.10000610351562,173.21170043945312,81510100
2024-03-05,170.75999450683594,172.0399932861328,169.6199951171875,170.1199951171875,168.28541564941406,95132400
2024-03-06,171.05999755859375,171.24000549316406,168.67999267578125,169.1199951171875,167.2961883544922,68587700
2024-03-07,169.14999389648438,170.72999572753906,168.49000549316406,169.0,167.17747497558594,71765100
2024-03-08,169.0,173.6999969482422,168.94000244140625,170.72999572753906,168.8888397216797,76267000
2024-03-11,172.94000244140625,174.3800048828125,172.0500030517578,172.75,170.88705444335938,60139500
2024-03-12,173.14999389648438,174.02999877929688,171.00999450683594,173.22999572753906,171.36187744140625,59825400
2024-03-13,172.77000427246094,173.19000244140625,170.75999450683594,171.1300048828125,169.28453063964844,52488700
2024-03-14,172.91000366210938,174.30999755859375,172.0500030517578,173.0,171.13436889648438,72913500
2024-03-15,171.1699981689453,172.6199951171875,170.2899932861328,172.6199951171875,170.7584228515625,121752700
2024-03-18,175.57000732421875,177.7100067138672,173.52000427246094,173.72000122070312,171.84661865234375,75604200
2024-03-19,174.33999633789062,176.61000061035156,173.02999877929688,176.0800018310547,174.18113708496094,55215200
2024-03-20,175.72000122070312,178.6699981689453,175.08999633789062,178.6699981689453,176.7432098388672,53423100
2024-03-21,177.0500030517578,177.49000549316406,170.83999633789062,171.3699951171875,169.5219268798828,106181300
2024-03-22,171.75999450683594,173.0500030517578,170.05999755859375,172.27999877929688,170.422119140625,71160100
2024-03-25,170.57000732421875,171.94000244140625,169.4499969482422,170.85000610351562,169.00755310058594,54288300
2024-03-26,170.0,171.4199981689453,169.5800018310547,169.7100067138672,167.87986755371094,57388400
2024-03-27,170.41000366210938,173.60000610351562,170.11000061035156,173.30999755859375,171.44100952148438,60273300
2024-03-28,171.75,172.22999572753906,170.50999450683594,171.47999572753906,169.6307373046875,65672700
2024-04-01,171.19000244140625,171.25,169.47999572753906,170.02999877929688,168.19638061523438,46240500
2024-04-02,169.0800018310547,169.33999633789062,168.22999572753906,168.83999633789062,167.01922607421875,49329500
2024-04-03,168.7899932861328,170.67999267578125,168.5800018310547,169.64999389648438,167.82046508789062,47691700
2024-04-04,170.2899932861328,171.9199981689453,168.82000732421875,168.82000732421875,166.9994354248047,53704400
2024-04-05,169.58999633789062,170.38999938964844,168.9499969482422,169.5800018310547,167.751220703125,42104800
2024-04-08,169.02999877929688,169.1999969482422,168.24000549316406,168.4499969482422,166.63343811035156,37425500
2024-04-09,168.6999969482422,170.0800018310547,168.35000610351562,169.6699981689453,167.84024047851562,42373800
2024-04-10,168.8000030517578,169.08999633789062,167.11000061035156,167.77999877929688,165.9706573486328,49709300
2024-04-11,168.33999633789062,175.4600067138672,168.16000366210938,175.0399932861328,173.15232849121094,91070300
2024-04-12,174.25999450683594,178.36000061035156,174.2100067138672,176.5500030517578,174.6460723876953,101670900
2024-04-15,175.36000061035156,176.6300048828125,172.5,172.69000244140625,170.8276824951172,73531800
2024-04-16,171.75,173.75999450683594,168.27000427246094,169.3800048828125,167.55340576171875,73711200
2024-04-17,169.61000061035156,170.64999389648438,168.0,168.0,166.18826293945312,50901200
2024-04-18,168.02999877929688,168.63999938964844,166.5500030517578,167.0399932861328,165.23863220214844,43122900
2024-04-19,166.2100067138672,166.39999389648438,164.0800018310547,165.0,163.2206268310547,68149400
2024-04-22,165.52000427246094,167.25999450683594,164.77000427246094,165.83999633789062,164.05154418945312,48116400
2024-04-23,165.35000610351562,167.0500030517578,164.9199981689453,166.89999389648438,165.10011291503906,49537800
2024-04-24,166.5399932861328,169.3000030517578,166.2100067138672,169.02000427246094,167.19729614257812,48251800
2024-04-25,169.52999877929688,170.61000061035156,168.14999389648438,169.88999938964844,168.0579071044922,50558300
2024-04-26,169.8800048828125,171.33999633789062,169.17999267578125,169.3000030517578,167.47427368164062,44838400
2024-04-29,173.3699951171875,176.02999877929688,173.10000610351562,173.5,171.62896728515625,68169400
2024-04-30,173.3300018310547,174.99000549316406,170.0,170.3300018310547,168.4931640625,65934800
2024-05-01,169.5800018310547,172.7100067138672,169.11000061035156,169.3000030517578,167.47427368164062,50383100
2024-05-02,172.50999450683594,173.4199981689453,170.88999938964844,173.02999877929688,171.16400146484375,94214900
2024-05-03,186.64999389648438,187.0,182.66000366210938,183.3800048828125,181.40240478515625,163224100
2024-05-06,182.35000610351562,184.1999969482422,180.4199981689453,181.7100067138672,179.75045776367188,78569700
2024-05-07,183.4499969482422,184.89999389648438,181.32000732421875,182.39999389648438,180.43296813964844,77305800
2024-05-08,182.85000610351562,183.07000732421875,181.4499969482422,182.74000549316406,180.7693328857422,45057100
2024-05-09,182.55999755859375,184.66000366210938,182.11000061035156,184.57000732421875,182.57958984375,48983000
2024-05-10,184.89999389648438,185.08999633789062,182.1300048828125,183.0500030517578,181.3215789794922,50759500
2024-05-13,185.44000244140625,187.10000610351562,184.6199951171875,186.27999877929688,184.52105712890625,72044800
2024-05-14,187.50999450683594,188.3000030517578,186.2899932861328,187.42999267578125,185.66021728515625,52393600
2024-05-15,187.91000366210938,190.64999389648438,187.3699951171875,189.72000122070312,187.92857360839844,70400000
2024-05-16,190.47000122070312,191.10000610351562,189.66000366210938,189.83999633789062,188.0474853515625,52845200
2024-05-17,189.50999450683594,190.80999755859375,189.17999267578125,189.8699951171875,188.07716369628906,41282900
2024-05-20,189.3300018310547,191.9199981689453,189.00999450683594,191.0399932861328,189.23611450195312,44361300
2024-05-21,191.08999633789062,192.72999572753906,190.9199981689453,192.35000610351562,190.53378295898438,42309400
2024-05-22,192.27000427246094,192.82000732421875,190.27000427246094,190.89999389648438,189.0974578857422,34648500
2024-05-23,190.97999572753906,191.0,186.6300048828125,186.8800048828125,185.11541748046875,51005900
2024-05-24,188.82000732421875,190.5800018310547,188.0399932861328,189.97999572753906,188.18614196777344,36327000
2024-05-28,191.50999450683594,193.0,189.10000610351562,189.99000549316406,188.19606018066406,52280100
2024-05-29,189.61000061035156,192.25,189.50999450683594,190.2899932861328,188.49317932128906,53068000
2024-05-30,190.75999450683594,192.17999267578125,190.6300048828125,191.2899932861328,189.48377990722656,49889100
2024-05-31,191.44000244140625,192.57000732421875,189.91000366210938,192.25,190.4346923828125,75158300
2024-06-03,192.89999389648438,194.99000549316406,192.52000427246094,194.02999877929688,192.19789123535156,50080500
2024-06-04,194.63999938964844,195.32000732421875,193.02999877929688,194.35000610351562,192.51486206054688,47471400
2024-06-05,195.39999389648438,196.89999389648438,194.8699951171875,195.8699951171875,194.0205078125,54156800
2024-06-06,195.69000244140625,196.5,194.1699981689453,194.47999572753906,192.64364624023438,41181800
2024-06-07,194.64999389648438,196.94000244140625,194.13999938964844,196.88999938964844,195.03089904785156,53103900
2024-06-10,196.89999389648438,197.3000030517578,192.14999389648438,193.1199951171875,191.29647827148438,97010200
2024-06-11,193.64999389648438,207.16000366210938,193.6300048828125,207.14999389648438,205.19398498535156,172373300
2024-06-12,207.3699951171875,220.1999969482422,206.89999389648438,213.07000732421875,211.05812072753906,198134300
2024-06-13,214.74000549316406,216.75,211.60000610351562,214.24000549316406,212.21707153320312,97862700
2024-06-14,213.85000610351562,215.1699981689453,211.3000030517578,212.49000549316406,210.4835968017578,70122700
2024-06-17,213.3699951171875,218.9499969482422,212.72000122070312,216.6699981689453,214.62411499023438,93728300
2024-06-18,217.58999633789062,218.6300048828125,213.0,214.2899932861328,212.26657104492188,79943300
2024-06-20,213.92999267578125,214.24000549316406,208.85000610351562,209.67999267578125,207.70013427734375,86172500
2024-06-21,210.38999938964844,211.88999938964844,207.11000061035156,207.49000549316406,205.5308074951172,241805100
2024-06-24,207.72000122070312,212.6999969482422,206.58999633789062,208.13999938964844,206.17466735839844,80727000
2024-06-25,209.14999389648438,211.3800048828125,208.61000061035156,209.07000732421875,207.0959014892578,55549700
2024-06-26,211.5,214.86000061035156,210.63999938964844,213.25,211.2364044189453,66213200
2024-06-27,214.69000244140625,215.74000549316406,212.35000610351562,214.10000610351562,212.078369140625,49772700
2024-06-28,215.77000427246094,216.07000732421875,210.3000030517578,210.6199951171875,208.63124084472656,82542700
2024-07-01,212.08999633789062,217.50999450683594,211.9199981689453,216.75,214.703369140625,60402900
2024-07-02,216.14999389648438,220.3800048828125,215.10000610351562,220.27000427246094,218.19012451171875,58046200
2024-07-03,220.0,221.5500030517578,219.02999877929688,221.5500030517578,219.45803833007812,37369800
2024-07-05,221.64999389648438,226.4499969482422,221.64999389648438,226.33999633789062,224.2028045654297,60412400
2024-07-08,227.08999633789062,227.85000610351562,223.25,227.82000732421875,225.66883850097656,59085900
2024-07-09,227.92999267578125,229.39999389648438,226.3699951171875,228.67999267578125,226.52072143554688,48076100
2024-07-10,229.3000030517578,233.0800018310547,229.25,232.97999572753906,230.7801055908203,62627700
2024-07-11,231.38999938964844,232.38999938964844,225.77000427246094,227.57000732421875,225.42120361328125,64710600
2024-07-12,228.9199981689453,232.63999938964844,228.67999267578125,230.5399932861328,228.3631591796875,53046500
2024-07-15,236.47999572753906,237.22999572753906,233.08999633789062,234.39999389648438,232.18670654296875,62631300
2024-07-16,235.0,236.27000427246094,232.3300018310547,234.82000732421875,232.60275268554688,43234300
2024-07-17,229.4499969482422,231.4600067138672,226.63999938964844,228.8800048828125,226.71884155273438,57345900
2024-07-18,230.27999877929688,230.44000244140625,222.27000427246094,224.17999267578125,222.06321716308594,66034600
2024-07-19,224.82000732421875,226.8000030517578,223.27999877929688,224.30999755859375,222.1919708251953,49151500
2024-07-22,227.00999450683594,227.77999877929688,223.08999633789062,223.9600067138672,221.84530639648438,48201800
2024-07-23,224.3699951171875,226.94000244140625,222.67999267578125,225.00999450683594,222.88534545898438,39960300
2024-07-24,224.0,224.8000030517578,217.1300048828125,218.5399932861328,216.47645568847656,61777600
2024-07-25,218.92999267578125,220.85000610351562,214.6199951171875,217.49000549316406,215.43637084960938,51391200
2024-07-26,218.6999969482422,219.49000549316406,216.00999450683594,217.9600067138672,215.9019317626953,41601300
2024-07-29,216.9600067138672,219.3000030517578,215.75,218.24000549316406,216.17929077148438,36311800
2024-07-30,219.19000244140625,220.3300018310547,216.1199951171875,218.8000030517578,216.73402404785156,41643800
2024-07-31,221.44000244140625,223.82000732421875,220.6300048828125,222.0800018310547,219.98304748535156,50036300
2024-08-01,224.3699951171875,224.47999572753906,217.02000427246094,218.36000061035156,216.2981719970703,62501000
2024-08-02,219.14999389648438,225.60000610351562,217.7100067138672,219.86000061035156,217.78399658203125,105568600
2024-08-05,199.08999633789062,213.5,196.0,209.27000427246094,207.2940216064453,119548600
2024-08-06,205.3000030517578,209.99000549316406,201.07000732421875,207.22999572753906,205.27325439453125,69660500
2024-08-07,206.89999389648438,213.63999938964844,206.38999938964844,209.82000732421875,207.8388214111328,63516400
2024-08-08,213.11000061035156,214.1999969482422,208.8300018310547,213.30999755859375,211.2958526611328,47161100
2024-08-09,212.10000610351562,216.77999877929688,211.97000122070312,216.24000549316406,214.19821166992188,42201600
2024-08-12,216.07000732421875,219.50999450683594,215.60000610351562,217.52999877929688,215.72540283203125,38028100
2024-08-13,219.00999450683594,221.88999938964844,219.00999450683594,221.27000427246094,219.43435668945312,44155300
2024-08-14,220.57000732421875,223.02999877929688,219.6999969482422,221.72000122070312,219.8806610107422,41960600
2024-08-15,224.60000610351562,225.35000610351562,222.75999450683594,224.72000122070312,222.85577392578125,46414000
2024-08-16,223.9199981689453,226.8300018310547,223.64999389648438,226.0500030517578,224.17471313476562,44340200
2024-08-19,225.72000122070312,225.99000549316406,223.0399932861328,225.88999938964844,224.0160675048828,40687800
2024-08-20,225.77000427246094,227.1699981689453,225.4499969482422,226.50999450683594,224.63092041015625,30299000
2024-08-21,226.52000427246094,227.97999572753906,225.0500030517578,226.39999389648438,224.52182006835938,34765500
2024-08-22,227.7899932861328,228.33999633789062,223.89999389648438,224.52999877929688,222.66732788085938,43695300
2024-08-23,225.66000366210938,228.22000122070312,224.3300018310547,226.83999633789062,224.9581756591797,38677300
2024-08-26,226.75999450683594,227.27999877929688,223.88999938964844,227.17999267578125,225.29534912109375,30602200
2024-08-27,226.0,228.85000610351562,224.88999938964844,228.02999877929688,226.1383056640625,35934600
2024-08-28,227.9199981689453,229.86000061035156,225.67999267578125,226.49000549316406,224.61109924316406,38052200
2024-08-29,230.10000610351562,232.9199981689453,228.8800048828125,229.7899932861328,227.88369750976562,51906300
2024-08-30,230.19000244140625,230.39999389648438,227.47999572753906,229.0,227.1002655029297,52990800
2024-09-03,228.5500030517578,229.0,221.1699981689453,222.77000427246094,220.9219512939453,50190600
2024-09-04,221.66000366210938,221.77999877929688,217.47999572753906,220.85000610351562,219.0178680419922,43840200
2024-09-05,221.6300048828125,225.47999572753906,221.52000427246094,222.3800048828125,220.5352020263672,36615400
2024-09-06,223.9499969482422,225.24000549316406,219.77000427246094,220.82000732421875,218.98812866210938,48423000
2024-09-09,220.82000732421875,221.27000427246094,216.7100067138672,220.91000366210938,219.07737731933594,67180000
2024-09-10,218.9199981689453,221.47999572753906,216.72999572753906,220.11000061035156,218.2840118408203,51591000
2024-09-11,221.4600067138672,223.08999633789062,217.88999938964844,222.66000366210938,220.81288146972656,44587100
2024-09-12,222.5,223.5500030517578,219.82000732421875,222.77000427246094,220.9219512939453,37455600
2024-09-13,223.5800018310547,224.0399932861328,221.91000366210938,222.5,220.6541748046875,36766600
2024-09-16,216.5399932861328,217.22000122070312,213.9199981689453,216.32000732421875,214.52545166015625,59357400
2024-09-17,215.75,216.89999389648438,214.5,216.7899932861328,214.99154663085938,45519300
2024-09-18,217.5500030517578,222.7100067138672,217.5399932861328,220.69000244140625,218.8592071533203,59894900
2024-09-19,224.99000549316406,229.82000732421875,224.6300048828125,228.8699951171875,226.97132873535156,66781300
2024-09-20,229.97000122070312,233.08999633789062,227.6199951171875,228.1999969482422,226.306884765625,318679900
2024-09-23,227.33999633789062,229.4499969482422,225.80999755859375,226.47000122070312,224.5912628173828,54146000
2024-09-24,228.64999389648438,229.35000610351562,225.72999572753906,227.3699951171875,225.48377990722656,43556100
2024-09-25,224.92999267578125,227.2899932861328,224.02000427246094,226.3699951171875,224.4920654296875,42308700
2024-09-26,227.3000030517578,228.5,225.41000366210938,227.52000427246094,225.63253784179688,36636700
2024-09-27,228.4600067138672,229.52000427246094,227.3000030517578,227.7899932861328,225.90028381347656,34026000
2024-09-30,230.0399932861328,233.0,229.64999389648438,233.0,231.0670623779297,54541900
2024-10-01,229.52000427246094,229.64999389648438,223.74000549316406,226.2100067138672,224.33343505859375,63285000
2024-10-02,225.88999938964844,227.3699951171875,223.02000427246094,226.77999877929688,224.89866638183594,32880600
2024-10-03,225.13999938964844,226.80999755859375,223.32000732421875,225.6699981689453,223.7978973388672,34044200
2024-10-04,227.89999389648438,228.0,224.1300048828125,226.8000030517578,224.9185028076172,37245100
2024-10-07,224.5,225.69000244140625,221.3300018310547,221.69000244140625,219.8509063720703,39505400
2024-10-08,224.3000030517578,225.97999572753906,223.25,225.77000427246094,223.8970489501953,31855700
2024-10-09,225.22999572753906,229.75,224.8300018310547,229.5399932861328,227.63577270507812,33591100
2024-10-10,227.77999877929688,229.5,227.1699981689453,229.0399932861328,227.13992309570312,28183500
2024-10-11,229.3000030517578,229.41000366210938,227.33999633789062,227.5500030517578,225.66229248046875,31759200
2024-10-14,228.6999969482422,231.72999572753906,228.60000610351562,231.3000030517578,229.38116455078125,39882100
2024-10-15,233.61000061035156,237.49000549316406,232.3699951171875,233.85000610351562,231.91001892089844,64751400
2024-10-16,231.60000610351562,232.1199951171875,229.83999633789062,231.77999877929688,229.85720825195312,34082200
2024-10-17,233.42999267578125,233.85000610351562,230.52000427246094,232.14999389648438,230.22412109375,32993800
2024-10-18,236.17999267578125,236.17999267578125,234.00999450683594,235.0,233.0504913330078,46431500
2024-10-21,234.4499969482422,236.85000610351562,234.4499969482422,236.47999572753906,234.5181884765625,36254500
2024-10-22,233.88999938964844,236.22000122070312,232.60000610351562,235.86000061035156,233.9033203125,38846600
2024-10-23,234.0800018310547,235.13999938964844,227.75999450683594,230.75999450683594,228.84567260742188,52287000
2024-10-24,229.97999572753906,230.82000732421875,228.41000366210938,230.57000732421875,228.6572265625,31109500
2024-10-25,229.74000549316406,233.22000122070312,229.57000732421875,231.41000366210938,229.4902801513672,38802300
2024-10-28,233.32000732421875,234.72999572753906,232.5500030517578,233.39999389648438,231.46372985839844,36087100
2024-10-29,233.10000610351562,234.3300018310547,232.32000732421875,233.6699981689453,231.73150634765625,35417200
2024-10-30,232.61000061035156,233.47000122070312,229.5500030517578,230.10000610351562,228.19114685058594,47070900
2024-10-31,229.33999633789062,229.8300018310547,225.3699951171875,225.91000366210938,224.03590393066406,64370100
2024-11-01,220.97000122070312,225.35000610351562,220.27000427246094,222.91000366210938,221.06080627441406,65276700
2024-11-04,220.99000549316406,222.7899932861328,219.7100067138672,222.00999450683594,220.16824340820312,44944500
2024-11-05,221.8000030517578,223.9499969482422,221.13999938964844,223.4499969482422,221.59628295898438,28111300
2024-11-06,222.61000061035156,226.07000732421875,221.19000244140625,222.72000122070312,220.8723602294922,54561100
2024-11-07,224.6300048828125,227.8800048828125,224.57000732421875,227.47999572753906,225.5928497314453,42137700
2024-11-08,227.1699981689453,228.66000366210938,226.41000366210938,226.9600067138672,225.32481384277344,38328800
2024-11-11,225.0,225.6999969482422,221.5,224.22999572753906,222.61448669433594,42005600
2024-11-12,224.5500030517578,225.58999633789062,223.36000061035156,224.22999572753906,222.61448669433594,40398300
2024-11-13,224.00999450683594,226.64999389648438,222.75999450683594,225.1199951171875,223.49807739257812,48566200
2024-11-14,225.02000427246094,228.8699951171875,225.0,228.22000122070312,226.57574462890625,44923900
2024-11-15,226.39999389648438,226.9199981689453,224.27000427246094,225.0,223.37893676757812,47923700
2024-11-18,225.25,229.74000549316406,225.1699981689453,228.02000427246094,226.37718200683594,44633700
2024-11-19,226.97999572753906,230.16000366210938,226.66000366210938,228.27999877929688,226.63528442382812,36211800
2024-11-20,228.05999755859375,229.92999267578125,225.88999938964844,229.0,227.35011291503906,35169600
2024-11-21,228.8800048828125,230.16000366210938,225.7100067138672,228.52000427246094,226.8735809326172,42108300
2024-11-22,228.05999755859375,230.72000122070312,228.05999755859375,229.8699951171875,228.21385192871094,38168300
2024-11-25,231.4600067138672,233.25,229.74000549316406,232.8699951171875,231.19223022460938,90152800
2024-11-26,233.3300018310547,235.57000732421875,233.3300018310547,235.05999755859375,233.36647033691406,45986200
2024-11-27,234.47000122070312,235.69000244140625,233.80999755859375,234.92999267578125,233.2373809814453,33498400
2024-11-29,234.80999755859375,237.80999755859375,233.97000122070312,237.3300018310547,235.62008666992188,28481400
2024-12-02,237.27000427246094,240.7899932861328,237.16000366210938,239.58999633789062,237.86383056640625,48137100
2024-12-03,239.80999755859375,242.75999450683594,238.89999389648438,242.64999389648438,240.90176391601562,38861000
2024-12-04,242.8699951171875,244.11000061035156,241.25,243.00999450683594,241.25917053222656,44383900
2024-12-05,243.99000549316406,244.5399932861328,242.1300048828125,243.0399932861328,241.28895568847656,40033900
2024-12-06,242.91000366210938,244.6300048828125,242.0800018310547,242.83999633789062,241.0903778076172,36870600
2024-12-09,241.8300018310547,247.24000549316406,241.75,246.75,244.97222900390625,44649200
2024-12-10,246.88999938964844,248.2100067138672,245.33999633789062,247.77000427246094,245.98489379882812,36914800
2024-12-11,247.9600067138672,250.8000030517578,246.25999450683594,246.49000549316406,244.71412658691406,45205800
2024-12-12,246.88999938964844,248.74000549316406,245.67999267578125,247.9600067138672,246.1735382080078,32777500
2024-12-13,247.82000732421875,249.2899932861328,246.24000549316406,248.1300048828125,246.34228515625,33155300
2024-12-16,247.99000549316406,251.3800048828125,247.64999389648438,251.0399932861328,249.2313232421875,51694800
2024-12-17,250.0800018310547,253.8300018310547,249.77999877929688,253.47999572753906,251.65374755859375,51356400
2024-12-18,252.16000366210938,254.27999877929688,247.74000549316406,248.0500030517578,246.26287841796875,56774100
2024-12-19,247.5,252.0,247.08999633789062,249.7899932861328,247.99034118652344,60882300
2024-12-20,248.0399932861328,255.0,245.69000244140625,254.49000549316406,252.65646362304688,147495300
2024-12-23,254.77000427246094,255.64999389648438,253.4499969482422,255.27000427246094,253.4308319091797,40858800
2024-12-24,255.49000549316406,258.2099914550781,255.2899932861328,258.20001220703125,256.3396911621094,23234700
2024-12-26,258.19000244140625,260.1000061035156,257.6300048828125,259.0199890136719,257.15380859375,27237100
2024-12-27,257.8299865722656,258.70001220703125,253.05999755859375,255.58999633789062,253.74853515625,42355300
2024-12-30,252.22999572753906,253.5,250.75,252.1999969482422,250.38296508789062,35557500
2024-12-31,252.44000244140625,253.27999877929688,249.42999267578125,250.4199981689453,248.6157989501953,39480700
2025-01-02,248.92999267578125,249.10000610351562,241.82000732421875,243.85000610351562,242.0931396484375,55740700
2025-01-03,243.36000061035156,244.17999267578125,241.88999938964844,243.36000061035156,241.60665893554688,40244100
2025-01-06,244.30999755859375,247.3300018310547,243.1999969482422,245.0,243.23484802246094,45045600
2025-01-07,242.97999572753906,245.5500030517578,241.35000610351562,242.2100067138672,240.4649658203125,40856000
2025-01-08,241.9199981689453,243.7100067138672,240.0500030517578,242.6999969482422,240.95143127441406,37628900
2025-01-10,240.00999450683594,240.16000366210938,233.0,236.85000610351562,235.1435546875,61710900
2025-01-13,233.52999877929688,234.6699981689453,229.72000122070312,234.39999389648438,232.7112274169922,49630700
2025-01-14,234.75,236.1199951171875,232.47000122070312,233.27999877929688,231.5992889404297,39435300
2025-01-15,234.63999938964844,238.9600067138672,234.42999267578125,237.8699951171875,236.1562042236328,39832000
2025-01-16,237.35000610351562,238.00999450683594,228.02999877929688,228.25999450683594,226.61546325683594,71759100
2025-01-17,232.1199951171875,232.2899932861328,228.47999572753906,229.97999572753906,228.3230438232422,68488300
2025-01-21,224.0,224.4199981689453,219.3800048828125,222.63999938964844,221.0359344482422,98070400
2025-01-22,219.7899932861328,224.1199951171875,219.7899932861328,223.8300018310547,222.21737670898438,64126500
