Date,Open,High,Low,Close,Adj Close,Volume
2013-01-02,71.0199966430664,71.0199966430664,70.30000305175781,70.83999633789062,48.47508239746094,12874200
2013-01-03,70.9800033569336,71.0,70.44999694824219,70.73999786376953,48.40664291381836,9598300
2013-01-04,71.23999786376953,71.7300033569336,71.01000213623047,71.55000305175781,48.9609260559082,11631800
2013-01-07,71.5,71.52999877929688,71.19000244140625,71.4000015258789,48.85828399658203,7548800
2013-01-08,71.30999755859375,71.6500015258789,71.25,71.41000366210938,48.8651237487793,9825300
2013-01-09,71.63999938964844,71.8499984741211,71.5,71.7300033569336,49.0841178894043,7672800
2013-01-10,71.80999755859375,72.37999725341797,71.73999786376953,72.19000244140625,49.398887634277344,11888500
2013-01-11,72.19000244140625,72.58000183105469,72.16000366210938,72.3499984741211,49.50836181640625,7766700
2013-01-14,72.5999984741211,72.79000091552734,72.37000274658203,72.55999755859375,49.65205383300781,7386000
2013-01-15,72.25,72.44000244140625,72.0,72.37000274658203,49.52205276489258,7795100
2013-01-16,72.26000213623047,72.81999969482422,72.25,72.58000183105469,49.665748596191406,8779900
2013-01-17,72.87999725341797,73.01000213623047,72.37000274658203,72.9000015258789,49.884735107421875,10570100
2013-01-18,72.9000015258789,73.2300033569336,72.79000091552734,73.2300033569336,50.11054992675781,13558600
2013-01-22,72.91999816894531,73.20999908447266,72.41999816894531,72.69000244140625,49.74103546142578,11469800
2013-01-23,72.5199966430664,72.91000366210938,72.47000122070312,72.8499984741211,49.85050964355469,10155100
2013-01-24,72.95999908447266,73.2300033569336,72.83999633789062,73.0999984741211,50.02159118652344,9369700
2013-01-25,73.12999725341797,73.93000030517578,73.05999755859375,73.91999816894531,50.58271026611328,10421500
2013-01-28,73.95999908447266,74.0,73.43000030517578,73.62000274658203,50.377418518066406,9420900
2013-01-29,73.66999816894531,74.62000274658203,73.63999938964844,74.41000366210938,50.91801071166992,12386500
2013-01-30,74.44999694824219,74.80000305175781,74.01000213623047,74.08999633789062,50.69902038574219,9245500
2013-01-31,74.08000183105469,74.36000061035156,73.77999877929688,73.91999816894531,50.58271026611328,10448700
2013-02-01,74.13999938964844,74.41999816894531,74.08000183105469,74.18000030517578,50.76060485839844,10016300
2013-02-04,73.55999755859375,74.25,73.55999755859375,74.11000061035156,50.71271896362305,9200700
2013-02-05,74.48999786376953,74.81999969482422,74.47000122070312,74.66000366210938,51.08908462524414,10230800
2013-02-06,74.56999969482422,75.38999938964844,74.5199966430664,75.38999938964844,51.58860778808594,12084000
2013-02-07,74.81999969482422,75.19999694824219,74.68000030517578,75.05999755859375,51.36279296875,9798200
2013-02-08,75.16999816894531,75.61000061035156,74.7300033569336,75.4800033569336,51.65018844604492,8153300
2013-02-11,75.27999877929688,75.5,75.05000305175781,75.41000366210938,51.602294921875,5697100
2013-02-12,75.41999816894531,75.86000061035156,75.41999816894531,75.80000305175781,51.869178771972656,7598900
2013-02-13,75.79000091552734,75.87000274658203,75.37000274658203,75.66000366210938,51.77336502075195,8014800
2013-02-14,75.5,76.08999633789062,75.37999725341797,75.80999755859375,51.875999450683594,9681800
2013-02-15,75.72000122070312,76.16000366210938,75.51000213623047,76.16000366210938,52.11550521850586,10528400
2013-02-19,76.02999877929688,77.0,75.95999908447266,76.95999908447266,52.66294479370117,9747400
2013-02-20,76.79000091552734,76.97000122070312,76.54000091552734,76.6500015258789,52.45081329345703,7857500
2013-02-21,76.47000122070312,77.0199966430664,76.37999725341797,76.87000274658203,52.60134506225586,9465700
2013-02-22,76.38999938964844,76.48999786376953,75.97000122070312,76.25,52.59446334838867,8571500
2013-02-25,76.47000122070312,76.66000366210938,75.56999969482422,75.56999969482422,52.125404357910156,10603300
2013-02-26,75.87999725341797,76.33999633789062,75.5,75.75,52.249568939208984,10742100
2013-02-27,75.68000030517578,76.44999694824219,75.5999984741211,76.31999969482422,52.642730712890625,8180300
2013-02-28,76.2300033569336,76.48999786376953,76.11000061035156,76.11000061035156,52.497901916503906,11806300
2013-03-01,75.79000091552734,76.7699966430664,75.7300033569336,76.69999694824219,52.90486145019531,9528300
2013-03-04,76.7300033569336,77.27999877929688,76.7300033569336,77.19999694824219,53.249717712402344,12628000
2013-03-05,77.55999755859375,77.70999908447266,77.44000244140625,77.66000366210938,53.56703567504883,9399400
2013-03-06,77.69000244140625,77.73999786376953,77.22000122070312,77.38999938964844,53.38078308105469,8535200
2013-03-07,77.62000274658203,77.95999908447266,77.58999633789062,77.75,53.629093170166016,7996500
2013-03-08,77.83999633789062,78.22000122070312,77.69999694824219,78.19000244140625,53.932594299316406,8554100
2013-03-11,77.91999816894531,78.5199966430664,77.83999633789062,78.44000244140625,54.10504150390625,8807600
2013-03-12,78.5,78.69000244140625,78.20999908447266,78.55999755859375,54.18781280517578,8790500
2013-03-13,78.5199966430664,78.66999816894531,78.19999694824219,78.55000305175781,54.1808967590332,7983400
2013-03-14,78.66999816894531,79.0999984741211,78.48999786376953,79.0999984741211,54.56027603149414,10130400
2013-03-15,78.62000274658203,79.23999786376953,78.62000274658203,79.19000244140625,54.62234878540039,18296500
2013-03-18,78.72000122070312,79.19000244140625,78.69999694824219,78.80999755859375,54.36023712158203,8005400
2013-03-19,78.9800033569336,79.08999633789062,78.5,78.86000061035156,54.394737243652344,7095800
2013-03-20,79.18000030517578,79.61000061035156,79.16999816894531,79.44999694824219,54.80168533325195,8000800
2013-03-21,79.12000274658203,79.5,78.7699966430664,79.01000213623047,54.49818801879883,8436300
2013-03-22,79.11000061035156,79.73999786376953,79.0199966430664,79.73999786376953,55.00172805786133,6873100
2013-03-25,79.83000183105469,79.94000244140625,79.47000122070312,79.68000030517578,54.9603385925293,9616600
2013-03-26,79.93000030517578,80.87999725341797,79.8499984741211,80.8499984741211,55.767356872558594,12682900
2013-03-27,80.55999755859375,81.3499984741211,80.2699966430664,81.2699966430664,56.05705642700195,10703400
2013-03-28,81.37000274658203,81.58999633789062,80.94999694824219,81.52999877929688,56.23641586303711,11332100
2013-04-01,81.38999938964844,81.95999908447266,81.27999877929688,81.93000030517578,56.51232147216797,7376800
2013-04-02,82.0,82.69000244140625,81.9000015258789,82.69000244140625,57.036529541015625,10342200
2013-04-03,82.73999786376953,82.94999694824219,81.56999969482422,82.06999969482422,56.608882904052734,12254000
2013-04-04,82.19999694824219,82.72000122070312,81.93000030517578,82.41000366210938,56.843406677246094,10303000
2013-04-05,81.79000091552734,82.11000061035156,81.62000274658203,82.04000091552734,56.588172912597656,8581400
2013-04-08,81.2699966430664,81.38999938964844,80.30999755859375,81.11000061035156,55.94672393798828,15828500
2013-04-09,81.26000213623047,81.75,81.23999786376953,81.5199966430664,56.229488372802734,9111000
2013-04-10,81.83000183105469,82.19999694824219,81.73999786376953,82.0199966430664,56.57436752319336,7583200
2013-04-11,82.13999938964844,82.95999908447266,82.08000183105469,82.31999969482422,56.781341552734375,9882700
2013-04-12,82.25,82.73999786376953,82.16999816894531,82.73999786376953,57.071014404296875,6987000
2013-04-15,82.72000122070312,83.08999633789062,81.70999908447266,81.70999908447266,56.36057662963867,12385800
2013-04-16,82.33000183105469,83.54000091552734,82.06999969482422,83.44000244140625,57.55387496948242,12620000
2013-04-17,83.36000061035156,84.43000030517578,83.29000091552734,83.9000015258789,57.871150970458984,13693300
2013-04-18,83.95999908447266,84.30000305175781,83.02999877929688,83.18000030517578,57.3745231628418,9921500
2013-04-19,83.51000213623047,84.56999969482422,83.47000122070312,84.48999786376953,58.27809143066406,10787600
2013-04-22,84.58999633789062,84.93000030517578,84.19999694824219,84.83000183105469,58.51263427734375,6989900
2013-04-23,84.98999786376953,85.68000030517578,84.0,85.44999694824219,58.940269470214844,8982100
2013-04-24,85.68000030517578,85.73999786376953,84.27999877929688,84.38999938964844,58.20913314819336,9480600
2013-04-25,84.54000091552734,85.44000244140625,84.33999633789062,85.22000122070312,58.78163528442383,8689400
2013-04-26,85.30000305175781,85.48999786376953,84.80999755859375,85.12000274658203,58.712642669677734,6784700
2013-04-29,85.0199966430664,85.88999938964844,84.91000366210938,85.58000183105469,59.02994918823242,8038000
2013-04-30,85.38999938964844,85.69999694824219,84.88999938964844,85.2300033569336,58.78850555419922,12099600
2013-05-01,84.5,85.12999725341797,83.87999725341797,84.2300033569336,58.0987663269043,12312100
2013-05-02,84.44000244140625,85.20999908447266,84.16999816894531,85.16000366210938,58.740264892578125,8668900
2013-05-03,85.58000183105469,85.98999786376953,85.44999694824219,85.75,59.14720916748047,9213800
2013-05-06,85.77999877929688,85.77999877929688,84.55000305175781,84.68000030517578,58.409149169921875,8815600
2013-05-07,84.87000274658203,85.56999969482422,84.62999725341797,85.52999877929688,58.99546432495117,9061800
2013-05-08,85.4800033569336,85.5999984741211,84.93000030517578,85.45999908447266,58.94717025756836,8044600
2013-05-09,85.44999694824219,85.69000244140625,84.95999908447266,85.1500015258789,58.73336410522461,8342000
2013-05-10,85.29000091552734,85.76000213623047,85.18000030517578,85.76000213623047,59.154117584228516,7594800
2013-05-13,85.55999755859375,86.06999969482422,85.44000244140625,85.8499984741211,59.21617126464844,6631500
2013-05-14,85.76000213623047,87.08000183105469,85.76000213623047,86.97000122070312,59.98872756958008,10360700
2013-05-15,86.94000244140625,87.87999725341797,86.94000244140625,87.63999938964844,60.45088195800781,13444400
2013-05-16,87.33000183105469,87.7699966430664,87.05999755859375,87.44999694824219,60.319828033447266,9441900
2013-05-17,87.47000122070312,88.19999694824219,87.41000366210938,88.08999633789062,60.76124954223633,11437700
2013-05-20,88.0999984741211,88.19999694824219,87.80999755859375,88.01000213623047,60.70607376098633,7235800
2013-05-21,87.94000244140625,88.63999938964844,87.79000091552734,88.58999633789062,61.10612869262695,10099600
2013-05-22,88.69999694824219,89.98999786376953,88.19999694824219,88.45999908447266,61.0164794921875,13825900
2013-05-23,87.11000061035156,87.97000122070312,87.0,87.20999908447266,60.6064338684082,14446900
2013-05-24,86.80000305175781,87.02999877929688,86.48999786376953,86.81999969482422,60.33539962768555,10390100
2013-05-28,87.54000091552734,88.29000091552734,87.2699966430664,87.61000061035156,60.884429931640625,8380200
2013-05-29,87.08000183105469,87.16000366210938,85.13999938964844,85.6500015258789,59.52233123779297,11872100
2013-05-30,85.70999908447266,86.30999755859375,85.68000030517578,85.98999786376953,59.758602142333984,7801200
2013-05-31,85.68000030517578,85.98999786376953,84.18000030517578,84.18000030517578,58.500762939453125,13302700
2013-06-03,84.27999877929688,84.70999908447266,83.37000274658203,84.70999908447266,58.86906814575195,11768500
2013-06-04,84.72000122070312,85.02999877929688,83.55999755859375,84.0999984741211,58.445152282714844,9972000
2013-06-05,83.91000366210938,85.0,83.4800033569336,83.68000030517578,58.15326690673828,9839100
2013-06-06,83.58999633789062,84.45999908447266,82.6500015258789,84.45999908447266,58.69532775878906,10671000
2013-06-07,84.95999908447266,85.18000030517578,84.4000015258789,84.91000366210938,59.0080680847168,8907700
2013-06-10,85.01000213623047,85.70999908447266,84.7300033569336,85.13999938964844,59.16791534423828,8477100
2013-06-11,84.76000213623047,85.0199966430664,84.12999725341797,84.69000244140625,58.85518264770508,8967000
2013-06-12,85.18000030517578,85.5,83.69999694824219,83.73999786376953,58.194976806640625,8413200
2013-06-13,83.5999984741211,84.95999908447266,83.08000183105469,84.91000366210938,59.0080680847168,8570000
2013-06-14,84.70999908447266,85.4800033569336,84.66000366210938,84.91000366210938,59.0080680847168,6357100
2013-06-17,85.37000274658203,86.4000015258789,84.9800033569336,85.62999725341797,59.50843048095703,8429100
2013-06-18,85.75,86.44000244140625,85.62999725341797,86.36000061035156,60.015750885009766,7233600
2013-06-19,86.43000030517578,86.5,84.80000305175781,84.86000061035156,58.973323822021484,8288400
2013-06-20,84.20999908447266,84.44999694824219,82.12000274658203,82.62000274658203,57.4166259765625,15172600
2013-06-21,83.0,84.31999969482422,82.5,83.19999694824219,57.8197021484375,20715800
2013-06-24,82.91999816894531,85.30999755859375,82.80999755859375,84.61000061035156,58.79957580566406,14777500
2013-06-25,85.16000366210938,85.58999633789062,84.54000091552734,85.3499984741211,59.31382751464844,11239400
2013-06-26,85.94999694824219,87.31999969482422,85.94000244140625,86.98999786376953,60.45357131958008,11966500
2013-06-27,87.52999877929688,87.81999969482422,86.48999786376953,86.70999908447266,60.25895309448242,8890300
2013-06-28,86.72000122070312,87.37999725341797,85.8499984741211,85.86000061035156,59.66826248168945,11896300
2013-07-01,85.72000122070312,87.63999938964844,85.5,86.62999725341797,60.203365325927734,9905200
2013-07-02,86.6500015258789,87.19999694824219,86.20999908447266,86.56999969482422,60.161678314208984,8572100
2013-07-03,86.54000091552734,87.04000091552734,86.0999984741211,86.77999877929688,60.30762481689453,3599900
2013-07-05,87.58000183105469,87.87999725341797,86.91999816894531,87.87000274658203,61.06510925292969,5403600
2013-07-08,88.08999633789062,88.98999786376953,87.97000122070312,88.58999633789062,61.56545639038086,12051400
2013-07-09,88.6500015258789,89.08000183105469,88.36000061035156,88.87999725341797,61.76701736450195,9348600
2013-07-10,88.87999725341797,89.4800033569336,88.80999755859375,89.23999786376953,62.017189025878906,7067100
2013-07-11,89.80999755859375,89.93000030517578,89.0,89.66999816894531,62.31602478027344,8941300
2013-07-12,89.69000244140625,89.98999786376953,89.37999725341797,89.98999786376953,62.53839874267578,7590600
2013-07-15,89.91000366210938,90.80999755859375,89.76000213623047,90.4000015258789,62.823341369628906,13343200
2013-07-16,91.04000091552734,91.66000366210938,90.12999725341797,90.4000015258789,62.823341369628906,11409200
2013-07-17,90.58000183105469,90.97000122070312,89.87999725341797,90.12999725341797,62.635684967041016,12832200
2013-07-18,90.33000183105469,90.94999694824219,90.05999755859375,90.16999816894531,62.66350555419922,8329300
2013-07-19,90.23999786376953,92.2699966430664,90.05000305175781,92.2300033569336,64.0950698852539,12506300
2013-07-22,92.08000183105469,92.55999755859375,91.61000061035156,92.27999877929688,64.12982940673828,9916200
2013-07-23,92.38999938964844,92.86000061035156,92.11000061035156,92.41999816894531,64.22711181640625,8467700
2013-07-24,92.6500015258789,92.66000366210938,91.75,92.36000061035156,64.1854248046875,6846300
2013-07-25,92.0,92.75,91.75,92.56999969482422,64.33136749267578,7368000
2013-07-26,92.31999969482422,92.93000030517578,91.6500015258789,92.83000183105469,64.51205444335938,8663700
2013-07-29,92.62999725341797,93.38999938964844,92.61000061035156,93.20999908447266,64.7761459350586,7925000
2013-07-30,93.47000122070312,93.97000122070312,93.0199966430664,93.16999816894531,64.74835968017578,8863000
2013-07-31,93.2300033569336,94.41999816894531,93.19000244140625,93.5,64.97767639160156,11365700
2013-08-01,94.16000366210938,94.4000015258789,93.69999694824219,93.7699966430664,65.16529083251953,11098600
2013-08-02,93.55999755859375,94.38999938964844,93.44999694824219,94.38999938964844,65.59619140625,8503100
2013-08-05,94.05000305175781,94.30000305175781,93.43000030517578,93.80000305175781,65.18616485595703,7192400
2013-08-06,93.87999725341797,93.94000244140625,93.5,93.80999755859375,65.19312286376953,6415000
2013-08-07,93.5999984741211,94.02999877929688,93.47000122070312,93.66000366210938,65.0888671875,9056900
2013-08-08,94.2699966430664,94.37000274658203,92.70999908447266,93.33999633789062,64.86648559570312,11090000
2013-08-09,93.38999938964844,93.38999938964844,91.77999877929688,92.36000061035156,64.1854248046875,12135800
2013-08-12,92.08000183105469,92.7699966430664,91.75,92.0,63.935245513916016,11012300
2013-08-13,91.88999938964844,93.3499984741211,91.76000213623047,93.01000213623047,64.63714599609375,10099800
2013-08-14,92.79000091552734,92.94999694824219,90.51000213623047,90.69999694824219,63.03180694580078,12716800
2013-08-15,90.31999969482422,90.41000366210938,89.08999633789062,89.55000305175781,62.23263168334961,12010700
2013-08-16,89.12999725341797,89.80000305175781,88.7699966430664,89.37000274658203,62.107547760009766,14100700
2013-08-19,89.47000122070312,91.25,89.3499984741211,90.44999694824219,62.85808563232422,8687000
2013-08-20,90.55000305175781,91.6500015258789,89.7300033569336,89.7300033569336,62.35770034790039,8559200
2013-08-21,89.47000122070312,89.62999725341797,88.68000030517578,88.80000305175781,61.711395263671875,7940700
2013-08-22,88.76000213623047,89.02999877929688,88.12000274658203,88.26000213623047,61.33613967895508,7191900
2013-08-23,87.93000030517578,88.44000244140625,87.20999908447266,88.41000366210938,61.90328598022461,7714900
2013-08-26,88.36000061035156,88.4800033569336,87.38999938964844,87.52999877929688,61.28713607788086,6724500
2013-08-27,86.97000122070312,87.08000183105469,85.95999908447266,86.16999816894531,60.334877014160156,9941200
2013-08-28,86.36000061035156,86.91000366210938,85.87999725341797,86.52999877929688,60.586936950683594,8829200
2013-08-29,86.41000366210938,87.13999938964844,85.98999786376953,86.56999969482422,60.61493682861328,5768800
2013-08-30,86.77999877929688,86.77999877929688,85.8499984741211,86.41000366210938,60.502925872802734,7471300
2013-09-03,86.88999938964844,87.30000305175781,86.02999877929688,86.41999816894531,60.50992202758789,7590500
2013-09-04,86.45999908447266,87.25,86.25,86.9000015258789,60.84602355957031,8458800
2013-09-05,87.0,87.16999816894531,86.62000274658203,87.04000091552734,60.94403839111328,5647900
2013-09-06,87.22000122070312,87.91999816894531,86.0,87.16000366210938,61.028072357177734,10034900
2013-09-09,87.38999938964844,87.5999984741211,87.01000213623047,87.55999755859375,61.30815505981445,6819700
2013-09-10,88.13999938964844,88.58000183105469,87.8499984741211,88.52999877929688,61.98728942871094,8658700
2013-09-11,88.62999725341797,89.2699966430664,88.13999938964844,89.2300033569336,62.47743225097656,8098100
2013-09-12,89.30000305175781,89.56999969482422,88.87999725341797,89.01000213623047,62.32337951660156,7938500
2013-09-13,89.12999725341797,89.25,88.19999694824219,88.56999969482422,62.01534652709961,7738600
2013-09-16,89.43000030517578,89.56999969482422,88.83000183105469,89.02999877929688,62.337406158447266,7563700
2013-09-17,89.05000305175781,89.22000122070312,88.58000183105469,89.05999755859375,62.35842514038086,6291100
2013-09-18,88.91000366210938,89.91000366210938,88.30000305175781,89.91000366210938,62.95355224609375,10115500
2013-09-19,90.05000305175781,90.19999694824219,89.79000091552734,90.06999969482422,63.065582275390625,6721000
2013-09-20,90.19999694824219,90.72000122070312,89.68000030517578,89.68000030517578,62.79252243041992,14708600
2013-09-23,89.43000030517578,89.75,88.80999755859375,89.08999633789062,62.379425048828125,7376200
2013-09-24,89.0199966430664,89.19999694824219,88.1500015258789,88.22000122070312,61.77024841308594,7797500
2013-09-25,88.41999816894531,88.47000122070312,87.06999969482422,87.08000183105469,60.972042083740234,7493200
2013-09-26,87.27999877929688,87.69999694824219,86.72000122070312,87.06999969482422,60.96504211425781,6400600
2013-09-27,86.80999755859375,86.94000244140625,86.44000244140625,86.7300033569336,60.72697448730469,5461100
2013-09-30,86.33000183105469,86.94999694824219,86.1500015258789,86.69000244140625,60.698997497558594,7962300
2013-10-01,86.58999633789062,87.48999786376953,86.26000213623047,87.47000122070312,61.24510955810547,6318700
2013-10-02,87.12999725341797,87.29000091552734,86.44000244140625,87.29000091552734,61.119102478027344,6383400
2013-10-03,87.19000244140625,87.4000015258789,86.27999877929688,86.58000183105469,60.6219367980957,7724600
2013-10-04,86.81999969482422,87.41999816894531,86.55999755859375,87.30999755859375,61.13310623168945,6050000
2013-10-07,86.69999694824219,86.9800033569336,86.29000091552734,86.58999633789062,60.628971099853516,5705200
2013-10-08,86.62000274658203,86.73999786376953,85.56999969482422,85.61000061035156,59.942787170410156,8669800
2013-10-09,85.93000030517578,86.2300033569336,85.5,85.95999908447266,60.187843322753906,8014200
2013-10-10,86.72000122070312,87.77999877929688,86.69999694824219,87.77999877929688,61.462181091308594,8647900
2013-10-11,88.62000274658203,89.4800033569336,88.0199966430664,89.44999694824219,62.631500244140625,8449800
2013-10-14,88.83000183105469,89.88999938964844,88.62999725341797,89.80000305175781,62.87655258178711,9198600
2013-10-15,90.33000183105469,91.45999908447266,89.93000030517578,89.93000030517578,62.96758270263672,11024000
2013-10-16,90.41999816894531,91.16999816894531,90.16000366210938,91.11000061035156,63.79377746582031,8116000
2013-10-17,90.87000274658203,92.0,90.7699966430664,91.97000122070312,64.39592742919922,8569600
2013-10-18,91.75,92.05000305175781,91.13999938964844,91.62999725341797,64.15786743164062,9082600
2013-10-21,91.62999725341797,91.62999725341797,90.7699966430664,91.19999694824219,63.856781005859375,6940500
2013-10-22,91.52999877929688,92.55999755859375,91.5,92.36000061035156,64.66902923583984,9635500
2013-10-23,92.06999969482422,92.43000030517578,91.5199966430664,92.0999984741211,64.48697662353516,6449600
2013-10-24,92.6500015258789,92.98999786376953,92.13999938964844,92.3499984741211,64.6620101928711,5251000
2013-10-25,92.04000091552734,92.2699966430664,91.77999877929688,92.08999633789062,64.47998809814453,6076000
2013-10-28,91.95999908447266,92.80000305175781,91.91999816894531,92.38999938964844,64.69001770019531,6551000
2013-10-29,92.80000305175781,93.18000030517578,92.58000183105469,93.13999938964844,65.21517944335938,6096700
2013-10-30,93.2699966430664,93.44999694824219,92.6500015258789,92.79000091552734,64.97012329101562,6295400
2013-10-31,92.8499984741211,93.3499984741211,92.31999969482422,92.61000061035156,64.84403991699219,7773900
2013-11-01,92.37999725341797,93.58000183105469,92.37999725341797,93.37000274658203,65.37618255615234,6835900
2013-11-04,93.45999908447266,93.5,92.43000030517578,93.02999877929688,65.13814544677734,6862500
2013-11-05,92.54000091552734,92.94999694824219,92.27999877929688,92.80999755859375,64.9841079711914,5350600
2013-11-06,93.02999877929688,93.19999694824219,92.72000122070312,93.04000091552734,65.14517974853516,5301300
2013-11-07,93.19000244140625,93.3499984741211,92.69000244140625,92.69000244140625,64.90007019042969,6116900
2013-11-08,92.62999725341797,94.0999984741211,92.55999755859375,94.05000305175781,65.85232543945312,7229500
2013-11-11,93.97000122070312,94.63999938964844,93.94000244140625,94.29000091552734,66.0203628540039,4723100
2013-11-12,93.9800033569336,94.08999633789062,93.0,93.55999755859375,65.50922393798828,7639600
2013-11-13,93.36000061035156,93.44999694824219,92.31999969482422,93.33999633789062,65.35518646240234,8954300
2013-11-14,93.4000015258789,94.13999938964844,93.4000015258789,93.91999816894531,65.76129913330078,7045700
2013-11-15,93.62999725341797,94.4000015258789,93.55000305175781,94.38999938964844,66.09038543701172,7063000
2013-11-18,94.36000061035156,94.5999984741211,94.01000213623047,94.30000305175781,66.02735137939453,8492000
2013-11-19,94.2699966430664,94.91999816894531,94.0,94.86000061035156,66.41950225830078,6624200
2013-11-20,94.94000244140625,95.47000122070312,94.66000366210938,95.1500015258789,66.62254333496094,7076500
2013-11-21,95.45999908447266,95.75,95.05000305175781,95.19999694824219,66.65752410888672,6896200
2013-11-22,94.38999938964844,95.58000183105469,94.38999938964844,95.25,67.15814208984375,6462100
2013-11-25,95.48999786376953,95.98999786376953,95.08000183105469,95.62999725341797,67.42606353759766,6374600
2013-11-26,95.58000183105469,95.87000274658203,94.97000122070312,95.05999755859375,67.02417755126953,7267600
2013-11-27,95.33999633789062,95.37000274658203,94.61000061035156,94.9800033569336,66.9677734375,4603800
2013-11-29,95.2300033569336,95.5,94.43000030517578,94.66000366210938,66.74215698242188,4106800
2013-12-02,94.41000366210938,94.66000366210938,93.97000122070312,94.27999877929688,66.4742431640625,5827400
2013-12-03,94.19999694824219,94.55999755859375,93.51000213623047,93.97000122070312,66.25566864013672,9061100
2013-12-04,93.76000213623047,94.25,93.12999725341797,93.62999725341797,66.01591491699219,6218500
2013-12-05,93.41999816894531,93.62999725341797,92.66000366210938,92.97000122070312,65.55059051513672,8666200
2013-12-06,93.5999984741211,94.4800033569336,93.41999816894531,94.44000244140625,66.58704376220703,7280400
2013-12-09,94.30000305175781,94.4800033569336,93.69999694824219,94.44000244140625,66.58704376220703,6974500
2013-12-10,94.58000183105469,94.79000091552734,93.95999908447266,94.13999938964844,66.37550354003906,7576600
2013-12-11,94.4000015258789,94.44999694824219,93.02999877929688,93.11000061035156,65.64928436279297,9424300
2013-12-12,92.83999633789062,92.86000061035156,91.06999969482422,91.16000366210938,64.27440643310547,12285700
2013-12-13,91.45999908447266,91.86000061035156,91.08000183105469,91.3499984741211,64.40837097167969,7909000
2013-12-16,91.41999816894531,92.31999969482422,91.16000366210938,91.37000274658203,64.4224624633789,6623000
2013-12-17,91.30000305175781,91.33000183105469,90.5,90.66000366210938,63.921844482421875,8794000
2013-12-18,90.94999694824219,92.66000366210938,89.7699966430664,92.63999938964844,65.31790924072266,9691100
2013-12-19,92.4000015258789,92.4000015258789,91.41999816894531,91.9800033569336,64.85256958007812,7341000
2013-12-20,91.94999694824219,92.75,91.94999694824219,92.08999633789062,64.93011474609375,11265000
2013-12-23,92.55999755859375,92.68000030517578,91.76000213623047,92.02999877929688,64.88783264160156,5312200
2013-12-24,92.18000030517578,92.38999938964844,91.8499984741211,92.05999755859375,64.90897369384766,3147300
2013-12-26,91.98999786376953,92.54000091552734,91.7699966430664,92.54000091552734,65.24739074707031,3459100
2013-12-27,92.7699966430664,92.95999908447266,92.18000030517578,92.3499984741211,65.1134262084961,3511300
2013-12-30,92.16000366210938,92.30000305175781,91.7300033569336,92.30000305175781,65.07821655273438,4370100
2013-12-31,92.16999816894531,92.22000122070312,91.1500015258789,91.58999633789062,64.57754516601562,6348200
2014-01-02,91.13999938964844,91.7300033569336,91.01000213623047,91.02999877929688,64.18273162841797,5919600
2014-01-03,91.29000091552734,92.22000122070312,91.26000213623047,91.8499984741211,64.76089477539062,5637600
2014-01-06,91.93000030517578,92.75,91.87000274658203,92.33000183105469,65.09931945800781,7443500
2014-01-07,93.04000091552734,94.62000274658203,92.98999786376953,94.29000091552734,66.48127746582031,11063300
2014-01-08,94.16999816894531,94.5999984741211,93.87999725341797,94.16000366210938,66.38960266113281,9096700
2014-01-09,94.94000244140625,95.37999725341797,94.08999633789062,94.7300033569336,66.79151916503906,7944700
2014-01-10,94.63999938964844,94.9800033569336,94.13999938964844,94.73999786376953,66.79855346679688,6697400
2014-01-13,94.37000274658203,94.98999786376953,94.05999755859375,94.5,66.62934112548828,9589200
2014-01-14,94.5999984741211,94.9000015258789,94.31999969482422,94.72000122070312,66.78445434570312,7567300
2014-01-15,94.6500015258789,95.2699966430664,94.51000213623047,94.80000305175781,66.8408432006836,7390700
2014-01-16,94.5999984741211,95.08999633789062,94.2300033569336,94.63999938964844,66.72803497314453,8401100
2014-01-17,94.72000122070312,95.16999816894531,94.37999725341797,95.05999755859375,67.02417755126953,13714400
2014-01-21,94.93000030517578,95.0999984741211,92.62000274658203,94.02999877929688,66.29795837402344,16368400
2014-01-22,93.98999786376953,94.55000305175781,93.54000091552734,94.31999969482422,66.5024185180664,8875500
2014-01-23,93.73999786376953,93.80000305175781,92.41000366210938,92.73999786376953,65.38838958740234,9322300
2014-01-24,92.12000274658203,92.61000061035156,90.61000061035156,90.61000061035156,63.8866081237793,10604200
2014-01-27,90.30000305175781,90.76000213623047,89.8499984741211,89.94000244140625,63.41421890258789,8685200
2014-01-28,90.58000183105469,90.5999984741211,89.79000091552734,90.0999984741211,63.52701187133789,8254400
2014-01-29,89.47000122070312,89.70999908447266,88.52999877929688,88.9000015258789,62.680904388427734,11160100
2014-01-30,89.62000274658203,89.77999877929688,89.01000213623047,89.5,63.1039924621582,6874900
2014-01-31,89.01000213623047,89.33999633789062,88.1500015258789,88.47000122070312,62.37775421142578,12193800
2014-02-03,88.75,88.77999877929688,86.61000061035156,86.77999877929688,61.18619155883789,13944600
2014-02-04,86.93000030517578,87.27999877929688,86.08999633789062,86.62000274658203,61.07337951660156,11436400
2014-02-05,86.48999786376953,87.66999816894531,86.4800033569336,87.27999877929688,61.53871536254883,10667300
2014-02-06,87.62999725341797,88.76000213623047,87.55000305175781,88.75,62.57518005371094,10037900
2014-02-07,88.91999816894531,90.04000091552734,88.61000061035156,90.04000091552734,63.48472595214844,9435100
2014-02-10,90.23999786376953,91.08000183105469,89.80000305175781,91.06999969482422,64.21094512939453,8080200
2014-02-11,91.08999633789062,92.97000122070312,90.94999694824219,92.97000122070312,65.55059051513672,11556300
2014-02-12,92.94999694824219,92.98999786376953,91.94999694824219,92.41999816894531,65.16277313232422,7696100
2014-02-13,92.0,92.62000274658203,91.70999908447266,92.55999755859375,65.26148986816406,5926000
2014-02-14,92.5999984741211,92.94999694824219,92.02999877929688,92.76000213623047,65.40250396728516,5485100
2014-02-18,92.7699966430664,92.8499984741211,92.08999633789062,92.16999816894531,64.98653411865234,6926500
2014-02-19,92.1500015258789,92.75,91.56999969482422,91.63999938964844,64.61283874511719,7693400
2014-02-20,91.69000244140625,92.7300033569336,91.30999755859375,92.37999725341797,65.13457489013672,8160100
2014-02-21,91.86000061035156,92.25,91.44999694824219,91.5199966430664,64.99256896972656,7381500
2014-02-24,91.44999694824219,92.05999755859375,91.0999984741211,91.11000061035156,64.70137786865234,8406700
2014-02-25,91.58999633789062,91.87000274658203,90.66000366210938,91.11000061035156,64.70137786865234,6383400
2014-02-26,91.11000061035156,91.54000091552734,90.7699966430664,91.11000061035156,64.70137786865234,6334100
2014-02-27,91.16000366210938,91.41999816894531,90.75,91.36000061035156,64.87894439697266,7040300
2014-02-28,91.41999816894531,92.63999938964844,91.05999755859375,92.12000274658203,65.41864013671875,9643700
2014-03-03,91.12999725341797,91.9800033569336,90.83000183105469,91.55999755859375,65.02096557617188,7506700
2014-03-04,92.47000122070312,93.45999908447266,92.25,93.33999633789062,66.28501892089844,8796300
2014-03-05,93.2699966430664,93.30000305175781,92.37999725341797,92.58999633789062,65.75240325927734,6842500
2014-03-06,93.19000244140625,93.6500015258789,92.81999969482422,92.88999938964844,65.9654541015625,7718300
2014-03-07,93.37000274658203,93.4800033569336,92.69000244140625,93.31999969482422,66.27080535888672,6792000
2014-03-10,93.16999816894531,93.48999786376953,92.79000091552734,93.44999694824219,66.36312866210938,4878200
2014-03-11,93.70999908447266,93.75,93.08999633789062,93.48999786376953,66.39156341552734,5837200
2014-03-12,92.81999969482422,93.62000274658203,92.6500015258789,93.5999984741211,66.46965026855469,6154900
2014-03-13,93.8499984741211,94.19999694824219,92.9800033569336,93.0,66.04354095458984,7659400
2014-03-14,92.87999725341797,93.44000244140625,92.45999908447266,92.80999755859375,65.90862274169922,7337800
2014-03-17,93.26000213623047,94.18000030517578,93.18000030517578,93.93000030517578,66.70401000976562,5872600
2014-03-18,93.9000015258789,94.23999786376953,93.4800033569336,93.94000244140625,66.71109771728516,5891900
2014-03-19,93.88999938964844,94.36000061035156,92.91999816894531,93.58999633789062,66.46255493164062,5937600
2014-03-20,93.5199966430664,94.19000244140625,92.95999908447266,94.12000274658203,66.83894348144531,5727400
2014-03-21,94.7699966430664,95.93000030517578,93.87999725341797,95.93000030517578,68.12432861328125,23988800
2014-03-24,95.30000305175781,95.43000030517578,94.54000091552734,95.19999694824219,67.60590362548828,13944100
2014-03-25,95.69999694824219,97.69999694824219,95.69999694824219,97.37999725341797,69.15398406982422,14167300
2014-03-26,97.51000213623047,98.47000122070312,97.05000305175781,97.05000305175781,68.91967010498047,11215100
2014-03-27,97.08000183105469,97.69999694824219,96.26000213623047,97.27999877929688,69.0830078125,8694600
2014-03-28,97.51000213623047,98.22000122070312,96.95999908447266,97.44000244140625,69.19662475585938,8816000
2014-03-31,98.0,98.5999984741211,97.61000061035156,98.2300033569336,69.75764465332031,7545700
2014-04-01,98.30999755859375,98.68000030517578,97.37000274658203,97.94000244140625,69.55170440673828,7068500
2014-04-02,98.01000213623047,98.38999938964844,97.37000274658203,98.2300033569336,69.75764465332031,7995600
2014-04-03,97.97000122070312,98.33999633789062,97.52999877929688,98.26000213623047,69.77897644042969,5471200
2014-04-04,98.62000274658203,99.37999725341797,98.31999969482422,98.41999816894531,69.89256286621094,10309700
2014-04-07,98.38999938964844,99.36000061035156,97.83000183105469,97.88999938964844,69.51616668701172,11409200
2014-04-08,98.02999877929688,98.7300033569336,97.5,98.05999755859375,69.63691711425781,9601800
2014-04-09,98.41999816894531,99.0,97.77999877929688,98.94999694824219,70.26895141601562,8921300
2014-04-10,98.86000061035156,98.93000030517578,96.5199966430664,96.54000091552734,68.55748748779297,9667800
2014-04-11,96.19999694824219,97.19999694824219,96.05000305175781,96.87000274658203,68.79183959960938,8710700
2014-04-14,97.27999877929688,97.36000061035156,96.25,97.13999938964844,68.98355865478516,8617200
2014-04-15,98.44999694824219,99.20999908447266,98.05000305175781,99.19999694824219,70.44647979736328,13999100
2014-04-16,99.56999969482422,99.70999908447266,98.06999969482422,98.75,70.12690734863281,11308000
2014-04-17,98.69000244140625,99.6500015258789,98.69000244140625,98.95999908447266,70.27606964111328,9153500
2014-04-21,99.01000213623047,100.12999725341797,98.66999816894531,100.0,71.01458740234375,7031400
2014-04-22,100.0,100.75,99.73999786376953,100.18000030517578,71.14241790771484,7937900
2014-04-23,100.23999786376953,100.55999755859375,99.91999816894531,100.22000122070312,71.17083740234375,5876000
2014-04-24,100.23999786376953,100.37000274658203,99.55000305175781,99.95999908447266,70.9862060546875,6149900
2014-04-25,99.97000122070312,100.26000213623047,99.4000015258789,99.79000091552734,70.8654556274414,5895900
2014-04-28,100.55999755859375,101.5,100.12000274658203,101.33999633789062,71.96617889404297,8792900
2014-04-29,101.62999725341797,101.9800033569336,100.95999908447266,101.02999877929688,71.74602508544922,7811200
2014-04-30,100.83999633789062,101.66999816894531,100.69999694824219,101.29000091552734,71.9306869506836,8513600
2014-05-01,100.7699966430664,101.02999877929688,99.93000030517578,100.52999877929688,71.39095306396484,6590500
2014-05-02,100.16999816894531,100.37999725341797,98.87999725341797,99.30999755859375,70.52458953857422,8744200
2014-05-05,99.29000091552734,100.16999816894531,99.04000091552734,100.0,71.01458740234375,5438200
2014-05-06,100.0199966430664,100.0199966430664,99.51000213623047,99.51000213623047,70.66661834716797,5795900
2014-05-07,99.8499984741211,101.05000305175781,99.3499984741211,100.91000366210938,71.66081237792969,8720800
2014-05-08,100.66999816894531,101.08999633789062,100.36000061035156,100.5,71.36967468261719,5667900
2014-05-09,100.86000061035156,101.25,100.41000366210938,100.91000366210938,71.66081237792969,5691700
2014-05-12,101.23999786376953,101.23999786376953,100.41999816894531,100.5199966430664,71.38388061523438,7437300
2014-05-13,100.9000015258789,101.48999786376953,100.62999725341797,101.0199966430664,71.73896789550781,6183200
2014-05-14,100.94999694824219,101.0999984741211,100.7699966430664,100.87000274658203,71.63243865966797,4187200
2014-05-15,100.63999938964844,100.83999633789062,100.41000366210938,100.69000244140625,71.50457763671875,7007600
2014-05-16,100.56999969482422,100.88999938964844,100.13999938964844,100.58000183105469,71.42645263671875,6516900
2014-05-19,100.22000122070312,100.93000030517578,100.12999725341797,100.63999938964844,71.46907806396484,6997200
2014-05-20,100.80999755859375,100.9800033569336,99.95999908447266,100.25,71.19213104248047,5438400
2014-05-21,100.5999984741211,101.19999694824219,100.52999877929688,101.13999938964844,71.82415771484375,5302500
2014-05-22,100.58000183105469,101.01000213623047,100.08000183105469,100.95999908447266,72.19599914550781,5124900
2014-05-23,101.04000091552734,101.16000366210938,100.66999816894531,100.9800033569336,72.2103271484375,5275700
2014-05-27,101.0999984741211,101.36000061035156,100.2699966430664,100.80999755859375,72.0887451171875,4524400
2014-05-28,100.66999816894531,100.93000030517578,100.12000274658203,100.30000305175781,71.72406005859375,4352700
2014-05-29,100.55999755859375,100.80000305175781,100.1500015258789,100.76000213623047,72.0530014038086,3685200
2014-05-30,100.69999694824219,101.54000091552734,100.55000305175781,101.45999908447266,72.55355072021484,5973900
2014-06-02,101.54000091552734,102.26000213623047,101.01000213623047,102.16999816894531,73.061279296875,5845400
2014-06-03,101.91000366210938,102.5999984741211,101.83999633789062,102.45999908447266,73.2686538696289,6681300
2014-06-04,102.2300033569336,102.70999908447266,101.94000244140625,102.68000030517578,73.42597961425781,5608600
2014-06-05,102.77999877929688,103.36000061035156,102.41999816894531,103.22000122070312,73.81211853027344,4730900
2014-06-06,103.25,103.33000183105469,102.83999633789062,103.18000030517578,73.78350067138672,4624000
2014-06-09,103.06999969482422,103.2300033569336,102.68000030517578,103.22000122070312,73.81211853027344,3748800
2014-06-10,103.47000122070312,104.12000274658203,102.7699966430664,104.0999984741211,74.44140625,5792100
2014-06-11,103.80999755859375,104.1500015258789,103.12999725341797,103.31999969482422,73.88362121582031,5960500
2014-06-12,103.18000030517578,103.20999908447266,102.51000213623047,102.52999877929688,73.3187255859375,5930700
2014-06-13,102.51000213623047,102.6500015258789,102.16999816894531,102.52999877929688,73.3187255859375,4301600
2014-06-16,102.5199966430664,102.88999938964844,101.83999633789062,102.44999694824219,73.26152038574219,5645500
2014-06-17,102.12999725341797,102.19999694824219,101.37999725341797,101.93000030517578,72.88963317871094,4834600
2014-06-18,101.91000366210938,102.83000183105469,101.86000061035156,102.80999755859375,73.51895141601562,5445000
2014-06-19,102.93000030517578,103.87000274658203,102.80999755859375,103.80999755859375,74.23405456542969,5481500
2014-06-20,104.37000274658203,105.4800033569336,104.06999969482422,105.2699966430664,75.27806091308594,12459700
2014-06-23,104.91000366210938,105.12000274658203,104.44000244140625,104.75,74.90621185302734,6063200
2014-06-24,104.62999725341797,105.2300033569336,104.55000305175781,104.58999633789062,74.79179382324219,5915000
2014-06-25,104.2300033569336,105.87000274658203,104.2300033569336,105.76000213623047,75.62846374511719,6411100
2014-06-26,105.83999633789062,105.97000122070312,105.02999877929688,105.6500015258789,75.54978942871094,5106900
2014-06-27,105.47000122070312,105.58999633789062,104.44999694824219,104.98999786376953,75.07783508300781,6463000
2014-06-30,105.62000274658203,106.0,104.5199966430664,104.62000274658203,74.8132553100586,6877800
2014-07-01,105.1500015258789,106.0,104.98999786376953,105.87000274658203,75.7071304321289,5129200
2014-07-02,105.69999694824219,105.97000122070312,105.30000305175781,105.86000061035156,75.69998931884766,3764900
2014-07-03,105.87000274658203,106.25,105.11000061035156,105.41999816894531,75.38536071777344,4199100
2014-07-07,105.41999816894531,106.73999786376953,105.2699966430664,106.47000122070312,76.13617706298828,7014900
2014-07-08,106.20999908447266,106.25,105.5199966430664,105.72000122070312,75.599853515625,6268400
2014-07-09,106.0,106.20999908447266,105.72000122070312,106.04000091552734,75.82868957519531,5720900
2014-07-10,105.08000183105469,106.0,104.5199966430664,105.80000305175781,75.65704345703125,4955100
2014-07-11,105.83999633789062,106.01000213623047,104.86000061035156,105.0999984741211,75.15650939941406,5461000
2014-07-14,105.37999725341797,105.48999786376953,105.11000061035156,105.37999725341797,75.35673522949219,7784800
2014-07-15,105.2300033569336,105.47000122070312,102.7699966430664,103.27999877929688,73.85499572753906,14219700
2014-07-16,103.52999877929688,103.66999816894531,101.94999694824219,102.22000122070312,73.0970458984375,11946800
2014-07-17,101.9000015258789,102.0999984741211,100.26000213623047,100.37000274658203,71.77410888671875,11218900
2014-07-18,100.66999816894531,101.95999908447266,100.37000274658203,101.80000305175781,72.79668426513672,8408400
2014-07-21,101.44000244140625,101.58000183105469,101.0199966430664,101.2699966430664,72.41768646240234,6379900
2014-07-22,101.91000366210938,102.54000091552734,101.77999877929688,102.47000122070312,73.27581787109375,6554100
2014-07-23,102.80000305175781,102.93000030517578,101.87999725341797,102.19000244140625,73.07557678222656,4815300
2014-07-24,102.33999633789062,102.7300033569336,102.0199966430664,102.19999694824219,73.08271789550781,5177200
2014-07-25,102.2699966430664,102.4000015258789,101.80000305175781,102.11000061035156,73.01836395263672,3951500
2014-07-28,101.88999938964844,102.4000015258789,101.66000366210938,102.11000061035156,73.01836395263672,4634800
2014-07-29,102.44999694824219,102.51000213623047,101.69000244140625,101.95999908447266,72.91108703613281,6053900
2014-07-30,102.2699966430664,102.8499984741211,101.80999755859375,102.30000305175781,73.15423583984375,5994800
2014-07-31,101.7699966430664,101.83999633789062,100.05000305175781,100.08999633789062,71.57386779785156,9141500
2014-08-01,99.76000213623047,100.41000366210938,98.80000305175781,99.9000015258789,71.4380111694336,8610700
2014-08-04,99.98999786376953,100.37999725341797,99.31999969482422,100.16000366210938,71.62395477294922,6790800
2014-08-05,99.83000183105469,100.23999786376953,99.55000305175781,99.81999969482422,71.38079071044922,6230900
2014-08-06,99.66999816894531,100.83000183105469,99.5999984741211,100.70999908447266,72.0172348022461,7412100
2014-08-07,101.08999633789062,101.19000244140625,99.58000183105469,99.93000030517578,71.45945739746094,7417800
2014-08-08,100.20999908447266,101.1500015258789,99.7699966430664,101.08000183105469,72.28184509277344,5618400
2014-08-11,101.62000274658203,101.77999877929688,101.01000213623047,101.16000366210938,72.33903503417969,5703000
2014-08-12,101.0,101.22000122070312,100.30999755859375,100.62999725341797,71.96004486083984,4577700
2014-08-13,101.1500015258789,101.94999694824219,101.1500015258789,101.73999786376953,72.7537841796875,4563700
2014-08-14,101.88999938964844,102.05000305175781,101.5,102.0199966430664,72.95401763916016,5239400
2014-08-15,102.20999908447266,102.44000244140625,100.80000305175781,101.16999816894531,72.34617614746094,6986000
2014-08-18,101.91999816894531,102.72000122070312,101.75,102.69999694824219,73.44026947021484,5979500
2014-08-19,102.7300033569336,102.95999908447266,102.0199966430664,102.95999908447266,73.62620544433594,5670000
2014-08-20,102.87000274658203,103.30000305175781,102.69999694824219,103.20999908447266,73.80496978759766,5183000
2014-08-21,103.33000183105469,104.41999816894531,103.33000183105469,104.19000244140625,74.50576782226562,8357600
2014-08-22,103.62999725341797,104.02999877929688,102.97000122070312,103.0999984741211,74.22498321533203,5076300
2014-08-25,103.6500015258789,103.80999755859375,103.08999633789062,103.2300033569336,74.3185806274414,3678200
2014-08-26,103.47000122070312,103.72000122070312,103.16999816894531,103.44000244140625,74.46977996826172,3512400
2014-08-27,103.5999984741211,103.72000122070312,102.91000366210938,103.22000122070312,74.31137084960938,4786100
2014-08-28,102.9000015258789,103.19000244140625,102.70999908447266,102.94999694824219,74.11701202392578,3482200
2014-08-29,103.0999984741211,103.76000213623047,103.01000213623047,103.7300033569336,74.67855072021484,5287800
2014-09-02,103.30000305175781,103.70999908447266,103.0199966430664,103.36000061035156,74.41217803955078,4644800
2014-09-03,103.81999969482422,104.0999984741211,103.54000091552734,103.76000213623047,74.7001724243164,4725800
2014-09-04,103.98999786376953,104.0999984741211,103.76000213623047,103.83999633789062,74.75775146484375,6147700
2014-09-05,103.91999816894531,104.41999816894531,103.33999633789062,104.41999816894531,75.17532348632812,5744400
2014-09-08,104.41999816894531,104.58000183105469,103.83000183105469,104.05000305175781,74.9089584350586,4900300
2014-09-09,104.4000015258789,104.4000015258789,103.55000305175781,103.80000305175781,74.72895050048828,5999400
2014-09-10,104.19000244140625,105.33999633789062,103.95999908447266,104.98999786376953,75.5856704711914,7402200
2014-09-11,104.77999877929688,104.88999938964844,104.0999984741211,104.55000305175781,75.26893615722656,4834100
2014-09-12,104.54000091552734,104.80999755859375,103.95999908447266,104.58000183105469,75.2905044555664,5929200
2014-09-15,104.58999633789062,104.91000366210938,104.3499984741211,104.72000122070312,75.39128875732422,4525500
2014-09-16,104.48999786376953,105.94000244140625,104.30000305175781,105.87999725341797,76.22639465332031,6081400
2014-09-17,105.87999725341797,106.62999725341797,105.80000305175781,106.19000244140625,76.44960021972656,6627800
2014-09-18,106.18000030517578,107.41000366210938,106.02999877929688,107.3499984741211,77.28470611572266,6628700
2014-09-19,107.88999938964844,108.37000274658203,107.62000274658203,107.98999786376953,77.7454605102539,13033400
2014-09-22,108.0,108.25,107.77999877929688,107.87999725341797,77.66627502441406,5788300
2014-09-23,107.7699966430664,108.0999984741211,107.19000244140625,107.45999908447266,77.36389923095703,8108100
2014-09-24,107.69999694824219,108.7699966430664,107.33999633789062,108.63999938964844,78.21341705322266,5890900
2014-09-25,108.52999877929688,108.55000305175781,107.06999969482422,107.0999984741211,77.10470581054688,5688200
2014-09-26,107.41000366210938,107.48999786376953,106.19999694824219,107.0999984741211,77.10470581054688,4467500
2014-09-29,106.37999725341797,106.6500015258789,106.04000091552734,106.54000091552734,76.70156860351562,6581600
2014-09-30,106.5,107.20999908447266,106.44999694824219,106.58999633789062,76.737548828125,6822500
2014-10-01,105.9800033569336,106.27999877929688,103.94999694824219,104.30000305175781,75.08892059326172,12263700
2014-10-02,104.05999755859375,104.54000091552734,103.25,103.8499984741211,74.76496124267578,7566100
2014-10-03,104.2300033569336,105.19000244140625,104.12999725341797,105.12999725341797,75.68646240234375,6856100
2014-10-06,105.68000030517578,106.0,104.37000274658203,104.86000061035156,75.49205780029297,5015100
2014-10-07,104.45999908447266,104.45999908447266,102.33999633789062,102.38999938964844,73.71383666992188,8407800
2014-10-08,102.43000030517578,105.02999877929688,102.04000091552734,104.91000366210938,75.52808380126953,8337000
2014-10-09,104.62999725341797,104.86000061035156,101.79000091552734,102.08000183105469,73.49066162109375,10675900
2014-10-10,102.3499984741211,102.52999877929688,101.2300033569336,101.2300033569336,72.87873077392578,9984100
2014-10-13,101.45999908447266,101.45999908447266,99.0199966430664,99.12000274658203,71.35968017578125,10334600
2014-10-14,100.52999877929688,100.9000015258789,95.33999633789062,97.01000213623047,69.84060668945312,20807400
2014-10-15,96.05000305175781,98.72000122070312,95.0999984741211,98.20999908447266,70.70452880859375,21905900
2014-10-16,96.97000122070312,98.0,96.5,96.77999877929688,69.6750259399414,14575300
2014-10-17,97.54000091552734,99.1500015258789,97.30999755859375,98.69999694824219,71.05729675292969,12272900
2014-10-20,98.83000183105469,99.19999694824219,98.31999969482422,99.19999694824219,71.41727447509766,7988900
2014-10-21,99.83000183105469,100.37999725341797,99.33999633789062,100.36000061035156,72.25239562988281,7287300
2014-10-22,101.0999984741211,101.79000091552734,100.5199966430664,101.22000122070312,72.87152862548828,9360100
2014-10-23,102.26000213623047,102.9800033569336,101.94000244140625,102.62999725341797,73.8866195678711,7570400
2014-10-24,102.94999694824219,103.29000091552734,102.20999908447266,103.12999725341797,74.2466049194336,5973100
2014-10-27,103.06999969482422,104.23999786376953,103.04000091552734,104.06999969482422,74.92335510253906,7043900
2014-10-28,104.55000305175781,104.80000305175781,103.55999755859375,104.79000091552734,75.44168090820312,10347800
2014-10-29,105.0,105.55999755859375,104.86000061035156,105.55999755859375,75.99603271484375,8188300
2014-10-30,105.16999816894531,107.05000305175781,104.91000366210938,107.04000091552734,77.06151580810547,9068300
2014-10-31,107.94000244140625,108.18000030517578,107.26000213623047,107.77999877929688,77.5942611694336,10800100
2014-11-03,107.83000183105469,108.12000274658203,106.75,107.45999908447266,77.36389923095703,7082600
2014-11-04,107.88999938964844,108.7300033569336,107.33999633789062,108.62000274658203,78.19903564453125,9349000
2014-11-05,109.05000305175781,109.26000213623047,107.94999694824219,108.81999969482422,78.3429946899414,6966800
2014-11-06,108.93000030517578,109.31999969482422,108.55000305175781,109.01000213623047,78.47979736328125,6200300
2014-11-07,109.0,109.02999877929688,107.91999816894531,108.19999694824219,77.89666748046875,6652600
2014-11-10,108.06999969482422,108.91999816894531,107.19999694824219,108.81999969482422,78.3429946899414,7573300
2014-11-11,108.87999725341797,109.4000015258789,108.55000305175781,108.91000366210938,78.40782165527344,6221100
2014-11-12,108.66999816894531,109.0,108.38999938964844,108.75,78.29258728027344,4895900
2014-11-13,109.05000305175781,109.48999786376953,108.5,109.06999969482422,78.52297973632812,4860000
2014-11-14,108.91999816894531,109.05999755859375,108.01000213623047,108.16000366210938,77.86784362792969,5650700
2014-11-17,108.0,108.69000244140625,107.61000061035156,108.30000305175781,77.96864318847656,5233000
2014-11-18,108.12999725341797,109.05999755859375,107.72000122070312,108.83000183105469,78.35020446777344,5407200
2014-11-19,108.44999694824219,108.80999755859375,108.0999984741211,108.76000213623047,78.2998275756836,5217800
2014-11-20,108.55000305175781,108.56999969482422,107.69000244140625,108.18000030517578,77.88226318359375,8090700
2014-11-21,108.7300033569336,108.7300033569336,107.62000274658203,107.86000061035156,78.15760040283203,8417400
2014-11-24,107.91999816894531,108.2300033569336,106.63999938964844,106.87999725341797,77.44747924804688,9098000
2014-11-25,106.9800033569336,107.19000244140625,106.69999694824219,106.69999694824219,77.31703186035156,7367900
2014-11-26,106.7699966430664,107.25,106.5999984741211,107.20999908447266,77.68659973144531,5503700
2014-11-28,107.61000061035156,108.81999969482422,107.33000183105469,108.25,78.44022369384766,5881200
2014-12-01,107.88999938964844,108.80999755859375,107.3499984741211,108.02999877929688,78.28077697753906,5638800
2014-12-02,107.97000122070312,108.52999877929688,107.5,108.51000213623047,78.62862396240234,6184400
2014-12-03,108.54000091552734,108.98999786376953,107.6500015258789,107.72000122070312,78.05613708496094,8957400
2014-12-04,108.08999633789062,108.30000305175781,107.37999725341797,107.55999755859375,77.94021606445312,6697600
2014-12-05,107.52999877929688,108.73999786376953,107.22000122070312,108.51000213623047,78.62862396240234,6449700
2014-12-08,108.41999816894531,108.87999725341797,108.13999938964844,108.5199966430664,78.63585662841797,6499300
2014-12-09,108.22000122070312,108.47000122070312,106.88999938964844,108.05000305175781,78.2952880859375,7214300
2014-12-10,107.61000061035156,107.95999908447266,106.1500015258789,106.23999786376953,76.98371887207031,9416400
2014-12-11,105.8499984741211,107.30999755859375,105.36000061035156,106.72000122070312,77.33152770996094,7114600
2014-12-12,106.6500015258789,106.87000274658203,104.38999938964844,104.43000030517578,75.67214965820312,8325500
2014-12-15,104.7699966430664,105.05999755859375,103.62999725341797,103.95999908447266,75.33158874511719,12110600
2014-12-16,103.4800033569336,105.20999908447266,102.5,102.76000213623047,74.4620361328125,10209200
2014-12-17,103.2699966430664,104.48999786376953,102.69999694824219,104.06999969482422,75.41131591796875,10207600
2014-12-18,105.62000274658203,106.81999969482422,104.73999786376953,106.80999755859375,77.396728515625,11756800
2014-12-19,106.62999725341797,107.38999938964844,105.5,105.55000305175781,76.4837417602539,19154400
2014-12-22,105.69000244140625,106.83000183105469,105.66999816894531,106.73999786376953,77.34605407714844,8124500
2014-12-23,106.66000366210938,106.91000366210938,103.91999816894531,104.27999877929688,75.56346893310547,10171700
2014-12-24,104.37999725341797,105.33000183105469,104.37999725341797,104.58999633789062,75.78807830810547,3415100
2014-12-26,105.06999969482422,105.69000244140625,104.69000244140625,105.05999755859375,76.12866973876953,2951000
2014-12-29,104.63999938964844,105.69000244140625,104.61000061035156,105.33000183105469,76.32431030273438,4273400
2014-12-30,105.41999816894531,105.80000305175781,105.05999755859375,105.36000061035156,76.34603118896484,4371700
2014-12-31,105.61000061035156,106.11000061035156,104.54000091552734,104.56999969482422,75.77361297607422,6202100
2015-01-02,105.05000305175781,105.55000305175781,104.12999725341797,104.5199966430664,75.73737335205078,5753600
2015-01-05,104.4800033569336,104.7300033569336,103.68000030517578,103.79000091552734,75.20838928222656,8079300
2015-01-06,104.33999633789062,104.98999786376953,102.94000244140625,103.27999877929688,74.83883666992188,7428000
2015-01-07,103.91000366210938,105.83000183105469,103.80999755859375,105.55999755859375,76.49097442626953,7931700
2015-01-08,106.05999755859375,106.48999786376953,105.75,106.38999938964844,77.0924072265625,9916000
2015-01-09,106.5,106.5,104.75,104.94000244140625,76.0417251586914,7364800
2015-01-12,105.16999816894531,105.81999969482422,104.30000305175781,104.58000183105469,75.7808609008789,6839000
2015-01-13,105.44000244140625,106.33000183105469,104.23999786376953,104.76000213623047,75.9112777709961,10151100
2015-01-14,103.86000061035156,104.43000030517578,103.51000213623047,104.0,75.36056518554688,8887700
2015-01-15,102.97000122070312,103.93000030517578,101.94999694824219,102.48999786376953,74.26638793945312,10834800
2015-01-16,102.05999755859375,104.62000274658203,102.0,104.04000091552734,75.3895492553711,14092300
2015-01-20,101.55000305175781,102.05000305175781,100.26000213623047,101.29000091552734,73.39683532714844,20460000
2015-01-21,100.55999755859375,102.0999984741211,100.4000015258789,101.9000015258789,73.8388671875,11702900
2015-01-22,102.38999938964844,103.83000183105469,101.56999969482422,103.76000213623047,75.1866455078125,9036600
2015-01-23,102.94000244140625,102.97000122070312,101.94000244140625,102.19999694824219,74.05623626708984,10126000
2015-01-26,101.80000305175781,102.44999694824219,101.20999908447266,102.26000213623047,74.09974670410156,8962800
2015-01-27,101.83000183105469,102.7699966430664,100.93000030517578,102.08999633789062,73.97654724121094,10160500
2015-01-28,102.4800033569336,102.93000030517578,101.44000244140625,101.4800033569336,73.53455352783203,9053200
2015-01-29,101.51000213623047,102.45999908447266,100.66999816894531,102.37999725341797,74.1866683959961,7569300
2015-01-30,101.58000183105469,102.0,100.08999633789062,100.13999938964844,72.56355285644531,10676300
2015-02-02,100.48999786376953,100.8499984741211,99.37999725341797,100.83000183105469,73.06352996826172,8990700
2015-02-03,101.4000015258789,102.55999755859375,101.12000274658203,102.45999908447266,74.24465942382812,10005200
2015-02-04,102.12000274658203,102.44999694824219,101.0199966430664,101.36000061035156,73.44758605957031,9514100
2015-02-05,101.56999969482422,102.55999755859375,101.45999908447266,102.45999908447266,74.24465942382812,6642200
2015-02-06,102.11000061035156,102.44999694824219,100.83000183105469,101.0999984741211,73.2591781616211,9215700
2015-02-09,101.05999755859375,101.05999755859375,99.0999984741211,99.77999877929688,72.30268096923828,9851700
2015-02-10,100.19000244140625,100.69999694824219,99.43000030517578,100.3499984741211,72.7156982421875,12275500
2015-02-11,100.45999908447266,100.79000091552734,99.94999694824219,100.37999725341797,72.73743438720703,8177000
2015-02-12,100.5,100.54000091552734,97.1500015258789,98.44000244140625,71.33168029785156,25835200
2015-02-13,98.44000244140625,99.66999816894531,98.33000183105469,99.62000274658203,72.18672943115234,11153600
2015-02-17,99.38999938964844,100.4800033569336,99.12000274658203,100.44000244140625,72.78089904785156,8627100
2015-02-18,100.69999694824219,100.94000244140625,99.37999725341797,99.95999908447266,72.43309783935547,7878200
2015-02-19,99.94999694824219,100.83999633789062,99.61000061035156,100.69999694824219,72.96930694580078,10028200
2015-02-20,100.18000030517578,100.37000274658203,99.11000061035156,100.26000213623047,73.15906524658203,10085700
2015-02-23,100.73999786376953,100.7699966430664,99.80000305175781,100.18000030517578,73.10066223144531,6878200
2015-02-24,100.25,101.05000305175781,100.0,100.69999694824219,73.48009490966797,6587200
2015-02-25,100.94000244140625,101.29000091552734,100.16000366210938,101.20999908447266,73.85224151611328,9684000
2015-02-26,101.37999725341797,103.18000030517578,101.22000122070312,102.80000305175781,75.01246643066406,11437900
2015-02-27,103.04000091552734,103.33000183105469,102.4800033569336,102.51000213623047,74.80082702636719,8500000
2015-03-02,102.51000213623047,103.41000366210938,102.51000213623047,103.22000122070312,75.31893157958984,7277600
2015-03-03,103.0999984741211,103.0999984741211,101.80999755859375,102.33999633789062,74.67683410644531,6419700
2015-03-04,102.12000274658203,102.12000274658203,101.16999816894531,101.6500015258789,74.17330932617188,8665500
2015-03-05,102.06999969482422,103.20999908447266,102.0,102.5199966430664,74.80815887451172,8042300
2015-03-06,102.08999633789062,102.43000030517578,99.87999725341797,100.11000061035156,73.04957580566406,9287600
2015-03-09,100.19999694824219,100.91999816894531,99.76000213623047,100.66000366210938,73.4509048461914,5701100
2015-03-10,99.98999786376953,100.44000244140625,99.51000213623047,99.52999877929688,72.62637329101562,8735700
2015-03-11,99.83000183105469,99.83000183105469,98.22000122070312,98.31999969482422,71.74345397949219,9138100
2015-03-12,98.95999908447266,100.23999786376953,98.83000183105469,99.83000183105469,72.84525299072266,8318000
2015-03-13,99.8499984741211,100.05000305175781,98.63999938964844,99.20999908447266,72.39285278320312,7821800
2015-03-16,99.73999786376953,101.06999969482422,99.73999786376953,101.05999755859375,73.74279022216797,7726500
2015-03-17,100.11000061035156,100.5199966430664,99.41000366210938,99.88999938964844,72.88905334472656,7301500
2015-03-18,99.88999938964844,101.73999786376953,99.12999725341797,101.45999908447266,74.0346908569336,7972500
2015-03-19,101.04000091552734,101.95999908447266,100.91000366210938,101.69000244140625,74.20250701904297,6863100
2015-03-20,101.87000274658203,102.9000015258789,101.76000213623047,102.4000015258789,74.72057342529297,12433800
2015-03-23,102.47000122070312,103.3499984741211,102.2300033569336,102.9800033569336,75.14382934570312,9016000
2015-03-24,102.83000183105469,103.2300033569336,101.93000030517578,101.95999908447266,74.39952087402344,8390700
2015-03-25,101.8499984741211,102.5,100.33999633789062,100.33999633789062,73.2174072265625,8444100
2015-03-26,99.94999694824219,100.80999755859375,99.55999755859375,100.13999938964844,73.07149505615234,9972400
2015-03-27,100.27999877929688,100.94999694824219,100.1500015258789,100.33999633789062,73.2174072265625,5847400
2015-03-30,101.23999786376953,101.86000061035156,100.76000213623047,101.55000305175781,74.10034942626953,6061200
2015-03-31,100.97000122070312,101.48999786376953,100.58999633789062,100.5999984741211,73.40711212158203,8028000
2015-04-01,100.45999908447266,100.45999908447266,98.61000061035156,99.1500015258789,72.34907531738281,11368100
2015-04-02,99.44000244140625,99.98999786376953,98.88999938964844,99.63999938964844,72.70664978027344,6097100
2015-04-06,98.83999633789062,99.55999755859375,98.04000091552734,99.16000366210938,72.35636901855469,9697600
2015-04-07,99.55000305175781,100.87000274658203,99.43000030517578,100.0999984741211,73.04228973388672,7900300
2015-04-08,99.83999633789062,100.44999694824219,99.5999984741211,100.16000366210938,73.08610534667969,7354100
2015-04-09,100.56999969482422,101.6500015258789,100.33000183105469,101.33000183105469,73.93981170654297,8073900
2015-04-10,101.33000183105469,102.13999938964844,100.93000030517578,102.05999755859375,74.4725112915039,6786500
2015-04-13,101.54000091552734,101.9800033569336,100.55000305175781,100.55000305175781,73.37066650390625,10753500
2015-04-14,101.05000305175781,101.45999908447266,100.19000244140625,100.5199966430664,73.34874725341797,9322200
2015-04-15,100.54000091552734,101.23999786376953,100.33000183105469,100.5999984741211,73.40711212158203,8237100
2015-04-16,100.2699966430664,100.31999969482422,99.7699966430664,99.79000091552734,72.81608581542969,7324800
2015-04-17,99.37000274658203,99.8499984741211,99.11000061035156,99.58000183105469,72.66285705566406,11084200
2015-04-20,100.26000213623047,100.87999725341797,100.05000305175781,100.20999908447266,73.12255096435547,6668500
2015-04-21,100.66000366210938,100.98999786376953,100.16000366210938,100.30000305175781,73.18824768066406,6532700
2015-04-22,100.62999725341797,100.80000305175781,99.95999908447266,100.43000030517578,73.28307342529297,4763900
2015-04-23,100.5,100.81999969482422,99.91000366210938,100.45999908447266,73.3049545288086,7351500
2015-04-24,100.11000061035156,101.52999877929688,100.0,101.08000183105469,73.75740051269531,6566900
2015-04-27,101.16000366210938,101.5999984741211,100.47000122070312,100.58000183105469,73.39254760742188,9113900
2015-04-28,100.44999694824219,100.94999694824219,99.30999755859375,100.73999786376953,73.5093002319336,7484600
2015-04-29,100.51000213623047,100.61000061035156,99.9000015258789,100.38999938964844,73.25391387939453,8926200
2015-04-30,100.06999969482422,100.1500015258789,98.7699966430664,99.19999694824219,72.38555908203125,10170600
2015-05-01,99.62000274658203,100.38999938964844,99.62000274658203,100.12999725341797,73.06416320800781,6255000
2015-05-04,100.33000183105469,100.55000305175781,100.16000366210938,100.3499984741211,73.2247085571289,5532400
2015-05-05,100.12999725341797,100.29000091552734,99.29000091552734,99.5,72.60446166992188,8828000
2015-05-06,99.62000274658203,99.87000274658203,98.66000366210938,99.16999816894531,72.3636703491211,8030800
2015-05-07,98.94000244140625,100.0,98.91000366210938,99.66000366210938,72.7212142944336,6401600
2015-05-08,100.4800033569336,101.66999816894531,100.44000244140625,101.47000122070312,74.04197692871094,7508600
2015-05-11,101.31999969482422,101.66000366210938,101.01000213623047,101.02999877929688,73.72090911865234,5698900
2015-05-12,100.87999725341797,101.05000305175781,100.27999877929688,100.47000122070312,73.31227111816406,6903100
2015-05-13,100.68000030517578,101.12999725341797,100.47000122070312,100.55000305175781,73.37066650390625,5826800
2015-05-14,100.97000122070312,101.87000274658203,100.94999694824219,101.83000183105469,74.3046646118164,5454000
2015-05-15,101.9800033569336,102.31999969482422,101.66999816894531,102.30000305175781,74.64759826660156,6023500
2015-05-18,102.37000274658203,104.33999633789062,102.31999969482422,103.41999816894531,75.46489715576172,10479600
2015-05-19,103.66000366210938,104.12000274658203,103.26000213623047,103.95999908447266,75.85892486572266,7724100
2015-05-20,104.41999816894531,104.4800033569336,103.30999755859375,103.5999984741211,75.5962142944336,7146500
2015-05-21,102.91000366210938,103.30000305175781,102.33999633789062,102.41999816894531,75.28016662597656,6875600
2015-05-22,102.2699966430664,102.41000366210938,101.33000183105469,101.3499984741211,74.49368286132812,6216600
2015-05-26,101.2300033569336,101.55000305175781,100.58000183105469,100.81999969482422,74.10414123535156,7918900
2015-05-27,101.01000213623047,101.41000366210938,100.80000305175781,101.12999725341797,74.33198547363281,9297900
2015-05-28,101.01000213623047,101.69999694824219,100.80999755859375,101.1500015258789,74.34668731689453,5700100
2015-05-29,101.55000305175781,101.62000274658203,99.83000183105469,100.13999938964844,73.60431671142578,9957800
2015-06-01,100.27999877929688,100.5999984741211,99.72000122070312,100.04000091552734,73.53083801269531,7298100
2015-06-02,99.91999816894531,100.23999786376953,99.0999984741211,99.9800033569336,73.48673248291016,8312400
2015-06-03,100.31999969482422,100.43000030517578,99.83999633789062,100.08999633789062,73.56758117675781,5375200
2015-06-04,99.94000244140625,100.47000122070312,99.05999755859375,99.2300033569336,72.93546295166016,8057900
2015-06-05,98.98999786376953,99.05000305175781,98.19999694824219,98.58999633789062,72.4650650024414,7557300
2015-06-08,98.5999984741211,98.9800033569336,97.95999908447266,97.95999908447266,72.00199127197266,7054600
2015-06-09,98.44000244140625,98.54000091552734,97.80000305175781,98.20999908447266,72.18575286865234,7844300
2015-06-10,98.4800033569336,99.55000305175781,98.19999694824219,98.87999725341797,72.67821502685547,10025100
2015-06-11,99.19999694824219,99.80000305175781,98.83000183105469,99.23999786376953,72.94279479980469,6175200
2015-06-12,98.87999725341797,99.2300033569336,98.12000274658203,98.3499984741211,72.28863525390625,8717200
2015-06-15,97.75,97.87000274658203,97.01000213623047,97.48999786376953,71.65655517578125,6833500
2015-06-16,97.5,98.48999786376953,97.0999984741211,98.36000061035156,72.2959976196289,6049500
2015-06-17,98.37999725341797,99.12000274658203,98.1500015258789,98.7300033569336,72.56797790527344,6155800
2015-06-18,98.86000061035156,100.55000305175781,98.70999908447266,100.36000061035156,73.76602935791016,8815800
2015-06-19,99.87999725341797,100.19999694824219,99.77999877929688,99.86000061035156,73.3985366821289,11653600
2015-06-22,100.5999984741211,100.83999633789062,99.98999786376953,100.08999633789062,73.56758117675781,5055900
2015-06-23,100.0999984741211,100.36000061035156,99.4800033569336,99.77999877929688,73.3397445678711,6046600
2015-06-24,99.51000213623047,99.80999755859375,99.06999969482422,99.33000183105469,73.00896453857422,7254700
2015-06-25,99.5,99.9800033569336,99.11000061035156,99.12000274658203,72.8546142578125,6581100
2015-06-26,99.43000030517578,100.12999725341797,99.25,99.63999938964844,73.23683166503906,9041100
2015-06-29,98.9800033569336,99.3499984741211,97.62000274658203,97.68000030517578,71.79618072509766,11150900
2015-06-30,98.43000030517578,98.44999694824219,97.30000305175781,97.45999908447266,71.63447570800781,8967900
2015-07-01,98.30000305175781,98.68000030517578,97.63999938964844,98.47000122070312,72.37683868408203,6726700
2015-07-02,98.8499984741211,99.0199966430664,98.31999969482422,98.44000244140625,72.35482025146484,6091900
2015-07-06,97.70999908447266,98.5,96.63999938964844,98.19999694824219,72.17840576171875,6817800
2015-07-07,98.62999725341797,98.9800033569336,97.5199966430664,98.91999816894531,72.70761108398438,7122600
2015-07-08,98.41999816894531,98.58999633789062,97.69000244140625,97.7699966430664,71.86235809326172,6845500
2015-07-09,99.05000305175781,99.54000091552734,98.4000015258789,98.4000015258789,72.3254165649414,7316400
2015-07-10,99.77999877929688,99.88999938964844,99.08999633789062,99.52999877929688,73.15596771240234,6969300
2015-07-13,100.05000305175781,100.4800033569336,99.87000274658203,100.2699966430664,73.69987487792969,6986300
2015-07-14,99.26000213623047,99.87999725341797,98.55000305175781,99.77999877929688,73.3397445678711,9890600
2015-07-15,99.76000213623047,100.94000244140625,99.62999725341797,100.41999816894531,73.81012725830078,7990300
2015-07-16,100.94999694824219,101.36000061035156,100.77999877929688,101.11000061035156,74.31729888916016,5775000
2015-07-17,100.88999938964844,100.91000366210938,99.95999908447266,100.08000183105469,73.56023406982422,8054200
2015-07-20,100.5,100.6500015258789,100.0999984741211,100.37000274658203,73.77338409423828,5016200
2015-07-21,100.5999984741211,100.80999755859375,100.06999969482422,100.33999633789062,73.75132751464844,5891600
2015-07-22,100.41000366210938,100.70999908447266,99.7300033569336,100.18000030517578,73.63372802734375,6721900
2015-07-23,100.5,100.5999984741211,100.0,100.19999694824219,73.64842987060547,5016100
2015-07-24,99.75,99.94999694824219,99.05000305175781,99.1500015258789,72.87667083740234,6524200
2015-07-27,98.97000122070312,98.98999786376953,97.91999816894531,98.27999877929688,72.2371826171875,8734000
2015-07-28,98.88999938964844,99.2300033569336,98.41999816894531,99.0199966430664,72.78111267089844,7757500
2015-07-29,99.26000213623047,100.05000305175781,99.05000305175781,99.7300033569336,73.30297088623047,7853500
2015-07-30,99.80000305175781,100.0,99.37999725341797,99.83999633789062,73.3838119506836,5517400
2015-07-31,100.33999633789062,100.9800033569336,99.95999908447266,100.20999908447266,73.65576171875,6216800
2015-08-03,100.0,100.20999908447266,99.2300033569336,100.0199966430664,73.51612091064453,6172500
2015-08-04,100.41000366210938,100.5,99.6500015258789,99.80000305175781,73.35443115234375,6005300
2015-08-05,100.56999969482422,101.0,100.3499984741211,100.5199966430664,73.8836441040039,4571300
2015-08-06,100.48999786376953,100.5999984741211,99.01000213623047,99.06999969482422,72.81785583496094,6988000
2015-08-07,99.0199966430664,99.06999969482422,98.16000366210938,98.8499984741211,72.6561508178711,6027900
2015-08-10,99.56999969482422,100.05999755859375,99.44999694824219,99.79000091552734,73.34708404541016,6133500
2015-08-11,99.05000305175781,99.33999633789062,98.7699966430664,99.01000213623047,72.77375030517578,6682600
2015-08-12,98.4000015258789,98.7300033569336,97.41000366210938,98.70999908447266,72.55325317382812,7462400
2015-08-13,98.73999786376953,98.9800033569336,98.1500015258789,98.4800033569336,72.38420867919922,5048000
2015-08-14,98.33000183105469,98.83000183105469,97.87000274658203,98.80999755859375,72.62677001953125,5177300
2015-08-17,98.44000244140625,99.87999725341797,98.05999755859375,99.87000274658203,73.40587615966797,6901800
2015-08-18,99.23999786376953,99.68000030517578,99.0199966430664,99.37000274658203,73.03836059570312,7618800
2015-08-19,99.18000030517578,99.98999786376953,98.77999877929688,99.30999755859375,72.99425506591797,7642400
2015-08-20,98.94999694824219,100.12000274658203,98.79000091552734,98.79000091552734,72.61204528808594,10620400
2015-08-21,97.22000122070312,98.5199966430664,95.51000213623047,95.55999755859375,70.77526092529297,16141500
2015-08-24,91.08000183105469,95.20999908447266,81.79000091552734,92.81999969482422,68.74591827392578,25636300
2015-08-25,95.69000244140625,95.69999694824219,90.4000015258789,90.7300033569336,67.19801330566406,15671100
2015-08-26,92.91000366210938,95.22000122070312,91.45999908447266,95.11000061035156,70.44197845458984,14738300
2015-08-27,96.0999984741211,96.4000015258789,94.3499984741211,96.22000122070312,71.26409912109375,11131200
2015-08-28,95.93000030517578,96.29000091552734,94.37999725341797,95.16999816894531,70.48644256591797,9200300
2015-08-31,94.87999725341797,95.16999816894531,93.58000183105469,93.9800033569336,69.6050796508789,9083500
2015-09-01,92.29000091552734,92.88999938964844,91.45999908447266,92.08999633789062,68.20526885986328,14593500
2015-09-02,93.16999816894531,93.47000122070312,92.5,93.3499984741211,69.13844299316406,11517400
2015-09-03,93.66000366210938,94.08999633789062,92.26000213623047,92.63999938964844,68.61263275146484,9027200
2015-09-04,91.58000183105469,91.87999725341797,90.56999969482422,91.30999755859375,67.62757873535156,10996800
2015-09-08,93.08999633789062,93.9800033569336,92.51000213623047,93.94000244140625,69.5754623413086,11394100
2015-09-09,94.98999786376953,95.16000366210938,92.02999877929688,92.22000122070312,68.30152893066406,7384500
2015-09-10,92.11000061035156,93.4800033569336,91.62000274658203,92.72000122070312,68.67186737060547,8359500
2015-09-11,92.44000244140625,93.0,91.80000305175781,92.93000030517578,68.827392578125,7381300
2015-09-14,92.9000015258789,93.91000366210938,92.51000213623047,93.31999969482422,69.11624145507812,7948700
2015-09-15,93.79000091552734,94.75,93.19000244140625,94.4000015258789,69.91615295410156,7030700
2015-09-16,94.48999786376953,94.81999969482422,93.81999969482422,94.61000061035156,70.0716781616211,5630400
2015-09-17,94.52999877929688,96.19000244140625,94.31999969482422,94.83999633789062,70.24202728271484,8258000
2015-09-18,94.08000183105469,94.72000122070312,93.25,93.38999938964844,69.1680908203125,14211100
2015-09-21,93.87000274658203,94.5999984741211,92.37000274658203,93.12999725341797,68.97551727294922,7053700
2015-09-22,92.26000213623047,93.44000244140625,91.87999725341797,93.23999786376953,69.05701446533203,10618700
2015-09-23,93.20999908447266,93.69999694824219,92.55999755859375,92.98999786376953,68.87183380126953,5609300
2015-09-24,92.5199966430664,92.94000244140625,91.77999877929688,92.4800033569336,68.4941177368164,7407600
2015-09-25,92.93000030517578,93.12999725341797,90.76000213623047,91.0,67.39797973632812,10794400
2015-09-28,90.69999694824219,92.06999969482422,89.9000015258789,91.37000274658203,67.67198181152344,14332800
2015-09-29,92.23999786376953,93.83999633789062,91.83000183105469,93.04000091552734,68.90888214111328,11520000
2015-09-30,94.12999725341797,94.47000122070312,92.58999633789062,93.3499984741211,69.13844299316406,10970100
2015-10-01,93.43000030517578,93.8499984741211,91.76000213623047,93.16999816894531,69.00515747070312,9675900
2015-10-02,92.13999938964844,93.97000122070312,91.83999633789062,93.93000030517578,69.56806182861328,8368100
2015-10-05,94.19000244140625,94.81999969482422,94.08000183105469,94.76000213623047,70.18278503417969,9419200
2015-10-06,94.5199966430664,94.66000366210938,92.58000183105469,93.41999816894531,69.19031524658203,8365200
2015-10-07,94.26000213623047,95.41999816894531,93.44000244140625,94.9800033569336,70.3457260131836,9397300
2015-10-08,94.70999908447266,95.19999694824219,93.80999755859375,95.08000183105469,70.41976165771484,7090700
2015-10-09,95.13999938964844,95.95999908447266,94.77999877929688,95.37000274658203,70.6345443725586,8259700
2015-10-12,95.06999969482422,96.47000122070312,94.9800033569336,95.98999786376953,71.09375,8957900
2015-10-13,94.79000091552734,96.2300033569336,94.30999755859375,95.44999694824219,70.69380950927734,12761900
2015-10-14,95.20999908447266,95.95999908447266,94.12000274658203,94.52999877929688,70.01241302490234,8881900
2015-10-15,95.0,97.3499984741211,94.86000061035156,97.1500015258789,71.95289611816406,9561900
2015-10-16,97.87000274658203,98.30999755859375,97.4000015258789,98.23999786376953,72.76017761230469,9495300
2015-10-19,98.05000305175781,98.19999694824219,97.30999755859375,97.94000244140625,72.53799438476562,8725400
2015-10-20,97.94999694824219,98.25,97.30999755859375,97.58999633789062,72.27879333496094,6041800
2015-10-21,97.63999938964844,98.22000122070312,97.06999969482422,97.62999725341797,72.30838775634766,7059800
2015-10-22,97.8499984741211,99.80999755859375,97.12999725341797,99.52999877929688,73.71561431884766,9887900
2015-10-23,99.87999725341797,100.87999725341797,99.52999877929688,100.30999755859375,74.29329681396484,9178900
2015-10-26,100.05000305175781,100.27999877929688,99.48999786376953,99.94000244140625,74.019287109375,7561600
2015-10-27,99.91999816894531,100.9000015258789,99.69999694824219,100.19000244140625,74.20442199707031,8883200
2015-10-28,100.44999694824219,100.4800033569336,99.5,100.4800033569336,74.4192123413086,7256300
2015-10-29,100.47000122070312,101.52999877929688,100.12000274658203,101.37000274658203,75.07837677001953,6340700
2015-10-30,101.52999877929688,102.12000274658203,101.01000213623047,101.02999877929688,74.82658386230469,10520300
2015-11-02,101.18000030517578,102.33999633789062,100.83999633789062,102.16999816894531,75.6708755493164,6297900
2015-11-03,101.83999633789062,102.30000305175781,101.11000061035156,101.95999908447266,75.51535034179688,6229200
2015-11-04,101.9000015258789,102.38999938964844,101.69000244140625,101.94000244140625,75.50054168701172,5592300
2015-11-05,102.25,102.48999786376953,101.41999816894531,102.33000183105469,75.78939819335938,6545600
2015-11-06,101.56999969482422,101.91999816894531,100.86000061035156,101.91999816894531,75.48571014404297,6221100
2015-11-09,101.38999938964844,101.58999633789062,100.55000305175781,100.83999633789062,74.68584442138672,6625900
2015-11-10,101.0,101.76000213623047,100.68000030517578,101.44999694824219,75.13761138916016,5114200
2015-11-11,101.77999877929688,102.36000061035156,101.5,101.86000061035156,75.44129943847656,6284700
2015-11-12,101.13999938964844,101.61000061035156,100.22000122070312,100.2699966430664,74.26365661621094,6918700
2015-11-13,100.04000091552734,100.94000244140625,99.73999786376953,99.87999725341797,73.97484588623047,8517500
2015-11-16,100.37999725341797,101.29000091552734,100.04000091552734,101.22000122070312,74.96727752685547,5755800
2015-11-17,100.37999725341797,101.70999908447266,100.37999725341797,101.5,75.17466735839844,5124000
2015-11-18,101.52999877929688,102.80000305175781,101.30999755859375,102.66999816894531,76.04118347167969,7148400
2015-11-19,102.66000366210938,102.68000030517578,102.05999755859375,102.48999786376953,75.90791320800781,5164500
2015-11-20,102.48999786376953,102.80000305175781,102.19999694824219,102.4800033569336,76.46001434326172,7671500
2015-11-23,102.38999938964844,103.0,102.19000244140625,102.7699966430664,76.67636108398438,6730600
2015-11-24,101.80999755859375,102.79000091552734,101.80999755859375,102.04000091552734,76.13170623779297,7492400
2015-11-25,102.16999816894531,102.33000183105469,101.95999908447266,101.95999908447266,76.07203674316406,5400800
2015-11-27,102.27999877929688,102.62000274658203,101.79000091552734,102.37000274658203,76.37794494628906,2353800
2015-11-30,102.4800033569336,102.4800033569336,101.23999786376953,101.23999786376953,75.53483581542969,8983700
2015-12-01,101.7300033569336,102.48999786376953,101.12000274658203,102.36000061035156,76.37046813964844,7545700
2015-12-02,102.5,102.93000030517578,101.98999786376953,102.05000305175781,76.13920593261719,6623500
2015-12-03,102.2699966430664,102.37000274658203,100.30999755859375,100.79000091552734,75.19908905029297,12008700
2015-12-04,101.4000015258789,103.0,101.27999877929688,102.94999694824219,76.81067657470703,7845400
2015-12-07,102.61000061035156,103.48999786376953,102.5999984741211,103.31999969482422,77.08673858642578,7262900
2015-12-08,102.9800033569336,103.23999786376953,101.91000366210938,102.41999816894531,76.41523742675781,8005400
2015-12-09,102.13999938964844,103.33999633789062,101.66999816894531,102.1500015258789,76.21378326416016,7947000
2015-12-10,102.30000305175781,103.33999633789062,101.80000305175781,102.63999938964844,76.57936096191406,6479300
2015-12-11,102.37000274658203,102.37000274658203,101.43000030517578,101.68000030517578,75.86312103271484,7796500
2015-12-14,101.6500015258789,102.29000091552734,100.77999877929688,102.1500015258789,76.21378326416016,10641500
2015-12-15,102.6500015258789,104.69000244140625,102.6500015258789,104.12999725341797,77.69107055664062,9283200
2015-12-16,104.63999938964844,105.48999786376953,103.5199966430664,105.25,78.52670288085938,8178800
2015-12-17,105.16000366210938,105.26000213623047,103.62999725341797,103.63999938964844,77.32546997070312,8740800
2015-12-18,103.08000183105469,103.08000183105469,101.94999694824219,101.94999694824219,76.06458282470703,14966000
2015-12-21,102.33999633789062,102.91999816894531,100.8499984741211,101.58000183105469,75.78852081298828,8321900
2015-12-22,101.91000366210938,102.87999725341797,101.1500015258789,102.70999908447266,76.63159942626953,5581600
2015-12-23,103.11000061035156,103.66999816894531,102.73999786376953,103.48999786376953,77.21354675292969,5531700
2015-12-24,103.12000274658203,103.91000366210938,103.01000213623047,103.72000122070312,77.3851547241211,2546300
2015-12-28,103.18000030517578,103.47000122070312,102.93000030517578,103.22000122070312,77.01213073730469,4063000
2015-12-29,103.33999633789062,104.19000244140625,103.33999633789062,104.02999877929688,77.616455078125,4230000
2015-12-30,104.11000061035156,104.33999633789062,103.52999877929688,103.77999877929688,77.429931640625,3847800
2015-12-31,103.37000274658203,103.62000274658203,102.69000244140625,102.72000122070312,76.63907623291016,4592600
2016-01-04,101.70999908447266,101.80999755859375,99.44999694824219,100.4800033569336,74.96780395507812,12722800
2016-01-05,100.58000183105469,101.44000244140625,100.56999969482422,100.9000015258789,75.28117370605469,6467200
2016-01-06,99.81999969482422,100.97000122070312,99.5999984741211,100.38999938964844,74.9006576538086,7733800
2016-01-07,99.30999755859375,100.08999633789062,98.87999725341797,99.22000122070312,74.02774047851562,9433100
2016-01-08,99.87999725341797,99.94000244140625,97.8499984741211,98.16000366210938,73.23685455322266,9766700
2016-01-11,98.23999786376953,98.62999725341797,96.08000183105469,97.56999969482422,72.79666137695312,8151400
2016-01-12,97.98999786376953,98.62999725341797,97.23999786376953,98.23999786376953,73.29655456542969,6745000
2016-01-13,98.48999786376953,98.9800033569336,96.83999633789062,97.0199966430664,72.38629913330078,8290700
2016-01-14,97.0999984741211,99.47000122070312,97.0,98.88999938964844,73.78150939941406,10164300
2016-01-15,96.37000274658203,98.0,96.25,97.0,72.37137603759766,12662200
2016-01-19,97.93000030517578,98.41000366210938,96.9000015258789,97.5,72.74447631835938,12457800
2016-01-20,96.11000061035156,97.27999877929688,94.52999877929688,95.75,71.43878936767578,12685200
2016-01-21,95.7699966430664,96.63999938964844,94.27999877929688,95.94000244140625,71.58052825927734,11266400
2016-01-22,97.0199966430664,97.08999633789062,95.94999694824219,96.75,72.18486022949219,8380000
2016-01-25,96.72000122070312,97.69000244140625,96.04000091552734,96.4000015258789,71.92374420166016,9350200
2016-01-26,97.26000213623047,101.33999633789062,97.13999938964844,101.18000030517578,75.49007415771484,17266600
2016-01-27,100.48999786376953,103.37999725341797,100.48999786376953,102.16000366210938,76.22126007080078,19330500
2016-01-28,102.5,103.04000091552734,101.8499984741211,102.2699966430664,76.30329895019531,12789500
2016-01-29,102.88999938964844,104.75,102.62999725341797,104.44000244140625,77.92236328125,15614600
2016-02-01,103.61000061035156,104.79000091552734,103.22000122070312,104.37000274658203,77.8701171875,9803700
2016-02-02,103.30000305175781,104.26000213623047,103.0,103.41000366210938,77.15387725830078,10616300
2016-02-03,103.6500015258789,104.37999725341797,102.01000213623047,104.13999938964844,77.6985092163086,10168600
2016-02-04,103.61000061035156,104.08999633789062,102.7300033569336,103.9000015258789,77.51944732666016,10389000
2016-02-05,102.66000366210938,102.7699966430664,99.77999877929688,100.54000091552734,75.0125732421875,15522200
2016-02-08,100.30999755859375,103.51000213623047,100.22000122070312,102.0,76.10187530517578,14323800
2016-02-09,101.30999755859375,102.23999786376953,100.97000122070312,101.97000122070312,76.0794906616211,10044500
2016-02-10,102.05000305175781,102.91000366210938,101.37000274658203,101.7300033569336,75.90042114257812,9833100
2016-02-11,100.45999908447266,102.0199966430664,99.9800033569336,101.69999694824219,75.8780288696289,12465800
2016-02-12,101.81999969482422,101.9800033569336,100.72000122070312,101.81999969482422,75.96758270263672,9035000
2016-02-16,102.37000274658203,103.05000305175781,101.6500015258789,102.31999969482422,76.34061431884766,10452800
2016-02-17,102.75,103.23999786376953,102.2300033569336,102.5,76.4749526977539,8904000
2016-02-18,102.83000183105469,104.68000030517578,102.5,104.23999786376953,77.7730941772461,10744600
2016-02-19,103.58000183105469,104.68000030517578,103.37999725341797,104.16000366210938,78.27664184570312,9343300
2016-02-22,104.16000366210938,104.75,104.05000305175781,104.75,78.72002410888672,6947000
2016-02-23,104.6500015258789,104.79000091552734,103.95999908447266,104.08000183105469,78.2165298461914,6629200
2016-02-24,103.33999633789062,105.08000183105469,102.97000122070312,104.95999908447266,78.8778305053711,9076100
2016-02-25,104.94999694824219,106.38999938964844,104.7699966430664,106.37999725341797,79.94498443603516,8092500
2016-02-26,106.81999969482422,106.91999816894531,105.41999816894531,105.77999877929688,79.49408721923828,9049400
2016-02-29,105.27999877929688,106.19999694824219,105.04000091552734,105.20999908447266,79.06574249267578,10111100
2016-03-01,105.9000015258789,107.23999786376953,105.44000244140625,107.22000122070312,80.57624053955078,8298500
2016-03-02,106.91000366210938,107.41000366210938,106.43000030517578,107.04000091552734,80.44097137451172,9767000
2016-03-03,106.81999969482422,107.0,105.62999725341797,106.6500015258789,80.14788055419922,6927200
2016-03-04,106.51000213623047,106.9800033569336,106.06999969482422,106.5,80.03516387939453,6715700
2016-03-07,106.0,106.91999816894531,105.48999786376953,106.73999786376953,80.21553039550781,6973500
2016-03-08,106.5199966430664,106.7699966430664,105.97000122070312,106.22000122070312,79.82474517822266,7632900
2016-03-09,106.83999633789062,107.0199966430664,106.08999633789062,106.83999633789062,80.2906494140625,7564200
2016-03-10,106.98999786376953,107.4800033569336,106.06999969482422,107.13999938964844,80.51612854003906,10474700
2016-03-11,107.5,107.98999786376953,107.20999908447266,107.70999908447266,80.9444808959961,7763800
2016-03-14,107.91999816894531,108.30000305175781,107.30999755859375,107.66000366210938,80.90689849853516,7242800
2016-03-15,107.62000274658203,108.3499984741211,106.76000213623047,107.76000213623047,80.9820556640625,8476600
2016-03-16,107.7300033569336,107.77999877929688,106.87999725341797,107.41000366210938,80.71905517578125,7065100
2016-03-17,107.47000122070312,107.5999984741211,106.44999694824219,106.73999786376953,80.21553039550781,8571100
2016-03-18,106.98999786376953,107.83999633789062,106.36000061035156,107.5,80.78666687011719,14758300
2016-03-21,107.41000366210938,107.75,106.55000305175781,107.27999877929688,80.62132263183594,7674700
2016-03-22,107.27999877929688,107.62999725341797,107.05000305175781,107.37999725341797,80.69647979736328,7821700
2016-03-23,107.29000091552734,108.83000183105469,107.19999694824219,108.5,81.53817749023438,8191300
2016-03-24,108.22000122070312,108.61000061035156,107.75,108.30999755859375,81.39537811279297,6284500
2016-03-28,108.41000366210938,108.9000015258789,108.05999755859375,108.2300033569336,81.33525848388672,4738100
2016-03-29,108.30000305175781,109.25,107.73999786376953,109.13999938964844,82.01911926269531,6612800
2016-03-30,109.44999694824219,109.55999755859375,108.93000030517578,108.9800033569336,81.8989028930664,5248200
2016-03-31,108.86000061035156,108.9800033569336,108.04000091552734,108.19999694824219,81.31271362304688,8167700
2016-04-01,108.0,109.29000091552734,107.69000244140625,109.19000244140625,82.05672454833984,9043200
2016-04-04,108.81999969482422,109.0999984741211,108.26000213623047,108.58999633789062,81.60579681396484,10668900
2016-04-05,108.2300033569336,109.83999633789062,108.01000213623047,108.94999694824219,81.87635040283203,7939000
2016-04-06,108.72000122070312,109.5,107.87999725341797,109.41999816894531,82.22953796386719,6828700
2016-04-07,109.0,109.62000274658203,108.62999725341797,109.2699966430664,82.11681365966797,7822900
2016-04-08,109.37000274658203,109.63999938964844,108.76000213623047,109.0999984741211,81.98908996582031,6301600
2016-04-11,109.1500015258789,109.62000274658203,108.6500015258789,108.97000122070312,81.89137268066406,6823900
2016-04-12,109.0,110.23999786376953,108.75,109.5999984741211,82.36483764648438,8412300
2016-04-13,110.0,110.3499984741211,109.30999755859375,109.87000274658203,82.5677261352539,5758300
2016-04-14,110.0,110.29000091552734,109.44999694824219,109.83999633789062,82.545166015625,4457100
2016-04-15,110.06999969482422,110.4000015258789,109.5,110.18000030517578,82.80067443847656,10057900
2016-04-18,110.0,111.0999984741211,109.66999816894531,110.93000030517578,83.36432647705078,7772500
2016-04-19,111.6500015258789,113.94999694824219,111.4800033569336,112.68000030517578,84.67945098876953,10526400
2016-04-20,113.19000244140625,114.19000244140625,113.05000305175781,113.58000183105469,85.3558120727539,8213400
2016-04-21,113.30999755859375,113.7300033569336,112.7699966430664,113.56999969482422,85.3482894897461,7884500
2016-04-22,113.43000030517578,113.75,112.83000183105469,113.31999969482422,85.16043090820312,7508700
2016-04-25,113.30999755859375,113.55000305175781,112.4800033569336,113.51000213623047,85.30320739746094,6139900
2016-04-26,113.44999694824219,113.55999755859375,112.6500015258789,112.91000366210938,84.852294921875,5853600
2016-04-27,112.95999908447266,113.19999694824219,112.45999908447266,112.7699966430664,84.7470932006836,5759300
2016-04-28,112.0999984741211,112.70999908447266,111.63999938964844,112.4800033569336,84.52915954589844,6640000
2016-04-29,112.05999755859375,112.22000122070312,111.51000213623047,112.08000183105469,84.22858428955078,7774500
2016-05-02,112.22000122070312,112.79000091552734,111.93000030517578,112.75,84.7320556640625,5178800
2016-05-03,112.55999755859375,113.0999984741211,112.12000274658203,112.69000244140625,84.6869888305664,7554500
2016-05-04,112.04000091552734,112.54000091552734,111.69999694824219,112.22000122070312,84.3337631225586,5214600
2016-05-05,112.08000183105469,113.0999984741211,112.04000091552734,112.87999725341797,84.82975769042969,5404300
2016-05-06,112.58000183105469,113.05000305175781,112.27999877929688,112.73999786376953,84.72455596923828,6099900
2016-05-09,112.9800033569336,113.98999786376953,112.7300033569336,113.72000122070312,85.4610366821289,6512700
2016-05-10,114.0,115.0,113.91999816894531,114.66999816894531,86.1749496459961,8356400
2016-05-11,114.56999969482422,114.76000213623047,114.30999755859375,114.37000274658203,85.94950103759766,6680700
2016-05-12,114.5,114.76000213623047,113.54000091552734,114.2300033569336,85.84429168701172,7156300
2016-05-13,113.9000015258789,114.08999633789062,113.36000061035156,113.55999755859375,85.34078979492188,6779900
2016-05-16,113.38999938964844,114.62999725341797,113.30999755859375,114.44000244140625,86.0020980834961,6222900
2016-05-17,114.54000091552734,114.55999755859375,113.23999786376953,113.83000183105469,85.5436782836914,9233900
2016-05-18,113.61000061035156,114.02999877929688,112.87999725341797,113.58999633789062,85.36332702636719,8267900
2016-05-19,112.98999786376953,113.04000091552734,112.19999694824219,112.8499984741211,84.80721282958984,8232200
2016-05-20,112.19999694824219,112.91999816894531,111.76000213623047,112.63999938964844,85.25375366210938,7435200
2016-05-23,112.7699966430664,112.81999969482422,112.04000091552734,112.16000366210938,84.89045715332031,6462300
2016-05-24,112.5199966430664,113.5,112.5199966430664,112.69000244140625,85.2916259765625,6125300
2016-05-25,113.18000030517578,113.7300033569336,112.8499984741211,113.3499984741211,85.79115295410156,5453800
2016-05-26,113.11000061035156,113.31999969482422,112.8499984741211,112.9000015258789,85.45055389404297,3973600
2016-05-27,113.04000091552734,113.33999633789062,112.69000244140625,113.05999755859375,85.57166290283203,4647000
2016-05-31,113.26000213623047,113.62999725341797,112.31999969482422,112.69000244140625,85.2916259765625,10104700
2016-06-01,112.69000244140625,113.05999755859375,112.06999969482422,112.77999877929688,85.35971069335938,4748900
2016-06-02,112.87000274658203,114.6500015258789,112.86000061035156,114.48999786376953,86.65396881103516,7310800
2016-06-03,114.47000122070312,115.38999938964844,114.12000274658203,114.76000213623047,86.85834503173828,6881700
2016-06-06,114.97000122070312,116.0,114.93000030517578,115.7699966430664,87.62277221679688,6349400
2016-06-07,116.01000213623047,116.2300033569336,115.44999694824219,115.7300033569336,87.59251403808594,6417400
2016-06-08,115.5199966430664,115.94999694824219,115.41000366210938,115.80000305175781,87.6454849243164,5863800
2016-06-09,115.77999877929688,117.19000244140625,115.61000061035156,117.0,88.5537338256836,7375500
2016-06-10,116.73999786376953,117.2300033569336,116.36000061035156,117.01000213623047,88.561279296875,6067400
2016-06-13,117.12999725341797,117.63999938964844,116.79000091552734,116.79000091552734,88.39474487304688,7940900
2016-06-14,116.44999694824219,117.18000030517578,116.30000305175781,117.12000274658203,88.6445541381836,6378400
2016-06-15,117.63999938964844,117.73999786376953,116.33999633789062,116.41000366210938,88.10717010498047,6371400
2016-06-16,115.69000244140625,116.88999938964844,115.22000122070312,116.63999938964844,88.28124237060547,6664300
2016-06-17,116.62000274658203,116.66999816894531,115.01000213623047,115.4800033569336,87.40328979492188,10702200
2016-06-20,116.5999984741211,117.13999938964844,116.43000030517578,116.54000091552734,88.20555877685547,5588200
2016-06-21,116.98999786376953,117.1500015258789,116.18000030517578,116.18000030517578,87.93307495117188,5493500
2016-06-22,116.54000091552734,117.20999908447266,116.30999755859375,116.45999908447266,88.1450424194336,5833800
2016-06-23,117.19999694824219,117.37999725341797,116.68000030517578,117.37999725341797,88.8413314819336,6775900
2016-06-24,115.06999969482422,117.12000274658203,115.0,115.62999725341797,87.51681518554688,13939500
2016-06-27,115.0,116.63999938964844,115.0,116.55000305175781,88.2131118774414,10877400
2016-06-28,117.16999816894531,118.37000274658203,116.55000305175781,118.2300033569336,89.48466491699219,10089600
2016-06-29,118.83999633789062,119.41000366210938,118.0999984741211,119.33000183105469,90.31723022460938,8341500
2016-06-30,119.18000030517578,121.41000366210938,119.16000366210938,121.30000305175781,91.80827331542969,11559900
2016-07-01,121.30000305175781,121.54000091552734,120.79000091552734,121.29000091552734,91.80069732666016,7051400
2016-07-05,121.36000061035156,123.2300033569336,121.33999633789062,122.2699966430664,92.54243469238281,9334100
2016-07-06,121.93000030517578,122.66000366210938,121.54000091552734,122.63999938964844,92.82247161865234,9332400
2016-07-07,122.58999633789062,122.80999755859375,122.01000213623047,122.51000213623047,92.72405242919922,6058700
2016-07-08,123.0,123.0999984741211,121.95999908447266,122.8499984741211,92.98138427734375,6129900
2016-07-11,122.70999908447266,123.44999694824219,122.41000366210938,122.93000030517578,93.04193878173828,6711600
2016-07-12,122.6500015258789,123.19999694824219,122.61000061035156,122.91999816894531,93.03437805175781,6415900
2016-07-13,122.68000030517578,123.4000015258789,122.30000305175781,123.0,93.0949478149414,5230800
2016-07-14,122.9800033569336,123.73999786376953,122.91000366210938,123.18000030517578,93.23116302490234,5322700
2016-07-15,123.7699966430664,124.30000305175781,122.70999908447266,123.0,93.0949478149414,7192800
2016-07-18,123.0,123.22000122070312,122.44000244140625,123.13999938964844,93.20089721679688,6599200
2016-07-19,124.77999877929688,125.75,123.33999633789062,125.25,94.79788970947266,11325700
2016-07-20,125.83999633789062,126.06999969482422,125.04000091552734,125.13999938964844,94.71463012695312,7334600
2016-07-21,125.20999908447266,125.73999786376953,124.88999938964844,125.1500015258789,94.72221374511719,5492600
2016-07-22,125.12000274658203,125.3499984741211,124.6500015258789,125.02999877929688,94.63137817382812,5839200
2016-07-25,125.06999969482422,125.12999725341797,124.13999938964844,124.88999938964844,94.52540588378906,4880600
2016-07-26,125.02999877929688,125.55000305175781,124.75,125.1500015258789,94.72221374511719,5589900
2016-07-27,125.0999984741211,125.2300033569336,124.33999633789062,124.7699966430664,94.43460083007812,4812600
2016-07-28,124.9800033569336,125.0,124.41000366210938,124.45999908447266,94.19996643066406,4320400
2016-07-29,124.33999633789062,125.31999969482422,124.33999633789062,125.2300033569336,94.78274536132812,7020900
2016-08-01,125.30999755859375,125.70999908447266,125.0999984741211,125.4000015258789,94.91142272949219,4615100
2016-08-02,125.6500015258789,125.9000015258789,124.4800033569336,124.8499984741211,94.49512481689453,7158700
2016-08-03,125.0,125.0,123.69000244140625,123.9000015258789,93.776123046875,5310600
2016-08-04,124.23999786376953,124.38999938964844,123.63999938964844,123.86000061035156,93.74583435058594,4728200
2016-08-05,124.37999725341797,124.37999725341797,123.76000213623047,124.23999786376953,94.03343963623047,5146900
2016-08-08,124.0,124.1500015258789,123.2300033569336,123.6500015258789,93.5869140625,5232500
2016-08-09,123.91000366210938,124.0,123.33000183105469,123.43000030517578,93.4203872680664,3941500
2016-08-10,123.58999633789062,123.77999877929688,123.23999786376953,123.36000061035156,93.36742401123047,4333500
2016-08-11,123.8499984741211,124.13999938964844,123.47000122070312,123.7699966430664,93.67774200439453,4052000
2016-08-12,123.47000122070312,123.7699966430664,122.94999694824219,123.22000122070312,93.26144409179688,4234800
2016-08-15,123.12000274658203,123.2699966430664,122.27999877929688,122.30999755859375,92.57266998291016,6469500
2016-08-16,122.11000061035156,122.31999969482422,120.05999755859375,120.33000183105469,91.07408142089844,11289100
2016-08-17,120.5,121.33000183105469,119.8499984741211,121.30999755859375,91.81578826904297,10442800
2016-08-18,121.16999816894531,121.38999938964844,119.9000015258789,120.72000122070312,91.36927032470703,8728000
2016-08-19,119.91000366210938,119.98999786376953,119.31999969482422,119.91999816894531,91.36927795410156,7798300
2016-08-22,119.9000015258789,119.9000015258789,118.94999694824219,119.12999725341797,90.76736450195312,6544900
2016-08-23,119.66999816894531,119.95999908447266,119.0199966430664,119.44000244140625,91.00355529785156,5603200
2016-08-24,119.4800033569336,119.61000061035156,118.62000274658203,118.70999908447266,90.44735717773438,6303900
2016-08-25,118.86000061035156,119.20999908447266,118.33000183105469,118.56999969482422,90.34069061279297,5566000
2016-08-26,118.83999633789062,119.73999786376953,118.55999755859375,119.04000091552734,90.69876098632812,6482700
2016-08-29,119.30000305175781,120.12999725341797,119.05999755859375,119.91999816894531,91.36927795410156,5074900
2016-08-30,120.66999816894531,120.66999816894531,119.26000213623047,119.47000122070312,91.02639770507812,3820500
2016-08-31,119.54000091552734,119.62000274658203,119.01000213623047,119.33999633789062,90.92733001708984,5693100
2016-09-01,119.19000244140625,119.38999938964844,118.5999984741211,119.08000183105469,90.72925567626953,4551800
2016-09-02,119.36000061035156,119.80999755859375,118.9000015258789,119.31999969482422,90.91212463378906,5806400
2016-09-06,119.77999877929688,119.97000122070312,119.36000061035156,119.75,91.23975372314453,5280700
2016-09-07,119.83999633789062,119.94999694824219,119.44000244140625,119.61000061035156,91.1330795288086,4753800
2016-09-08,119.37000274658203,119.81999969482422,119.13999938964844,119.47000122070312,91.02639770507812,4833000
2016-09-09,119.02999877929688,119.16000366210938,118.18000030517578,118.2300033569336,90.08165740966797,7957300
2016-09-12,117.76000213623047,119.44999694824219,117.37999725341797,119.16000366210938,90.79020690917969,7239800
2016-09-13,118.41999816894531,118.83000183105469,117.48999786376953,117.61000061035156,89.6092529296875,7957900
2016-09-14,117.8499984741211,118.33000183105469,117.45999908447266,117.86000061035156,89.79972076416016,6124900
2016-09-15,117.80999755859375,118.94000244140625,117.31999969482422,118.62999725341797,90.38640594482422,5812100
2016-09-16,118.51000213623047,119.13999938964844,118.12000274658203,118.25,90.09686279296875,12408800
2016-09-19,118.36000061035156,118.66000366210938,117.63999938964844,117.66000366210938,89.64733123779297,5457600
2016-09-20,118.16999816894531,118.23999786376953,117.69000244140625,117.94999694824219,89.86829376220703,5187700
2016-09-21,117.94999694824219,119.0,117.63999938964844,118.91000366210938,90.59972381591797,6337300
2016-09-22,119.25,119.83999633789062,119.13999938964844,119.45999908447266,91.01879119873047,5340500
2016-09-23,119.41000366210938,119.5999984741211,118.70999908447266,118.80999755859375,90.52355194091797,4773000
2016-09-26,118.62999725341797,118.63999938964844,117.55999755859375,117.77999877929688,89.73878479003906,5998900
2016-09-27,118.38999938964844,119.22000122070312,117.72000122070312,119.22000122070312,90.83592224121094,5349500
2016-09-28,119.05000305175781,119.5199966430664,118.80999755859375,119.38999938964844,90.96544647216797,5076100
2016-09-29,118.87999725341797,119.2699966430664,117.04000091552734,117.2699966430664,89.3501968383789,6190200
2016-09-30,117.77999877929688,118.62000274658203,117.38999938964844,118.12999725341797,90.00543212890625,7941100
2016-10-03,118.0,119.01000213623047,117.43000030517578,118.80999755859375,90.52355194091797,6098600
2016-10-04,118.83999633789062,119.4800033569336,118.27999877929688,118.81999969482422,90.53118133544922,5733900
2016-10-05,119.22000122070312,119.44000244140625,118.5999984741211,119.18000030517578,90.80545043945312,5778700
2016-10-06,118.5,118.8499984741211,117.91999816894531,118.75,90.47781372070312,4448500
2016-10-07,119.16999816894531,119.56999969482422,118.69000244140625,119.23999786376953,90.85115051269531,4799300
2016-10-10,119.51000213623047,120.19999694824219,119.3499984741211,119.80000305175781,91.27784729003906,3657000
2016-10-11,119.41000366210938,119.62999725341797,117.05999755859375,117.63999938964844,89.63208770751953,6394200
2016-10-12,117.95999908447266,118.43000030517578,117.5,117.97000122070312,89.883544921875,4685200
2016-10-13,117.54000091552734,119.19999694824219,117.27999877929688,118.26000213623047,90.10447692871094,7387400
2016-10-14,118.5,118.80000305175781,117.55999755859375,117.55999755859375,89.57112121582031,5640500
2016-10-17,117.5,118.55000305175781,117.5,118.48999786376953,90.27972412109375,6956400
2016-10-18,117.37999725341797,118.4800033569336,115.16000366210938,115.41000366210938,87.9330062866211,12598300
2016-10-19,115.56999969482422,115.88999938964844,114.45999908447266,114.58999633789062,87.30824279785156,7400900
2016-10-20,114.83000183105469,115.69999694824219,114.58999633789062,114.87000274658203,87.52159118652344,6973000
2016-10-21,114.11000061035156,114.23999786376953,112.98999786376953,113.44000244140625,86.43204498291016,8422000
2016-10-24,113.93000030517578,114.19000244140625,113.44000244140625,113.61000061035156,86.5615463256836,6141900
2016-10-25,113.63999938964844,114.16000366210938,113.08999633789062,113.95999908447266,86.82821655273438,5595000
2016-10-26,113.63999938964844,115.22000122070312,113.5999984741211,114.55999755859375,87.28538513183594,6429200
2016-10-27,114.9800033569336,116.55000305175781,114.79000091552734,115.69999694824219,88.15396118164062,7548700
2016-10-28,115.81999969482422,115.91000366210938,114.56999969482422,115.33000183105469,87.8720703125,8813300
2016-10-31,115.27999877929688,116.2300033569336,114.5,115.98999786376953,88.3749008178711,8552500
2016-11-01,114.76000213623047,115.94000244140625,114.62999725341797,115.33999633789062,87.87966918945312,7591900
2016-11-02,115.5199966430664,115.76000213623047,114.83000183105469,114.86000061035156,87.51394653320312,6591300
2016-11-03,114.87999725341797,115.44000244140625,114.75,115.02999877929688,87.64347839355469,6227100
2016-11-04,115.04000091552734,115.94000244140625,115.04000091552734,115.11000061035156,87.70443725585938,7160600
2016-11-07,115.88999938964844,116.72000122070312,115.83999633789062,116.66000366210938,88.88542175292969,6398200
2016-11-08,116.4800033569336,117.56999969482422,116.47000122070312,117.05000305175781,89.18256378173828,6675300
2016-11-09,120.0,122.5,118.0999984741211,120.30999755859375,91.66641998291016,16220000
2016-11-10,120.7699966430664,121.0999984741211,119.0199966430664,119.54000091552734,91.07974243164062,11904500
2016-11-11,119.48999786376953,119.48999786376953,118.12999725341797,118.47000122070312,90.26448822021484,8134800
2016-11-14,118.58000183105469,118.98999786376953,116.5,116.5999984741211,88.83969116210938,10054900
2016-11-15,116.4000015258789,116.69000244140625,115.81999969482422,116.31999969482422,88.62635803222656,7446700
2016-11-16,116.6500015258789,116.77999877929688,116.08000183105469,116.36000061035156,88.65682983398438,6594800
2016-11-17,116.68000030517578,116.68000030517578,116.12000274658203,116.56999969482422,88.81684875488281,5730300
2016-11-18,115.79000091552734,115.91999816894531,114.80999755859375,115.36000061035156,88.50230407714844,7717800
2016-11-21,115.44000244140625,115.68000030517578,114.80000305175781,115.0,88.22611236572266,5843300
2016-11-22,114.58999633789062,115.0,112.2699966430664,112.73999786376953,86.49227905273438,11649700
2016-11-23,112.25,113.43000030517578,111.55999755859375,113.06999969482422,86.74544525146484,7892600
2016-11-25,113.5999984741211,114.2300033569336,113.37999725341797,114.12999725341797,87.55865478515625,3433300
2016-11-28,113.79000091552734,114.12000274658203,113.05000305175781,113.12999725341797,86.79147338867188,9065700
2016-11-29,112.94999694824219,113.41000366210938,112.16999816894531,112.4800033569336,86.29280853271484,7799600
2016-11-30,112.19000244140625,112.5199966430664,111.30000305175781,111.30000305175781,85.38751983642578,11178500
2016-12-01,111.36000061035156,111.54000091552734,111.0,111.37999725341797,85.44889068603516,8143300
2016-12-02,111.72000122070312,112.52999877929688,111.44000244140625,111.95999908447266,85.89385986328125,6167700
2016-12-05,112.4000015258789,112.41999816894531,111.7300033569336,111.94000244140625,85.87850952148438,5451600
2016-12-06,112.23999786376953,113.19999694824219,111.8499984741211,112.05999755859375,85.97057342529297,6530400
2016-12-07,111.88999938964844,111.88999938964844,109.31999969482422,111.0999984741211,85.23408508300781,11761100
2016-12-08,110.54000091552734,111.19999694824219,109.93000030517578,110.98999786376953,85.14968872070312,7774900
2016-12-09,111.41000366210938,112.43000030517578,111.19999694824219,112.26000213623047,86.12403106689453,7672100
2016-12-12,112.69000244140625,115.4000015258789,112.58000183105469,115.36000061035156,88.50230407714844,9544600
2016-12-13,115.52999877929688,115.97000122070312,115.01000213623047,115.88999938964844,88.90890502929688,7051600
2016-12-14,116.12000274658203,117.30000305175781,114.58000183105469,114.98999786376953,88.21842956542969,9378700
2016-12-15,115.33000183105469,115.91999816894531,114.88999938964844,115.88999938964844,88.90890502929688,6738100
2016-12-16,116.41000366210938,116.45999908447266,115.45999908447266,115.87999725341797,88.90122985839844,11291100
2016-12-19,116.06999969482422,116.66000366210938,115.94000244140625,116.0199966430664,89.00863647460938,6310800
2016-12-20,115.9800033569336,116.25,114.91000366210938,115.66000366210938,88.73246002197266,5715200
2016-12-21,116.19999694824219,116.19999694824219,114.73999786376953,115.30999755859375,88.46394348144531,5907600
2016-12-22,115.0,115.52999877929688,113.87999725341797,115.44000244140625,88.56364440917969,4602300
2016-12-23,115.4000015258789,116.31999969482422,115.30000305175781,115.95999908447266,88.9626235961914,2992500
2016-12-27,115.88999938964844,116.0,115.37999725341797,115.91000366210938,88.92427062988281,3232600
2016-12-28,115.87999725341797,116.16000366210938,115.05000305175781,115.0999984741211,88.30284881591797,3278300
2016-12-29,115.2300033569336,115.87000274658203,115.01000213623047,115.48999786376953,88.6020278930664,2993600
2016-12-30,115.80000305175781,115.98999786376953,114.9800033569336,115.20999908447266,88.38722229003906,5506700
2017-01-03,115.77999877929688,116.0,115.2300033569336,115.83999633789062,88.87054443359375,5953000
2017-01-04,115.5,116.2300033569336,115.30999755859375,115.6500015258789,88.72478485107422,5828900
2017-01-05,116.0,116.97000122070312,115.44000244140625,116.86000061035156,89.65306854248047,6217200
2017-01-06,116.66999816894531,117.0,115.76000213623047,116.30000305175781,89.22344207763672,5221400
2017-01-09,116.3499984741211,116.61000061035156,115.88999938964844,116.27999877929688,89.2081069946289,5457500
2017-01-10,116.02999877929688,117.0,115.87000274658203,116.16000366210938,89.11602783203125,5312800
2017-01-11,116.08000183105469,116.25,114.0199966430664,114.7300033569336,88.01897430419922,8887200
2017-01-12,114.2699966430664,114.7300033569336,113.37000274658203,114.62000274658203,87.93456268310547,6627300
2017-01-13,114.94000244140625,115.0199966430664,114.44000244140625,114.5999984741211,87.91924285888672,4935200
2017-01-17,113.94000244140625,115.05000305175781,113.66999816894531,114.87000274658203,88.12638092041016,6255400
2017-01-18,114.87000274658203,115.0999984741211,114.41000366210938,114.69999694824219,87.99596405029297,5014600
2017-01-19,114.68000030517578,114.9000015258789,113.91999816894531,114.19999694824219,87.61235809326172,5540800
2017-01-20,114.48999786376953,115.02999877929688,114.08000183105469,114.1500015258789,87.5739974975586,7502400
2017-01-23,114.51000213623047,114.7699966430664,113.80000305175781,113.91000366210938,87.38990020751953,7989800
2017-01-24,112.91000366210938,113.30000305175781,111.1500015258789,111.76000213623047,85.74041748046875,12450300
2017-01-25,111.93000030517578,112.80000305175781,110.76000213623047,112.80000305175781,86.5383071899414,9385500
2017-01-26,112.0,112.83999633789062,111.5999984741211,111.83999633789062,85.80181121826172,10164300
2017-01-27,112.0,113.54000091552734,111.9000015258789,113.37999725341797,86.98328399658203,8886100
2017-01-30,113.4000015258789,113.5999984741211,112.8499984741211,113.12999725341797,86.79147338867188,6969400
2017-01-31,112.79000091552734,113.4000015258789,112.43000030517578,113.25,86.883544921875,8713400
2017-02-01,112.4800033569336,113.31999969482422,112.47000122070312,113.2300033569336,86.86820983886719,7082300
2017-02-02,112.81999969482422,113.62000274658203,112.7699966430664,113.56999969482422,87.12904357910156,7826300
2017-02-03,113.5,113.66000366210938,112.66000366210938,113.63999938964844,87.18272399902344,7267600
2017-02-06,113.45999908447266,113.58999633789062,112.62000274658203,113.4000015258789,86.99861907958984,6178400
2017-02-07,113.5999984741211,113.62000274658203,113.05000305175781,113.4800033569336,87.05998992919922,5507900
2017-02-08,113.30000305175781,113.69000244140625,113.1500015258789,113.4000015258789,86.99861907958984,5272000
2017-02-09,113.4000015258789,114.6500015258789,113.4000015258789,114.08000183105469,87.52030181884766,5854600
2017-02-10,114.31999969482422,115.98999786376953,114.2300033569336,115.23999786376953,88.41022491455078,6438500
2017-02-13,115.27999877929688,116.12000274658203,115.22000122070312,115.87999725341797,88.90122985839844,5710800
2017-02-14,115.44000244140625,116.4000015258789,115.31999969482422,116.36000061035156,89.26948547363281,5539100
2017-02-15,115.9000015258789,117.45999908447266,115.58999633789062,117.19999694824219,89.91390228271484,5979700
2017-02-16,117.0,118.27999877929688,117.0,118.08000183105469,90.58905792236328,7119300
2017-02-17,118.19000244140625,118.9000015258789,118.05000305175781,118.86000061035156,91.18743896484375,8691400
2017-02-21,118.4000015258789,119.88999938964844,118.31999969482422,119.66000366210938,91.80120086669922,8595100
2017-02-22,119.27999877929688,119.7699966430664,119.25,119.5199966430664,91.69378662109375,5103900
2017-02-23,119.5199966430664,121.9000015258789,119.4800033569336,121.69999694824219,93.3662338256836,9980900
2017-02-24,121.5,122.73999786376953,120.9000015258789,122.7300033569336,94.77948760986328,10835000
2017-02-27,122.12999725341797,122.87999725341797,122.0999984741211,122.4000015258789,94.52462768554688,5946200
2017-02-28,122.01000213623047,122.6500015258789,121.94000244140625,122.20999908447266,94.37791442871094,8885500
2017-03-01,122.48999786376953,124.44999694824219,122.41999816894531,123.86000061035156,95.65215301513672,9393900
2017-03-02,123.75,124.36000061035156,123.0199966430664,123.62999725341797,95.47449493408203,6950200
2017-03-03,123.62999725341797,123.93000030517578,123.2300033569336,123.79000091552734,95.59807586669922,5585200
2017-03-06,123.01000213623047,124.43000030517578,122.5999984741211,123.70999908447266,95.53629302978516,6670700
2017-03-07,122.58000183105469,124.45999908447266,122.38999938964844,123.83000183105469,95.62895965576172,6644000
2017-03-08,123.75,124.68000030517578,123.5,124.0999984741211,95.83745574951172,7909900
2017-03-09,124.58000183105469,126.20999908447266,124.16999816894531,125.94999694824219,97.26616668701172,8571100
2017-03-10,126.04000091552734,126.48999786376953,125.54000091552734,126.20999908447266,97.4669418334961,7395400
2017-03-13,125.83000183105469,126.94999694824219,125.79000091552734,126.68000030517578,97.82989501953125,7162500
2017-03-14,126.86000061035156,127.75,126.7699966430664,127.05000305175781,98.11566925048828,7679700
2017-03-15,127.05000305175781,129.0,126.5999984741211,128.9600067138672,99.59063720703125,8360600
2017-03-16,128.44000244140625,128.6999969482422,127.7699966430664,128.4600067138672,99.20454406738281,7610700
2017-03-17,128.4499969482422,128.94000244140625,127.94999694824219,128.05999755859375,98.8956069946289,13300800
2017-03-20,128.0399932861328,128.4199981689453,127.97000122070312,128.07000732421875,98.90335083007812,5827500
2017-03-21,128.3800048828125,128.4499969482422,127.13999938964844,127.25,98.27011108398438,7578600
2017-03-22,127.05000305175781,127.6500015258789,126.20999908447266,126.26000213623047,97.50555419921875,10272700
2017-03-23,126.0999984741211,127.0,125.66000366210938,125.9000015258789,97.22754669189453,8508100
2017-03-24,125.86000061035156,126.36000061035156,125.12999725341797,125.4800033569336,96.9031982421875,6490300
2017-03-27,125.16000366210938,126.13999938964844,125.1500015258789,125.80000305175781,97.15032958984375,5004300
2017-03-28,125.62000274658203,125.77999877929688,124.77999877929688,125.66000366210938,97.04219055175781,5287600
2017-03-29,125.05000305175781,125.33000183105469,124.36000061035156,124.91999816894531,96.4707260131836,3971800
2017-03-30,124.73999786376953,125.43000030517578,124.27999877929688,124.66000366210938,96.26993560791016,4711700
2017-03-31,124.11000061035156,124.83000183105469,124.02999877929688,124.55000305175781,96.18500518798828,5657600
2017-04-03,124.7300033569336,125.30999755859375,124.27999877929688,124.69000244140625,96.29309844970703,4956400
2017-04-04,124.51000213623047,124.7699966430664,124.22000122070312,124.68000030517578,96.28536987304688,5358500
2017-04-05,124.72000122070312,125.5999984741211,124.41000366210938,124.80000305175781,96.37806701660156,5646300
2017-04-06,124.8499984741211,125.45999908447266,124.5,125.05000305175781,96.57113647460938,4324200
2017-04-07,125.12000274658203,125.47000122070312,124.83000183105469,124.91999816894531,96.4707260131836,3615100
2017-04-10,124.87000274658203,124.94999694824219,124.2300033569336,124.33999633789062,96.0228271484375,4594200
2017-04-11,124.26000213623047,124.79000091552734,123.94999694824219,124.22000122070312,95.93013000488281,4161500
2017-04-12,124.54000091552734,125.45999908447266,124.36000061035156,125.4000015258789,96.8414077758789,5556600
2017-04-13,125.12999725341797,125.6500015258789,124.95999908447266,124.98999786376953,96.5247573852539,5396500
2017-04-17,125.0199966430664,125.80999755859375,124.93000030517578,125.72000122070312,97.08853912353516,5367500
2017-04-18,123.18000030517578,123.37000274658203,120.94999694824219,121.81999969482422,94.07672882080078,13485700
2017-04-19,122.0999984741211,122.27999877929688,121.11000061035156,121.37000274658203,93.7292251586914,6993100
2017-04-20,121.86000061035156,122.1500015258789,121.3499984741211,121.87000274658203,94.1153335571289,6330100
2017-04-21,121.77999877929688,122.04000091552734,121.54000091552734,121.76000213623047,94.03038024902344,6021700
2017-04-24,122.5199966430664,123.20999908447266,122.1500015258789,122.88999938964844,94.90304565429688,5679000
2017-04-25,123.33999633789062,123.75,123.01000213623047,123.43000030517578,95.320068359375,5090000
2017-04-26,123.79000091552734,124.26000213623047,123.4800033569336,123.51000213623047,95.38186645507812,5021800
2017-04-27,123.58000183105469,124.30999755859375,123.4000015258789,123.73999786376953,95.5594711303711,4225200
2017-04-28,123.8499984741211,123.9000015258789,123.12999725341797,123.47000122070312,95.3509521484375,4381800
2017-05-01,123.4000015258789,123.77999877929688,123.0,123.33999633789062,95.25053405761719,4556400
2017-05-02,123.5199966430664,123.73999786376953,122.88999938964844,123.69999694824219,95.52857971191406,4881600
2017-05-03,123.58999633789062,123.69999694824219,123.04000091552734,123.33000183105469,95.24285125732422,3736500
2017-05-04,123.69000244140625,123.94999694824219,123.2300033569336,123.94999694824219,95.72163391113281,3753700
2017-05-05,123.80000305175781,123.80000305175781,122.86000061035156,123.51000213623047,95.38186645507812,4139800
2017-05-08,123.52999877929688,123.80000305175781,123.0199966430664,123.25,95.18104553222656,3608600
2017-05-09,123.2300033569336,123.47000122070312,122.87999725341797,123.20999908447266,95.15017700195312,3762500
2017-05-10,122.91000366210938,123.05999755859375,122.37999725341797,122.80999755859375,94.84125518798828,4237400
2017-05-11,122.5,123.20999908447266,122.33999633789062,123.19999694824219,95.14242553710938,4095900
2017-05-12,123.11000061035156,124.0999984741211,123.01000213623047,123.63999938964844,95.48222351074219,4097100
2017-05-15,124.41000366210938,127.36000061035156,124.33000183105469,126.98999786376953,98.06929779052734,9854600
2017-05-16,127.33999633789062,128.3699951171875,127.05999755859375,127.7699966430664,98.67166900634766,7233800
2017-05-17,127.7699966430664,127.88999938964844,126.44999694824219,126.66999816894531,97.82217407226562,6480800
2017-05-18,126.45999908447266,127.87000274658203,125.95999908447266,126.97000122070312,98.05387115478516,6571300
2017-05-19,127.02999877929688,127.38999938964844,126.44000244140625,127.0,98.0770263671875,6957200
2017-05-22,126.62999725341797,127.6500015258789,126.62999725341797,127.26000213623047,98.27783966064453,4858200
2017-05-23,127.30999755859375,128.14999389648438,127.30999755859375,127.5199966430664,98.47857666015625,3972500
2017-05-24,127.79000091552734,128.0,127.29000091552734,127.51000213623047,98.47089385986328,3965200
2017-05-25,126.73999786376953,127.62000274658203,126.33000183105469,127.52999877929688,99.1394271850586,5294300
2017-05-26,127.2300033569336,127.66999816894531,126.83000183105469,126.91999816894531,98.66522979736328,4005200
2017-05-30,126.69999694824219,127.38999938964844,126.19000244140625,127.11000061035156,98.81291961669922,3665400
2017-05-31,127.3499984741211,128.8000030517578,127.3499984741211,128.25,99.69913482666016,8813500
2017-06-01,128.32000732421875,128.77999877929688,128.1199951171875,128.77999877929688,100.11115264892578,5790900
2017-06-02,129.0500030517578,130.13999938964844,128.8300018310547,130.0800018310547,101.12174224853516,6562600
2017-06-05,129.97000122070312,130.52000427246094,129.8000030517578,130.36000061035156,101.33940887451172,4634700
2017-06-06,130.17999267578125,131.3300018310547,130.02999877929688,130.8300018310547,101.70479583740234,5619100
2017-06-07,131.0,131.47999572753906,130.5800018310547,130.75,101.642578125,5765200
2017-06-08,130.75,131.39999389648438,129.9600067138672,130.5500030517578,101.48710632324219,8101700
2017-06-09,130.3699951171875,131.6999969482422,130.30999755859375,131.52999877929688,102.24896240234375,5992500
2017-06-12,131.52999877929688,131.8300018310547,131.4199981689453,131.82000732421875,102.47438049316406,8020700
2017-06-13,131.75,132.72999572753906,131.39999389648438,132.02000427246094,102.62987518310547,5733800
2017-06-14,132.50999450683594,133.55999755859375,132.50999450683594,132.77000427246094,103.21292114257812,7329400
2017-06-15,132.0,133.35000610351562,131.80999755859375,133.0399932861328,103.42280578613281,5265000
2017-06-16,133.72000122070312,134.60000610351562,133.0399932861328,134.35000610351562,104.44119262695312,12639600
2017-06-19,134.14999389648438,134.67999267578125,133.49000549316406,134.07000732421875,104.22351837158203,7488700
2017-06-20,133.89999389648438,134.75999450683594,133.89999389648438,134.22000122070312,104.34010314941406,5201200
2017-06-21,134.2899932861328,135.11000061035156,134.02000427246094,134.91000366210938,104.87651062011719,5841100
2017-06-22,135.4499969482422,137.0,135.27000427246094,136.0500030517578,105.76271057128906,7311000
2017-06-23,135.4499969482422,136.50999450683594,135.32000732421875,136.42999267578125,106.0581283569336,9007100
2017-06-26,136.47999572753906,136.89999389648438,136.1999969482422,136.33999633789062,105.9881591796875,5561800
2017-06-27,136.5,136.72999572753906,134.99000549316406,135.00999450683594,104.9542236328125,6120500
2017-06-28,135.9499969482422,136.1999969482422,133.57000732421875,133.82000732421875,104.02919006347656,6557900
2017-06-29,133.39999389648438,133.72999572753906,132.30999755859375,132.63999938964844,103.11183166503906,5750000
2017-06-30,132.6999969482422,133.1999969482422,132.27999877929688,132.2899932861328,102.83976745605469,5264400
2017-07-03,132.7899932861328,133.32000732421875,132.64999389648438,132.89999389648438,103.31397247314453,2931000
2017-07-05,132.97999572753906,134.05999755859375,132.4199981689453,133.63999938964844,103.88923645019531,4302700
2017-07-06,133.61000061035156,133.97000122070312,132.41000366210938,132.52000427246094,103.01856994628906,4282200
2017-07-07,132.91000366210938,133.0,131.69000244140625,132.5399932861328,103.03410339355469,4994100
2017-07-10,132.74000549316406,132.8699951171875,131.22999572753906,131.5500030517578,102.2645034790039,4019600
2017-07-11,131.42999267578125,131.7899932861328,130.47999572753906,131.22999572753906,102.01575469970703,3733100
2017-07-12,132.0399932861328,132.88999938964844,131.77000427246094,132.22999572753906,102.79314422607422,5053200
2017-07-13,132.10000610351562,132.22000122070312,130.99000549316406,131.86000061035156,102.5054931640625,4424400
2017-07-14,132.0,133.0,131.74000549316406,132.60000610351562,103.08074188232422,4383100
2017-07-17,132.7100067138672,132.92999267578125,131.75,132.14999389648438,102.73091125488281,4939400
2017-07-18,131.6199951171875,134.9499969482422,131.0800018310547,134.4600067138672,104.52667236328125,10256000
2017-07-19,134.83999633789062,135.41000366210938,134.52000427246094,135.2100067138672,105.1097412109375,5503300
2017-07-20,135.72999572753906,137.0800018310547,135.6199951171875,136.57000732421875,106.16695404052734,6088600
2017-07-21,135.3300018310547,136.27000427246094,135.10000610351562,135.30999755859375,105.18744659423828,6773500
2017-07-24,134.99000549316406,135.16000366210938,132.85000610351562,133.00999450683594,103.39948272705078,8306700
2017-07-25,133.74000549316406,133.85000610351562,131.4499969482422,131.8800048828125,102.52103424072266,6262900
2017-07-26,131.66000366210938,132.24000549316406,130.75,130.9499969482422,101.79808807373047,5382200
2017-07-27,130.85000610351562,131.14999389648438,129.57000732421875,130.8300018310547,101.70479583740234,5838100
2017-07-28,131.13999938964844,131.99000549316406,130.52000427246094,131.85000610351562,102.49771118164062,4970900
2017-07-31,132.13999938964844,133.5800018310547,132.10000610351562,132.72000122070312,103.1740493774414,5440800
2017-08-01,133.1699981689453,133.35000610351562,132.27999877929688,132.50999450683594,103.01081848144531,3837600
2017-08-02,132.0800018310547,132.5,131.5,132.16000366210938,102.73872375488281,4032100
2017-08-03,131.91000366210938,133.39999389648438,131.50999450683594,133.35000610351562,103.6637954711914,4327300
2017-08-04,133.74000549316406,134.00999450683594,132.8000030517578,133.17999267578125,103.53160095214844,3192800
2017-08-07,133.08999633789062,133.47999572753906,132.50999450683594,132.86000061035156,103.28288269042969,3010800
2017-08-08,132.5,132.8000030517578,131.39999389648438,132.27000427246094,102.82421112060547,5535800
2017-08-09,132.80999755859375,133.41000366210938,132.3699951171875,133.22999572753906,103.57047271728516,6332300
2017-08-10,133.0399932861328,133.85000610351562,132.3699951171875,133.08999633789062,103.4616928100586,5607900
2017-08-11,133.63999938964844,134.49000549316406,132.75,133.10000610351562,103.46945190429688,4270600
2017-08-14,134.1999969482422,134.3699951171875,132.8699951171875,133.47999572753906,103.76485443115234,3041100
2017-08-15,133.85000610351562,133.94000244140625,133.1999969482422,133.3800048828125,103.6871337890625,3931800
2017-08-16,134.0800018310547,134.97000122070312,133.86000061035156,134.1699981689453,104.30123901367188,4469900
2017-08-17,134.17999267578125,134.74000549316406,133.02999877929688,133.0399932861328,103.42280578613281,5741400
2017-08-18,132.6699981689453,133.77999877929688,132.3800048828125,132.6300048828125,103.10408020019531,4792800
2017-08-21,132.27999877929688,133.64999389648438,132.19000244140625,133.4499969482422,103.74151611328125,4660000
2017-08-22,133.27000427246094,134.7899932861328,132.89999389648438,134.6999969482422,104.71326446533203,4150300
2017-08-23,134.42999267578125,134.49000549316406,132.64999389648438,132.8000030517578,103.23622131347656,5129900
2017-08-24,132.82000732421875,133.0800018310547,132.27000427246094,132.88999938964844,103.30620574951172,5398400
2017-08-25,131.91000366210938,132.55999755859375,131.6199951171875,131.67999267578125,103.01671600341797,4133300
2017-08-28,131.67999267578125,132.1199951171875,131.49000549316406,131.74000549316406,103.06368255615234,5349200
2017-08-29,131.57000732421875,132.4499969482422,131.3000030517578,132.2100067138672,103.4313735961914,3277900
2017-08-30,132.0,132.0,130.89999389648438,131.07000732421875,102.53952026367188,5430800
2017-08-31,131.38999938964844,132.5,131.25,132.3699951171875,103.55652618408203,7407100
2017-09-01,132.60000610351562,132.64999389648438,130.94000244140625,131.02999877929688,102.50820922851562,3820800
2017-09-05,130.72000122070312,131.17999267578125,129.72000122070312,129.89999389648438,101.6241683959961,5146600
2017-09-06,130.5399932861328,131.0,130.2100067138672,130.6699981689453,102.2265853881836,5601900
2017-09-07,130.86000061035156,132.52000427246094,130.25,132.19000244140625,103.41571807861328,3800200
2017-09-08,132.0,132.33999633789062,130.8699951171875,130.97999572753906,102.4691162109375,4854400
2017-09-11,131.3699951171875,133.33999633789062,131.02000427246094,133.2100067138672,104.21369171142578,5724200
2017-09-12,133.8300018310547,133.8800048828125,131.92999267578125,132.6300048828125,103.75994110107422,5465200
2017-09-13,132.6699981689453,133.75,131.85000610351562,132.4499969482422,103.6191177368164,4679500
2017-09-14,132.13999938964844,134.47000122070312,131.99000549316406,134.17999267578125,104.9725570678711,6274500
2017-09-15,134.7899932861328,135.4499969482422,134.17999267578125,134.4499969482422,105.18377685546875,15522000
2017-09-18,134.44000244140625,135.77000427246094,134.11000061035156,135.3800048828125,105.91136169433594,5260800
2017-09-19,135.02000427246094,135.7899932861328,134.35000610351562,135.22000122070312,105.78617095947266,4903800
2017-09-20,133.25,134.2899932861328,132.33999633789062,133.22000122070312,104.22151184082031,8705500
2017-09-21,133.30999755859375,133.82000732421875,131.3800048828125,131.75,103.0715103149414,6051800
2017-09-22,131.99000549316406,132.38999938964844,131.27000427246094,131.38999938964844,102.78986358642578,4334900
2017-09-25,131.47000122070312,131.75999450683594,130.8300018310547,131.1699981689453,102.61774444580078,6017400
2017-09-26,131.5,131.94000244140625,130.82000732421875,130.94000244140625,102.43782806396484,4516200
2017-09-27,131.0,131.08999633789062,129.42999267578125,129.75,101.50684356689453,5796100
2017-09-28,129.91000366210938,130.27000427246094,129.2899932861328,129.47000122070312,101.28776550292969,3992700
2017-09-29,129.5800018310547,130.47000122070312,129.0500030517578,130.00999450683594,101.71025085449219,5736900
2017-10-02,130.16000366210938,131.3300018310547,130.02000427246094,131.22000122070312,102.65685272216797,4492900
2017-10-03,131.64999389648438,132.39999389648438,131.36000061035156,132.10000610351562,103.34532928466797,3900800
2017-10-04,132.39999389648438,133.17999267578125,132.10000610351562,132.88999938964844,103.96334838867188,3589000
2017-10-05,132.88999938964844,133.30999755859375,132.36000061035156,133.19000244140625,104.19805908203125,3741100
2017-10-06,133.0,133.25,132.47999572753906,133.22000122070312,104.22151184082031,2469500
2017-10-09,133.66000366210938,133.82000732421875,133.1699981689453,133.4499969482422,104.40143585205078,3750500
2017-10-10,133.55999755859375,134.1300048828125,132.9199981689453,133.89999389648438,104.75348663330078,4184600
2017-10-11,134.8800048828125,137.0800018310547,134.3699951171875,136.64999389648438,106.90489196777344,8269400
2017-10-12,136.33999633789062,137.52000427246094,136.02000427246094,136.8300018310547,107.04570007324219,5172800
2017-10-13,136.60000610351562,137.4199981689453,136.33999633789062,136.42999267578125,106.73278045654297,4106600
2017-10-16,136.4499969482422,137.25999450683594,135.5399932861328,136.1199951171875,106.49028015136719,5120100
2017-10-17,137.6699981689453,141.1199951171875,137.05999755859375,140.7899932861328,110.14370727539062,11717300
2017-10-18,140.7899932861328,141.5800018310547,140.07000732421875,140.67999267578125,110.05769348144531,6827700
2017-10-19,140.7100067138672,142.97999572753906,140.5399932861328,142.0399932861328,111.12159729003906,9181300
2017-10-20,142.3800048828125,143.6199951171875,141.8300018310547,142.39999389648438,111.40327453613281,5634500
2017-10-23,142.1300048828125,144.35000610351562,142.0800018310547,143.6199951171875,112.35771179199219,6686000
2017-10-24,143.3800048828125,143.3800048828125,140.92999267578125,141.63999938964844,110.80870056152344,6585800
2017-10-25,141.16000366210938,143.22999572753906,140.9600067138672,142.36000061035156,111.37197875976562,6563600
2017-10-26,142.50999450683594,143.75,141.3800048828125,141.80999755859375,110.94171142578125,5841100
2017-10-27,141.0,142.6999969482422,140.1999969482422,141.77999877929688,110.91822814941406,5140100
2017-10-30,141.0800018310547,141.2100067138672,139.32000732421875,140.0,109.52571105957031,6034300
2017-10-31,140.02000427246094,140.25999450683594,138.97999572753906,139.41000366210938,109.06411743164062,4832100
2017-11-01,139.8300018310547,140.58999633789062,139.33999633789062,139.97999572753906,109.51004028320312,5006800
2017-11-02,140.11000061035156,140.2899932861328,139.11000061035156,139.92999267578125,109.47093963623047,3494100
2017-11-03,139.72999572753906,140.39999389648438,139.3000030517578,140.0800018310547,109.58829498291016,2737000
2017-11-06,140.00999450683594,140.49000549316406,139.72000122070312,139.75999450683594,109.3379135131836,4220700
2017-11-07,140.0800018310547,140.14999389648438,138.91000366210938,139.77000427246094,109.34573364257812,4201900
2017-11-08,139.6999969482422,141.8699951171875,139.4600067138672,141.32000732421875,110.558349609375,4440700
2017-11-09,140.86000061035156,141.41000366210938,139.8000030517578,140.35000610351562,109.79953002929688,3517100
2017-11-10,140.1300048828125,140.1300048828125,138.61000061035156,139.55999755859375,109.18144226074219,4240800
2017-11-13,139.00999450683594,140.02000427246094,138.4199981689453,139.75999450683594,109.3379135131836,4322300
2017-11-14,139.57000732421875,140.27999877929688,138.9199981689453,139.49000549316406,109.12674713134766,4078200
2017-11-15,139.22999572753906,139.8300018310547,138.75,139.10000610351562,108.82159423828125,4811500
2017-11-16,139.4199981689453,139.67999267578125,138.63999938964844,138.8699951171875,108.64167022705078,4193800
2017-11-17,138.3000030517578,138.86000061035156,137.88999938964844,138.0,107.96102905273438,4247400
2017-11-20,138.14999389648438,138.55999755859375,137.74000549316406,137.92999267578125,107.90625762939453,4266300
2017-11-21,138.4499969482422,139.25999450683594,138.19000244140625,138.33999633789062,108.22701263427734,5660600
2017-11-22,138.3000030517578,138.3800048828125,136.60000610351562,137.2899932861328,107.40558624267578,3917000
2017-11-24,137.5,138.3800048828125,137.30999755859375,138.00999450683594,107.96884155273438,2606800
2017-11-27,137.50999450683594,138.30999755859375,137.47999572753906,138.10000610351562,108.70088958740234,3933100
2017-11-28,138.3000030517578,140.52999877929688,138.25,140.02000427246094,110.21216583251953,5052800
2017-11-29,140.22000122070312,140.6300048828125,138.9499969482422,139.80999755859375,110.04685974121094,5851400
2017-11-30,140.05999755859375,140.27999877929688,138.47999572753906,139.3300018310547,109.66902923583984,8941900
2017-12-01,139.57000732421875,140.52999877929688,138.60000610351562,139.97999572753906,110.18065643310547,5990500
2017-12-04,140.6199951171875,141.5,138.92999267578125,139.00999450683594,109.41714477539062,5916700
2017-12-05,139.7899932861328,140.80999755859375,139.1999969482422,139.6699981689453,109.9366455078125,6745300
2017-12-06,140.83999633789062,141.9600067138672,140.19000244140625,141.05999755859375,111.03074645996094,5591700
2017-12-07,140.00999450683594,141.5,139.25999450683594,140.00999450683594,110.20426177978516,4713100
2017-12-08,140.0,140.75999450683594,139.8000030517578,140.58999633789062,110.66078186035156,5101300
2017-12-11,140.89999389648438,141.1699981689453,139.8300018310547,141.13999938964844,111.09371185302734,4358600
2017-12-12,142.60000610351562,143.57000732421875,142.0399932861328,142.60000610351562,112.24287414550781,8016700
2017-12-13,142.5,143.42999267578125,142.2100067138672,142.88999938964844,112.47113800048828,6118400
2017-12-14,143.52000427246094,143.6199951171875,141.61000061035156,141.64999389648438,111.49518585205078,5337900
2017-12-15,142.47999572753906,143.13999938964844,141.77999877929688,142.4600067138672,112.13268280029297,12517000
2017-12-18,142.55999755859375,143.8000030517578,141.39999389648438,141.8000030517578,111.61320495605469,5833200
2017-12-19,141.88999938964844,142.3800048828125,141.36000061035156,141.77999877929688,111.59747314453125,6580100
2017-12-20,142.25999450683594,142.5800018310547,141.0800018310547,141.16000366210938,111.10945129394531,6289800
2017-12-21,141.58999633789062,142.1699981689453,141.02000427246094,141.05999755859375,111.03074645996094,6284700
2017-12-22,141.0,141.35000610351562,140.0399932861328,140.1199951171875,110.29086303710938,4665600
2017-12-26,140.4600067138672,140.5399932861328,139.67999267578125,140.08999633789062,110.26724243164062,3271100
2017-12-27,140.4199981689453,141.14999389648438,140.1999969482422,140.57000732421875,110.64506530761719,3753600
2017-12-28,140.6999969482422,141.0,140.3300018310547,140.55999755859375,110.63717651367188,2485000
2017-12-29,140.97999572753906,141.2100067138672,139.5800018310547,139.72000122070312,109.97599029541016,4452900
2018-01-02,139.66000366210938,139.9499969482422,138.72000122070312,139.22999572753906,109.59030151367188,6842100
2018-01-03,139.36000061035156,140.67999267578125,138.89999389648438,140.55999755859375,110.63717651367188,5350500
2018-01-04,140.4499969482422,141.13999938964844,140.22000122070312,140.5500030517578,110.62928009033203,4837600
2018-01-05,140.69000244140625,141.82000732421875,140.27999877929688,141.7100067138672,111.5423812866211,6158800
2018-01-08,141.6999969482422,142.0,140.9199981689453,141.88999938964844,111.68408203125,5129800
2018-01-09,142.3699951171875,145.67999267578125,142.25999450683594,144.13999938964844,113.4550552368164,8897000
2018-01-10,143.5500030517578,144.16000366210938,143.32000732421875,143.97000122070312,113.32127380371094,6558600
2018-01-11,144.1300048828125,144.89999389648438,143.69000244140625,144.7899932861328,113.96666717529297,4962200
2018-01-12,144.99000549316406,146.4199981689453,144.89999389648438,145.75999450683594,114.73018646240234,5450600
2018-01-16,146.4199981689453,148.05999755859375,146.02999877929688,146.86000061035156,115.59603118896484,8804000
2018-01-17,147.83999633789062,148.32000732421875,145.47999572753906,146.97999572753906,115.69048309326172,10619700
2018-01-18,146.92999267578125,147.44000244140625,145.97000122070312,146.9199981689453,115.64324951171875,5554800
2018-01-19,147.4600067138672,147.64999389648438,146.4199981689453,147.36000061035156,115.98957824707031,8738800
2018-01-22,147.00999450683594,148.13999938964844,146.72000122070312,148.13999938964844,116.6035385131836,7010400
2018-01-23,146.9600067138672,147.44000244140625,141.6199951171875,141.8300018310547,111.6368408203125,17473600
2018-01-24,143.5,143.55999755859375,141.8000030517578,142.07000732421875,111.82572937011719,13034400
2018-01-25,142.30999755859375,144.66000366210938,142.2100067138672,144.39999389648438,113.65972137451172,7938800
2018-01-26,144.5,145.60000610351562,144.1300048828125,145.3300018310547,114.3917007446289,8065600
2018-01-29,144.85000610351562,144.94000244140625,143.52999877929688,143.67999267578125,113.09297180175781,8013400
2018-01-30,143.39999389648438,143.82000732421875,142.42999267578125,142.42999267578125,112.10910034179688,8376100
2018-01-31,142.57000732421875,142.57000732421875,138.10000610351562,138.19000244140625,108.77171325683594,13137400
2018-02-01,137.52999877929688,140.6699981689453,137.0,140.02000427246094,110.21216583251953,9393600
2018-02-02,139.02000427246094,140.36000061035156,137.3800048828125,137.67999267578125,108.37029266357422,9262500
2018-02-05,136.5800018310547,137.0,122.1500015258789,130.38999938964844,102.6321792602539,19954100
2018-02-06,130.00999450683594,132.99000549316406,128.0,131.8300018310547,103.7656478881836,19193500
2018-02-07,131.88999938964844,133.42999267578125,131.35000610351562,131.4199981689453,103.44293975830078,10550400
2018-02-08,130.91000366210938,131.25,126.11000061035156,126.36000061035156,99.46012878417969,11680200
2018-02-09,127.5199966430664,130.9199981689453,125.44000244140625,129.52999877929688,101.95526885986328,15030900
2018-02-12,130.0,131.32000732421875,127.68000030517578,130.27000427246094,102.53775024414062,9963900
2018-02-13,129.2100067138672,130.60000610351562,128.6999969482422,129.9600067138672,102.29376220703125,6339000
2018-02-14,129.44000244140625,130.00999450683594,128.38999938964844,129.6699981689453,102.06547546386719,6259700
2018-02-15,130.10000610351562,131.27999877929688,129.39999389648438,131.22999572753906,103.29338073730469,5606400
2018-02-16,130.9600067138672,134.4499969482422,130.83999633789062,133.14999389648438,104.8046646118164,7970100
2018-02-20,132.8699951171875,133.4499969482422,130.66000366210938,130.8699951171875,103.01002502441406,6563500
2018-02-21,130.8000030517578,132.42999267578125,129.86000061035156,129.91000366210938,102.25440216064453,6578000
2018-02-22,130.10000610351562,131.02000427246094,129.47999572753906,129.91000366210938,102.25440216064453,5732200
2018-02-23,130.08999633789062,132.0800018310547,130.02000427246094,132.02000427246094,103.91519927978516,5126800
2018-02-26,131.7100067138672,133.41000366210938,131.0,132.07000732421875,104.62025451660156,6684400
2018-02-27,132.2100067138672,133.08999633789062,131.60000610351562,131.6699981689453,104.3033676147461,7158600
2018-02-28,131.9499969482422,132.3300018310547,129.8699951171875,129.8800048828125,102.88540649414062,7985900
2018-03-01,129.11000061035156,130.1199951171875,126.5199966430664,127.27999877929688,100.82577514648438,9424000
2018-03-02,126.91000366210938,129.11000061035156,126.91000366210938,128.82000732421875,102.04570007324219,6910400
2018-03-05,128.6300048828125,130.3000030517578,128.17999267578125,129.7899932861328,102.8141098022461,5799800
2018-03-06,130.0,130.1999969482422,127.91999816894531,128.22000122070312,101.57042694091797,5546500
2018-03-07,127.4800033569336,129.3300018310547,127.2699966430664,129.0399932861328,102.22000122070312,6391700
2018-03-08,129.3300018310547,132.3000030517578,129.3300018310547,132.05999755859375,104.61231994628906,6423400
2018-03-09,132.50999450683594,133.82000732421875,131.55999755859375,133.8000030517578,105.99066925048828,7557800
2018-03-12,133.8000030517578,134.22999572753906,132.32000732421875,132.6300048828125,105.06382751464844,4942000
2018-03-13,133.8000030517578,135.38999938964844,133.4499969482422,134.35000610351562,106.42633819580078,9152300
2018-03-14,135.24000549316406,135.6999969482422,131.89999389648438,132.32000732421875,104.81827545166016,6770600
2018-03-15,132.5500030517578,134.24000549316406,132.47000122070312,133.05999755859375,105.40448760986328,6147200
2018-03-16,133.16000366210938,134.39999389648438,132.10000610351562,133.67999267578125,105.8956298828125,14233500
2018-03-19,133.35000610351562,133.47000122070312,129.36000061035156,130.24000549316406,103.17058563232422,6017000
2018-03-20,130.77999877929688,131.77999877929688,129.3800048828125,131.2100067138672,103.93898010253906,6214300
2018-03-21,131.39999389648438,132.77999877929688,130.66000366210938,131.19000244140625,103.92312622070312,5158700
2018-03-22,130.47000122070312,130.67999267578125,127.0999984741211,127.37999725341797,100.9050064086914,7560100
2018-03-23,127.62999725341797,127.80000305175781,124.9000015258789,125.0999984741211,99.09889221191406,8452500
2018-03-26,126.41000366210938,127.54000091552734,125.20999908447266,127.38999938964844,100.91294860839844,8358200
2018-03-27,127.11000061035156,129.10000610351562,126.38999938964844,127.20999908447266,100.77032470703125,7789900
2018-03-28,127.62999725341797,129.02000427246094,127.20999908447266,127.44999694824219,100.96044921875,6868500
2018-03-29,127.97000122070312,128.75999450683594,126.81999969482422,128.14999389648438,101.51496887207031,6119400
2018-04-02,127.81999969482422,127.87999725341797,123.54000091552734,124.55999755859375,98.67113494873047,8916900
2018-04-03,125.18000030517578,128.49000549316406,124.68000030517578,128.35000610351562,101.67340087890625,8035000
2018-04-04,126.9000015258789,131.1199951171875,126.38999938964844,130.41000366210938,103.30523681640625,7717100
2018-04-05,130.41000366210938,131.1999969482422,129.5,130.7100067138672,103.54290008544922,5621700
2018-04-06,130.22000122070312,130.63999938964844,126.41000366210938,128.10000610351562,101.47537231445312,6399300
2018-04-09,128.64999389648438,131.13999938964844,127.68000030517578,129.47999572753906,102.56852722167969,6395800
2018-04-10,130.25,130.91000366210938,129.2899932861328,130.25,103.17850494384766,6019300
2018-04-11,129.13999938964844,130.35000610351562,129.02999877929688,129.6300048828125,102.6873550415039,4575400
2018-04-12,130.08999633789062,131.30999755859375,129.86000061035156,130.42999267578125,103.32107543945312,4559800
2018-04-13,131.08999633789062,131.4199981689453,129.6300048828125,130.6199951171875,103.47160339355469,4742300
2018-04-16,131.41000366210938,132.8800048828125,131.27999877929688,131.75999450683594,104.37464904785156,6379600
2018-04-17,132.11000061035156,132.1999969482422,128.80999755859375,130.5399932861328,103.40821075439453,11008700
2018-04-18,129.69000244140625,129.89999389648438,126.94000244140625,127.72000122070312,101.17434692382812,9383600
2018-04-19,127.62999725341797,128.27000427246094,126.88999938964844,127.55000305175781,101.0396728515625,5959500
2018-04-20,128.0,128.3000030517578,126.16999816894531,126.66000366210938,100.33465576171875,7743900
2018-04-23,126.87999725341797,127.30000305175781,125.77999877929688,126.83000183105469,100.46932220458984,7501900
2018-04-24,126.94000244140625,127.45999908447266,125.30999755859375,126.19000244140625,99.96235656738281,6577500
2018-04-25,125.91000366210938,126.8499984741211,125.27999877929688,126.76000213623047,100.41386413574219,5859600
2018-04-26,126.62000274658203,129.22000122070312,126.62000274658203,128.00999450683594,101.404052734375,8211100
2018-04-27,127.7300033569336,128.7899932861328,127.5,128.27000427246094,101.61003112792969,4266800
2018-04-30,128.86000061035156,128.97999572753906,126.48999786376953,126.48999786376953,100.19999694824219,8219400
2018-05-01,126.31999969482422,126.63999938964844,124.97000122070312,126.01000213623047,99.81975555419922,5122600
2018-05-02,125.5199966430664,126.18000030517578,123.19999694824219,123.5,97.83145141601562,7390800
2018-05-03,123.30000305175781,123.69000244140625,121.27999877929688,123.02999877929688,97.45912170410156,7282900
2018-05-04,122.5999984741211,124.51000213623047,121.80000305175781,124.19000244140625,98.3780288696289,6127600
2018-05-07,124.13999938964844,125.23999786376953,123.31999969482422,123.58999633789062,97.90274047851562,6707900
2018-05-08,122.86000061035156,123.48999786376953,121.69000244140625,122.61000061035156,97.12641143798828,5951800
2018-05-09,122.98999786376953,124.05000305175781,122.52999877929688,123.51000213623047,97.83937072753906,6808600
2018-05-10,124.22000122070312,126.05000305175781,124.0,125.3499984741211,99.29692840576172,4948000
2018-05-11,125.7699966430664,127.5999984741211,125.76000213623047,127.23999786376953,100.79412078857422,5716700
2018-05-14,127.3499984741211,127.61000061035156,125.5999984741211,126.05999755859375,99.8593521118164,6101600
2018-05-15,125.54000091552734,125.83000183105469,124.4000015258789,125.12999725341797,99.12264251708984,5875700
2018-05-16,125.44000244140625,125.9000015258789,125.0,125.3499984741211,99.29692840576172,3818100
2018-05-17,125.48999786376953,125.58999633789062,123.55000305175781,123.8499984741211,98.10868072509766,6473400
2018-05-18,123.77999877929688,124.44000244140625,123.27999877929688,124.23999786376953,98.41763305664062,5433900
2018-05-21,124.62000274658203,124.98999786376953,123.31999969482422,123.72000122070312,98.00572967529297,5558700
2018-05-22,123.80000305175781,124.23999786376953,122.76000213623047,122.91000366210938,97.36407470703125,7172700
2018-05-23,122.87000274658203,123.97000122070312,122.73999786376953,123.44999694824219,97.79180908203125,4940800
2018-05-24,123.22000122070312,123.38999938964844,121.55000305175781,122.25,96.84123229980469,6923600
2018-05-25,121.55999755859375,122.80000305175781,121.12999725341797,121.47000122070312,96.93699645996094,4594800
2018-05-29,120.5,120.80000305175781,118.62000274658203,119.4000015258789,95.28507995605469,9821900
2018-05-30,120.12000274658203,121.58000183105469,119.54000091552734,120.97000122070312,96.5379867553711,6423700
2018-05-31,120.91999816894531,121.25,119.54000091552734,119.62000274658203,95.46064758300781,10337500
2018-06-01,120.37999725341797,121.31999969482422,119.97000122070312,121.26000213623047,96.76942443847656,5741000
2018-06-04,121.8499984741211,122.37000274658203,121.0199966430664,121.94999694824219,97.320068359375,4853000
2018-06-05,122.05000305175781,122.55999755859375,120.9000015258789,121.4800033569336,96.94499969482422,5125400
2018-06-06,121.97000122070312,122.79000091552734,121.45999908447266,122.79000091552734,97.99040985107422,6799300
2018-06-07,123.0,123.48999786376953,122.2699966430664,123.33000183105469,98.42135620117188,7414100
2018-06-08,123.36000061035156,124.8499984741211,123.33000183105469,124.05999755859375,99.00390625,6208100
2018-06-11,124.2699966430664,124.33999633789062,122.55000305175781,122.66000366210938,97.88665771484375,5571400
2018-06-12,123.16000366210938,123.18000030517578,121.94999694824219,122.54000091552734,97.7908935546875,5227300
2018-06-13,123.1500015258789,124.08999633789062,122.45999908447266,122.62999725341797,97.86272430419922,5836900
2018-06-14,122.70999908447266,123.1500015258789,122.08999633789062,122.41000366210938,97.68716430664062,5239200
2018-06-15,122.0999984741211,122.7300033569336,121.23999786376953,122.61000061035156,97.84674835205078,13173500
2018-06-18,121.61000061035156,121.80999755859375,120.25,121.31999969482422,96.81729888916016,6787400
2018-06-19,120.66000366210938,123.16999816894531,120.56999969482422,122.56999969482422,97.8148422241211,8572400
2018-06-20,122.41999816894531,122.66000366210938,121.66000366210938,122.04000091552734,97.39187622070312,6277200
2018-06-21,121.83000183105469,122.23999786376953,121.11000061035156,121.44999694824219,96.92102813720703,4417200
2018-06-22,121.68000030517578,123.37999725341797,121.6500015258789,122.83999633789062,98.03031158447266,9501400
2018-06-25,122.81999969482422,123.43000030517578,121.51000213623047,122.58999633789062,97.83080291748047,8170500
2018-06-26,122.48999786376953,122.88999938964844,121.5999984741211,122.3499984741211,97.63929748535156,5496400
2018-06-27,122.12999725341797,122.97000122070312,121.44999694824219,121.61000061035156,97.0487289428711,5666000
2018-06-28,121.77999877929688,122.41000366210938,121.06999969482422,122.0,97.35997772216797,5296800
2018-06-29,122.23999786376953,123.18000030517578,121.19000244140625,121.33999633789062,96.83326721191406,7308700
2018-07-02,121.33999633789062,121.7300033569336,120.11000061035156,121.58000183105469,97.02479553222656,5481400
2018-07-03,121.6500015258789,123.45999908447266,121.26000213623047,122.70999908447266,97.92652893066406,4248100
2018-07-05,123.5999984741211,125.12000274658203,123.2300033569336,125.0,99.75404357910156,7319100
2018-07-06,125.16000366210938,125.91999816894531,124.61000061035156,125.75,100.35257720947266,7297900
2018-07-09,126.22000122070312,126.75,125.5999984741211,126.05000305175781,100.59199523925781,6706100
2018-07-10,126.37000274658203,127.5199966430664,126.11000061035156,127.37999725341797,101.65337371826172,5075600
2018-07-11,127.41000366210938,127.44000244140625,126.05999755859375,126.23999786376953,100.74359893798828,4827400
2018-07-12,127.70999908447266,128.2100067138672,127.16999816894531,127.76000213623047,101.95662689208984,6199000
2018-07-13,125.31999969482422,127.5,125.31999969482422,125.93000030517578,100.49624633789062,8250200
2018-07-16,126.0,126.0999984741211,124.16000366210938,124.69000244140625,99.50666809082031,7314400
2018-07-17,128.52999877929688,130.5399932861328,127.55999755859375,129.11000061035156,103.03398895263672,12858700
2018-07-18,128.80999755859375,129.0500030517578,127.16999816894531,127.80000305175781,101.9885482788086,7152000
2018-07-19,127.52999877929688,127.69999694824219,125.87000274658203,125.94000244140625,100.50421905517578,5984600
2018-07-20,125.30000305175781,126.13999938964844,125.12000274658203,125.8499984741211,100.4323959350586,5835500
2018-07-23,125.75,126.68000030517578,125.44999694824219,126.62999725341797,101.0548324584961,4631100
2018-07-24,127.23999786376953,129.6199951171875,127.1500015258789,129.36000061035156,103.23348999023438,7158800
2018-07-25,129.13999938964844,129.22999572753906,127.6500015258789,128.6199951171875,102.64291381835938,6523000
2018-07-26,129.89999389648438,131.22000122070312,129.85000610351562,130.27999877929688,103.9676513671875,7640600
2018-07-27,129.97999572753906,132.27000427246094,129.94000244140625,131.5500030517578,104.9811782836914,6620400
2018-07-30,131.77999877929688,132.49000549316406,131.25,132.1699981689453,105.4759521484375,11013100
2018-07-31,132.27999877929688,132.63999938964844,131.77000427246094,132.52000427246094,105.75525665283203,7598900
2018-08-01,132.38999938964844,132.9600067138672,132.0800018310547,132.63999938964844,105.85100555419922,5770400
2018-08-02,132.88999938964844,133.0,131.08999633789062,131.25,104.74176788330078,6563300
2018-08-03,131.17999267578125,132.6999969482422,130.89999389648438,131.9499969482422,105.30037689208984,6498700
2018-08-06,131.63999938964844,132.52999877929688,131.00999450683594,132.02000427246094,105.35623931884766,5840000
2018-08-07,131.8800048828125,132.1699981689453,131.3000030517578,131.4600067138672,104.90935516357422,4664600
2018-08-08,131.49000549316406,131.8000030517578,130.88999938964844,131.1699981689453,104.67790985107422,3721500
2018-08-09,131.5399932861328,131.72000122070312,130.6699981689453,131.1999969482422,104.70183563232422,4057800
2018-08-10,131.19000244140625,131.6300048828125,130.25999450683594,130.75,104.34272003173828,4324000
2018-08-13,130.72000122070312,130.89999389648438,129.85000610351562,130.22000122070312,103.91979217529297,3778000
2018-08-14,129.6699981689453,130.47000122070312,129.35000610351562,129.5,103.3451919555664,4542800
2018-08-15,129.75,130.74000549316406,128.92999267578125,130.42999267578125,104.08737182617188,5377300
2018-08-16,131.02000427246094,132.8800048828125,130.57000732421875,132.47999572753906,105.72334289550781,7861500
2018-08-17,132.4499969482422,135.0,132.19000244140625,134.47000122070312,107.3114242553711,6700900
2018-08-20,134.92999267578125,137.1199951171875,134.0,136.8800048828125,109.23469543457031,7935000
2018-08-21,137.0,137.42999267578125,135.3000030517578,135.35000610351562,108.01371002197266,5832100
2018-08-22,135.55999755859375,135.67999267578125,134.4199981689453,134.61000061035156,107.42317962646484,4688400
2018-08-23,134.61000061035156,135.49000549316406,134.10000610351562,135.11000061035156,107.82215118408203,5057600
2018-08-24,135.11000061035156,136.14999389648438,134.8300018310547,135.9499969482422,108.49249267578125,4809400
2018-08-27,135.5,136.0500030517578,134.2100067138672,134.9199981689453,108.38809967041016,4325900
2018-08-28,134.77999877929688,134.89999389648438,133.88999938964844,134.32000732421875,107.90607452392578,6037500
2018-08-29,134.32000732421875,134.94000244140625,133.94000244140625,134.86000061035156,108.33985900878906,4648700
2018-08-30,134.6999969482422,135.60000610351562,134.60000610351562,134.9499969482422,108.41218566894531,4821900
2018-08-31,134.60000610351562,135.0,133.97000122070312,134.69000244140625,108.20331573486328,6139500
2018-09-04,134.69000244140625,134.75,133.44000244140625,133.72000122070312,107.42407989501953,4406800
2018-09-05,133.47999572753906,135.94000244140625,133.4600067138672,135.86000061035156,109.14325714111328,6174800
2018-09-06,135.5,137.30999755859375,135.17999267578125,136.8699951171875,109.9546127319336,6562000
2018-09-07,136.77999877929688,137.69000244140625,135.75,137.32000732421875,110.31616973876953,6375200
2018-09-10,137.52999877929688,138.47000122070312,137.05999755859375,137.2100067138672,110.22774505615234,4892200
2018-09-11,137.63999938964844,138.91000366210938,137.22000122070312,138.50999450683594,111.27210998535156,7856800
2018-09-12,138.89999389648438,139.99000549316406,138.55999755859375,139.36000061035156,111.9549789428711,6767700
2018-09-13,139.88999938964844,140.47999572753906,139.02000427246094,139.88999938964844,112.38072967529297,6456100
2018-09-14,140.0,140.35000610351562,139.10000610351562,139.49000549316406,112.05941009521484,4534800
2018-09-17,139.3300018310547,140.39999389648438,139.17999267578125,139.9600067138672,112.43696594238281,5295500
2018-09-18,140.27000427246094,140.83999633789062,139.8300018310547,140.5399932861328,112.90290832519531,4581200
2018-09-19,140.75999450683594,140.99000549316406,140.0500030517578,140.4600067138672,112.83863830566406,5049900
2018-09-20,140.82000732421875,142.13999938964844,140.50999450683594,141.97999572753906,114.05975341796875,5019300
2018-09-21,142.17999267578125,143.1300048828125,141.69000244140625,142.8800048828125,114.78276062011719,13283400
2018-09-24,142.10000610351562,142.5,140.22999572753906,140.47000122070312,112.84669494628906,6708000
2018-09-25,140.52999877929688,140.9600067138672,138.39999389648438,138.63999938964844,111.3765640258789,7982800
2018-09-26,138.9499969482422,140.0,137.9600067138672,138.16000366210938,110.99093627929688,7133300
2018-09-27,138.4499969482422,139.5800018310547,137.57000732421875,138.22000122070312,111.03912353515625,6450500
2018-09-28,138.10000610351562,138.55999755859375,137.41000366210938,138.1699981689453,110.99897766113281,6638500
2018-10-01,138.25999450683594,139.85000610351562,138.0,139.69000244140625,112.22006225585938,4871800
2018-10-02,139.7899932861328,140.72999572753906,139.64999389648438,140.47999572753906,112.85469055175781,6439100
2018-10-03,140.5399932861328,141.27000427246094,138.8800048828125,139.02999877929688,111.68983459472656,5411800
2018-10-04,138.5500030517578,139.52999877929688,137.32000732421875,139.35000610351562,111.94691467285156,4738700
2018-10-05,139.8000030517578,140.25,138.55999755859375,139.10000610351562,111.74606323242188,4309300
2018-10-08,138.89999389648438,139.67999267578125,138.6199951171875,139.38999938964844,111.97906494140625,5174100
2018-10-09,138.74000549316406,139.6199951171875,137.80999755859375,139.1999969482422,111.8264389038086,4475300
2018-10-10,139.35000610351562,140.4600067138672,137.72999572753906,137.72999572753906,110.6455078125,7265600
2018-10-11,137.91000366210938,138.66000366210938,132.8800048828125,133.83999633789062,107.52046966552734,11603200
2018-10-12,134.39999389648438,134.41000366210938,132.22999572753906,133.8699951171875,107.54456329345703,6998000
2018-10-15,133.8800048828125,135.3000030517578,133.50999450683594,133.9499969482422,107.60883331298828,6398700
2018-10-16,134.75,137.99000549316406,134.75,136.55999755859375,109.70558166503906,9592800
2018-10-17,136.22999572753906,140.0,136.2100067138672,139.4600067138672,112.03528594970703,8261100
2018-10-18,139.1999969482422,139.80999755859375,137.7100067138672,139.5,112.06742858886719,7583900
2018-10-19,138.33999633789062,140.0,137.91000366210938,139.0500030517578,111.7059555053711,5924800
2018-10-22,138.61000061035156,139.25999450683594,138.13999938964844,138.67999267578125,111.40865325927734,4864300
2018-10-23,137.7899932861328,139.49000549316406,137.4499969482422,138.92999267578125,111.60954284667969,8282700
2018-10-24,138.52000427246094,140.11000061035156,137.1699981689453,137.47000122070312,110.4366455078125,8279200
2018-10-25,137.4600067138672,139.08999633789062,135.0500030517578,138.47000122070312,111.23999786376953,9720700
2018-10-26,137.94000244140625,139.3000030517578,135.3300018310547,136.97000122070312,110.03495788574219,11371400
2018-10-29,136.99000549316406,139.10000610351562,136.22000122070312,137.5500030517578,110.50088500976562,6783000
2018-10-30,137.92999267578125,141.10000610351562,137.0,140.75,113.07160949707031,9646200
2018-10-31,141.0,141.42999267578125,139.61000061035156,139.99000549316406,112.46106719970703,9968900
2018-11-01,140.07000732421875,141.5800018310547,139.85000610351562,140.82000732421875,113.12784576416016,6913500
2018-11-02,141.97000122070312,142.0,139.66000366210938,140.67999267578125,113.015380859375,7673200
2018-11-05,141.0,142.74000549316406,139.0,142.1999969482422,114.2364730834961,5601400
2018-11-06,141.52999877929688,142.8300018310547,141.05999755859375,142.57000732421875,114.53372955322266,5798900
2018-11-07,143.10000610351562,144.8699951171875,142.97000122070312,144.75,116.28506469726562,7173600
2018-11-08,144.30999755859375,145.7899932861328,144.0,145.3000030517578,116.72685241699219,5497100
2018-11-09,145.0399932861328,145.74000549316406,144.3800048828125,145.33999633789062,116.75898742675781,5343100
2018-11-12,144.99000549316406,146.24000549316406,144.72999572753906,145.6199951171875,116.98397827148438,7013600
2018-11-13,146.19000244140625,146.75,143.4199981689453,144.67999267578125,116.22879028320312,7432300
2018-11-14,145.02000427246094,145.30999755859375,143.55999755859375,144.25,115.8833236694336,6433100
2018-11-15,143.41000366210938,144.50999450683594,142.47999572753906,144.5,116.08415222167969,6657900
2018-11-16,144.7100067138672,146.74000549316406,144.5500030517578,145.99000549316406,117.28116607666016,8494300
2018-11-19,146.42999267578125,148.44000244140625,146.3699951171875,147.72999572753906,118.67900085449219,8714600
2018-11-20,147.5,148.75,146.35000610351562,146.4499969482422,117.65074157714844,8937700
2018-11-21,146.22999572753906,146.22999572753906,140.77999877929688,141.99000549316406,114.06779479980469,10275400
2018-11-23,141.85000610351562,142.72999572753906,141.60000610351562,142.22999572753906,114.26056671142578,3404900
2018-11-26,142.0,142.0500030517578,140.72000122070312,141.3699951171875,114.29292297363281,7590900
2018-11-27,140.57000732421875,143.35000610351562,139.66000366210938,143.22000122070312,115.78856658935547,5962100
2018-11-28,143.8300018310547,146.55999755859375,143.36000061035156,146.44000244140625,118.3918685913086,8411400
2018-11-29,145.6199951171875,147.1999969482422,144.83999633789062,145.85000610351562,117.91483306884766,6900000
2018-11-30,145.33999633789062,147.0,145.10000610351562,146.89999389648438,118.76374816894531,12517600
2018-12-03,145.57000732421875,146.6300048828125,144.94000244140625,146.2100067138672,118.20590209960938,8827200
2018-12-04,146.32000732421875,148.99000549316406,145.82000732421875,146.02999877929688,118.06037902832031,9803500
2018-12-06,144.5,146.4499969482422,142.7899932861328,145.91000366210938,117.96339416503906,11572500
2018-12-07,145.49000549316406,147.33999633789062,144.1199951171875,145.42999267578125,117.57528686523438,9444500
2018-12-10,145.38999938964844,145.8800048828125,142.3800048828125,145.25999450683594,117.43787384033203,6848100
2018-12-11,146.2899932861328,148.2100067138672,145.7899932861328,146.5,118.44036102294922,9857400
2018-12-12,147.0,148.49000549316406,147.0,147.10000610351562,118.92544555664062,8869200
2018-12-13,146.9600067138672,148.58999633789062,146.8000030517578,147.83999633789062,119.52369689941406,6008300
2018-12-14,144.33999633789062,145.3800048828125,130.1999969482422,133.0,107.52606201171875,58140200
2018-12-17,128.32000732421875,131.64999389648438,126.83000183105469,129.13999938964844,104.40538787841797,36933100
2018-12-18,132.0500030517578,132.8000030517578,129.1999969482422,130.4199981689453,105.44021606445312,24640100
2018-12-19,129.8699951171875,131.35000610351562,127.08999633789062,127.61000061035156,103.16842651367188,21232100
2018-12-20,127.72000122070312,129.75,126.76000213623047,128.27000427246094,103.7020034790039,16609600
2018-12-21,127.80000305175781,130.60000610351562,127.12000274658203,128.08999633789062,103.55646514892578,19732900
2018-12-24,127.30000305175781,128.0,121.0,122.83999633789062,99.31202697753906,7531900
2018-12-26,123.41999816894531,126.76000213623047,122.01000213623047,126.70999908447266,102.44080352783203,9253000
2018-12-27,125.87000274658203,127.41000366210938,123.06999969482422,127.41000366210938,103.00672912597656,9918700
2018-12-28,127.91000366210938,128.75,126.75,127.2699966430664,102.8935317993164,6537200
2018-12-31,128.17999267578125,129.5500030517578,127.41999816894531,129.0500030517578,104.33262634277344,7409900
2019-01-02,128.1300048828125,128.3800048828125,126.27999877929688,127.75,103.2816162109375,7631700
2019-01-03,128.13999938964844,128.27000427246094,125.36000061035156,125.72000122070312,101.64038848876953,8654500
2019-01-04,127.12000274658203,128.64999389648438,126.7300033569336,127.83000183105469,103.34629821777344,8831700
2019-01-07,127.62999725341797,128.35000610351562,126.80000305175781,127.01000213623047,102.68334197998047,8404700
2019-01-08,128.17999267578125,130.5,127.7300033569336,129.9600067138672,105.06832122802734,9351600
2019-01-09,129.8300018310547,130.24000549316406,128.3300018310547,128.92999267578125,104.2355728149414,7403500
2019-01-10,127.69000244140625,129.88999938964844,127.69000244140625,129.7100067138672,104.8662109375,6224400
2019-01-11,129.0,129.83999633789062,128.30999755859375,129.75,104.8985366821289,5300400
2019-01-14,128.74000549316406,128.9600067138672,127.58999633789062,128.27999877929688,103.71011352539062,7374400
2019-01-15,128.52000427246094,129.49000549316406,127.6500015258789,129.36000061035156,104.58323669433594,5194400
2019-01-16,129.41000366210938,129.41000366210938,127.9000015258789,128.0399932861328,103.51605987548828,6264200
2019-01-17,127.70999908447266,129.52000427246094,127.45999908447266,129.08999633789062,104.36495208740234,7632000
2019-01-18,129.89999389648438,131.17999267578125,129.4499969482422,130.69000244140625,105.65849304199219,10593000
2019-01-22,128.1999969482422,129.5,127.01000213623047,128.8000030517578,104.1304931640625,10568100
2019-01-23,128.5,129.3000030517578,127.93000030517578,128.8000030517578,104.1304931640625,9267800
2019-01-24,128.49000549316406,128.6999969482422,125.0,127.02999877929688,102.69950103759766,9917000
2019-01-25,128.1300048828125,128.4499969482422,127.02999877929688,128.22999572753906,103.66964721679688,7585100
2019-01-28,127.80999755859375,129.14999389648438,127.29000091552734,128.99000549316406,104.28408813476562,6927700
2019-01-29,128.9499969482422,130.47000122070312,128.5,130.3300018310547,105.36747741699219,6669300
2019-01-30,130.3699951171875,132.19000244140625,130.3000030517578,131.63999938964844,106.42652130126953,7299300
2019-01-31,131.6300048828125,135.19000244140625,130.8699951171875,133.0800018310547,107.59073638916016,17298100
2019-02-01,134.02000427246094,134.69000244140625,133.47000122070312,134.1999969482422,108.4962158203125,9575200
2019-02-04,133.9600067138672,134.14999389648438,132.2100067138672,132.8800048828125,107.4290771484375,7759000
2019-02-05,133.52000427246094,133.8800048828125,132.75,132.8800048828125,107.4290771484375,6449800
2019-02-06,133.0800018310547,133.57000732421875,132.3000030517578,133.0,107.52606201171875,5066100
2019-02-07,132.4499969482422,132.63999938964844,131.52999877929688,132.0500030517578,106.7580337524414,6085300
2019-02-08,131.9499969482422,132.4600067138672,131.5399932861328,132.39999389648438,107.04096221923828,4436700
2019-02-11,132.30999755859375,132.6699981689453,131.25999450683594,132.0,106.71757507324219,4962200
2019-02-12,132.0800018310547,134.3000030517578,132.0800018310547,134.16000366210938,108.46385192871094,6262300
2019-02-13,134.07000732421875,134.97999572753906,133.2100067138672,134.4499969482422,108.69832611083984,7902200
2019-02-14,134.3000030517578,134.82000732421875,133.35000610351562,134.30999755859375,108.58513641357422,3910400
2019-02-15,135.19000244140625,136.41000366210938,135.00999450683594,136.3800048828125,110.25868225097656,6665000
2019-02-19,136.13999938964844,136.3800048828125,135.6300048828125,135.69000244140625,109.7008285522461,5935500
2019-02-20,135.97000122070312,136.72999572753906,135.72999572753906,136.35000610351562,110.23442077636719,6089800
2019-02-21,134.97999572753906,135.7899932861328,134.27000427246094,135.4199981689453,109.48255157470703,6665500
2019-02-22,135.2899932861328,136.63999938964844,134.82000732421875,136.60000610351562,110.43656158447266,5223900
2019-02-25,136.35000610351562,137.49000549316406,135.86000061035156,136.1999969482422,110.84342193603516,6846600
2019-02-26,136.44000244140625,136.9600067138672,136.0500030517578,136.11000061035156,110.77021789550781,5106900
2019-02-27,135.52000427246094,136.25,135.38999938964844,135.8699951171875,110.57486724853516,4378100
2019-02-28,135.9499969482422,137.9499969482422,135.69000244140625,136.63999938964844,111.20155334472656,10133200
2019-03-01,137.22000122070312,138.61000061035156,137.00999450683594,138.35000610351562,112.5931625366211,5641600
2019-03-04,138.85000610351562,139.41000366210938,137.50999450683594,138.47999572753906,112.698974609375,8377700
2019-03-05,138.80999755859375,139.13999938964844,138.36000061035156,138.77000427246094,112.93498992919922,6568900
2019-03-06,139.47000122070312,139.64999389648438,138.60000610351562,139.08999633789062,113.19541931152344,6236900
2019-03-07,138.52999877929688,139.1199951171875,137.6999969482422,138.24000549316406,112.50366973876953,6100400
2019-03-08,138.08999633789062,139.3000030517578,136.4199981689453,138.05999755859375,112.35720825195312,7046700
2019-03-11,138.11000061035156,139.02999877929688,137.52000427246094,138.55999755859375,112.76409912109375,6150400
2019-03-12,138.64999389648438,140.0,138.5,139.17999267578125,113.2686767578125,5552900
2019-03-13,139.58999633789062,139.83999633789062,139.02000427246094,139.41000366210938,113.45584869384766,6446900
2019-03-14,138.33999633789062,138.8000030517578,137.94000244140625,138.02000427246094,112.32461547851562,8493600
2019-03-15,138.0,138.25999450683594,136.8300018310547,137.60000610351562,111.98280334472656,11922500
2019-03-18,137.64999389648438,137.77999877929688,136.72000122070312,137.1699981689453,111.63284301757812,7369600
2019-03-19,137.61000061035156,138.82000732421875,137.47000122070312,138.44000244140625,112.66641998291016,5882500
2019-03-20,138.3300018310547,138.50999450683594,136.64999389648438,137.2899932861328,111.73053741455078,5475700
2019-03-21,137.0,138.77999877929688,136.9499969482422,138.10000610351562,112.38973999023438,5765100
2019-03-22,137.75,138.38999938964844,136.86000061035156,136.91000366210938,111.42124938964844,6528800
2019-03-25,136.91000366210938,137.00999450683594,135.74000549316406,136.61000061035156,111.17711639404297,4500300
2019-03-26,136.92999267578125,139.27000427246094,136.92999267578125,138.57000732421875,112.77224731445312,4758600
2019-03-27,138.58999633789062,139.47999572753906,138.07000732421875,138.6999969482422,112.87799835205078,6764900
2019-03-28,139.05999755859375,139.4600067138672,138.7100067138672,138.8800048828125,113.0245361328125,4602100
2019-03-29,139.27999877929688,139.8800048828125,138.8800048828125,139.7899932861328,113.76508331298828,7168400
2019-04-01,139.99000549316406,140.2899932861328,138.74000549316406,138.97999572753906,113.10587310791016,5885200
2019-04-02,139.00999450683594,139.00999450683594,136.91000366210938,137.7100067138672,112.07230377197266,5517800
2019-04-03,138.1999969482422,138.24000549316406,136.8699951171875,137.1699981689453,111.63284301757812,5947000
2019-04-04,136.8699951171875,137.00999450683594,135.1300048828125,135.57000732421875,110.33074951171875,5844600
2019-04-05,136.0399932861328,136.5800018310547,135.6999969482422,136.17999267578125,110.82715606689453,4759700
2019-04-08,136.0500030517578,136.50999450683594,135.6999969482422,136.13999938964844,110.79462432861328,4329600
2019-04-09,136.0,136.25999450683594,134.55999755859375,135.57000732421875,110.33074951171875,5210300
2019-04-10,135.88999938964844,136.1300048828125,135.3300018310547,135.5800018310547,110.33888244628906,4194100
2019-04-11,135.9600067138672,136.17999267578125,134.4199981689453,135.2100067138672,110.03777313232422,4485200
2019-04-12,135.22000122070312,136.35000610351562,134.75,135.97999572753906,110.6644058227539,5756800
2019-04-15,136.0,136.7899932861328,135.8000030517578,136.52000427246094,111.10388946533203,5380900
2019-04-16,138.32000732421875,140.6999969482422,137.55999755859375,138.02000427246094,112.32461547851562,10745700
2019-04-17,139.0,140.14999389648438,137.6699981689453,138.52000427246094,112.73152923583984,9543700
2019-04-18,139.35000610351562,140.24000549316406,135.75,137.52000427246094,111.9177017211914,10485300
2019-04-22,136.97999572753906,138.49000549316406,136.4600067138672,137.8300018310547,112.16996765136719,4666500
2019-04-23,137.4199981689453,140.85000610351562,137.25,139.89999389648438,113.8545913696289,5790500
2019-04-24,139.64999389648438,140.13999938964844,138.86000061035156,139.1999969482422,113.28495788574219,5676300
2019-04-25,138.52000427246094,139.77000427246094,137.9600067138672,139.64999389648438,113.65116119384766,5218100
2019-04-26,139.8800048828125,140.52000427246094,139.30999755859375,140.38999938964844,114.25340270996094,4613600
2019-04-29,140.35000610351562,140.42999267578125,139.5800018310547,139.83999633789062,113.80575561523438,4275200
2019-04-30,140.19000244140625,141.4499969482422,138.9600067138672,141.1999969482422,114.9125747680664,6003700
2019-05-01,140.9499969482422,142.35000610351562,139.75,141.9499969482422,115.52293395996094,6656300
2019-05-02,141.91000366210938,142.14999389648438,140.1199951171875,141.27999877929688,114.97771453857422,8835600
2019-05-03,141.2899932861328,142.08999633789062,141.0800018310547,142.00999450683594,115.57181549072266,5281600
2019-05-06,140.25,142.24000549316406,139.92999267578125,142.08999633789062,115.63690185546875,5818900
2019-05-07,140.82000732421875,141.3800048828125,139.05999755859375,139.97000122070312,113.91155242919922,6606700
2019-05-08,140.1999969482422,140.9199981689453,139.6999969482422,139.7899932861328,113.76508331298828,4667300
2019-05-09,138.9499969482422,139.32000732421875,137.63999938964844,138.72999572753906,112.90243530273438,5604200
2019-05-10,138.42999267578125,139.25,136.41000366210938,139.0500030517578,113.16288757324219,4771600
2019-05-13,137.85000610351562,138.05999755859375,136.52999877929688,137.1999969482422,111.65726470947266,5560000
2019-05-14,137.0399932861328,137.83999633789062,136.72999572753906,136.82000732421875,111.34801483154297,7179400
2019-05-15,136.89999389648438,137.49000549316406,135.3300018310547,136.91000366210938,111.42124938964844,6429400
2019-05-16,137.38999938964844,139.19000244140625,136.97000122070312,138.2100067138672,112.47924041748047,6857200
2019-05-17,137.0,139.02999877929688,136.86000061035156,138.61000061035156,112.80475616455078,6915300
2019-05-20,138.61000061035156,138.9600067138672,137.67999267578125,138.4199981689453,112.65015411376953,4771100
2019-05-21,139.1199951171875,139.57000732421875,138.0800018310547,138.1199951171875,112.40599060058594,4859000
2019-05-22,138.35000610351562,138.9499969482422,137.49000549316406,138.75999450683594,112.92684936523438,5456800
2019-05-23,138.5,139.85000610351562,137.6699981689453,139.7899932861328,113.76508331298828,6951800
2019-05-24,139.5,139.5,138.55999755859375,138.85000610351562,113.77326965332031,5473300
2019-05-28,139.0,140.49000549316406,137.0500030517578,137.07000732421875,112.31475830078125,11919600
2019-05-29,135.88999938964844,135.88999938964844,128.52000427246094,131.3300018310547,107.61141967773438,23247400
2019-05-30,131.44000244140625,132.82000732421875,131.1699981689453,132.11000061035156,108.25055694580078,7360600
2019-05-31,131.52000427246094,132.0,129.61000061035156,131.14999389648438,107.46393585205078,7811000
2019-06-03,131.5,132.39999389648438,131.0399932861328,131.44000244140625,107.70157623291016,8434600
2019-06-04,132.60000610351562,134.3000030517578,132.5800018310547,133.72999572753906,109.57796478271484,6648900
2019-06-05,134.6999969482422,135.1300048828125,133.86000061035156,134.3800048828125,110.11056518554688,6860600
2019-06-06,134.89999389648438,137.66000366210938,134.58999633789062,136.67999267578125,111.99517822265625,9115800
2019-06-07,137.58999633789062,139.58999633789062,137.13999938964844,138.5500030517578,113.52747344970703,6533900
2019-06-10,138.60000610351562,139.14999389648438,137.60000610351562,139.02000427246094,113.91259002685547,4994700
2019-06-11,139.67999267578125,140.66000366210938,139.5,139.77999877929688,114.53532409667969,8230500
2019-06-12,140.3000030517578,142.91000366210938,140.3000030517578,141.67999267578125,116.09217071533203,9216500
2019-06-13,141.72000122070312,141.9499969482422,140.2100067138672,140.7100067138672,115.29735565185547,7500800
2019-06-14,141.22999572753906,141.49000549316406,140.0399932861328,140.08999633789062,114.78936004638672,6548100
2019-06-17,140.0,140.24000549316406,139.2100067138672,139.44000244140625,114.2567138671875,5562800
2019-06-18,140.55999755859375,140.92999267578125,139.7899932861328,140.22999572753906,114.90406036376953,7122700
2019-06-19,140.00999450683594,140.97000122070312,139.91000366210938,140.4499969482422,115.08430480957031,6393400
2019-06-20,141.25,142.39999389648438,141.0,142.2100067138672,116.52645111083984,7335800
2019-06-21,141.4600067138672,142.42999267578125,141.00999450683594,142.08999633789062,116.4281234741211,11272200
2019-06-24,142.4199981689453,143.6999969482422,142.08999633789062,143.05999755859375,117.22294616699219,5894700
2019-06-25,143.27000427246094,144.97999572753906,143.19000244140625,144.24000549316406,118.18982696533203,7517000
2019-06-26,143.85000610351562,143.85000610351562,140.75999450683594,141.85000610351562,116.23152160644531,7674100
2019-06-27,142.22999572753906,142.5,140.60000610351562,140.69000244140625,115.28099060058594,5233500
2019-06-28,140.74000549316406,141.10000610351562,138.50999450683594,139.27999877929688,114.12560272216797,12792400
2019-07-01,140.1999969482422,140.25999450683594,138.72000122070312,139.36000061035156,114.1911849975586,5872300
2019-07-02,139.22000122070312,140.02999877929688,138.69000244140625,140.02999877929688,114.74014282226562,4501200
2019-07-03,141.0,142.17999267578125,140.7899932861328,142.13999938964844,116.46910095214844,3436300
2019-07-05,141.74000549316406,141.86000061035156,140.3699951171875,140.57000732421875,115.18266296386719,4652400
2019-07-08,140.1199951171875,141.0800018310547,139.63999938964844,140.97000122070312,115.51041412353516,4078100
2019-07-09,141.4600067138672,142.47000122070312,140.91000366210938,141.41000366210938,115.87091827392578,4217400
2019-07-10,141.77999877929688,141.99000549316406,140.6699981689453,141.2100067138672,115.70704650878906,4874400
2019-07-11,140.94000244140625,141.2100067138672,139.02000427246094,140.11000061035156,114.80573272705078,5817400
2019-07-12,140.1199951171875,140.1199951171875,132.32000732421875,134.3000030517578,110.04505920410156,17780100
2019-07-15,135.38999938964844,136.36000061035156,134.4499969482422,134.7100067138672,110.3809585571289,10038200
2019-07-16,132.92999267578125,133.8300018310547,131.75,132.5,108.57011413574219,10214500
2019-07-17,132.49000549316406,133.5800018310547,131.41000366210938,131.86000061035156,108.04569244384766,8862100
2019-07-18,132.1300048828125,132.50999450683594,131.1699981689453,132.07000732421875,108.2177963256836,6203100
2019-07-19,132.25,132.38999938964844,130.19000244140625,130.30999755859375,106.775634765625,8340200
2019-07-22,130.0,130.14999389648438,127.83999633789062,128.63999938964844,105.4072265625,12624800
2019-07-23,128.61000061035156,129.4499969482422,128.16000366210938,128.83999633789062,105.57112121582031,5803600
2019-07-24,128.8800048828125,129.7899932861328,128.57000732421875,129.77999877929688,106.34135437011719,6838600
2019-07-25,130.05999755859375,131.52999877929688,129.6699981689453,131.1199951171875,107.43934631347656,8897800
2019-07-26,131.3000030517578,131.3000030517578,130.49000549316406,130.72999572753906,107.11974334716797,4894600
2019-07-29,131.0,133.30999755859375,130.2100067138672,133.02000427246094,108.99620819091797,7832000
2019-07-30,132.47000122070312,132.49000549316406,131.27000427246094,132.0800018310547,108.2259750366211,5509600
2019-07-31,131.63999938964844,132.0,130.17999267578125,130.22000122070312,106.70189666748047,8559200
2019-08-01,130.25999450683594,130.74000549316406,129.02000427246094,130.2899932861328,106.75923919677734,7870700
2019-08-02,130.86000061035156,131.47000122070312,129.77000427246094,131.07000732421875,107.39836120605469,6574900
2019-08-05,130.91000366210938,131.4600067138672,129.00999450683594,130.16000366210938,106.6527099609375,9480000
2019-08-06,130.33999633789062,131.22000122070312,129.58999633789062,130.77000427246094,107.15255737304688,7880600
2019-08-07,129.36000061035156,130.91000366210938,128.19000244140625,130.2100067138672,106.6937026977539,6771700
2019-08-08,130.97999572753906,131.9499969482422,130.22999572753906,131.67999267578125,107.89817810058594,5260500
2019-08-09,131.8000030517578,132.75999450683594,131.22999572753906,132.0399932861328,108.19320678710938,4677300
2019-08-12,131.5,132.6999969482422,131.2899932861328,131.92999267578125,108.10305786132812,6852100
2019-08-13,132.3000030517578,134.10000610351562,132.0,133.4199981689453,109.32394409179688,5013200
2019-08-14,132.52999877929688,132.5399932861328,130.1300048828125,130.25999450683594,106.73465728759766,7736200
2019-08-15,130.1699981689453,131.07000732421875,129.25,130.5399932861328,106.96408081054688,7251200
2019-08-16,131.47000122070312,131.6699981689453,130.60000610351562,131.36000061035156,107.635986328125,5858900
2019-08-19,132.5,132.57000732421875,131.82000732421875,132.25,108.36524963378906,4958000
2019-08-20,131.9600067138672,132.66000366210938,130.4600067138672,130.60000610351562,107.01324462890625,7302000
2019-08-21,131.6999969482422,132.41000366210938,130.85000610351562,131.52999877929688,107.77528381347656,6912800
2019-08-22,131.60000610351562,132.1300048828125,130.8000030517578,131.27000427246094,107.562255859375,7213500
2019-08-23,131.07000732421875,131.25999450683594,127.12999725341797,127.7300033569336,104.6615982055664,15714000
2019-08-26,127.41999816894531,128.0800018310547,126.62999725341797,127.80000305175781,105.50362396240234,8889500
2019-08-27,129.8800048828125,132.39999389648438,129.10000610351562,129.63999938964844,107.02262878417969,20183800
2019-08-28,127.86000061035156,128.8699951171875,127.01000213623047,128.67999267578125,106.23011016845703,9878800
2019-08-29,128.83999633789062,129.1999969482422,126.83000183105469,128.24000549316406,105.86688232421875,6749900
2019-08-30,128.27000427246094,129.10000610351562,127.62000274658203,128.36000061035156,105.9659423828125,7371100
2019-09-03,127.98999786376953,128.97999572753906,127.51000213623047,128.74000549316406,106.27964782714844,5710200
2019-09-04,129.49000549316406,129.58999633789062,128.0800018310547,128.86000061035156,106.37869262695312,4807200
2019-09-05,129.89999389648438,129.89999389648438,128.30999755859375,128.5800018310547,106.1475601196289,4754100
2019-09-06,128.8800048828125,129.22999572753906,128.07000732421875,128.2100067138672,105.84211730957031,6758300
2019-09-09,128.0,128.16000366210938,126.58999633789062,126.94999694824219,104.80193328857422,7684700
2019-09-10,127.33999633789062,129.5500030517578,126.33999633789062,129.5500030517578,106.94832611083984,8239500
2019-09-11,129.86000061035156,131.27999877929688,129.0800018310547,131.1699981689453,108.28569793701172,6203600
2019-09-12,131.36000061035156,131.77000427246094,130.05999755859375,130.42999267578125,107.6747817993164,5250000
2019-09-13,131.3300018310547,131.57000732421875,129.9600067138672,130.77999877929688,107.96373748779297,5369800
2019-09-16,130.11000061035156,130.75,129.3300018310547,129.5399932861328,106.94007873535156,5101700
2019-09-17,129.60000610351562,130.5,129.11000061035156,129.6699981689453,107.04740142822266,4976400
2019-09-18,129.89999389648438,130.55999755859375,128.77999877929688,130.41000366210938,107.65829467773438,4373600
2019-09-19,129.6300048828125,131.19000244140625,129.36000061035156,130.11000061035156,107.41063690185547,4730100
2019-09-20,131.0,132.0,130.2899932861328,131.64999389648438,108.68194580078125,12053100
2019-09-23,131.02000427246094,132.0500030517578,130.49000549316406,131.74000549316406,108.75626373291016,5183700
2019-09-24,132.10000610351562,132.77999877929688,131.33999633789062,131.5500030517578,108.5993881225586,7102600
2019-09-25,131.5,131.57000732421875,130.22999572753906,130.99000549316406,108.13709259033203,4522900
2019-09-26,131.08999633789062,131.30999755859375,128.02999877929688,128.85000610351562,106.37047576904297,7545800
2019-09-27,128.61000061035156,129.39999389648438,126.69999694824219,128.60000610351562,106.1640853881836,6006500
2019-09-30,129.07000732421875,130.27999877929688,129.0,129.3800048828125,106.80801391601562,6552100
2019-10-01,130.02000427246094,130.8000030517578,129.77000427246094,129.99000549316406,107.31158447265625,7673000
2019-10-02,132.75999450683594,134.6999969482422,131.22000122070312,132.0,108.97088623046875,12051800
2019-10-03,131.63999938964844,132.3699951171875,130.00999450683594,131.19000244140625,108.30220794677734,6997600
2019-10-04,131.33999633789062,133.72000122070312,131.25,133.66000366210938,110.34130096435547,7233300
2019-10-07,133.08999633789062,133.82000732421875,132.13999938964844,133.16000366210938,109.92852020263672,5427200
2019-10-08,132.4499969482422,133.25999450683594,131.49000549316406,131.83999633789062,108.83879852294922,7870400
2019-10-09,131.13999938964844,131.25,128.52000427246094,129.22000122070312,106.67589569091797,7787700
2019-10-10,128.9499969482422,130.1199951171875,128.6300048828125,129.05999755859375,106.5438232421875,5119700
2019-10-11,131.13999938964844,132.6199951171875,130.82000732421875,131.3300018310547,108.41778564453125,7161400
2019-10-14,131.36000061035156,131.36000061035156,130.4199981689453,130.72000122070312,107.91421508789062,5700000
2019-10-15,133.0,134.25,132.10000610351562,132.83999633789062,109.66434478759766,10008800
2019-10-16,134.89999389648438,136.58999633789062,133.8000030517578,135.1699981689453,111.58781433105469,12434200
2019-10-17,135.9600067138672,137.49000549316406,135.64999389648438,136.1699981689453,112.41337585449219,8434000
2019-10-18,133.30999755859375,134.38999938964844,127.69999694824219,127.69999694824219,105.42106628417969,25868700
2019-10-21,128.6699981689453,129.6699981689453,127.05999755859375,128.02000427246094,105.68526458740234,13823600
2019-10-22,128.75999450683594,130.5399932861328,128.08999633789062,129.1999969482422,106.65938568115234,7613700
2019-10-23,129.66000366210938,130.47999572753906,129.07000732421875,129.89999389648438,107.23725891113281,6693400
2019-10-24,130.4199981689453,130.5800018310547,126.0999984741211,127.5,105.25598907470703,12111600
2019-10-25,127.83000183105469,129.10000610351562,127.30999755859375,128.35000610351562,105.95768737792969,6947300
2019-10-28,128.6199951171875,130.0,128.50999450683594,129.17999267578125,106.64286804199219,7876300
2019-10-29,129.6999969482422,129.97000122070312,128.55999755859375,129.1199951171875,106.59332275390625,4506300
2019-10-30,133.3000030517578,133.52999877929688,131.72999572753906,132.83999633789062,109.66434478759766,9627600
2019-10-31,132.3800048828125,132.83999633789062,130.88999938964844,132.0399932861328,109.0039291381836,7686700
2019-11-01,132.0500030517578,133.0,131.13999938964844,131.1999969482422,108.31044006347656,5541800
2019-11-04,131.8000030517578,131.9499969482422,130.08999633789062,130.22999572753906,107.50968170166016,6140300
2019-11-05,130.52999877929688,131.47000122070312,129.67999267578125,130.4199981689453,107.6665267944336,6257300
2019-11-06,130.4199981689453,131.47999572753906,129.6999969482422,130.9600067138672,108.11236572265625,5450000
2019-11-07,131.72999572753906,132.3800048828125,131.00999450683594,131.42999267578125,108.50032043457031,5873700
2019-11-08,131.3000030517578,133.0399932861328,130.97000122070312,133.0,109.7964096069336,5003000
2019-11-11,132.27000427246094,132.52000427246094,131.3300018310547,131.97999572753906,108.95438385009766,4371400
2019-11-12,132.0,132.08999633789062,131.02000427246094,131.35000610351562,108.43429565429688,5228700
2019-11-13,131.0399932861328,131.49000549316406,130.72000122070312,131.27000427246094,108.3682632446289,5885400
2019-11-14,131.02999877929688,131.36000061035156,130.13999938964844,130.9600067138672,108.11236572265625,4217500
2019-11-15,131.25,134.97000122070312,130.77999877929688,134.94000244140625,111.39796447753906,10495100
2019-11-18,134.22000122070312,135.69000244140625,132.66000366210938,134.8300018310547,111.30715942382812,9291800
2019-11-19,135.0,135.19000244140625,134.2100067138672,134.82000732421875,111.29890441894531,5192200
2019-11-20,135.11000061035156,136.33999633789062,134.07000732421875,135.94000244140625,112.22350311279297,7594400
2019-11-21,135.94000244140625,136.85000610351562,135.0,136.44000244140625,112.63629150390625,6424900
2019-11-22,136.64999389648438,138.6300048828125,136.5,138.07000732421875,113.98188781738281,9235800
2019-11-25,137.05999755859375,137.64999389648438,136.24000549316406,137.17999267578125,114.03177642822266,6111900
2019-11-26,136.47000122070312,137.33999633789062,135.14999389648438,137.1699981689453,114.02347564697266,10636500
2019-11-27,137.16000366210938,138.25,136.89999389648438,137.75,114.50559997558594,5523000
2019-11-29,137.60000610351562,138.27000427246094,136.94000244140625,137.49000549316406,114.28945922851562,3278900
2019-12-02,137.72000122070312,137.85000610351562,136.85000610351562,137.36000061035156,114.1814193725586,4717100
2019-12-03,136.91000366210938,137.4499969482422,136.16000366210938,137.16000366210938,114.0151596069336,5741400
2019-12-04,138.5,139.74000549316406,138.0399932861328,139.3800048828125,115.86053466796875,7257300
2019-12-05,139.35000610351562,139.75,137.9499969482422,139.55999755859375,116.01014709472656,5472900
2019-12-06,139.4600067138672,141.5800018310547,139.4600067138672,140.3800048828125,116.6917953491211,6640400
2019-12-09,140.38999938964844,140.80999755859375,140.05999755859375,140.5,116.79156494140625,4241000
2019-12-10,140.8000030517578,141.0,139.91000366210938,139.99000549316406,116.36763000488281,5310300
2019-12-11,140.92999267578125,141.97999572753906,140.6300048828125,140.97999572753906,117.19055938720703,6631500
2019-12-12,141.32000732421875,142.05999755859375,140.72999572753906,141.33999633789062,117.48980712890625,5012400
2019-12-13,141.10000610351562,141.8000030517578,140.30999755859375,141.3800048828125,117.5230712890625,4257200
2019-12-16,141.72999572753906,142.85000610351562,141.49000549316406,141.7899932861328,117.86384582519531,5353100
2019-12-17,143.0,144.0500030517578,142.52000427246094,143.55999755859375,119.33517456054688,10722400
2019-12-18,143.72000122070312,143.8800048828125,142.74000549316406,143.19000244140625,119.02763366699219,7849200
2019-12-19,143.88999938964844,145.8800048828125,143.61000061035156,145.35000610351562,120.82315063476562,9414700
2019-12-20,146.8800048828125,147.83999633789062,144.8000030517578,146.05999755859375,121.41331481933594,14532800
2019-12-23,145.74000549316406,146.75999450683594,145.33999633789062,146.44000244140625,121.72923278808594,6558700
2019-12-24,146.0,146.00999450683594,145.25999450683594,145.92999267578125,121.30525207519531,4238900
2019-12-26,145.97000122070312,146.17999267578125,145.16000366210938,145.8300018310547,121.22216033935547,3019300
2019-12-27,146.1999969482422,146.5500030517578,145.5399932861328,145.75,121.1556396484375,3432700
2019-12-30,145.77999877929688,146.1999969482422,145.02999877929688,145.3000030517578,120.78158569335938,2923300
2019-12-31,145.10000610351562,146.00999450683594,144.77999877929688,145.8699951171875,121.25537872314453,4435000
2020-01-02,145.8699951171875,146.02000427246094,145.0800018310547,145.97000122070312,121.33849334716797,5777000
2020-01-03,143.5,145.3699951171875,143.0,144.27999877929688,119.93368530273438,5752400
2020-01-06,144.0,144.1999969482422,142.85000610351562,144.10000610351562,119.7840576171875,7731300
2020-01-07,144.00999450683594,145.4499969482422,141.3800048828125,144.97999572753906,120.51554870605469,7382900
2020-01-08,144.8699951171875,145.97999572753906,143.6999969482422,144.9600067138672,120.49898529052734,6605800
2020-01-09,145.75999450683594,146.02999877929688,144.99000549316406,145.38999938964844,120.85637664794922,6112700
2020-01-10,145.75,146.17999267578125,144.89999389648438,145.05999755859375,120.58206939697266,5042600
2020-01-13,145.47999572753906,145.7899932861328,144.72000122070312,145.6999969482422,121.11407470703125,4593200
2020-01-14,145.0500030517578,146.61000061035156,144.72999572753906,146.52000427246094,121.79569244384766,7037500
2020-01-15,146.39999389648438,147.39999389648438,146.24000549316406,147.00999450683594,122.20305633544922,4960300
2020-01-16,147.4199981689453,148.83999633789062,146.1999969482422,148.1999969482422,123.19223022460938,6476000
2020-01-17,148.41000366210938,149.41000366210938,147.92999267578125,149.1699981689453,123.99855041503906,9083600
2020-01-21,148.5800018310547,150.1699981689453,148.5,149.27000427246094,124.08165740966797,9543900
2020-01-22,146.6999969482422,149.17999267578125,146.0,148.25,123.23380279541016,10305300
2020-01-23,148.0399932861328,148.77000427246094,146.75999450683594,148.52999877929688,123.466552734375,8671900
2020-01-24,148.5800018310547,148.9499969482422,147.92999267578125,148.32000732421875,123.29198455810547,9051900
2020-01-27,147.52000427246094,149.4600067138672,147.0,148.75,123.64940643310547,7587100
2020-01-28,148.4600067138672,150.57000732421875,148.14999389648438,149.5,124.27288055419922,7336600
2020-01-29,149.4499969482422,151.19000244140625,149.1300048828125,150.5399932861328,125.1373519897461,6288600
2020-01-30,150.02999877929688,150.50999450683594,149.0500030517578,150.36000061035156,124.98775482177734,6470600
2020-01-31,149.75,150.0,148.63999938964844,148.8699951171875,123.7491683959961,8651700
2020-02-03,149.4199981689453,150.49000549316406,149.24000549316406,150.1699981689453,124.82984161376953,5765200
2020-02-04,151.49000549316406,152.75,151.1999969482422,151.60000610351562,126.01850128173828,6541400
2020-02-05,151.72000122070312,154.02000427246094,151.30999755859375,153.99000549316406,128.0051727294922,5979900
2020-02-06,154.25,154.5,152.74000549316406,153.52999877929688,127.62283325195312,6201200
2020-02-07,153.33999633789062,153.4600067138672,151.5500030517578,151.88999938964844,126.25960540771484,5700300
2020-02-10,151.67999267578125,151.91000366210938,150.88999938964844,151.86000061035156,126.23464965820312,4835600
2020-02-11,152.2899932861328,152.3800048828125,151.5399932861328,151.99000549316406,126.34266662597656,3715300
2020-02-12,151.8699951171875,152.14999389648438,150.9199981689453,151.08999633789062,125.59458923339844,5166800
2020-02-13,150.16000366210938,151.0399932861328,149.8800048828125,150.08999633789062,124.7632827758789,5480200
2020-02-14,150.55999755859375,150.63999938964844,149.14999389648438,150.1300048828125,124.79653930664062,5716300
2020-02-18,150.47000122070312,150.74000549316406,149.05999755859375,149.13999938964844,123.9736328125,7230700
2020-02-19,149.2100067138672,149.75999450683594,148.5800018310547,148.94000244140625,123.8073501586914,6115200
2020-02-20,148.61000061035156,149.3800048828125,147.39999389648438,148.3699951171875,123.33356475830078,7464700
2020-02-21,148.08999633789062,150.24000549316406,147.5399932861328,149.92999267578125,124.6302719116211,7776800
2020-02-24,146.5,149.0,145.25,145.91000366210938,122.06210327148438,10588900
2020-02-25,145.99000549316406,146.75,143.8300018310547,144.64999389648438,121.00801849365234,10529000
2020-02-26,145.35000610351562,146.22000122070312,143.58999633789062,143.67999267578125,120.19654083251953,10093800
2020-02-27,142.55999755859375,144.77000427246094,138.9499969482422,139.1199951171875,116.3818588256836,12566700
2020-02-28,135.36000061035156,137.2899932861328,130.82000732421875,134.47999572753906,112.50022888183594,19820300
2020-03-02,134.77999877929688,140.1300048828125,134.00999450683594,140.02000427246094,117.13475036621094,11508200
2020-03-03,140.0,140.99000549316406,133.10000610351562,135.58999633789062,113.42879486083984,13662500
2020-03-04,137.67999267578125,143.63999938964844,137.13999938964844,143.47999572753906,120.02924346923828,10560500
2020-03-05,140.8000030517578,142.67999267578125,139.83999633789062,142.00999450683594,118.79948425292969,11339200
2020-03-06,138.47999572753906,143.00999450683594,137.41000366210938,142.02999877929688,118.81620788574219,12239100
2020-03-09,136.3300018310547,139.67999267578125,134.89999389648438,136.44000244140625,114.1398696899414,13848600
2020-03-10,139.97000122070312,141.9499969482422,134.22999572753906,141.63999938964844,118.489990234375,12698100
2020-03-11,138.08999633789062,138.75,131.5,131.8000030517578,110.25825500488281,17763400
2020-03-12,127.30999755859375,133.75999450683594,124.5,125.41000366210938,104.91263580322266,21539200
2020-03-13,129.32000732421875,134.9199981689453,124.6500015258789,134.2899932861328,112.34127807617188,20084200
2020-03-16,123.56999969482422,133.75999450683594,122.43000030517578,127.12999725341797,106.35151672363281,18877900
2020-03-17,128.5500030517578,136.77000427246094,127.80999755859375,136.58999633789062,114.26534271240234,18911800
2020-03-18,131.02000427246094,135.6699981689453,128.7100067138672,134.9600067138672,112.90176391601562,17521100
2020-03-19,134.99000549316406,134.99000549316406,126.1500015258789,127.05000305175781,106.28457641601562,18482300
2020-03-20,126.83000183105469,127.44000244140625,118.12999725341797,119.88999938964844,100.29484558105469,19785100
2020-03-23,117.0,118.55999755859375,109.16000366210938,111.13999938964844,92.97496795654297,20815200
2020-03-24,118.76000213623047,119.6500015258789,113.86000061035156,119.18000030517578,99.70088958740234,17604800
2020-03-25,118.91000366210938,123.95999908447266,116.69999694824219,119.4000015258789,99.88494873046875,13986100
2020-03-26,120.56999969482422,127.0999984741211,120.37999725341797,126.56999969482422,105.88304901123047,15066800
2020-03-27,121.6500015258789,127.62000274658203,120.58000183105469,123.16000366210938,103.0303955078125,12133200
2020-03-30,128.4600067138672,133.99000549316406,127.5,133.00999450683594,111.27047729492188,21754000
2020-03-31,134.99000549316406,135.7100067138672,130.0500030517578,131.1300048828125,109.69774627685547,15746100
2020-04-01,127.69999694824219,130.22999572753906,125.5,128.80999755859375,107.75694274902344,12606100
2020-04-02,129.1199951171875,134.0,127.22000122070312,133.14999389648438,111.38758087158203,11594500
2020-04-03,132.3800048828125,134.7899932861328,131.5800018310547,134.1699981689453,112.24089050292969,10071200
2020-04-06,137.00999450683594,140.97000122070312,135.5399932861328,139.75999450683594,116.91725158691406,14994400
2020-04-07,139.86000061035156,142.02999877929688,137.25999450683594,137.47999572753906,115.0098876953125,11567100
2020-04-08,137.75,144.1300048828125,137.3000030517578,143.25999450683594,119.84516143798828,10758200
2020-04-09,144.00999450683594,145.4199981689453,140.27999877929688,141.22999572753906,118.14697265625,11125400
2020-04-13,140.0,141.49000549316406,137.83999633789062,139.77000427246094,116.92562103271484,8153200
2020-04-14,145.4199981689453,147.4199981689453,144.0500030517578,146.02999877929688,122.16246032714844,13838000
2020-04-15,145.5500030517578,147.91000366210938,143.5399932861328,147.66000366210938,123.52600860595703,11962300
2020-04-16,148.30999755859375,150.67999267578125,146.44000244140625,149.6699981689453,125.20751190185547,12181700
2020-04-17,151.99000549316406,152.3000030517578,149.60000610351562,152.02000427246094,127.17343139648438,10920000
2020-04-20,150.92999267578125,153.0,150.08999633789062,151.6699981689453,126.88064575195312,12226200
2020-04-21,150.1199951171875,151.63999938964844,148.57000732421875,149.67999267578125,125.21591186523438,9951100
2020-04-22,152.80999755859375,155.0,151.72999572753906,152.99000549316406,127.9848861694336,11515600
2020-04-23,154.25,157.0,153.6999969482422,155.50999450683594,130.093017578125,10665000
2020-04-24,155.57000732421875,156.3000030517578,153.63999938964844,154.86000061035156,129.54925537109375,8653400
2020-04-27,154.80999755859375,156.0500030517578,154.0,154.2899932861328,129.07241821289062,8924000
2020-04-28,151.25,153.10000610351562,150.6999969482422,151.38999938964844,126.64642333984375,8558700
2020-04-29,151.3800048828125,151.6300048828125,149.16000366210938,150.24000549316406,125.68437194824219,9285200
2020-04-30,148.4600067138672,150.42999267578125,147.16000366210938,150.0399932861328,125.51704406738281,14829600
2020-05-01,149.6199951171875,149.6699981689453,146.7899932861328,148.2899932861328,124.05309295654297,7309000
2020-05-04,148.77000427246094,149.0800018310547,147.08999633789062,148.27000427246094,124.03633117675781,7198400
2020-05-05,149.0,150.77999877929688,148.63999938964844,149.5,125.06534576416016,6562300
2020-05-06,150.0,150.32000732421875,148.0399932861328,148.0800018310547,123.87740325927734,6191600
2020-05-07,149.3699951171875,149.52999877929688,147.1300048828125,147.58999633789062,123.46746063232422,5570500
2020-05-08,148.9199981689453,149.17999267578125,147.88999938964844,148.6999969482422,124.39608764648438,4712100
2020-05-11,148.4499969482422,150.10000610351562,148.1199951171875,149.11000061035156,124.73900604248047,5887500
2020-05-12,150.10000610351562,150.33999633789062,147.02999877929688,147.13999938964844,123.09100341796875,7039200
2020-05-13,146.0800018310547,148.9499969482422,146.00999450683594,147.1300048828125,123.08268737792969,6970500
2020-05-14,145.38999938964844,147.75999450683594,144.25999450683594,147.63999938964844,123.50933837890625,6871400
2020-05-15,147.8699951171875,150.47999572753906,145.66000366210938,150.44000244140625,125.8517074584961,10340400
2020-05-18,152.49000549316406,153.6199951171875,150.4600067138672,150.52000427246094,125.9186019897461,7388400
2020-05-19,150.10000610351562,151.10000610351562,148.39999389648438,149.02000427246094,124.66374206542969,6107300
2020-05-20,149.75,150.38999938964844,147.27000427246094,147.67999267578125,123.54277801513672,5713400
2020-05-21,148.5,148.5,145.82000732421875,146.7100067138672,122.73133850097656,6487300
2020-05-22,144.57000732421875,146.2899932861328,144.05999755859375,144.3699951171875,121.61099243164062,6140900
2020-05-26,146.19000244140625,146.44000244140625,144.3000030517578,144.55999755859375,121.77103424072266,7072300
2020-05-27,144.32000732421875,145.25,143.00999450683594,144.88999938964844,122.04899597167969,7950000
2020-05-28,146.02000427246094,148.11000061035156,145.80999755859375,146.97000122070312,123.8011245727539,6189600
2020-05-29,147.9600067138672,149.35000610351562,145.3300018310547,148.75,125.30049133300781,8504000
2020-06-01,147.2899932861328,148.33999633789062,146.00999450683594,147.19000244140625,123.9864273071289,6141800
2020-06-02,147.05999755859375,148.35000610351562,146.1199951171875,148.25,124.87936401367188,6078300
2020-06-03,148.52000427246094,149.13999938964844,146.4499969482422,148.64999389648438,125.21629333496094,6339500
2020-06-04,146.8000030517578,148.3699951171875,145.5800018310547,146.72999572753906,123.59890747070312,8170500
2020-06-05,147.69000244140625,149.63999938964844,146.60000610351562,147.3000030517578,124.0790786743164,9725400
2020-06-08,145.8800048828125,147.61000061035156,145.74000549316406,146.77000427246094,123.63263702392578,7555600
2020-06-09,148.25,149.3300018310547,145.64999389648438,145.9600067138672,122.95033264160156,8247200
2020-06-10,146.60000610351562,150.02999877929688,146.60000610351562,147.8000030517578,124.5002212524414,10137100
2020-06-11,148.5800018310547,149.1699981689453,140.75,140.8699951171875,118.66272735595703,11913300
2020-06-12,142.83999633789062,143.7100067138672,140.27999877929688,142.14999389648438,119.7409439086914,8687400
2020-06-15,141.0,142.39999389648438,139.38999938964844,141.25,118.98280334472656,8649600
2020-06-16,144.08999633789062,145.4199981689453,142.77000427246094,144.4600067138672,121.68677520751953,7579100
2020-06-17,144.89999389648438,145.4199981689453,143.47000122070312,144.02000427246094,121.3161849975586,5100100
2020-06-18,142.52000427246094,144.1199951171875,141.8699951171875,143.41000366210938,120.80232238769531,4797400
2020-06-19,145.7899932861328,145.8800048828125,143.25,143.8300018310547,121.15608978271484,12206900
2020-06-22,143.47000122070312,143.66000366210938,142.02999877929688,143.38999938964844,120.78546142578125,5285600
2020-06-23,143.74000549316406,144.0800018310547,142.67999267578125,142.86000061035156,120.33905029296875,5921600
2020-06-24,141.49000549316406,142.19000244140625,138.72000122070312,139.82000732421875,117.77826690673828,8211200
2020-06-25,140.57000732421875,140.57000732421875,137.5399932861328,139.6699981689453,117.65193176269531,7421200
2020-06-26,139.52999877929688,139.60000610351562,137.02000427246094,137.80999755859375,116.08512115478516,12849700
2020-06-29,138.74000549316406,139.6999969482422,137.97999572753906,139.0399932861328,117.1212387084961,5309800
2020-06-30,139.39999389648438,141.02000427246094,137.83999633789062,140.6300048828125,118.4605712890625,7738300
2020-07-01,140.69000244140625,141.38999938964844,140.05999755859375,140.3800048828125,118.24996948242188,6174800
2020-07-02,141.25,141.83999633789062,140.3300018310547,140.97000122070312,118.74700164794922,5152200
2020-07-06,142.1699981689453,143.77000427246094,141.8800048828125,142.97999572753906,120.44007873535156,6156400
2020-07-07,141.38999938964844,143.97000122070312,141.22999572753906,142.85000610351562,120.33059692382812,5622600
2020-07-08,142.8699951171875,143.38999938964844,141.6999969482422,143.27000427246094,120.68440246582031,6257400
2020-07-09,142.75999450683594,144.42999267578125,140.5800018310547,142.49000549316406,120.02737426757812,5738600
2020-07-10,142.75,142.8699951171875,141.42999267578125,142.3699951171875,119.92625427246094,4282400
2020-07-13,143.61000061035156,146.63999938964844,143.27999877929688,145.2100067138672,122.31855010986328,6951900
2020-07-14,145.32000732421875,148.38999938964844,145.25999450683594,147.9199981689453,124.60135650634766,7447100
2020-07-15,149.72999572753906,150.2100067138672,148.22999572753906,148.25999450683594,124.88771057128906,8512800
2020-07-16,148.67999267578125,149.33999633789062,146.67999267578125,149.25,125.72169494628906,9304700
2020-07-17,150.0,150.5800018310547,148.69000244140625,149.35000610351562,125.80594635009766,7441100
2020-07-20,150.22999572753906,150.32000732421875,148.42999267578125,149.60000610351562,126.01649475097656,6191500
2020-07-21,149.60000610351562,151.6699981689453,149.5,149.74000549316406,126.13442993164062,5575900
2020-07-22,149.92999267578125,150.41000366210938,147.85000610351562,150.00999450683594,126.36185455322266,5910200
2020-07-23,150.2100067138672,150.85000610351562,149.27999877929688,149.61000061035156,126.0249252319336,6566300
2020-07-24,150.5,150.60000610351562,147.02999877929688,148.1199951171875,124.769775390625,5405900
2020-07-27,147.3699951171875,148.9199981689453,146.86000061035156,147.17999267578125,123.97798156738281,5675200
2020-07-28,147.39999389648438,147.99000549316406,146.75,146.8300018310547,123.68315887451172,4842200
2020-07-29,146.38999938964844,147.47000122070312,146.07000732421875,146.5399932861328,123.43891906738281,4489100
2020-07-30,147.44000244140625,147.5,146.13999938964844,146.83999633789062,123.69157409667969,5922500
2020-07-31,146.66000366210938,147.4499969482422,143.9600067138672,145.75999450683594,122.78184509277344,8259600
2020-08-03,146.38999938964844,147.7899932861328,146.14999389648438,147.35000610351562,124.12120056152344,4078700
2020-08-04,146.99000549316406,147.22000122070312,145.82000732421875,147.22000122070312,124.0116958618164,4162200
2020-08-05,149.10000610351562,149.30999755859375,147.8000030517578,148.39999389648438,125.00569915771484,5467500
2020-08-06,148.39999389648438,149.25,146.5,147.5500030517578,124.28968811035156,4837900
2020-08-07,147.50999450683594,148.64999389648438,147.14999389648438,148.60000610351562,125.17414093017578,3635100
2020-08-10,148.86000061035156,149.00999450683594,147.72000122070312,148.02999877929688,124.69402313232422,4096600
2020-08-11,149.13999938964844,149.22999572753906,146.3699951171875,146.97000122070312,123.8011245727539,6388400
2020-08-12,147.5399932861328,150.24000549316406,147.49000549316406,149.66000366210938,126.0670394897461,5257300
2020-08-13,148.5399932861328,149.19000244140625,147.52999877929688,148.0,124.66873931884766,5155500
2020-08-14,147.61000061035156,149.33999633789062,147.5800018310547,148.24000549316406,124.8708724975586,4240200
2020-08-17,148.32000732421875,150.22999572753906,148.22999572753906,148.99000549316406,125.50267791748047,4306900
2020-08-18,149.25999450683594,150.10000610351562,148.57000732421875,150.08999633789062,126.42922973632812,4322600
2020-08-19,149.5800018310547,151.5800018310547,149.32000732421875,150.38999938964844,126.68196105957031,7816300
2020-08-20,149.75,151.5800018310547,149.5500030517578,151.4199981689453,127.54959869384766,4874700
2020-08-21,151.77999877929688,153.64999389648438,150.58999633789062,152.75999450683594,128.6782989501953,6722800
2020-08-24,152.74000549316406,152.89999389648438,150.35000610351562,152.14999389648438,129.0175323486328,5387900
2020-08-25,152.77999877929688,153.07000732421875,151.5399932861328,152.05999755859375,128.9412384033203,3863500
2020-08-26,151.86000061035156,152.64999389648438,150.63999938964844,152.3000030517578,129.144775390625,8008300
2020-08-27,152.4199981689453,153.25999450683594,151.88999938964844,152.97999572753906,129.72132873535156,5575400
2020-08-28,152.74000549316406,153.6999969482422,151.89999389648438,153.63999938964844,130.28102111816406,5395700
2020-08-31,153.0,154.39999389648438,152.25999450683594,153.41000366210938,130.0859832763672,6362700
2020-09-01,153.8699951171875,154.0800018310547,150.07000732421875,151.52000427246094,128.4833221435547,6307700
2020-09-02,150.7899932861328,154.3300018310547,149.25,153.8300018310547,130.44212341308594,6881900
2020-09-03,154.8300018310547,155.47000122070312,148.3000030517578,149.5500030517578,126.81285095214844,8672800
2020-09-04,150.1699981689453,150.9499969482422,147.1300048828125,148.58999633789062,125.99879455566406,7200100
2020-09-08,150.25,150.88999938964844,146.89999389648438,147.25999450683594,124.87097930908203,8756800
2020-09-09,148.14999389648438,151.10000610351562,148.1199951171875,149.6999969482422,126.94001770019531,6960700
2020-09-10,149.25,149.77999877929688,146.52000427246094,146.91000366210938,124.57422637939453,6191800
2020-09-11,147.0500030517578,148.52999877929688,146.6300048828125,147.77999877929688,125.31194305419922,3934700
2020-09-14,148.1199951171875,149.47000122070312,148.00999450683594,148.35000610351562,125.79529571533203,4375800
2020-09-15,149.4499969482422,150.58999633789062,148.52000427246094,148.88999938964844,126.2531967163086,3658800
2020-09-16,149.38999938964844,150.05999755859375,148.35000610351562,148.39999389648438,125.83769226074219,4323000
2020-09-17,148.0399932861328,148.6300048828125,146.0500030517578,147.1699981689453,124.79468536376953,5461400
2020-09-18,146.50999450683594,149.64999389648438,146.1999969482422,149.17999267578125,126.49913787841797,12174000
2020-09-21,147.5800018310547,147.92999267578125,142.9600067138672,145.10000610351562,123.03941345214844,7574500
2020-09-22,144.69000244140625,145.35000610351562,143.72000122070312,144.2100067138672,122.28467559814453,5295900
2020-09-23,147.47999572753906,147.5500030517578,144.3800048828125,144.44000244140625,122.479736328125,8784400
2020-09-24,144.55999755859375,145.25,143.33999633789062,144.6699981689453,122.67478942871094,5614800
2020-09-25,144.0,146.25,143.88999938964844,145.66000366210938,123.51425170898438,5531200
2020-09-28,146.72999572753906,148.2899932861328,146.4199981689453,147.11000061035156,124.74378967285156,5843200
2020-09-29,147.60000610351562,147.9199981689453,146.05999755859375,147.05999755859375,124.70143127441406,6768600
2020-09-30,147.4499969482422,149.72999572753906,146.83999633789062,148.8800048828125,126.2447509765625,8487700
2020-10-01,149.30999755859375,149.64999389648438,146.4600067138672,147.32000732421875,124.92188262939453,6457800
2020-10-02,146.2100067138672,148.41000366210938,145.8300018310547,146.24000549316406,124.00605773925781,5485600
2020-10-05,147.0,148.3800048828125,146.4199981689453,148.22999572753906,125.69351196289062,4992800
2020-10-06,148.27999877929688,148.61000061035156,145.8699951171875,146.25999450683594,124.02305603027344,5118200
2020-10-07,146.49000549316406,148.22999572753906,145.80999755859375,147.8800048828125,125.39675903320312,5603100
2020-10-08,148.5,149.85000610351562,148.0399932861328,148.88999938964844,126.2531967163086,4413500
2020-10-09,149.64999389648438,151.47999572753906,149.4499969482422,150.97000122070312,128.01695251464844,5054100
2020-10-12,151.60000610351562,153.13999938964844,151.02000427246094,151.83999633789062,128.75465393066406,7273200
2020-10-13,149.0,150.1199951171875,147.77000427246094,148.36000061035156,125.80377960205078,11057600
2020-10-14,148.82000732421875,149.02999877929688,147.38999938964844,148.10000610351562,125.58329010009766,7706400
2020-10-15,147.47999572753906,147.89999389648438,146.3300018310547,147.19000244140625,124.81161499023438,5978600
2020-10-16,147.60000610351562,148.75999450683594,147.00999450683594,148.10000610351562,125.58329010009766,6097000
2020-10-19,148.52999877929688,148.89999389648438,144.1300048828125,144.32000732421875,122.37801361083984,7250800
2020-10-20,144.66000366210938,145.75,144.1199951171875,144.5500030517578,122.57305908203125,5325400
2020-10-21,144.1199951171875,145.33999633789062,143.91000366210938,143.92999267578125,122.0472640991211,5221300
2020-10-22,144.16000366210938,145.69000244140625,143.83999633789062,145.0800018310547,123.02245330810547,5279700
2020-10-23,145.8800048828125,147.47000122070312,144.35000610351562,145.24000549316406,123.15811920166016,4154400
2020-10-26,144.42999267578125,144.77000427246094,142.75,143.97000122070312,122.08116912841797,6929500
2020-10-27,143.74000549316406,144.2899932861328,142.9199981689453,143.14999389648438,121.38587188720703,4890100
2020-10-28,141.42999267578125,141.97999572753906,138.17999267578125,138.36000061035156,117.3241195678711,8426100
2020-10-29,138.0,138.6999969482422,136.0500030517578,137.19000244140625,116.33202362060547,7205400
2020-10-30,136.67999267578125,137.5399932861328,133.64999389648438,137.11000061035156,116.26416015625,7364100
2020-11-02,138.97999572753906,139.00999450683594,137.49000549316406,138.69000244140625,117.60396575927734,7088000
2020-11-03,140.02000427246094,140.9600067138672,137.77999877929688,138.5,117.44286346435547,6363000
2020-11-04,139.49000549316406,142.5399932861328,138.6999969482422,139.39999389648438,118.20598602294922,10263500
2020-11-05,140.5500030517578,141.8300018310547,139.25999450683594,139.75999450683594,118.51126098632812,8016200
2020-11-06,140.39999389648438,143.19000244140625,139.64999389648438,142.25,120.62271881103516,5942500
2020-11-09,148.42999267578125,148.99000549316406,144.9199981689453,146.0800018310547,123.87039184570312,12351600
2020-11-10,147.25,148.75,146.25999450683594,148.27999877929688,125.73590850830078,7386500
2020-11-11,149.1699981689453,149.1999969482422,146.86000061035156,147.8000030517578,125.32892608642578,6382400
2020-11-12,147.61000061035156,148.64999389648438,146.75,148.3000030517578,125.75288391113281,4710300
2020-11-13,149.08999633789062,150.41000366210938,148.41000366210938,149.89999389648438,127.10961151123047,5893500
2020-11-16,150.9199981689453,151.3000030517578,149.8000030517578,150.85000610351562,127.91515350341797,6266400
2020-11-17,150.0,150.6300048828125,149.1199951171875,149.35000610351562,126.6432113647461,7297700
2020-11-18,148.8699951171875,149.75999450683594,147.3699951171875,147.3699951171875,124.96429443359375,6661000
2020-11-19,147.3000030517578,147.4600067138672,145.58999633789062,147.13999938964844,124.76925659179688,7987700
2020-11-20,147.0500030517578,147.94000244140625,146.1300048828125,146.36000061035156,124.10782623291016,6354900
2020-11-23,146.00999450683594,146.00999450683594,143.0399932861328,143.8699951171875,122.84413146972656,7318300
2020-11-24,144.0,144.75999450683594,143.61000061035156,143.8699951171875,122.84413146972656,11034800
2020-11-25,144.05999755859375,144.1699981689453,142.86000061035156,143.67999267578125,122.68185424804688,7594600
2020-11-27,144.5,144.66000366210938,143.22000122070312,144.0,122.95510864257812,3059000
2020-11-30,144.22999572753906,144.86000061035156,143.05999755859375,144.67999267578125,123.53575897216797,15663200
2020-12-01,146.2899932861328,149.1300048828125,145.86000061035156,147.4499969482422,125.90091705322266,9738200
2020-12-02,147.85000610351562,149.7100067138672,147.6999969482422,148.13999938964844,126.49007415771484,7745500
2020-12-03,148.0399932861328,149.5800018310547,147.69000244140625,149.0,127.22438049316406,7310500
2020-12-04,149.7899932861328,150.30999755859375,149.27000427246094,150.27000427246094,128.30880737304688,6747100
2020-12-07,149.35000610351562,149.91000366210938,148.50999450683594,148.97000122070312,127.19882202148438,6634700
2020-12-08,150.0,152.13999938964844,149.5500030517578,151.5500030517578,129.40170288085938,8339800
2020-12-09,152.8300018310547,153.5,151.75999450683594,153.10000610351562,130.72520446777344,8440100
2020-12-10,152.82000732421875,152.97999572753906,151.67999267578125,152.25,129.99945068359375,7392900
2020-12-11,151.52999877929688,153.41000366210938,151.22999572753906,152.9499969482422,130.5971221923828,5977400
2020-12-14,153.25,153.47999572753906,148.99000549316406,149.07000732421875,127.2841796875,8547300
2020-12-15,150.0,150.75,149.52999877929688,150.57000732421875,128.56497192382812,7612600
2020-12-16,150.1999969482422,150.9199981689453,149.5500030517578,149.6699981689453,127.79647064208984,8486100
2020-12-17,150.08999633789062,153.88999938964844,149.9600067138672,153.6199951171875,131.16921997070312,9920300
2020-12-18,153.64999389648438,155.10000610351562,151.6699981689453,154.50999450683594,131.92918395996094,17137200
2020-12-21,152.00999450683594,153.41000366210938,150.0500030517578,153.02000427246094,130.65687561035156,7893400
2020-12-22,152.39999389648438,153.89999389648438,151.86000061035156,152.72000122070312,130.4007568359375,4699500
2020-12-23,152.8000030517578,153.60000610351562,151.89999389648438,151.94000244140625,129.73471069335938,4607300
2020-12-24,151.85000610351562,153.0399932861328,151.82000732421875,152.47000122070312,130.1873016357422,2114900
2020-12-28,153.32000732421875,153.8699951171875,152.3000030517578,153.19000244140625,130.80203247070312,3855500
2020-12-29,154.11000061035156,154.92999267578125,153.8000030517578,154.13999938964844,131.61322021484375,5212000
2020-12-30,154.74000549316406,156.3800048828125,154.60000610351562,156.0500030517578,133.2440948486328,5412800
2020-12-31,156.52999877929688,157.66000366210938,155.11000061035156,157.3800048828125,134.3797149658203,5099900
2021-01-04,157.24000549316406,157.3800048828125,154.1300048828125,156.5,133.62832641601562,11765900
2021-01-05,156.25,158.75999450683594,155.07000732421875,158.33999633789062,135.19937133789062,9602300
2021-01-06,157.24000549316406,160.22999572753906,156.72000122070312,159.8300018310547,136.47164916992188,8230100
2021-01-07,159.0,161.02999877929688,158.35000610351562,160.3699951171875,136.93275451660156,7747200
2021-01-08,160.50999450683594,161.10000610351562,159.8800048828125,160.0399932861328,136.65093994140625,8228900
2021-01-11,160.55999755859375,161.32000732421875,158.77000427246094,159.3699951171875,136.07884216308594,7066200
2021-01-12,159.14999389648438,159.66000366210938,157.3300018310547,158.1300048828125,135.0200958251953,6903200
2021-01-13,158.22999572753906,158.4600067138672,156.75,157.88999938964844,134.81515502929688,6643100
2021-01-14,160.4499969482422,161.9499969482422,159.61000061035156,160.64999389648438,137.1717987060547,10030800
2021-01-15,160.3000030517578,161.41000366210938,159.11000061035156,160.3000030517578,136.87295532226562,7630800
2021-01-19,162.0,163.0399932861328,161.10000610351562,162.77999877929688,138.99050903320312,9057600
2021-01-20,163.1999969482422,164.13999938964844,161.8000030517578,162.3800048828125,138.64901733398438,6839900
2021-01-21,161.32000732421875,162.47999572753906,160.05999755859375,161.72999572753906,138.09396362304688,6818000
2021-01-22,162.36000061035156,165.16000366210938,161.8699951171875,163.5500030517578,139.6479949951172,8137000
2021-01-25,165.00999450683594,166.08999633789062,163.66000366210938,165.97999572753906,141.7228546142578,9924400
2021-01-26,169.6999969482422,173.64999389648438,169.38999938964844,170.47999572753906,145.565185546875,14205700
2021-01-27,169.1199951171875,170.9199981689453,167.4499969482422,167.8800048828125,143.34519958496094,14207300
2021-01-28,168.1999969482422,170.86000061035156,167.8000030517578,169.16000366210938,144.43809509277344,8944400
2021-01-29,164.25999450683594,166.0,160.5500030517578,163.1300048828125,139.28941345214844,22505900
2021-02-01,165.30999755859375,165.30999755859375,162.60000610351562,162.7100067138672,138.93075561523438,9971400
2021-02-02,163.3800048828125,163.66000366210938,161.17999267578125,161.25,137.68411254882812,11443300
2021-02-03,160.94000244140625,161.52000427246094,159.57000732421875,160.5,137.0437469482422,8601900
2021-02-04,161.0,162.08999633789062,159.75999450683594,161.99000549316406,138.3159637451172,7758100
2021-02-05,164.86000061035156,165.44000244140625,163.86000061035156,164.4499969482422,140.41644287109375,9495300
2021-02-08,165.02999877929688,165.9199981689453,163.8800048828125,164.9199981689453,140.8177947998047,6035300
2021-02-09,165.1999969482422,166.58999633789062,164.97000122070312,166.27000427246094,141.9705047607422,5544200
2021-02-10,167.88999938964844,167.94000244140625,165.6999969482422,166.80999755859375,142.4315643310547,5921300
2021-02-11,167.0,167.3800048828125,165.60000610351562,166.05999755859375,141.7911834716797,4871300
2021-02-12,164.39999389648438,166.85000610351562,164.0,166.5800018310547,142.2351531982422,4413100
2021-02-16,166.5800018310547,167.0500030517578,164.63999938964844,165.07000732421875,140.94586181640625,5656100
2021-02-17,164.97000122070312,166.08999633789062,164.36000061035156,165.66000366210938,141.44967651367188,6676700
2021-02-18,164.9600067138672,166.16000366210938,164.3000030517578,165.74000549316406,141.51797485351562,5189100
2021-02-19,165.60000610351562,165.9600067138672,162.91000366210938,162.97999572753906,139.1613006591797,8190900
2021-02-22,161.8699951171875,162.5399932861328,160.2899932861328,161.8699951171875,139.07537841796875,6447100
2021-02-23,161.47999572753906,163.19000244140625,160.39999389648438,160.44000244140625,137.8467559814453,7042800
2021-02-24,162.39999389648438,164.38999938964844,160.9199981689453,162.58999633789062,139.69400024414062,10286100
2021-02-25,163.1300048828125,163.6999969482422,161.99000549316406,162.75999450683594,139.8400421142578,9719700
2021-02-26,162.0,162.41000366210938,157.97000122070312,158.4600067138672,136.14556884765625,14417500
2021-03-01,161.4499969482422,161.52999877929688,159.08999633789062,159.32000732421875,136.88446044921875,10551400
2021-03-02,159.77999877929688,160.77999877929688,158.60000610351562,159.02000427246094,136.6267547607422,7610900
2021-03-03,158.25,158.89999389648438,156.05999755859375,156.22000122070312,134.2210235595703,8499600
2021-03-04,155.99000549316406,156.10000610351562,151.47000122070312,153.07000732421875,131.51458740234375,11033200
2021-03-05,153.97999572753906,156.69000244140625,153.1300048828125,156.10000610351562,134.117919921875,8331600
2021-03-08,157.0,159.3300018310547,155.97999572753906,157.39999389648438,135.23484802246094,6546700
2021-03-09,156.88999938964844,160.75,156.88999938964844,157.6999969482422,135.4925994873047,7461300
2021-03-10,158.82000732421875,159.89999389648438,157.36000061035156,159.14999389648438,136.73838806152344,6635600
2021-03-11,159.5399932861328,160.6300048828125,158.9199981689453,159.13999938964844,136.72982788085938,6305600
2021-03-12,159.27999877929688,160.30999755859375,159.19000244140625,159.60000610351562,137.1250762939453,5474800
2021-03-15,159.75,160.66000366210938,158.5,160.4199981689453,137.82957458496094,5524100
2021-03-16,160.4600067138672,161.67999267578125,160.24000549316406,161.3699951171875,138.64578247070312,6369100
2021-03-17,160.8300018310547,161.72999572753906,159.52999877929688,160.77000427246094,138.13027954101562,6001400
2021-03-18,160.2100067138672,161.49000549316406,159.9600067138672,160.47000122070312,137.87255859375,4801800
2021-03-19,160.69000244140625,161.5,159.47000122070312,160.0399932861328,137.5030975341797,14891500
2021-03-22,158.30999755859375,160.64999389648438,158.0,160.5,137.8983154296875,7544100
2021-03-23,160.2100067138672,161.1999969482422,158.8800048828125,160.35000610351562,137.76942443847656,7178300
2021-03-24,160.10000610351562,162.47999572753906,159.82000732421875,161.91000366210938,139.1097412109375,6370100
2021-03-25,162.44000244140625,162.4499969482422,160.63999938964844,161.97000122070312,139.1613006591797,6269800
2021-03-26,162.08999633789062,165.10000610351562,161.3800048828125,164.92999267578125,141.70445251464844,7619200
2021-03-29,163.8300018310547,167.02999877929688,163.6300048828125,166.0399932861328,142.6581573486328,8535100
2021-03-30,165.02000427246094,165.66000366210938,164.22999572753906,165.00999450683594,141.77320861816406,7236300
2021-03-31,164.9600067138672,165.38999938964844,163.6999969482422,164.35000610351562,141.20616149902344,8281500
2021-04-01,162.60000610351562,163.83999633789062,162.25999450683594,162.8300018310547,139.90023803710938,7229700
2021-04-05,163.63999938964844,164.75,162.66000366210938,163.42999267578125,140.4156951904297,7387100
2021-04-06,164.0800018310547,164.52000427246094,163.0,163.38999938964844,140.38133239746094,5074200
2021-04-07,163.5500030517578,164.27999877929688,163.32000732421875,163.61000061035156,140.57037353515625,4608000
2021-04-08,164.0,164.11000061035156,162.85000610351562,162.97000122070312,140.0205078125,5039400
2021-04-09,162.1199951171875,162.92999267578125,159.77999877929688,161.25,138.54269409179688,8418300
2021-04-12,161.08999633789062,162.0800018310547,160.33999633789062,161.63999938964844,138.87779235839844,5022800
2021-04-13,156.86000061035156,159.92999267578125,156.52999877929688,159.47999572753906,137.02194213867188,18424100
2021-04-14,157.8300018310547,160.11000061035156,157.5399932861328,159.9199981689453,137.39996337890625,7718300
2021-04-15,160.72000122070312,162.38999938964844,160.22999572753906,160.38999938964844,137.80380249023438,7524600
2021-04-16,161.33999633789062,162.50999450683594,160.55999755859375,162.24000549316406,139.3932647705078,9049400
2021-04-19,162.5,163.11000061035156,160.83999633789062,162.69000244140625,139.77992248535156,8353500
2021-04-20,161.0,167.7899932861328,161.0,166.47999572753906,143.03614807128906,14050700
2021-04-21,166.3699951171875,166.91000366210938,165.2899932861328,166.58999633789062,143.1307373046875,6333200
2021-04-22,165.83999633789062,166.27999877929688,164.6199951171875,165.17999267578125,141.9192657470703,7233000
2021-04-23,164.52999877929688,166.05999755859375,164.0,165.52000427246094,142.21136474609375,6015300
2021-04-26,165.2100067138672,165.41000366210938,163.75999450683594,164.1199951171875,141.00852966308594,6027800
2021-04-27,163.75999450683594,163.91000366210938,162.47000122070312,163.17999267578125,140.20089721679688,6217700
2021-04-28,162.86000061035156,163.1999969482422,161.64999389648438,161.97999572753906,139.16989135742188,7448000
2021-04-29,161.89999389648438,164.25999450683594,161.80999755859375,164.1999969482422,141.0772705078125,6394300
2021-04-30,164.14999389648438,164.3300018310547,162.52000427246094,162.72999572753906,139.81427001953125,9079100
2021-05-03,163.60000610351562,165.32000732421875,163.1199951171875,165.2100067138672,141.94503784179688,6594100
2021-05-04,164.8300018310547,167.85000610351562,164.6699981689453,167.77000427246094,144.14459228515625,10179500
2021-05-05,167.5,168.39999389648438,166.7899932861328,167.07000732421875,143.54310607910156,7792300
2021-05-06,166.7899932861328,167.88999938964844,166.24000549316406,167.74000549316406,144.1187744140625,5529900
2021-05-07,168.3000030517578,169.17999267578125,167.8300018310547,168.5,144.77175903320312,5316200
2021-05-10,169.89999389648438,171.52999877929688,169.22999572753906,170.27000427246094,146.29248046875,8357500
2021-05-11,170.64999389648438,170.8699951171875,168.27999877929688,168.8800048828125,145.0982208251953,8217900
2021-05-12,168.5399932861328,169.8000030517578,167.9499969482422,168.1999969482422,144.51397705078125,6758300
2021-05-13,166.97000122070312,170.6999969482422,166.97000122070312,169.9600067138672,146.026123046875,8018600
2021-05-14,171.47999572753906,171.61000061035156,170.1699981689453,170.22000122070312,146.24952697753906,5797700
2021-05-17,170.39999389648438,171.88999938964844,170.30999755859375,170.38999938964844,146.3955841064453,5722600
2021-05-18,169.97999572753906,171.3699951171875,169.52999877929688,170.4499969482422,146.4471435546875,5846000
2021-05-19,169.91000366210938,170.16000366210938,168.0399932861328,170.0800018310547,146.12925720214844,5533800
2021-05-20,169.94000244140625,171.58999633789062,169.69000244140625,171.07000732421875,146.97984313964844,4853200
2021-05-21,171.3300018310547,172.74000549316406,170.8699951171875,170.9600067138672,146.8853302001953,6501800
2021-05-24,170.89999389648438,171.35000610351562,169.77000427246094,170.5500030517578,147.44725036621094,5195100
2021-05-25,170.6699981689453,171.02999877929688,169.74000549316406,170.0800018310547,147.0409698486328,7444700
2021-05-26,170.0,170.0800018310547,168.27999877929688,169.07000732421875,146.1677703857422,5726400
2021-05-27,169.25999450683594,170.1699981689453,168.3800048828125,168.80999755859375,145.94297790527344,8114700
2021-05-28,169.52000427246094,171.00999450683594,169.1699981689453,169.25,146.3233642578125,6400800
2021-06-01,170.14999389648438,170.1999969482422,165.3800048828125,165.52999877929688,143.10728454589844,10448400
2021-06-02,165.3000030517578,166.72999572753906,165.11000061035156,166.1999969482422,143.68649291992188,6806000
2021-06-03,165.88999938964844,167.14999389648438,165.7100067138672,166.0399932861328,143.54820251464844,5808800
2021-06-04,167.00999450683594,167.57000732421875,165.8699951171875,165.97000122070312,143.48764038085938,6510300
2021-06-07,166.0,166.32000732421875,164.6300048828125,164.83999633789062,142.5107421875,5362800
2021-06-08,165.27999877929688,165.66000366210938,162.07000732421875,163.38999938964844,141.2571563720703,7746800
2021-06-09,163.99000549316406,165.77999877929688,163.66000366210938,165.58999633789062,143.1591339111328,5552600
2021-06-10,166.0,167.5800018310547,165.9499969482422,167.0800018310547,144.4473114013672,6463100
2021-06-11,167.07000732421875,167.0800018310547,164.22000122070312,164.9600067138672,142.61451721191406,7389900
2021-06-14,164.5,165.4600067138672,163.89999389648438,165.3699951171875,142.96896362304688,4931300
2021-06-15,165.22999572753906,165.86000061035156,164.38999938964844,164.49000549316406,142.20816040039062,5062900
2021-06-16,164.8000030517578,165.75,163.47999572753906,164.42999267578125,142.15626525878906,6988500
2021-06-17,164.19000244140625,165.6999969482422,163.5,165.22000122070312,142.8392791748047,5874700
2021-06-18,163.27000427246094,164.19000244140625,161.7899932861328,161.97999572753906,140.03814697265625,12993000
2021-06-21,162.77000427246094,164.25999450683594,162.25,163.83999633789062,141.64622497558594,6592300
2021-06-22,163.7100067138672,164.0399932861328,163.27999877929688,163.6199951171875,141.4560089111328,5627800
2021-06-23,163.69000244140625,163.69000244140625,162.47999572753906,162.6300048828125,140.60011291503906,4493400
2021-06-24,163.27000427246094,164.1999969482422,162.8000030517578,163.3699951171875,141.23988342285156,4549200
2021-06-25,162.94000244140625,164.77999877929688,162.88999938964844,164.2100067138672,141.9661407470703,10963800
2021-06-28,164.44000244140625,165.07000732421875,163.52000427246094,164.02000427246094,141.80184936523438,5604000
2021-06-29,164.0,164.63999938964844,163.41000366210938,164.02999877929688,141.8104705810547,3749500
2021-06-30,164.0,164.97000122070312,163.6699981689453,164.74000549316406,142.42428588867188,6151700
2021-07-01,164.74000549316406,166.00999450683594,164.6300048828125,165.9600067138672,143.47903442382812,6320200
2021-07-02,166.02000427246094,169.3000030517578,165.63999938964844,168.97999572753906,146.0899658203125,9059900
2021-07-06,167.91000366210938,168.86000061035156,166.99000549316406,167.97000122070312,145.2167510986328,6098500
2021-07-07,167.47999572753906,169.5,167.47999572753906,169.41000366210938,146.4617156982422,6293500
2021-07-08,168.6999969482422,169.4600067138672,167.5800018310547,169.0800018310547,146.17642211914062,5755500
2021-07-09,169.3699951171875,170.3699951171875,169.24000549316406,169.75,146.75564575195312,6120900
2021-07-12,169.72999572753906,171.17999267578125,168.5399932861328,169.47999572753906,146.522216796875,7840500
2021-07-13,168.97000122070312,169.75999450683594,168.6699981689453,169.27000427246094,146.3406524658203,4691200
2021-07-14,170.0,170.8300018310547,169.0399932861328,170.4199981689453,147.3348846435547,6162900
2021-07-15,169.3000030517578,169.89999389648438,167.72000122070312,168.3699951171875,145.5625762939453,6656900
2021-07-16,168.33999633789062,169.08999633789062,167.9499969482422,168.10000610351562,145.32911682128906,5834900
2021-07-19,166.47999572753906,168.19000244140625,165.32000732421875,166.8800048828125,144.27438354492188,8219700
2021-07-20,166.89999389648438,170.80999755859375,166.83999633789062,168.4499969482422,145.63172912597656,9902800
2021-07-21,169.3000030517578,169.69000244140625,167.47999572753906,169.49000549316406,146.53085327148438,7585200
2021-07-22,169.36000061035156,171.07000732421875,168.64999389648438,169.97999572753906,146.95445251464844,5281900
2021-07-23,171.0,172.17999267578125,170.3800048828125,171.7899932861328,148.51930236816406,5014900
2021-07-26,171.82000732421875,172.13999938964844,170.86000061035156,171.8699951171875,148.5884246826172,4484900
2021-07-27,171.8000030517578,172.72000122070312,170.6699981689453,172.66000366210938,149.2714385986328,7089300
2021-07-28,172.72999572753906,173.3800048828125,172.0800018310547,172.17999267578125,148.8564453125,5750700
2021-07-29,172.74000549316406,173.33999633789062,171.08999633789062,172.17999267578125,148.8564453125,4214100
2021-07-30,172.5399932861328,172.97999572753906,171.83999633789062,172.1999969482422,148.87374877929688,5346400
2021-08-02,172.47000122070312,172.83999633789062,171.3000030517578,172.27000427246094,148.93431091308594,3721500
2021-08-03,172.72999572753906,174.5,172.44000244140625,174.38999938964844,150.76710510253906,6033000
2021-08-04,174.1999969482422,174.58999633789062,173.25999450683594,173.36000061035156,149.87661743164062,4793100
2021-08-05,173.85000610351562,173.85000610351562,172.4199981689453,173.69000244140625,150.1619110107422,4291000
2021-08-06,173.94000244140625,173.94000244140625,172.4499969482422,173.11000061035156,149.66046142578125,4581100
2021-08-09,173.72000122070312,174.25,172.92999267578125,173.7100067138672,150.17918395996094,3950200
2021-08-10,173.25999450683594,174.11000061035156,172.77999877929688,173.77000427246094,150.23110961914062,3678300
2021-08-11,174.25,174.47000122070312,173.55999755859375,173.8000030517578,150.2570037841797,4221300
2021-08-12,173.82000732421875,175.2899932861328,173.58999633789062,175.1999969482422,151.46734619140625,4300400
2021-08-13,175.2899932861328,176.2899932861328,175.1199951171875,176.25,152.3751678466797,5882100
2021-08-16,176.5500030517578,177.88999938964844,175.9499969482422,177.83999633789062,153.74974060058594,4782800
2021-08-17,177.30999755859375,179.50999450683594,177.30999755859375,179.47000122070312,155.15896606445312,6041900
2021-08-18,179.5,179.5,177.1300048828125,177.19000244140625,153.1878204345703,7134100
2021-08-19,176.6199951171875,179.3300018310547,176.07000732421875,178.57000732421875,154.38088989257812,5615000
2021-08-20,178.88999938964844,179.9199981689453,178.07000732421875,179.44000244140625,155.13302612304688,5428700
2021-08-23,178.38999938964844,178.92999267578125,177.5399932861328,177.61000061035156,154.46337890625,6461700
2021-08-24,176.99000549316406,177.2100067138672,175.27999877929688,175.38999938964844,152.53268432617188,5734800
2021-08-25,175.69000244140625,175.89999389648438,173.88999938964844,174.22999572753906,151.52386474609375,5700300
2021-08-26,173.9499969482422,174.72000122070312,173.0500030517578,173.3000030517578,150.7150421142578,5031600
2021-08-27,174.27999877929688,174.27999877929688,172.75,172.92999267578125,150.39328002929688,7046100
2021-08-30,172.7899932861328,174.27999877929688,172.77999877929688,173.66000366210938,151.0281524658203,3252700
2021-08-31,173.49000549316406,174.49000549316406,172.47999572753906,173.1300048828125,150.56723022460938,7106800
2021-09-01,172.89999389648438,173.74000549316406,172.05999755859375,173.74000549316406,151.09771728515625,5327400
2021-09-02,174.33999633789062,175.19000244140625,173.91000366210938,174.92999267578125,152.13262939453125,4544300
2021-09-03,175.10000610351562,175.22000122070312,173.80999755859375,175.0399932861328,152.22830200195312,4096900
2021-09-07,174.35000610351562,175.02999877929688,171.6699981689453,172.32000732421875,149.86279296875,6859900
2021-09-08,171.6199951171875,172.97999572753906,171.0800018310547,171.89999389648438,149.4975128173828,4661700
2021-09-09,171.19000244140625,171.47999572753906,167.6999969482422,168.07000732421875,146.1666259765625,7114600
2021-09-10,168.5500030517578,169.08999633789062,166.8699951171875,166.97000122070312,145.20999145507812,6699300
2021-09-13,167.9199981689453,168.1199951171875,165.1300048828125,165.8000030517578,144.19252014160156,6273500
2021-09-14,166.39999389648438,166.5399932861328,164.50999450683594,164.8000030517578,143.3228302001953,5259600
2021-09-15,165.0,165.9600067138672,164.30999755859375,165.4199981689453,143.86203002929688,7935300
2021-09-16,165.64999389648438,166.4600067138672,164.19000244140625,165.22000122070312,143.68809509277344,5665400
2021-09-17,164.3000030517578,164.91000366210938,163.55999755859375,164.75,143.279296875,13419800
2021-09-20,163.47999572753906,165.1699981689453,162.1699981689453,163.80999755859375,142.46182250976562,7270800
2021-09-21,164.61000061035156,165.97999572753906,164.24000549316406,164.52999877929688,143.0880126953125,6663600
2021-09-22,165.35000610351562,165.9499969482422,163.6300048828125,163.92999267578125,142.56614685058594,5657100
2021-09-23,164.39999389648438,165.77000427246094,164.14999389648438,164.86000061035156,143.37496948242188,4697900
2021-09-24,164.75,165.64999389648438,163.88999938964844,164.36000061035156,142.94017028808594,4399300
2021-09-27,164.0,164.36000061035156,162.85000610351562,163.1699981689453,141.90524291992188,5775500
2021-09-28,163.10000610351562,163.91000366210938,161.77000427246094,162.80999755859375,141.5921173095703,7610400
2021-09-29,163.0,164.66000366210938,162.77999877929688,164.02000427246094,142.64450073242188,5124100
2021-09-30,164.63999938964844,165.39999389648438,161.41000366210938,161.5,140.45289611816406,6972300
2021-10-01,161.52999877929688,161.89999389648438,158.6199951171875,160.47000122070312,139.55709838867188,8568300
2021-10-04,159.99000549316406,161.0,157.6699981689453,159.22000122070312,138.469970703125,8620700
2021-10-05,159.86000061035156,161.11000061035156,159.14999389648438,159.5800018310547,138.78309631347656,5129000
2021-10-06,159.8699951171875,159.9499969482422,157.83999633789062,159.91000366210938,139.07008361816406,7312600
2021-10-07,160.02000427246094,162.61000061035156,160.02000427246094,161.33999633789062,140.313720703125,5309200
2021-10-08,161.32000732421875,161.61000061035156,160.25,160.92999267578125,139.95712280273438,4343200
2021-10-11,160.86000061035156,161.85000610351562,159.94000244140625,160.25,139.3657684326172,4101600
2021-10-12,160.0,160.17999267578125,157.33999633789062,157.69000244140625,137.13943481445312,6686400
2021-10-13,157.82000732421875,160.0800018310547,157.75,159.1999969482422,138.45260620117188,6901100
2021-10-14,159.7100067138672,161.13999938964844,159.60000610351562,160.11000061035156,139.2440185546875,4579200
2021-10-15,161.02999877929688,161.80999755859375,160.41000366210938,161.3000030517578,140.2789306640625,6918400
2021-10-18,160.25,160.88999938964844,159.1999969482422,160.1199951171875,139.25271606445312,7465500
2021-10-19,160.89999389648438,165.14999389648438,160.72999572753906,163.8699951171875,142.51400756835938,10081300
2021-10-20,163.97999572753906,164.75,163.25999450683594,163.77999877929688,142.4357452392578,6003200
2021-10-21,164.3000030517578,164.38999938964844,162.27999877929688,163.39999389648438,142.10525512695312,4524100
2021-10-22,163.05999755859375,164.05999755859375,162.9600067138672,163.72000122070312,142.3835906982422,4304300
2021-10-25,163.72000122070312,164.30999755859375,161.7100067138672,164.0800018310547,142.6966094970703,6715400
2021-10-26,164.55999755859375,166.02999877929688,164.0500030517578,165.75,144.1490020751953,6939100
2021-10-27,165.67999267578125,165.75999450683594,163.30999755859375,163.74000549316406,142.40097045898438,7018800
2021-10-28,163.77000427246094,165.1999969482422,162.32000732421875,162.85000610351562,141.62692260742188,6278800
2021-10-29,162.35000610351562,163.25,160.61000061035156,162.8800048828125,141.65298461914062,8526800
2021-11-01,163.16000366210938,163.97999572753906,159.39999389648438,163.02000427246094,141.7747802734375,5846400
2021-11-02,163.6999969482422,166.97999572753906,162.97999572753906,165.58999633789062,144.00982666015625,8450600
2021-11-03,165.0399932861328,165.77000427246094,163.42999267578125,165.05999755859375,143.5488739013672,6717800
2021-11-04,164.94000244140625,164.99000549316406,162.6699981689453,164.60000610351562,143.14889526367188,8224400
2021-11-05,162.47999572753906,164.60000610351562,162.1999969482422,163.42999267578125,142.13136291503906,6215900
2021-11-08,163.67999267578125,164.1699981689453,162.00999450683594,162.8699951171875,141.64430236816406,5578800
2021-11-09,162.61000061035156,163.58999633789062,162.02000427246094,162.50999450683594,141.3312225341797,6112800
2021-11-10,162.52999877929688,164.83999633789062,162.35000610351562,164.27000427246094,142.8618621826172,6225100
2021-11-11,163.49000549316406,163.80999755859375,162.49000549316406,163.05999755859375,141.8095703125,4118800
2021-11-12,167.42999267578125,167.6199951171875,164.61000061035156,165.00999450683594,143.50546264648438,18995200
2021-11-15,165.0,165.4600067138672,163.22000122070312,163.52000427246094,142.20962524414062,7496200
2021-11-16,163.17999267578125,164.35000610351562,162.6199951171875,162.6699981689453,141.4704132080078,7594700
2021-11-17,162.8699951171875,163.86000061035156,161.7899932861328,163.27999877929688,142.00091552734375,5414500
2021-11-18,163.4499969482422,164.47000122070312,162.1300048828125,162.39999389648438,141.23556518554688,6358700
2021-11-19,163.0399932861328,163.19000244140625,161.77999877929688,162.88999938964844,141.66171264648438,7620700
2021-11-22,161.02999877929688,162.63999938964844,159.64999389648438,159.6999969482422,139.79718017578125,7634500
2021-11-23,159.52000427246094,161.0,158.77999877929688,160.69000244140625,140.66380310058594,7734000
2021-11-24,160.13999938964844,160.6199951171875,159.3800048828125,160.24000549316406,140.2698974609375,5230900
2021-11-26,160.60000610351562,161.16000366210938,158.66000366210938,159.1999969482422,139.35948181152344,8523100
2021-11-29,159.5,160.4199981689453,158.4199981689453,159.75,139.84092712402344,9188500
2021-11-30,158.50999450683594,159.0,155.85000610351562,155.92999267578125,136.49700927734375,14981700
2021-12-01,156.8800048828125,160.0800018310547,156.25,158.0800018310547,138.37908935546875,9835800
2021-12-02,157.25999450683594,159.2899932861328,156.75,157.08999633789062,137.51243591308594,11334700
2021-12-03,157.91000366210938,159.6699981689453,157.58999633789062,159.3800048828125,139.5170440673828,8750500
2021-12-06,160.19000244140625,163.52000427246094,159.8300018310547,162.94000244140625,142.63339233398438,9692000
2021-12-07,164.0,164.27000427246094,162.41000366210938,163.36000061035156,143.00103759765625,8311300
2021-12-08,163.47000122070312,164.57000732421875,162.63999938964844,164.33999633789062,143.85891723632812,6216400
2021-12-09,164.17999267578125,165.97999572753906,163.49000549316406,165.89999389648438,145.22450256347656,8574200
2021-12-10,165.57000732421875,166.69000244140625,164.64999389648438,165.49000549316406,144.8656005859375,6572200
2021-12-13,164.75,169.1999969482422,163.8000030517578,168.4499969482422,147.45669555664062,11142300
2021-12-14,168.3300018310547,170.97000122070312,167.16000366210938,170.2899932861328,149.0673828125,10482400
2021-12-15,169.85000610351562,171.3000030517578,169.4199981689453,171.13999938964844,149.81143188476562,8552200
2021-12-16,171.25999450683594,173.50999450683594,170.83999633789062,173.00999450683594,151.4484100341797,8998600
2021-12-17,169.63999938964844,170.77999877929688,167.66000366210938,168.22999572753906,147.26409912109375,16726200
2021-12-20,167.80999755859375,168.50999450683594,166.5500030517578,167.75,146.84390258789062,7954500
2021-12-21,168.05999755859375,168.10000610351562,165.97999572753906,167.2100067138672,146.37123107910156,7954200
2021-12-22,167.05999755859375,168.1699981689453,166.1199951171875,167.92999267578125,147.00148010253906,4178200
2021-12-23,167.8800048828125,168.9499969482422,167.36000061035156,168.25,147.2816162109375,3501500
2021-12-27,169.13999938964844,169.85000610351562,168.6999969482422,169.6699981689453,148.52464294433594,3704800
2021-12-28,169.7899932861328,170.63999938964844,169.58999633789062,170.35000610351562,149.1199493408203,3187000
2021-12-29,170.0,171.99000549316406,169.91000366210938,171.5500030517578,150.1703643798828,3662000
2021-12-30,172.1199951171875,172.8800048828125,171.75,172.30999755859375,150.83563232421875,4231800
2021-12-31,172.52999877929688,172.67999267578125,171.02999877929688,171.07000732421875,149.7501678466797,4409500
2022-01-03,170.2100067138672,171.60000610351562,169.10000610351562,171.5399932861328,150.16163635253906,6012200
2022-01-04,171.05999755859375,172.2899932861328,170.60000610351562,171.0800018310547,149.75892639160156,6748400
2022-01-05,172.0,173.47000122070312,171.6199951171875,172.22000122070312,150.75686645507812,7016100
2022-01-06,172.14999389648438,172.5,170.8000030517578,171.6300048828125,150.2404022216797,7301600
2022-01-07,171.4600067138672,174.3000030517578,171.1300048828125,173.9499969482422,152.271240234375,6986000
2022-01-10,173.69000244140625,173.69000244140625,172.16000366210938,173.08999633789062,151.51844787597656,7698400
2022-01-11,172.99000549316406,173.38999938964844,170.11000061035156,171.25,149.90773010253906,8341100
2022-01-12,169.61000061035156,170.0800018310547,168.33999633789062,169.7899932861328,148.6296844482422,8116200
2022-01-13,169.0,170.4199981689453,168.4600067138672,168.75999450683594,147.72805786132812,6159400
2022-01-14,168.6300048828125,168.64999389648438,167.14999389648438,167.83999633789062,146.92271423339844,5847700
2022-01-18,167.10000610351562,167.72000122070312,166.00999450683594,167.10000610351562,146.2749786376953,7815600
2022-01-19,167.1999969482422,168.72000122070312,166.32000732421875,166.5800018310547,145.81976318359375,5926500
2022-01-20,167.2899932861328,167.86000061035156,164.92999267578125,165.25,144.65548706054688,6011300
2022-01-21,166.19000244140625,167.99000549316406,164.47000122070312,164.8699951171875,144.32284545898438,10550300
2022-01-24,164.0,164.1699981689453,158.25999450683594,162.97000122070312,142.65963745117188,14054600
2022-01-25,162.36000061035156,168.41000366210938,161.5800018310547,167.6300048828125,146.73892211914062,14081200
2022-01-26,167.5399932861328,169.22000122070312,166.22999572753906,168.3800048828125,147.39541625976562,9963200
2022-01-27,169.38999938964844,171.91000366210938,169.0,170.58999633789062,149.32997131347656,9066700
2022-01-28,170.86000061035156,171.83999633789062,169.3000030517578,171.7899932861328,150.3804473876953,9783100
2022-01-31,171.5,172.6199951171875,170.82000732421875,172.2899932861328,150.81814575195312,8054800
2022-02-01,171.74000549316406,171.97999572753906,169.42999267578125,170.8800048828125,149.58384704589844,8154700
2022-02-02,169.64999389648438,172.99000549316406,169.64999389648438,172.77000427246094,151.23828125,7382800
2022-02-03,172.25999450683594,173.6199951171875,171.0399932861328,172.75999450683594,151.22955322265625,6240400
2022-02-04,171.0,172.97999572753906,170.1199951171875,171.6300048828125,150.2404022216797,6392200
2022-02-07,171.41000366210938,171.74000549316406,170.00999450683594,171.05999755859375,149.74143981933594,6065700
2022-02-08,171.02000427246094,172.0500030517578,170.47999572753906,171.50999450683594,150.13531494140625,6296100
2022-02-09,172.07000732421875,172.24000549316406,171.25,171.49000549316406,150.11781311035156,5387500
2022-02-10,171.2100067138672,171.22000122070312,169.3000030517578,169.4199981689453,148.30581665039062,10355300
2022-02-11,169.1199951171875,170.14999389648438,167.5399932861328,167.7100067138672,146.8088836669922,13125300
2022-02-14,167.7100067138672,167.97000122070312,163.80999755859375,165.60000610351562,144.96192932128906,8967600
2022-02-15,166.1300048828125,168.10000610351562,166.00999450683594,167.30999755859375,146.4587860107422,6631400
2022-02-16,166.49000549316406,167.83999633789062,165.7100067138672,167.2100067138672,146.37123107910156,8482400
2022-02-17,167.2100067138672,167.4499969482422,164.9199981689453,166.19000244140625,145.47836303710938,6227600
2022-02-18,164.97999572753906,165.36000061035156,162.94000244140625,163.36000061035156,143.9189910888672,6423200
2022-02-22,163.57000732421875,163.74000549316406,160.44000244140625,161.13999938964844,141.9632110595703,6868900
2022-02-23,161.50999450683594,162.63999938964844,160.85000610351562,161.22000122070312,142.03369140625,8016900
2022-02-24,159.77999877929688,160.1300048828125,155.72000122070312,158.13999938964844,139.3201904296875,12883400
2022-02-25,160.0,166.99000549316406,159.6999969482422,166.0,146.24481201171875,11340400
2022-02-28,162.8699951171875,165.17999267578125,162.3800048828125,164.57000732421875,144.9850311279297,9373500
2022-03-01,163.0399932861328,164.75,162.41000366210938,164.0,144.48284912109375,8737800
2022-03-02,164.41000366210938,167.6300048828125,164.0399932861328,166.0399932861328,146.28004455566406,6793300
2022-03-03,166.6999969482422,169.33999633789062,166.32000732421875,168.47999572753906,148.4296875,7333700
2022-03-04,167.63999938964844,169.86000061035156,166.85000610351562,169.47999572753906,149.3106689453125,6302500
2022-03-07,168.3000030517578,173.1199951171875,167.36000061035156,172.2100067138672,151.71578979492188,11663400
2022-03-08,172.0399932861328,173.1199951171875,168.50999450683594,168.72000122070312,148.64112854003906,11100300
2022-03-09,170.00999450683594,170.22999572753906,167.88999938964844,169.36000061035156,149.20494079589844,7248200
2022-03-10,168.55999755859375,170.14999389648438,168.0800018310547,169.66000366210938,149.46925354003906,6171400
2022-03-11,169.1300048828125,171.4600067138672,169.02000427246094,169.35000610351562,149.19615173339844,5188000
2022-03-14,170.67999267578125,174.1199951171875,170.35000610351562,171.69000244140625,151.25767517089844,7729500
2022-03-15,173.3300018310547,176.52000427246094,172.5500030517578,176.13999938964844,155.17807006835938,10554400
2022-03-16,175.4600067138672,176.9499969482422,172.55999755859375,174.52000427246094,153.7508544921875,9603300
2022-03-17,175.2100067138672,176.83999633789062,174.1999969482422,176.8000030517578,155.75958251953125,7472100
2022-03-18,177.0,177.0,173.66000366210938,174.83999633789062,154.0327606201172,13809500
2022-03-21,174.66000366210938,177.16000366210938,174.32000732421875,175.8300018310547,154.90496826171875,7574900
2022-03-22,175.8300018310547,176.3699951171875,173.91000366210938,175.0,154.1737518310547,8442100
2022-03-23,175.22999572753906,175.5399932861328,174.08999633789062,174.33999633789062,153.59228515625,5254200
2022-03-24,175.0,175.5399932861328,174.07000732421875,175.24000549316406,154.38519287109375,5012300
2022-03-25,175.69000244140625,177.6999969482422,175.22000122070312,176.9199981689453,155.865234375,4809500
2022-03-28,176.64999389648438,178.17999267578125,176.35000610351562,177.8300018310547,156.6669921875,5604200
2022-03-29,178.6199951171875,179.39999389648438,176.8000030517578,177.74000549316406,156.5876922607422,5933400
2022-03-30,178.44000244140625,179.86000061035156,177.67999267578125,179.58999633789062,158.2174835205078,6277600
2022-03-31,179.58999633789062,180.2100067138672,176.97999572753906,177.22999572753906,156.1383514404297,11490400
2022-04-01,177.0500030517578,178.42999267578125,175.60000610351562,178.19000244140625,156.98410034179688,6525600
2022-04-04,178.19000244140625,178.19000244140625,175.52000427246094,176.47000122070312,155.46878051757812,6860600
2022-04-05,176.47000122070312,179.64999389648438,176.2899932861328,177.61000061035156,156.47315979003906,7446100
2022-04-06,179.38999938964844,182.60000610351562,178.6199951171875,182.22999572753906,160.54335021972656,10330900
2022-04-07,181.6699981689453,182.9499969482422,180.22999572753906,181.75999450683594,160.1292724609375,7385200
2022-04-08,181.3300018310547,183.19000244140625,180.42999267578125,182.1199951171875,160.44642639160156,7144500
2022-04-11,183.0,184.1999969482422,179.60000610351562,179.83999633789062,158.437744140625,5932000
2022-04-12,179.1999969482422,180.80999755859375,178.1999969482422,179.89999389648438,158.49058532714844,5957500
2022-04-13,179.89999389648438,180.83999633789062,179.24000549316406,180.66000366210938,159.16017150878906,5643100
2022-04-14,180.0,181.39999389648438,179.72999572753906,179.89999389648438,158.49058532714844,6188200
2022-04-18,179.72999572753906,180.38999938964844,176.74000549316406,177.66000366210938,156.51718139648438,6318700
2022-04-19,180.72000122070312,185.94000244140625,179.9499969482422,183.0800018310547,161.29217529296875,14380800
2022-04-20,182.24000549316406,184.32000732421875,181.89999389648438,183.88999938964844,162.00579833984375,8044900
2022-04-21,183.92999267578125,184.8699951171875,182.55999755859375,183.36000061035156,161.5388641357422,6969200
2022-04-22,182.47000122070312,183.14999389648438,181.3800048828125,181.5399932861328,159.9354705810547,8003600
2022-04-25,182.33999633789062,186.69000244140625,182.10000610351562,186.00999450683594,163.87350463867188,11176500
2022-04-26,185.10000610351562,186.57000732421875,184.17999267578125,184.67999267578125,162.70176696777344,10190000
2022-04-27,184.24000549316406,184.82000732421875,181.74000549316406,182.10000610351562,160.42880249023438,11090100
2022-04-28,182.25,184.5,181.9199981689453,183.4600067138672,161.626953125,9403900
2022-04-29,182.5,182.5500030517578,180.1999969482422,180.4600067138672,158.98397827148438,8463100
2022-05-02,180.47000122070312,181.41000366210938,177.02999877929688,178.63999938964844,157.3805694580078,7145400
2022-05-03,178.8000030517578,180.6300048828125,177.67999267578125,178.2899932861328,157.0722198486328,5898700
2022-05-04,178.14999389648438,180.5,177.14999389648438,180.1999969482422,158.75489807128906,5923000
2022-05-05,179.4199981689453,179.7100067138672,175.27000427246094,176.75999450683594,155.7242889404297,7089200
2022-05-06,175.13999938964844,176.8699951171875,174.69000244140625,176.3699951171875,155.38072204589844,6434000
2022-05-09,175.4499969482422,178.55999755859375,174.58999633789062,177.3300018310547,156.2264862060547,7855200
2022-05-10,178.22999572753906,179.17999267578125,176.5,177.08999633789062,156.01499938964844,8186700
2022-05-11,175.9600067138672,178.32000732421875,175.8800048828125,176.1300048828125,155.16928100585938,6138900
2022-05-12,176.47000122070312,177.9499969482422,174.7100067138672,177.8699951171875,156.70217895507812,6898600
2022-05-13,178.6999969482422,178.88999938964844,175.8000030517578,176.85000610351562,155.80360412597656,7732200
2022-05-16,176.85000610351562,179.1300048828125,176.1699981689453,178.0800018310547,156.88722229003906,5516700
2022-05-17,178.72000122070312,179.6999969482422,176.58999633789062,178.82000732421875,157.5391387939453,5751100
2022-05-18,178.83999633789062,179.3699951171875,175.1699981689453,175.5,154.6142578125,8608800
2022-05-19,174.72000122070312,174.8000030517578,172.69000244140625,173.94000244140625,153.23989868164062,6874500
2022-05-20,174.85000610351562,177.16000366210938,174.0500030517578,176.97999572753906,155.91812133789062,7522100
2022-05-23,177.60000610351562,179.92999267578125,177.4600067138672,179.44000244140625,159.10122680664062,7040800
2022-05-24,179.25,181.74000549316406,179.10000610351562,181.39999389648438,160.83905029296875,6419800
2022-05-25,180.52999877929688,181.5500030517578,179.05999755859375,179.6199951171875,159.26080322265625,6558900
2022-05-26,181.0,181.0,178.60000610351562,179.4600067138672,159.1189422607422,6897600
2022-05-27,179.75999450683594,181.16000366210938,178.22999572753906,181.08999633789062,160.56419372558594,5853600
2022-05-31,178.0,180.1699981689453,175.00999450683594,179.52999877929688,159.18101501464844,16391400
2022-06-01,179.14999389648438,179.8300018310547,175.89999389648438,177.7100067138672,157.56727600097656,5175400
2022-06-02,177.74000549316406,177.80999755859375,174.58999633789062,177.14999389648438,157.07077026367188,8666500
2022-06-03,177.07000732421875,178.6699981689453,176.14999389648438,176.4199981689453,156.42352294921875,4234200
2022-06-06,177.2100067138672,178.5,176.0,176.39999389648438,156.40576171875,5386500
2022-06-07,176.97999572753906,179.3000030517578,176.39999389648438,178.33999633789062,158.12588500976562,5447800
2022-06-08,178.10000610351562,179.4499969482422,176.8000030517578,177.27999877929688,157.18603515625,4333100
2022-06-09,177.2100067138672,178.64999389648438,173.63999938964844,173.7100067138672,154.02069091796875,5509600
2022-06-10,172.1699981689453,173.97000122070312,170.6199951171875,172.5500030517578,152.9921875,6647300
2022-06-13,170.0800018310547,172.25,170.0800018310547,170.80999755859375,151.44937133789062,7997000
2022-06-14,171.05999755859375,171.11000061035156,167.25999450683594,168.19000244140625,149.12635803222656,7116800
2022-06-15,169.63999938964844,171.44000244140625,168.63999938964844,169.99000549316406,150.72235107421875,7796100
2022-06-16,168.39999389648438,170.2100067138672,167.41000366210938,170.0800018310547,150.80215454101562,7056700
2022-06-17,170.6300048828125,172.1999969482422,169.24000549316406,169.4600067138672,150.25241088867188,12486600
2022-06-21,170.75,173.86000061035156,169.55999755859375,173.00999450683594,153.4000244140625,8219700
2022-06-22,172.0,177.9199981689453,171.69000244140625,175.74000549316406,155.8206024169922,10593100
2022-06-23,177.0,179.82000732421875,176.52000427246094,179.66000366210938,159.29627990722656,10223500
2022-06-24,180.77999877929688,182.52999877929688,179.97999572753906,182.2899932861328,161.62815856933594,9374400
2022-06-27,181.63999938964844,183.35000610351562,181.5,182.1199951171875,161.47744750976562,5908600
2022-06-28,182.1699981689453,182.97000122070312,176.30999755859375,176.94000244140625,156.8845672607422,9245700
2022-06-29,177.22000122070312,178.3000030517578,176.42999267578125,176.99000549316406,156.92892456054688,7097900
2022-06-30,176.86000061035156,178.2899932861328,175.02999877929688,177.50999450683594,157.3899383544922,10777200
2022-07-01,177.4499969482422,179.72000122070312,176.69000244140625,179.52000427246094,159.17214965820312,5498400
2022-07-05,178.8300018310547,179.1300048828125,174.61000061035156,178.13999938964844,157.9485626220703,5676400
2022-07-06,178.07000732421875,179.44000244140625,177.41000366210938,178.3000030517578,158.0904083251953,5335600
2022-07-07,177.86000061035156,179.1199951171875,177.50999450683594,178.5,158.26776123046875,5725800
2022-07-08,178.3300018310547,179.99000549316406,177.77000427246094,178.27999877929688,158.0727081298828,3828300
2022-07-11,177.6999969482422,179.02000427246094,177.52000427246094,178.35000610351562,158.1347198486328,3645200
2022-07-12,177.97999572753906,178.4499969482422,175.1999969482422,175.85000610351562,155.91815185546875,4708800
2022-07-13,175.66000366210938,176.3300018310547,174.5,175.44000244140625,155.55459594726562,5291700
2022-07-14,172.52999877929688,176.00999450683594,172.3000030517578,175.67999267578125,155.76739501953125,5359600
2022-07-15,177.7100067138672,178.50999450683594,176.5500030517578,178.22999572753906,158.02833557128906,5691100
2022-07-18,177.74000549316406,178.19000244140625,173.91000366210938,174.22999572753906,154.481689453125,7605700
2022-07-19,176.3300018310547,176.75,169.8800048828125,171.69000244140625,152.2296600341797,13256400
2022-07-20,172.1999969482422,172.5500030517578,169.75999450683594,170.7100067138672,151.36070251464844,7455800
2022-07-21,170.0500030517578,171.38999938964844,169.77000427246094,171.30999755859375,151.8927001953125,5729200
2022-07-22,171.60000610351562,172.49000549316406,171.05999755859375,172.1199951171875,152.61090087890625,4257000
2022-07-25,172.1199951171875,172.97999572753906,171.72000122070312,172.4600067138672,152.9123992919922,4437300
2022-07-26,172.55999755859375,174.97999572753906,172.49000549316406,173.67999267578125,153.9940948486328,4525500
2022-07-27,172.6300048828125,174.10000610351562,171.1300048828125,173.1999969482422,153.56846618652344,4648500
2022-07-28,173.39999389648438,176.08999633789062,171.44000244140625,174.1999969482422,154.4551239013672,5513000
2022-07-29,173.7899932861328,174.85000610351562,172.91000366210938,174.52000427246094,154.7388458251953,6451400
2022-08-01,174.1699981689453,175.16000366210938,173.5399932861328,173.91000366210938,154.19802856445312,5461400
2022-08-02,175.00999450683594,175.49000549316406,172.6999969482422,172.9199981689453,153.32022094726562,5794200
2022-08-03,172.5500030517578,175.25999450683594,171.77000427246094,174.58999633789062,154.80093383789062,5010000
2022-08-04,174.80999755859375,175.08999633789062,171.60000610351562,171.7899932861328,152.31832885742188,5651600
2022-08-05,171.3000030517578,171.52999877929688,169.7899932861328,171.11000061035156,151.71539306640625,5235500
2022-08-08,171.3000030517578,171.47999572753906,169.44000244140625,170.1999969482422,150.90853881835938,4629800
2022-08-09,170.5399932861328,171.1199951171875,169.72999572753906,170.17999267578125,150.89080810546875,5532500
2022-08-10,171.02000427246094,171.24000549316406,169.52999877929688,170.6699981689453,151.32525634765625,5603400
2022-08-11,168.52000427246094,169.9499969482422,166.97999572753906,167.13999938964844,148.19532775878906,9328700
2022-08-12,167.5399932861328,167.94000244140625,165.14999389648438,165.3000030517578,146.56394958496094,14606900
2022-08-15,166.0,166.75,165.1300048828125,166.08999633789062,147.2643585205078,10072000
2022-08-16,165.86000061035156,168.25,165.60000610351562,167.57000732421875,148.57664489746094,7453600
2022-08-17,166.41000366210938,168.55999755859375,166.41000366210938,167.5800018310547,148.5854949951172,7406600
2022-08-18,167.67999267578125,168.3000030517578,165.92999267578125,166.77000427246094,147.8673095703125,8312100
2022-08-19,167.10000610351562,170.1199951171875,167.0,169.30999755859375,150.11941528320312,8128500
2022-08-22,168.89999389648438,168.9199981689453,167.1699981689453,167.58999633789062,149.5927734375,5462600
2022-08-23,167.0,167.77000427246094,165.8000030517578,166.1300048828125,148.28956604003906,5566300
2022-08-24,166.55999755859375,166.58999633789062,165.07000732421875,165.5800018310547,147.79859924316406,5684300
2022-08-25,165.9499969482422,167.24000549316406,164.6999969482422,167.1300048828125,149.1821746826172,5678700
2022-08-26,167.4600067138672,167.5,164.1999969482422,164.27000427246094,146.6293182373047,5667100
2022-08-29,163.47000122070312,163.83999633789062,162.02000427246094,163.0,145.4956817626953,5259200
2022-08-30,163.3000030517578,163.5399932861328,162.02999877929688,162.42999267578125,144.98690795898438,6973300
2022-08-31,163.22999572753906,163.5500030517578,161.27000427246094,161.33999633789062,144.01393127441406,8741700
2022-09-01,161.49000549316406,165.5,161.47999572753906,165.33999633789062,147.58436584472656,7509600
2022-09-02,165.86000061035156,166.1999969482422,162.00999450683594,162.74000549316406,145.2636260986328,5803700
2022-09-06,163.94000244140625,166.22000122070312,162.82000732421875,163.17999267578125,145.6563262939453,7394600
2022-09-07,162.91000366210938,164.4199981689453,162.16000366210938,164.07000732421875,146.45077514648438,4590600
2022-09-08,163.8800048828125,165.4199981689453,163.0800018310547,165.38999938964844,147.62899780273438,5838400
2022-09-09,164.99000549316406,166.1999969482422,164.38999938964844,165.7100067138672,147.91465759277344,5500600
2022-09-12,166.11000061035156,166.57000732421875,165.22000122070312,165.63999938964844,147.85215759277344,6365300
2022-09-13,163.57000732421875,164.44000244140625,160.80999755859375,161.3300018310547,144.00502014160156,6726400
2022-09-14,162.3800048828125,165.36000061035156,162.3800048828125,164.66000366210938,146.97740173339844,9555700
2022-09-15,164.4499969482422,166.07000732421875,164.10000610351562,165.0800018310547,147.35231018066406,7174500
2022-09-16,165.32000732421875,167.6300048828125,164.75,167.60000610351562,149.60171508789062,20201500
2022-09-19,166.3000030517578,166.42999267578125,164.0800018310547,166.27999877929688,148.4234161376953,7380900
2022-09-20,165.22000122070312,165.89999389648438,164.32000732421875,164.97000122070312,147.2541046142578,7143400
2022-09-21,165.02000427246094,166.8000030517578,163.24000549316406,163.27999877929688,145.74562072753906,8071200
2022-09-22,163.14999389648438,167.16000366210938,162.8300018310547,166.17999267578125,148.33416748046875,7401100
2022-09-23,165.74000549316406,167.47999572753906,164.66000366210938,166.72000122070312,148.8162078857422,9598600
2022-09-26,165.8000030517578,166.83999633789062,164.3800048828125,165.6999969482422,147.9057159423828,8735500
2022-09-27,166.36000061035156,167.6699981689453,164.39999389648438,164.94000244140625,147.2273406982422,8686700
2022-09-28,166.25,167.3800048828125,165.10000610351562,166.36000061035156,148.494873046875,8660900
2022-09-29,166.47999572753906,167.1699981689453,163.88999938964844,164.52999877929688,146.8613739013672,7008100
2022-09-30,165.0,165.74000549316406,163.32000732421875,163.36000061035156,145.8170166015625,8985200
2022-10-03,164.2899932861328,164.3800048828125,161.6999969482422,163.1999969482422,145.67417907714844,8657000
2022-10-04,163.85000610351562,166.0,162.9199981689453,165.6199951171875,147.83432006835938,6236100
2022-10-05,165.02000427246094,166.0399932861328,164.2100067138672,165.11000061035156,147.37908935546875,4539400
2022-10-06,164.7899932861328,165.0,161.69000244140625,161.91000366210938,144.52272033691406,5890700
2022-10-07,161.77000427246094,162.22000122070312,159.1699981689453,160.1999969482422,142.99636840820312,6363500
2022-10-10,160.6300048828125,161.27999877929688,159.17999267578125,160.41000366210938,143.18382263183594,5315600
2022-10-11,160.3699951171875,164.11000061035156,160.3699951171875,162.72999572753906,145.25469970703125,6212200
2022-10-12,162.94000244140625,164.8800048828125,162.5,162.69000244140625,145.21896362304688,4341700
2022-10-13,160.88999938964844,165.99000549316406,160.75,165.14999389648438,147.414794921875,6465100
2022-10-14,164.44000244140625,165.67999267578125,163.60000610351562,164.4600067138672,146.79888916015625,5684600
2022-10-17,165.39999389648438,167.2100067138672,165.00999450683594,166.58999633789062,148.70013427734375,6710800
2022-10-18,165.0,167.1699981689453,163.0500030517578,166.00999450683594,148.18243408203125,10883600
2022-10-19,166.0,166.25,163.88999938964844,164.69000244140625,147.0041961669922,10044600
2022-10-20,165.0,165.74000549316406,164.3300018310547,165.11000061035156,147.37908935546875,5659900
2022-10-21,164.7100067138672,169.3699951171875,164.42999267578125,168.7100067138672,150.59249877929688,8487600
2022-10-24,169.80999755859375,172.0800018310547,169.25,170.97999572753906,152.6187286376953,6855500
2022-10-25,170.1699981689453,171.11000061035156,168.52000427246094,170.7100067138672,152.377685546875,5661900
2022-10-26,171.32000732421875,172.57000732421875,170.52000427246094,172.2100067138672,153.7166290283203,6123800
2022-10-27,172.35000610351562,173.42999267578125,171.72000122070312,172.30999755859375,153.80589294433594,5390900
2022-10-28,173.0,175.38999938964844,172.58999633789062,174.8699951171875,156.0909881591797,6073900
2022-10-31,174.52000427246094,175.16000366210938,173.4199981689453,173.97000122070312,155.28761291503906,7810000
2022-11-01,174.05999755859375,174.6300048828125,170.4199981689453,173.08999633789062,154.5021209716797,6985000
2022-11-02,172.88999938964844,173.94000244140625,170.2899932861328,170.42999267578125,152.1277618408203,6877300
2022-11-03,169.80999755859375,171.47000122070312,168.94000244140625,170.72000122070312,152.3866424560547,4819900
2022-11-04,171.55999755859375,172.5,169.24000549316406,171.47999572753906,153.06504821777344,5300900
2022-11-07,171.6699981689453,173.85000610351562,171.44000244140625,172.97999572753906,154.40391540527344,6621000
2022-11-08,173.1300048828125,174.69000244140625,172.17999267578125,173.83999633789062,155.17161560058594,5148400
2022-11-09,174.27000427246094,175.0,172.33999633789062,172.4499969482422,153.9308319091797,6150000
2022-11-10,174.35000610351562,174.77000427246094,172.0399932861328,174.47000122070312,155.73394775390625,7877500
2022-11-11,172.72999572753906,173.11000061035156,166.82000732421875,169.25,151.07449340820312,11074700
2022-11-14,170.25,173.25999450683594,170.25,171.91000366210938,153.4488525390625,6581500
2022-11-15,172.19000244140625,173.0,170.52000427246094,172.38999938964844,153.87730407714844,9351000
2022-11-16,173.63999938964844,174.99000549316406,173.1300048828125,173.4600067138672,154.83241271972656,5500900
2022-11-17,173.0,174.99000549316406,172.97999572753906,174.86000061035156,156.08204650878906,4464100
2022-11-18,175.0,176.63999938964844,174.6199951171875,176.1999969482422,157.2781524658203,6555700
2022-11-21,175.88999938964844,176.5500030517578,174.8300018310547,175.97000122070312,158.086669921875,5706600
2022-11-22,176.39999389648438,177.19000244140625,176.3300018310547,176.82000732421875,158.85031127929688,4707900
2022-11-23,176.44000244140625,177.39999389648438,176.00999450683594,177.00999450683594,159.02099609375,5389200
2022-11-25,177.3800048828125,178.1199951171875,176.86000061035156,177.24000549316406,159.22763061523438,3058600
2022-11-28,176.75,177.77000427246094,176.55999755859375,177.3300018310547,159.30848693847656,6183100
2022-11-29,177.00999450683594,177.25999450683594,174.66000366210938,176.08999633789062,158.19448852539062,6700500
2022-11-30,176.3699951171875,178.00999450683594,174.77999877929688,178.0,159.91038513183594,13288000
2022-12-01,179.0,179.9600067138672,177.77000427246094,178.74000549316406,160.5751953125,6282600
2022-12-02,177.5,178.9600067138672,176.9600067138672,178.8800048828125,160.70094299316406,5823900
2022-12-05,178.36000061035156,179.36000061035156,178.0,178.77999877929688,160.61111450195312,5120600
2022-12-06,179.9199981689453,180.0,175.92999267578125,176.10000610351562,158.20347595214844,7943500
2022-12-07,176.57000732421875,177.8800048828125,176.22999572753906,177.1699981689453,159.1647186279297,5702600
2022-12-08,176.82000732421875,177.47000122070312,176.33999633789062,177.1999969482422,159.19168090820312,4798500
2022-12-09,177.1199951171875,177.88999938964844,175.66000366210938,175.74000549316406,157.88006591796875,4561000
2022-12-12,175.9499969482422,177.8699951171875,175.60000610351562,177.83999633789062,159.7666473388672,4882400
2022-12-13,179.10000610351562,180.1999969482422,178.30999755859375,179.2100067138672,160.99740600585938,9177500
2022-12-14,178.5800018310547,181.0399932861328,178.5800018310547,179.75999450683594,161.49148559570312,9533600
2022-12-15,179.1999969482422,179.83999633789062,176.39999389648438,177.49000549316406,159.45220947265625,7602400
2022-12-16,177.0,177.0,174.86000061035156,175.6699981689453,157.81716918945312,18841800
2022-12-19,175.35000610351562,176.1699981689453,174.07000732421875,175.47999572753906,157.64646911621094,5736000
2022-12-20,176.0,176.44000244140625,175.1699981689453,175.6699981689453,157.81716918945312,6174700
2022-12-21,176.27000427246094,178.17999267578125,175.64999389648438,177.67999267578125,159.6228790283203,5472000
2022-12-22,176.77000427246094,177.50999450683594,175.33999633789062,177.02999877929688,159.03895568847656,5709100
2022-12-23,176.6699981689453,177.52000427246094,175.80999755859375,177.47999572753906,159.4432373046875,3683400
2022-12-27,178.11000061035156,178.35000610351562,176.99000549316406,177.42999267578125,159.39830017089844,3067300
2022-12-28,177.75999450683594,178.4499969482422,176.64999389648438,176.66000366210938,158.70655822753906,2645400
2022-12-29,177.5500030517578,178.3000030517578,177.07000732421875,177.55999755859375,159.51510620117188,2828800
2022-12-30,177.49000549316406,177.77000427246094,175.39999389648438,176.64999389648438,158.69757080078125,4216600
2023-01-03,176.16000366210938,178.3800048828125,176.00999450683594,178.19000244140625,160.0811004638672,6344900
2023-01-04,178.88999938964844,180.19000244140625,178.47999572753906,180.1300048828125,161.82391357421875,9788800
2023-01-05,179.02000427246094,179.99000549316406,178.41000366210938,178.8000030517578,160.6290740966797,6255300
2023-01-06,180.1300048828125,180.92999267578125,179.38999938964844,180.25,161.9317169189453,5706000
2023-01-09,179.3000030517578,179.75999450683594,175.17999267578125,175.5800018310547,157.73631286621094,7925300
2023-01-10,175.6999969482422,176.13999938964844,174.32000732421875,175.16000366210938,157.3590087890625,5047500
2023-01-11,175.57000732421875,175.72000122070312,172.11000061035156,174.8800048828125,157.10745239257812,6494800
2023-01-12,174.25999450683594,174.7100067138672,172.8000030517578,174.0,156.31687927246094,4269400
2023-01-13,173.19000244140625,174.00999450683594,172.3800048828125,173.42999267578125,155.80479431152344,6088000
2023-01-17,174.0,174.5800018310547,172.08999633789062,172.36000061035156,154.84356689453125,6053300
2023-01-18,171.64999389648438,172.0,169.7100067138672,169.75999450683594,152.5077667236328,7047800
2023-01-19,169.02999877929688,171.27999877929688,168.7100067138672,169.52999877929688,152.3011474609375,6939500
2023-01-20,170.10000610351562,170.11000061035156,167.47999572753906,168.74000549316406,151.59144592285156,8620600
2023-01-23,169.10000610351562,169.6300048828125,167.9499969482422,168.30999755859375,151.20516967773438,8425400
2023-01-24,169.02000427246094,170.99000549316406,166.00999450683594,168.30999755859375,151.20516967773438,10541800
2023-01-25,167.1699981689453,169.50999450683594,167.0800018310547,169.50999450683594,152.28317260742188,7099800
2023-01-26,169.5500030517578,169.91000366210938,168.64999389648438,168.88999938964844,151.72622680664062,6946100
2023-01-27,168.5399932861328,168.8699951171875,167.77000427246094,168.22999572753906,151.13328552246094,6058100
2023-01-30,167.92999267578125,168.5399932861328,161.0800018310547,162.0,145.53643798828125,23259100
2023-01-31,161.6999969482422,163.42999267578125,161.0500030517578,163.4199981689453,146.81211853027344,11612500
2023-02-01,162.99000549316406,165.97999572753906,162.39999389648438,164.9199981689453,148.15963745117188,9865300
2023-02-02,163.0,166.22000122070312,162.82000732421875,165.5399932861328,148.7166290283203,10099000
2023-02-03,166.02999877929688,166.33999633789062,163.88999938964844,164.61000061035156,147.8811492919922,6868500
2023-02-06,164.5500030517578,164.85000610351562,163.10000610351562,163.36000061035156,146.75820922851562,7021000
2023-02-07,161.60000610351562,163.8800048828125,161.4199981689453,163.39999389648438,146.7941131591797,7310800
2023-02-08,163.3000030517578,164.55999755859375,162.89999389648438,163.61000061035156,146.98280334472656,6054700
2023-02-09,163.6300048828125,164.8000030517578,161.07000732421875,161.39999389648438,144.9973907470703,7949500
2023-02-10,161.77000427246094,162.7899932861328,161.35000610351562,162.14999389648438,145.6711883544922,7028000
2023-02-13,161.3300018310547,162.82000732421875,161.14999389648438,162.75,146.21022033691406,6414700
2023-02-14,162.74000549316406,162.97000122070312,161.75999450683594,162.0399932861328,145.5723419189453,6316000
2023-02-15,161.9499969482422,161.97999572753906,159.2899932861328,159.3699951171875,143.1737060546875,12621800
2023-02-16,159.07000732421875,159.64999389648438,157.9199981689453,158.24000549316406,142.15853881835938,11177000
2023-02-17,157.02000427246094,161.11000061035156,156.6199951171875,160.38999938964844,145.1263885498047,12401900
2023-02-21,159.64999389648438,160.35000610351562,157.88999938964844,158.0,142.96385192871094,9423900
2023-02-22,158.5,158.85000610351562,157.3699951171875,157.77999877929688,142.76475524902344,9820200
2023-02-23,157.7100067138672,158.58999633789062,156.6699981689453,157.72999572753906,142.71951293945312,9385100
2023-02-24,156.64999389648438,156.85000610351562,155.2100067138672,155.97000122070312,141.1270294189453,8689700
2023-02-27,156.4499969482422,156.89999389648438,155.0800018310547,155.6300048828125,140.81935119628906,7267100
2023-02-28,154.97999572753906,155.27000427246094,153.0399932861328,153.25999450683594,138.67491149902344,9062300
2023-03-01,153.00999450683594,153.24000549316406,151.91000366210938,152.57000732421875,138.05056762695312,6767000
2023-03-02,151.75,152.75999450683594,151.22999572753906,152.4499969482422,137.94200134277344,8762500
2023-03-03,153.3699951171875,154.1199951171875,152.83999633789062,154.02000427246094,139.36256408691406,5747200
2023-03-06,154.66000366210938,155.72999572753906,154.57000732421875,155.55999755859375,140.75599670410156,8148200
2023-03-07,156.08999633789062,156.25,153.35000610351562,154.08999633789062,139.42591857910156,7457700
2023-03-08,153.97999572753906,154.1999969482422,152.47999572753906,152.9600067138672,138.40350341796875,6230500
2023-03-09,153.4600067138672,153.60000610351562,150.7100067138672,151.24000549316406,136.84716796875,7439400
2023-03-10,151.86000061035156,153.49000549316406,151.10000610351562,151.61000061035156,137.18194580078125,8504300
2023-03-13,152.08999633789062,155.91000366210938,151.57000732421875,153.05999755859375,138.49392700195312,10799600
2023-03-14,153.27999877929688,154.02999877929688,151.89999389648438,153.9199981689453,139.27212524414062,8421200
2023-03-15,152.83999633789062,154.88999938964844,152.52999877929688,154.35000610351562,139.66116333007812,7757700
2023-03-16,153.4499969482422,154.3699951171875,152.60000610351562,154.02999877929688,139.3716278076172,7605500
2023-03-17,154.47999572753906,154.9499969482422,152.3000030517578,152.3800048828125,137.87864685058594,20540700
2023-03-20,152.47000122070312,154.07000732421875,152.3800048828125,153.88999938964844,139.2449951171875,7129000
2023-03-21,154.0,154.1300048828125,152.1699981689453,153.88999938964844,139.2449951171875,8376800
2023-03-22,153.85000610351562,154.05999755859375,151.02999877929688,151.0500030517578,136.67526245117188,7943500
2023-03-23,151.17999267578125,151.69000244140625,150.11000061035156,151.1300048828125,136.7476348876953,9051500
2023-03-24,151.47999572753906,152.75999450683594,150.8300018310547,152.64999389648438,138.12295532226562,5696200
2023-03-27,154.1999969482422,154.5399932861328,153.11000061035156,153.3000030517578,138.7111053466797,6772300
2023-03-28,152.38999938964844,153.4499969482422,151.72999572753906,151.82000732421875,137.3719940185547,6115300
2023-03-29,152.24000549316406,153.3800048828125,152.07000732421875,153.30999755859375,138.72018432617188,6012000
2023-03-30,153.5800018310547,153.8000030517578,152.80999755859375,153.42999267578125,138.82872009277344,4555700
2023-03-31,153.7899932861328,155.19000244140625,153.24000549316406,155.0,140.24932861328125,9890000
2023-04-03,154.9499969482422,157.00999450683594,153.94000244140625,156.85000610351562,141.92327880859375,6841900
2023-04-04,156.97000122070312,158.97000122070312,156.58999633789062,158.49000549316406,143.40719604492188,8314500
2023-04-05,164.3699951171875,165.66000366210938,162.75999450683594,165.61000061035156,149.84963989257812,16704200
2023-04-06,165.99000549316406,167.22999572753906,164.8000030517578,165.14999389648438,149.4333953857422,9615400
2023-04-10,164.6300048828125,164.83999633789062,163.63999938964844,164.32000732421875,148.68238830566406,5354000
2023-04-11,164.4199981689453,165.27999877929688,164.0399932861328,164.27000427246094,148.63714599609375,5903800
2023-04-12,163.94000244140625,164.83999633789062,163.10000610351562,163.9199981689453,148.32044982910156,5764100
2023-04-13,164.17999267578125,166.3300018310547,163.80999755859375,166.11000061035156,150.30206298828125,5640600
2023-04-14,165.97000122070312,166.1199951171875,164.05999755859375,165.83999633789062,150.0576934814453,7225100
2023-04-17,165.74000549316406,166.24000549316406,164.94000244140625,165.6699981689453,149.90390014648438,8046400
2023-04-18,164.25,164.69000244140625,159.64999389648438,161.00999450683594,145.6873779296875,14571500
2023-04-19,161.99000549316406,162.67999267578125,161.1699981689453,162.52999877929688,147.062744140625,6752000
2023-04-20,162.42999267578125,163.82000732421875,160.9600067138672,163.5800018310547,148.0128173828125,9498800
2023-04-21,164.44000244140625,164.97000122070312,161.97000122070312,162.69000244140625,147.20750427246094,7014200
2023-04-24,162.69000244140625,163.80999755859375,161.8699951171875,163.67999267578125,148.10330200195312,5278900
2023-04-25,164.30999755859375,165.35000610351562,164.16000366210938,165.17999267578125,149.46054077148438,6263100
2023-04-26,164.08999633789062,164.38999938964844,162.24000549316406,162.6199951171875,147.1441650390625,5518200
2023-04-27,162.89999389648438,163.41000366210938,162.1300048828125,163.0,147.488037109375,5739700
2023-04-28,162.80999755859375,163.75999450683594,162.55999755859375,163.6999969482422,148.12139892578125,6024900
2023-05-01,163.60000610351562,164.3000030517578,162.24000549316406,163.60000610351562,148.03091430664062,4893400
2023-05-02,164.33999633789062,165.47999572753906,163.55999755859375,165.02999877929688,149.32484436035156,7541700
2023-05-03,165.5500030517578,166.17999267578125,162.50999450683594,162.8699951171875,147.370361328125,5937200
2023-05-04,162.67999267578125,162.89999389648438,161.25,162.1300048828125,146.7008056640625,5128000
2023-05-05,162.83999633789062,163.1300048828125,161.69000244140625,162.67999267578125,147.19845581054688,5194500
2023-05-08,161.99000549316406,162.57000732421875,161.33999633789062,162.30999755859375,146.86366271972656,4994900
2023-05-09,161.75,162.1300048828125,160.7899932861328,161.0500030517578,145.7235565185547,5520500
2023-05-10,161.1999969482422,161.97000122070312,160.05999755859375,161.64999389648438,146.26649475097656,6756600
2023-05-11,161.8300018310547,162.19000244140625,159.38999938964844,160.99000549316406,145.66928100585938,5867600
2023-05-12,161.36000061035156,161.55999755859375,160.00999450683594,160.77999877929688,145.479248046875,3904200
2023-05-15,160.8000030517578,161.02999877929688,158.94000244140625,159.5500030517578,144.36631774902344,5104500
2023-05-16,159.05999755859375,160.25,158.52999877929688,159.33999633789062,144.17628479003906,5599200
2023-05-17,159.7899932861328,160.05999755859375,157.77000427246094,158.99000549316406,143.85963439941406,6840700
2023-05-18,158.66000366210938,158.92999267578125,157.55999755859375,158.47999572753906,143.39817810058594,5173000
2023-05-19,158.58999633789062,159.92999267578125,158.13999938964844,158.91000366210938,143.7872314453125,6527100
2023-05-22,158.0,159.13999938964844,156.77999877929688,156.8699951171875,143.0123291015625,5675900
2023-05-23,157.10000610351562,158.27000427246094,156.3699951171875,156.80999755859375,142.95761108398438,5793000
2023-05-24,157.0800018310547,157.13999938964844,155.9199981689453,156.66000366210938,142.82089233398438,5015100
2023-05-25,156.0500030517578,156.2899932861328,153.72000122070312,154.41000366210938,140.76962280273438,6886100
2023-05-26,154.69000244140625,155.27999877929688,154.1999969482422,154.35000610351562,140.71490478515625,6845400
2023-05-30,153.97000122070312,155.3800048828125,153.32000732421875,154.3699951171875,140.7332000732422,5593100
2023-05-31,154.6999969482422,155.69000244140625,153.85000610351562,155.05999755859375,141.36221313476562,11324600
2023-06-01,154.5399932861328,155.0399932861328,153.14999389648438,154.5399932861328,140.8881378173828,7901300
2023-06-02,154.72000122070312,157.30999755859375,154.08999633789062,156.97000122070312,143.103515625,7659700
2023-06-05,156.75,158.63999938964844,156.75,158.32000732421875,144.33424377441406,6430500
2023-06-06,159.5800018310547,159.61000061035156,157.39999389648438,158.17999267578125,144.20660400390625,5073600
2023-06-07,158.10000610351562,158.8000030517578,157.44000244140625,158.52000427246094,144.51657104492188,6504300
2023-06-08,158.5,160.4199981689453,157.82000732421875,160.25999450683594,146.10284423828125,5818400
2023-06-09,160.4199981689453,160.72999572753906,159.47000122070312,160.00999450683594,145.87490844726562,6264400
2023-06-12,160.0,160.25,158.72999572753906,159.89999389648438,145.774658203125,6510600
2023-06-13,159.72999572753906,160.83999633789062,159.14999389648438,160.74000549316406,146.54046630859375,6066800
2023-06-14,161.60000610351562,162.0800018310547,160.97999572753906,161.55999755859375,147.2880096435547,6699100
2023-06-15,162.0500030517578,163.91000366210938,161.42999267578125,163.72999572753906,149.26632690429688,7138300
2023-06-16,164.47999572753906,164.99000549316406,163.8699951171875,164.22999572753906,149.72215270996094,13426600
2023-06-20,164.25999450683594,165.30999755859375,163.80999755859375,164.1300048828125,149.63099670410156,7995800
2023-06-21,163.5800018310547,164.9199981689453,162.69000244140625,163.8800048828125,149.40306091308594,7177500
2023-06-22,163.89999389648438,165.72000122070312,163.7899932861328,165.6199951171875,150.98936462402344,5485900
2023-06-23,166.11000061035156,166.27000427246094,165.02999877929688,165.47999572753906,150.86170959472656,9450700
2023-06-26,164.97999572753906,164.97999572753906,161.3300018310547,163.6300048828125,149.17518615722656,6978800
2023-06-27,163.67999267578125,163.8800048828125,162.44000244140625,163.2899932861328,148.8651885986328,4927500
2023-06-28,163.1999969482422,163.1999969482422,161.91000366210938,162.9600067138672,148.56436157226562,6780400
2023-06-29,162.63999938964844,164.32000732421875,162.22999572753906,164.10000610351562,149.6036376953125,4547500
2023-06-30,164.86000061035156,165.94000244140625,164.35000610351562,165.52000427246094,150.898193359375,7580000
2023-07-03,164.33999633789062,164.38999938964844,162.9600067138672,163.35000610351562,148.9198760986328,4033700
2023-07-05,162.99000549316406,163.9199981689453,162.72999572753906,162.80999755859375,148.4275665283203,7224600
2023-07-06,162.25,162.3699951171875,161.0,161.60000610351562,147.32447814941406,6332500
2023-07-07,160.47000122070312,161.0399932861328,159.1999969482422,159.25,145.1820831298828,7022200
2023-07-10,159.42999267578125,160.3000030517578,159.0,159.50999450683594,145.41908264160156,5739200
2023-07-11,159.1300048828125,160.3000030517578,157.60000610351562,158.6300048828125,144.61685180664062,6606700
2023-07-12,158.94000244140625,158.94000244140625,157.8800048828125,158.0800018310547,144.11544799804688,6940400
2023-07-13,158.0,159.1300048828125,157.41000366210938,158.80999755859375,144.7809600830078,6401700
2023-07-14,159.17999267578125,160.22999572753906,158.97999572753906,159.8699951171875,145.747314453125,5362200
2023-07-17,159.75,159.8699951171875,158.14999389648438,159.07000732421875,145.0179901123047,5486800
2023-07-18,159.07000732421875,160.88999938964844,158.19000244140625,159.05999755859375,145.00885009765625,6332500
2023-07-19,157.91000366210938,160.41000366210938,157.3300018310547,158.74000549316406,144.7171630859375,7522600
2023-07-20,161.94000244140625,169.13999938964844,161.3000030517578,168.3800048828125,153.50555419921875,21892900
2023-07-21,168.17999267578125,170.82000732421875,168.17999267578125,170.19000244140625,155.15565490722656,12080000
2023-07-24,171.5,173.82000732421875,170.99000549316406,171.0800018310547,155.967041015625,15155400
2023-07-25,170.4499969482422,172.67999267578125,169.75,172.38999938964844,157.1613006591797,13790100
2023-07-26,172.0,173.85000610351562,171.39999389648438,172.72000122070312,157.46217346191406,14288200
2023-07-27,172.17999267578125,174.2899932861328,172.0399932861328,173.69000244140625,158.34649658203125,12446400
2023-07-28,174.0,175.36000061035156,173.22999572753906,174.47999572753906,159.06666564941406,14138800
2023-07-31,169.69000244140625,170.22000122070312,166.7100067138672,167.52999877929688,152.73065185546875,22632700
2023-08-01,166.3699951171875,169.08999633789062,166.05999755859375,168.88999938964844,153.97048950195312,15810300
2023-08-02,168.85000610351562,171.24000549316406,168.85000610351562,169.91000366210938,154.90036010742188,14595600
2023-08-03,169.9499969482422,171.32000732421875,169.6699981689453,170.63999938964844,155.56590270996094,17424800
2023-08-04,170.33999633789062,172.67999267578125,167.88999938964844,169.0399932861328,154.1072235107422,23415100
2023-08-07,169.49000549316406,173.33999633789062,169.36000061035156,173.10000610351562,157.80857849121094,17736400
2023-08-08,172.99000549316406,173.5500030517578,171.38999938964844,173.17999267578125,157.8815155029297,27378700
2023-08-09,173.0,174.25,172.0500030517578,173.07000732421875,157.78121948242188,42974400
2023-08-10,174.0,175.97000122070312,171.63999938964844,172.1699981689453,156.9607391357422,48213800
2023-08-11,172.47999572753906,173.9499969482422,171.6199951171875,173.85000610351562,158.49234008789062,45905600
2023-08-14,173.52000427246094,175.60000610351562,171.75,173.44000244140625,158.1185302734375,64036900
2023-08-15,172.8000030517578,174.55999755859375,172.13999938964844,172.94000244140625,157.6627197265625,88958100
2023-08-16,172.52999877929688,174.72999572753906,172.1300048828125,172.38999938964844,157.1613006591797,85832700
2023-08-17,172.86000061035156,175.38999938964844,172.75999450683594,174.00999450683594,158.63819885253906,70904200
2023-08-18,173.1699981689453,173.99000549316406,171.30999755859375,172.49000549316406,157.25245666503906,49631700
2023-08-21,169.69000244140625,169.85000610351562,165.9600067138672,167.35000610351562,152.56651306152344,151319500
2023-08-22,166.86000061035156,167.83999633789062,165.41000366210938,166.02000427246094,151.35403442382812,56834800
2023-08-23,165.89999389648438,166.5,163.47000122070312,164.52999877929688,149.9956512451172,119011400
2023-08-24,164.02999877929688,166.6699981689453,163.86000061035156,165.08999633789062,150.5061492919922,70755100
2023-08-25,164.3000030517578,167.77999877929688,164.05999755859375,166.25,152.6641082763672,18185500
2023-08-28,165.0,166.2100067138672,163.1699981689453,164.2899932861328,150.86428833007812,18458000
2023-08-29,164.8699951171875,165.67999267578125,162.77000427246094,164.30999755859375,150.88265991210938,12208600
2023-08-30,165.11000061035156,165.8300018310547,163.67999267578125,163.72999572753906,150.35006713867188,9939100
2023-08-31,163.3699951171875,163.57000732421875,161.27999877929688,161.67999267578125,148.46755981445312,15333000
2023-09-01,161.4199981689453,162.47999572753906,160.00999450683594,160.47999572753906,147.36563110351562,8610100
2023-09-05,160.55999755859375,161.97000122070312,160.27999877929688,160.67999267578125,147.54928588867188,9019800
2023-09-06,159.83999633789062,160.0,157.35000610351562,158.00999450683594,145.09747314453125,9753800
2023-09-07,159.13999938964844,161.05999755859375,158.97999572753906,160.02999877929688,146.95242309570312,9931800
2023-09-08,159.58999633789062,160.67999267578125,159.19000244140625,160.55999755859375,147.43911743164062,6957000
2023-09-11,161.05999755859375,162.69000244140625,160.4499969482422,162.66000366210938,149.3675079345703,6309300
2023-09-12,162.22000122070312,163.92999267578125,161.52999877929688,163.5800018310547,150.2123260498047,6045800
2023-09-13,163.75999450683594,164.9499969482422,163.0,163.99000549316406,150.5888214111328,7397500
2023-09-14,164.67999267578125,165.27000427246094,163.44000244140625,163.74000549316406,150.3592529296875,7758400
2023-09-15,163.97999572753906,164.82000732421875,161.2100067138672,161.4499969482422,148.25640869140625,13392100
2023-09-18,162.1199951171875,163.14999389648438,160.75,162.47000122070312,149.1930389404297,5789000
2023-09-19,162.25,162.85000610351562,161.3800048828125,162.1999969482422,148.94509887695312,5550800
2023-09-20,162.19000244140625,163.5399932861328,161.66000366210938,162.91000366210938,149.59707641601562,3837400
2023-09-21,162.57000732421875,163.5,161.58999633789062,161.66000366210938,148.44923400878906,4526700
2023-09-22,161.3000030517578,161.39999389648438,160.25,160.5,147.38401794433594,4976700
2023-09-25,160.07000732421875,160.36000061035156,158.72999572753906,160.25999450683594,147.16363525390625,6722500
2023-09-26,159.80999755859375,160.0800018310547,158.86000061035156,159.02000427246094,146.0249481201172,4904800
2023-09-27,158.5800018310547,158.75999450683594,155.25999450683594,157.11000061035156,144.27105712890625,10211600
2023-09-28,157.5,157.9600067138672,156.22000122070312,156.8800048828125,144.0598602294922,7861900
2023-09-29,157.3699951171875,157.60000610351562,155.35000610351562,155.75,143.0221710205078,7680700
2023-10-02,155.4199981689453,155.4199981689453,153.32000732421875,155.14999389648438,142.47122192382812,7259700
2023-10-03,154.67999267578125,155.5,153.88999938964844,155.33999633789062,142.6457061767578,5740800
2023-10-04,155.57000732421875,155.92999267578125,154.57000732421875,155.52000427246094,142.81097412109375,4955200
2023-10-05,156.27000427246094,158.0399932861328,156.07000732421875,157.13999938964844,144.298583984375,5993300
2023-10-06,157.0800018310547,158.3000030517578,156.58999633789062,157.63999938964844,144.7577362060547,5802200
2023-10-09,157.17999267578125,158.8800048828125,157.08999633789062,158.5399932861328,145.5841827392578,4414100
2023-10-10,158.3800048828125,159.27000427246094,157.89999389648438,158.36000061035156,145.41888427734375,5273500
2023-10-11,158.4600067138672,159.0500030517578,156.0399932861328,156.17999267578125,143.4170379638672,6922900
2023-10-12,155.9199981689453,156.55999755859375,155.07000732421875,156.3300018310547,143.5547637939453,5792400
2023-10-13,156.72999572753906,157.36000061035156,156.0500030517578,156.85000610351562,144.03231811523438,5359800
2023-10-16,157.82000732421875,158.25,156.83999633789062,157.52999877929688,144.65672302246094,6408100
2023-10-17,155.97999572753906,158.9499969482422,154.61000061035156,156.08999633789062,143.33441162109375,12244400
2023-10-18,155.41000366210938,155.9499969482422,152.0500030517578,152.72999572753906,140.2489776611328,9097300
2023-10-19,151.6699981689453,153.11000061035156,150.14999389648438,152.32000732421875,139.8725128173828,7733800
2023-10-20,152.74000549316406,153.8699951171875,152.3300018310547,153.0,140.49691772460938,7207000
2023-10-23,152.86000061035156,153.5,151.2100067138672,151.38999938964844,139.01846313476562,5874000
2023-10-24,150.75,151.9600067138672,150.1300048828125,151.22999572753906,138.87156677246094,6155300
2023-10-25,151.24000549316406,152.1699981689453,150.22999572753906,151.57000732421875,139.18377685546875,5880800
2023-10-26,151.97000122070312,151.97000122070312,148.8800048828125,149.0,136.82379150390625,7612500
2023-10-27,148.49000549316406,148.66000366210938,144.9499969482422,145.60000610351562,133.70162963867188,11385800
2023-10-30,146.08999633789062,147.24000549316406,146.0,147.02999877929688,135.0147705078125,8205300
2023-10-31,147.5399932861328,148.5399932861328,146.63999938964844,148.33999633789062,136.2177276611328,7576900
2023-11-01,149.19000244140625,149.75999450683594,148.4600067138672,148.69000244140625,136.5391387939453,5733000
2023-11-02,147.7100067138672,150.39999389648438,147.5399932861328,150.24000549316406,137.96249389648438,5349100
2023-11-03,151.2100067138672,152.27000427246094,150.14999389648438,151.33999633789062,138.97254943847656,4926800
2023-11-06,151.77999877929688,152.42999267578125,151.3699951171875,151.6999969482422,139.3031463623047,4851400
2023-11-07,151.92999267578125,152.25,150.67999267578125,150.89999389648438,138.56851196289062,4840400
2023-11-08,151.35000610351562,151.8300018310547,150.33999633789062,150.35000610351562,138.06349182128906,5460000
2023-11-09,150.5,150.5,147.25999450683594,147.4199981689453,135.37290954589844,6973600
2023-11-10,148.25,148.5,145.63999938964844,147.25,135.21681213378906,6930700
2023-11-13,147.25,147.89999389648438,146.64999389648438,147.6300048828125,135.56578063964844,5889300
2023-11-14,147.63999938964844,148.5399932861328,146.97000122070312,147.66000366210938,135.59329223632812,6713600
2023-11-15,147.35000610351562,149.4199981689453,147.27000427246094,148.8000030517578,136.64013671875,6729100
2023-11-16,149.5,150.1699981689453,148.63999938964844,150.10000610351562,137.83392333984375,6875600
2023-11-17,150.5500030517578,150.7899932861328,149.07000732421875,149.7899932861328,137.5492401123047,7023300
2023-11-20,147.91000366210938,150.39999389648438,147.5399932861328,149.91000366210938,138.7617950439453,8851700
2023-11-21,150.10000610351562,151.2899932861328,149.61000061035156,151.1199951171875,139.88182067871094,5916300
2023-11-22,151.6300048828125,152.0399932861328,150.38999938964844,150.82000732421875,139.60414123535156,4633500
2023-11-24,150.86000061035156,152.67999267578125,150.86000061035156,152.5,141.15919494628906,3351400
2023-11-27,152.2899932861328,152.32000732421875,150.97000122070312,151.27999877929688,140.02992248535156,6449700
2023-11-28,151.39999389648438,151.80999755859375,150.83999633789062,151.6300048828125,140.3539276123047,5909000
2023-11-29,151.3300018310547,152.1999969482422,151.07000732421875,152.11000061035156,140.79818725585938,5190000
2023-11-30,152.25999450683594,155.13999938964844,151.9199981689453,154.66000366210938,143.15855407714844,12481900
2023-12-01,156.44000244140625,158.4600067138672,155.47000122070312,158.3800048828125,146.60194396972656,10342900
2023-12-04,158.0,160.02000427246094,158.0,158.8800048828125,147.0647430419922,8920300
2023-12-05,158.8000030517578,159.6300048828125,158.22000122070312,158.5500030517578,146.75929260253906,7268200
2023-12-06,158.52000427246094,158.66000366210938,156.1699981689453,156.6199951171875,144.97280883789062,6642900
2023-12-07,156.5800018310547,156.5800018310547,154.7100067138672,155.39999389648438,143.8435516357422,6532400
2023-12-08,155.4199981689453,155.85000610351562,153.83999633789062,154.4199981689453,142.93643188476562,6254700
2023-12-11,154.5,155.47999572753906,154.35000610351562,155.05999755859375,143.52880859375,6090400
2023-12-12,155.0,155.32000732421875,153.64999389648438,155.07000732421875,143.53810119628906,5324400
2023-12-13,153.66000366210938,155.94000244140625,151.77000427246094,155.7899932861328,144.2045440673828,10764600
2023-12-14,156.47000122070312,157.16000366210938,155.0500030517578,156.8699951171875,145.20420837402344,9240700
2023-12-15,155.49000549316406,156.69000244140625,153.75999450683594,155.16000366210938,143.62139892578125,21727800
2023-12-18,155.2100067138672,156.44000244140625,154.75999450683594,155.44000244140625,143.88055419921875,7231400
2023-12-19,155.3000030517578,156.5,154.94000244140625,156.4600067138672,144.82470703125,6651500
2023-12-20,156.5399932861328,156.66000366210938,153.11000061035156,153.27000427246094,141.87196350097656,7008300
2023-12-21,153.69000244140625,155.1300048828125,153.3000030517578,154.83999633789062,143.32521057128906,4598600
2023-12-22,155.25,156.52999877929688,155.02000427246094,155.4600067138672,143.89910888671875,3798900
2023-12-26,155.0,156.35000610351562,154.85000610351562,156.13999938964844,144.5285186767578,4170000
2023-12-27,155.5,156.52000427246094,155.4199981689453,156.35000610351562,144.72291564941406,5288100
2023-12-28,156.0,157.24000549316406,155.99000549316406,156.5800018310547,144.93582153320312,4377500
2023-12-29,156.50999450683594,156.89999389648438,155.97999572753906,156.74000549316406,145.08392333984375,4313700
2024-01-02,156.92999267578125,161.63999938964844,156.7899932861328,159.97000122070312,148.07369995117188,9622100
2024-01-03,160.63999938964844,161.44000244140625,159.8000030517578,160.97000122070312,148.99932861328125,8232000
2024-01-04,161.58999633789062,161.97999572753906,160.4199981689453,160.6300048828125,148.6846160888672,6766600
2024-01-05,160.5,161.33999633789062,159.47000122070312,161.1300048828125,149.14744567871094,5602500
2024-01-08,161.10000610351562,161.66000366210938,159.61000061035156,161.52999877929688,149.51766967773438,6569800
2024-01-09,161.6300048828125,163.27999877929688,160.60000610351562,161.6300048828125,149.61026000976562,6357000
2024-01-10,161.82000732421875,162.6199951171875,161.1999969482422,161.8699951171875,149.8323974609375,4945100
2024-01-11,162.07000732421875,162.1999969482422,160.77999877929688,161.14999389648438,149.16595458984375,4946000
2024-01-12,161.83999633789062,162.47000122070312,161.69000244140625,162.38999938964844,150.31370544433594,4496900
2024-01-16,161.57000732421875,162.25,160.17999267578125,160.52000427246094,148.58279418945312,6923200
2024-01-17,160.25,161.3000030517578,159.8699951171875,160.42999267578125,148.49948120117188,5072100
2024-01-18,160.0,161.3699951171875,159.69000244140625,161.2100067138672,149.22149658203125,5368500
2024-01-19,161.14999389648438,161.9199981689453,160.27999877929688,161.67999267578125,149.6565399169922,7071300
2024-01-22,162.0,163.5800018310547,161.33999633789062,162.47000122070312,150.38778686523438,6824200
2024-01-23,159.66000366210938,160.50999450683594,156.91000366210938,159.80999755859375,147.9255828857422,9149800
2024-01-24,159.75,160.60000610351562,158.16000366210938,158.9600067138672,147.1387939453125,7247900
2024-01-25,159.0,159.6199951171875,158.47000122070312,159.55999755859375,147.6941680908203,5478900
2024-01-26,160.42999267578125,160.74000549316406,159.36000061035156,159.5,147.63864135742188,5591900
2024-01-29,159.00999450683594,160.07000732421875,158.9600067138672,159.36000061035156,147.50909423828125,6483200
2024-01-30,159.35000610351562,159.75999450683594,158.1300048828125,158.77000427246094,146.9629364013672,7200500
2024-01-31,160.39999389648438,160.6199951171875,158.6699981689453,158.89999389648438,147.08328247070312,8256800
2024-02-01,158.16000366210938,158.49000549316406,157.0500030517578,158.36000061035156,146.5834197998047,8012000
2024-02-02,157.97000122070312,158.30999755859375,155.94000244140625,156.61000061035156,144.9635772705078,8295900
2024-02-05,156.61000061035156,156.88999938964844,155.33999633789062,155.8000030517578,144.2137908935547,9121600
2024-02-06,155.8300018310547,158.72999572753906,155.60000610351562,158.05999755859375,146.30575561523438,9229900
2024-02-07,157.8000030517578,159.3699951171875,157.69000244140625,157.97999572753906,146.23165893554688,8690300
2024-02-08,157.33999633789062,157.33999633789062,155.30999755859375,156.39999389648438,144.7691650390625,9755000
2024-02-09,156.27000427246094,157.1999969482422,155.6699981689453,156.75999450683594,145.1024169921875,6529200
2024-02-12,156.5800018310547,158.41000366210938,156.35000610351562,157.85000610351562,146.1113739013672,6701500
2024-02-13,157.63999938964844,158.4499969482422,155.75,156.47000122070312,144.83399963378906,8621000
2024-02-14,156.35000610351562,156.4600067138672,154.83999633789062,155.74000549316406,144.1582794189453,9098800
2024-02-15,155.97999572753906,158.47999572753906,155.88999938964844,157.9199981689453,146.17613220214844,7462500
2024-02-16,156.60000610351562,157.25999450683594,155.6699981689453,156.5500030517578,146.0082550048828,8541000
2024-02-20,156.55999755859375,158.61000061035156,156.44000244140625,157.86000061035156,147.2300567626953,9501700
2024-02-21,158.02000427246094,158.69000244140625,157.1300048828125,158.67999267578125,147.99485778808594,7472500
2024-02-22,158.97999572753906,160.74000549316406,157.77000427246094,160.4499969482422,149.64566040039062,8065000
2024-02-23,160.8800048828125,162.25,160.16000366210938,161.83999633789062,150.94204711914062,6726000
2024-02-26,161.8000030517578,162.00999450683594,160.57000732421875,160.7899932861328,149.96275329589844,5465400
2024-02-27,160.33999633789062,161.0399932861328,159.63999938964844,160.97999572753906,150.1399688720703,5078600
2024-02-28,161.0,161.61000061035156,160.2899932861328,161.5500030517578,150.6715850830078,6071100
2024-02-29,162.0,162.19000244140625,160.94000244140625,161.3800048828125,150.51304626464844,9849100
2024-03-01,161.8300018310547,162.57000732421875,161.08999633789062,162.1199951171875,151.2031707763672,5670100
2024-03-04,161.32000732421875,161.61000061035156,158.27000427246094,159.83999633789062,149.0767059326172,8532900
2024-03-05,160.6199951171875,161.24000549316406,159.1999969482422,159.97000122070312,149.19796752929688,8298200
2024-03-06,159.4600067138672,160.92999267578125,159.22000122070312,159.33999633789062,148.6103973388672,5773700
2024-03-07,160.0,160.36000061035156,158.24000549316406,158.8699951171875,148.17202758789062,5188700
2024-03-08,158.8699951171875,160.38999938964844,158.42999267578125,159.52000427246094,148.7782745361328,5284000
2024-03-11,159.49000549316406,161.32000732421875,158.8800048828125,161.22999572753906,150.3731231689453,4620800
2024-03-12,161.5800018310547,163.11000061035156,161.1300048828125,162.74000549316406,151.78147888183594,8018700
2024-03-13,162.52999877929688,162.67999267578125,159.80999755859375,161.10000610351562,150.2519073486328,6260000
2024-03-14,160.94000244140625,161.5399932861328,158.69000244140625,159.2100067138672,148.48916625976562,6988300
2024-03-15,158.05999755859375,159.19000244140625,157.10000610351562,158.17999267578125,147.52850341796875,13165500
2024-03-18,158.57000732421875,158.69000244140625,156.5,156.75999450683594,146.20413208007812,6602300
2024-03-19,156.6699981689453,156.86000061035156,155.66000366210938,156.2100067138672,145.69119262695312,7840600
2024-03-20,155.6999969482422,156.44000244140625,155.2100067138672,155.75999450683594,145.27145385742188,5982300
2024-03-21,155.58999633789062,156.9499969482422,155.10000610351562,155.75,145.26211547851562,5915800
2024-03-22,155.69000244140625,156.36000061035156,155.11000061035156,155.22999572753906,144.77716064453125,7248600
2024-03-25,155.39999389648438,155.97999572753906,154.89999389648438,155.22000122070312,144.76780700683594,7498100
2024-03-26,155.61000061035156,156.22999572753906,154.75999450683594,155.77000427246094,145.2808074951172,6864100
2024-03-27,155.99000549316406,158.22000122070312,155.44000244140625,157.9600067138672,147.32333374023438,8461600
2024-03-28,158.1999969482422,159.13999938964844,158.11000061035156,158.19000244140625,147.537841796875,6181500
2024-04-01,157.72000122070312,158.14999389648438,156.77000427246094,157.77999877929688,147.1554412841797,4364700
2024-04-02,156.57000732421875,157.8300018310547,155.9499969482422,157.72999572753906,147.10882568359375,6102300
2024-04-03,157.7899932861328,158.0500030517578,154.25,154.25999450683594,143.87246704101562,8098200
2024-04-04,155.30999755859375,155.5,152.41000366210938,152.5,142.23098754882812,6947400
2024-04-05,152.02999877929688,153.00999450683594,151.61000061035156,152.38999938964844,142.12840270996094,6783000
2024-04-08,151.99000549316406,153.0399932861328,151.55999755859375,151.58999633789062,141.38226318359375,5935400
2024-04-09,151.5500030517578,152.52999877929688,150.94000244140625,152.2899932861328,142.03512573242188,6135300
2024-04-10,151.52999877929688,151.82000732421875,149.75999450683594,150.1999969482422,140.08587646484375,6809500
2024-04-11,150.8000030517578,150.8699951171875,148.38999938964844,148.7899932861328,138.77081298828125,8374400
2024-04-12,148.05999755859375,149.07000732421875,147.14999389648438,147.52000427246094,137.58631896972656,7100200
2024-04-15,148.3699951171875,149.49000549316406,147.3699951171875,147.58999633789062,137.651611328125,8502300
2024-04-16,145.00999450683594,146.25,143.38999938964844,144.4499969482422,134.7230682373047,12774900
2024-04-17,145.0,145.41000366210938,143.5399932861328,144.77000427246094,135.02151489257812,9378100
2024-04-18,144.97999572753906,145.8000030517578,143.1300048828125,145.74000549316406,135.9261932373047,9887700
2024-04-19,146.14999389648438,148.1300048828125,144.5399932861328,147.91000366210938,137.95008850097656,9750800
2024-04-22,148.50999450683594,150.27000427246094,147.3000030517578,149.1199951171875,139.0785675048828,10118700
2024-04-23,149.86000061035156,150.49000549316406,148.1999969482422,149.55999755859375,139.48895263671875,10110400
2024-04-24,148.13999938964844,148.99000549316406,146.86000061035156,148.52999877929688,138.52830505371094,9756300
2024-04-25,149.3699951171875,149.5800018310547,146.3300018310547,146.82000732421875,136.93348693847656,7642700
2024-04-26,146.6999969482422,147.17999267578125,145.9499969482422,146.13999938964844,136.29925537109375,6183000
2024-04-29,146.13999938964844,147.22000122070312,145.99000549316406,146.82000732421875,136.93348693847656,6149600
2024-04-30,146.8800048828125,146.8800048828125,144.52999877929688,144.58999633789062,134.85360717773438,8817700
2024-05-01,148.74000549316406,151.85000610351562,147.6199951171875,151.17999267578125,140.99986267089844,14470900
2024-05-02,152.0399932861328,152.3300018310547,149.13999938964844,149.9199981689453,139.82472229003906,8459800
2024-05-03,149.88999938964844,149.88999938964844,147.82000732421875,149.27000427246094,139.21849060058594,6532700
2024-05-06,149.8699951171875,150.0500030517578,147.91000366210938,148.5800018310547,138.57496643066406,5042800
2024-05-07,149.3800048828125,149.72999572753906,148.4499969482422,148.72000122070312,138.7055206298828,7333500
2024-05-08,149.1199951171875,149.72999572753906,148.6999969482422,148.9499969482422,138.92005920410156,7735100
2024-05-09,148.97999572753906,150.10000610351562,148.88999938964844,149.85000610351562,139.75941467285156,6546200
2024-05-10,150.0,150.08999633789062,149.19000244140625,149.91000366210938,139.8153839111328,5710600
2024-05-13,150.0399932861328,152.0,149.7100067138672,151.22000122070312,141.03717041015625,5628500
2024-05-14,151.85000610351562,152.2100067138672,150.6999969482422,151.3800048828125,141.1864013671875,8254200
2024-05-15,151.82000732421875,152.9499969482422,151.3000030517578,152.6699981689453,142.38954162597656,5548000
2024-05-16,153.0,154.3800048828125,152.3300018310547,154.27999877929688,143.89109802246094,7591000
2024-05-17,154.86000061035156,154.86000061035156,153.7100067138672,154.63999938964844,144.22686767578125,6521800
2024-05-20,153.10000610351562,153.38999938964844,151.25999450683594,151.27000427246094,142.22425842285156,7742300
2024-05-21,151.77999877929688,152.58999633789062,150.7899932861328,151.24000549316406,142.196044921875,5492400
2024-05-22,150.83999633789062,154.0800018310547,150.32000732421875,153.5,144.32090759277344,6609800
2024-05-23,152.75,152.83999633789062,149.3800048828125,149.6999969482422,140.74813842773438,8000400
2024-05-24,149.52999877929688,149.80999755859375,146.75999450683594,146.97000122070312,138.18138122558594,9520600
2024-05-28,146.7899932861328,146.7899932861328,144.14999389648438,144.3800048828125,135.74627685546875,10499800
2024-05-29,143.82000732421875,145.4199981689453,143.7100067138672,144.44000244140625,135.8026885986328,8263800
2024-05-30,144.6199951171875,145.61000061035156,144.02000427246094,145.27999877929688,136.5924530029297,8490300
2024-05-31,145.57000732421875,147.47999572753906,145.19000244140625,146.6699981689453,137.89930725097656,14621200
2024-06-03,147.25,148.89999389648438,146.77000427246094,147.74000549316406,138.9053497314453,7329200
2024-06-04,147.47999572753906,148.30999755859375,146.19000244140625,147.8000030517578,138.9617462158203,8876400
2024-06-05,147.97000122070312,147.99000549316406,145.85000610351562,145.97000122070312,137.24119567871094,5891300
2024-06-06,145.5,147.0,144.66000366210938,146.4199981689453,137.66424560546875,5016300
2024-06-07,146.67999267578125,148.3000030517578,146.33999633789062,147.0800018310547,138.28482055664062,5111600
2024-06-10,146.52999877929688,147.55999755859375,145.60000610351562,147.1300048828125,138.33184814453125,5749900
2024-06-11,146.80999755859375,147.16000366210938,145.44000244140625,146.75999450683594,137.98394775390625,5661200
2024-06-12,147.05999755859375,147.2100067138672,144.77999877929688,145.41000366210938,136.71469116210938,6180500
2024-06-13,145.07000732421875,146.0,143.8800048828125,145.4499969482422,136.75225830078125,6840400
2024-06-14,145.13999938964844,145.97000122070312,144.47999572753906,145.5399932861328,136.83689880371094,4075300
2024-06-17,145.02000427246094,146.42999267578125,144.74000549316406,145.9499969482422,137.2223663330078,6666600
2024-06-18,145.9600067138672,146.38999938964844,145.25999450683594,145.64999389648438,136.94032287597656,6156600
2024-06-20,145.27000427246094,148.0800018310547,145.00999450683594,147.77999877929688,138.9429473876953,8749700
2024-06-21,147.88999938964844,149.0800018310547,147.3699951171875,148.75,139.85494995117188,15172300
2024-06-24,149.0,149.72000122070312,148.1699981689453,149.1199951171875,140.20278930664062,6914700
2024-06-25,149.17999267578125,149.1999969482422,146.94000244140625,147.19000244140625,138.38821411132812,5912500
2024-06-26,146.1999969482422,147.19000244140625,145.77999877929688,146.82000732421875,138.04037475585938,5267800
2024-06-27,146.8000030517578,147.36000061035156,144.83999633789062,145.8000030517578,137.0813446044922,5739200
2024-06-28,146.0399932861328,147.07000732421875,145.64999389648438,146.16000366210938,137.41981506347656,10495700
2024-07-01,146.07000732421875,148.6999969482422,145.6199951171875,146.44000244140625,137.68310546875,5144400
2024-07-02,146.42999267578125,147.14999389648438,145.74000549316406,146.02999877929688,137.29759216308594,5492000
2024-07-03,146.1999969482422,146.64999389648438,144.74000549316406,145.69000244140625,136.97792053222656,3246200
2024-07-05,145.77000427246094,146.5500030517578,144.5,146.47999572753906,137.72067260742188,4888500
2024-07-08,146.39999389648438,147.22000122070312,145.25,145.47999572753906,136.7804718017578,5260200
2024-07-09,145.6699981689453,147.1300048828125,145.17999267578125,147.0500030517578,138.25660705566406,5890400
2024-07-10,147.25999450683594,149.47000122070312,146.67999267578125,149.42999267578125,140.49424743652344,6093200
2024-07-11,149.5800018310547,150.5800018310547,148.63999938964844,149.6999969482422,140.74813842773438,6350400
2024-07-12,150.0,150.8800048828125,149.24000549316406,149.8800048828125,140.91737365722656,5336400
2024-07-15,150.0800018310547,150.25,148.8699951171875,149.24000549316406,140.31565856933594,6711400
2024-07-16,149.69000244140625,151.0800018310547,149.16000366210938,151.00999450683594,141.97979736328125,6469600
2024-07-17,151.5500030517578,157.49000549316406,151.4199981689453,156.5800018310547,147.2167205810547,13801400
2024-07-18,155.60000610351562,157.07000732421875,154.6199951171875,155.4199981689453,146.12606811523438,10166200
2024-07-19,156.50999450683594,156.50999450683594,154.1199951171875,154.69000244140625,145.43972778320312,7398000
2024-07-22,154.77000427246094,155.11000061035156,153.58999633789062,154.24000549316406,145.0166778564453,6840600
2024-07-23,153.30999755859375,153.5,151.57000732421875,152.35000610351562,143.2396697998047,6261900
2024-07-24,152.75999450683594,156.41000366210938,152.3300018310547,156.27999877929688,146.9346466064453,7168200
2024-07-25,156.47999572753906,160.5800018310547,156.0,159.63999938964844,150.09373474121094,10019600
2024-07-26,159.75,161.5800018310547,159.47000122070312,160.63999938964844,151.03392028808594,8356900
2024-07-29,159.97000122070312,160.0,158.0500030517578,158.55999755859375,149.0783233642578,5625000
2024-07-30,158.5399932861328,161.5500030517578,158.36000061035156,161.3300018310547,151.6826629638672,6545700
2024-07-31,159.85000610351562,160.35000610351562,157.74000549316406,157.85000610351562,148.4107666015625,8293200
2024-08-01,158.47999572753906,160.80999755859375,157.7100067138672,160.75999450683594,151.14675903320312,7213400
2024-08-02,161.89999389648438,164.85000610351562,161.0,164.13999938964844,154.3246307373047,11280400
2024-08-05,163.7899932861328,165.77999877929688,160.5800018310547,161.25,151.60745239257812,12032200
2024-08-06,161.0500030517578,161.47999572753906,158.94000244140625,158.97000122070312,149.4637908935547,7607100
2024-08-07,158.8699951171875,160.6199951171875,158.19000244140625,158.89999389648438,149.39797973632812,5993000
2024-08-08,158.57000732421875,160.6999969482422,158.02999877929688,160.22000122070312,150.63905334472656,5094800
2024-08-09,160.1199951171875,160.92999267578125,159.33999633789062,160.6199951171875,151.01513671875,4579200
2024-08-12,160.97000122070312,161.6999969482422,158.7100067138672,159.8800048828125,150.31936645507812,7605400
2024-08-13,160.27000427246094,160.3699951171875,156.44000244140625,158.38999938964844,148.91847229003906,9711400
2024-08-14,157.8300018310547,159.5500030517578,157.39999389648438,158.47999572753906,149.0031280517578,5141200
2024-08-15,158.3699951171875,159.5,157.83999633789062,159.08999633789062,149.57662963867188,7237800
2024-08-16,159.13999938964844,159.94000244140625,158.17999267578125,159.38999938964844,149.85870361328125,5012800
2024-08-19,159.4600067138672,160.2899932861328,159.1300048828125,159.6300048828125,150.0843505859375,4408400
2024-08-20,160.0,160.92999267578125,159.6699981689453,160.16000366210938,150.58262634277344,7275100
2024-08-21,160.39999389648438,161.47999572753906,160.30999755859375,161.42999267578125,151.77667236328125,5019400
2024-08-22,162.0,162.49000549316406,160.7899932861328,162.35000610351562,152.6416778564453,6552100
2024-08-23,162.5,164.22000122070312,161.6999969482422,164.1300048828125,154.31521606445312,7093400
2024-08-26,164.1699981689453,165.7100067138672,163.5399932861328,164.61000061035156,154.7665557861328,6870600
2024-08-27,163.5,164.0399932861328,162.16000366210938,162.9499969482422,154.36865234375,4388700
2024-08-28,163.0,165.0,162.7100067138672,163.9199981689453,155.28758239746094,5187000
2024-08-29,164.6300048828125,164.72000122070312,163.36000061035156,164.22999572753906,155.58123779296875,7390100
2024-08-30,164.1199951171875,165.97999572753906,163.80999755859375,165.86000061035156,157.1254119873047,7971000
2024-09-03,165.24000549316406,167.80999755859375,164.77000427246094,167.16000366210938,158.35696411132812,6956500
2024-09-04,167.80999755859375,168.85000610351562,166.0399932861328,167.36000061035156,158.54641723632812,6939100
2024-09-05,167.1999969482422,167.3699951171875,164.8300018310547,164.99000549316406,156.30123901367188,4600400
2024-09-06,165.17999267578125,165.94000244140625,164.1199951171875,164.3800048828125,155.7233428955078,6016900
2024-09-09,164.83999633789062,167.41000366210938,164.47000122070312,166.61000061035156,157.83590698242188,7538200
2024-09-10,167.5,168.4600067138672,166.75,167.3800048828125,158.5653533935547,6559600
2024-09-11,166.7899932861328,166.7899932861328,164.08999633789062,164.82000732421875,156.14016723632812,5920200
2024-09-12,164.1999969482422,165.10000610351562,162.7100067138672,164.63999938964844,155.96963500976562,4540900
2024-09-13,164.74000549316406,165.75,163.82000732421875,165.52000427246094,156.80331420898438,3693400
2024-09-16,166.36000061035156,167.25,165.77999877929688,166.99000549316406,158.19590759277344,5187800
2024-09-17,166.24000549316406,167.72000122070312,165.92999267578125,167.07000732421875,158.27171325683594,5066500
2024-09-18,166.6300048828125,168.35000610351562,165.74000549316406,166.14999389648438,157.40013122558594,4722800
2024-09-19,166.22999572753906,166.3699951171875,164.4199981689453,164.82000732421875,156.14016723632812,4956100
2024-09-20,164.3000030517578,164.8699951171875,163.5500030517578,164.16000366210938,155.5149383544922,11839000
2024-09-23,164.39999389648438,164.5,162.72000122070312,163.22000122070312,154.6244354248047,4671600
2024-09-24,162.7899932861328,163.49000549316406,161.5500030517578,162.77999877929688,154.20761108398438,6041600
2024-09-25,163.0,163.32000732421875,160.36000061035156,160.60000610351562,152.1424102783203,5420000
2024-09-26,160.24000549316406,161.5399932861328,160.02000427246094,161.38999938964844,152.89080810546875,6122000
2024-09-27,162.0,163.42999267578125,161.33999633789062,161.39999389648438,152.9002685546875,7553800
2024-09-30,161.57000732421875,162.17999267578125,160.67999267578125,162.05999755859375,153.52552795410156,6010000
2024-10-01,162.42999267578125,162.75,161.17999267578125,161.99000549316406,153.459228515625,4408000
2024-10-02,161.50999450683594,162.1199951171875,160.64999389648438,161.1699981689453,152.682373046875,4684400
2024-10-03,160.77999877929688,161.44000244140625,160.22000122070312,160.5,152.04766845703125,4791200
2024-10-04,159.6300048828125,160.5,158.77999877929688,160.2899932861328,151.84873962402344,5331100
2024-10-07,160.25,160.86000061035156,159.22000122070312,159.52999877929688,151.12876892089844,4266000
2024-10-08,159.49000549316406,160.25,158.9499969482422,159.69000244140625,151.28033447265625,4766300
2024-10-09,159.9199981689453,161.22000122070312,159.50999450683594,160.64999389648438,152.1897735595703,6047200
2024-10-10,161.36000061035156,161.38999938964844,160.0,160.50999450683594,152.05715942382812,4793900
2024-10-11,162.17999267578125,162.66000366210938,161.1999969482422,161.4600067138672,152.95712280273438,5253500
2024-10-14,161.39999389648438,162.13999938964844,160.89999389648438,161.60000610351562,153.08975219726562,5964000
2024-10-15,160.0,166.75,159.0,164.10000610351562,155.45809936523438,10548000
2024-10-16,164.0,164.99000549316406,162.63999938964844,164.27999877929688,155.62860107421875,5982100
2024-10-17,164.25999450683594,165.0,163.6300048828125,164.47000122070312,155.80860900878906,4798000
2024-10-18,164.88999938964844,165.2899932861328,163.92999267578125,165.1199951171875,156.4243621826172,5908000
2024-10-21,165.10000610351562,165.25,162.30999755859375,162.8300018310547,154.2550048828125,6082700
2024-10-22,162.32000732421875,163.72999572753906,161.89999389648438,163.4499969482422,154.84231567382812,5680300
2024-10-23,162.82000732421875,166.0,162.4199981689453,165.86000061035156,157.1254119873047,7441600
2024-10-24,165.0,165.50999450683594,163.33999633789062,163.6699981689453,155.05072021484375,5386300
2024-10-25,163.67999267578125,163.9199981689453,160.61000061035156,160.8800048828125,152.4076690673828,6400400
2024-10-28,161.1300048828125,161.97000122070312,161.0,161.60000610351562,153.08975219726562,4842500
2024-10-29,161.4600067138672,162.1699981689453,160.05999755859375,160.08999633789062,151.65927124023438,5216900
2024-10-30,159.4499969482422,161.27999877929688,159.02999877929688,160.61000061035156,152.15187072753906,5820500
2024-10-31,159.99000549316406,160.8699951171875,159.4600067138672,159.86000061035156,151.44140625,8613900
2024-11-01,160.5800018310547,161.05999755859375,159.8800048828125,160.1300048828125,151.69717407226562,5256400
2024-11-04,159.6999969482422,160.27999877929688,158.07000732421875,158.24000549316406,149.90670776367188,4644000
2024-11-05,157.6699981689453,158.58999633789062,156.35000610351562,158.35000610351562,150.01089477539062,6547100
2024-11-06,159.89999389648438,160.85000610351562,157.35000610351562,157.8800048828125,149.565673828125,8926600
2024-11-07,158.47000122070312,158.75,156.50999450683594,156.72999572753906,148.47621154785156,7522800
2024-11-08,157.0,157.0800018310547,155.41000366210938,155.47000122070312,147.28257751464844,8926100
2024-11-11,155.6199951171875,157.5800018310547,154.91000366210938,155.0399932861328,146.87521362304688,7146800
2024-11-12,154.52999877929688,155.0399932861328,152.3699951171875,152.63999938964844,144.6016082763672,7181400
2024-11-13,152.5,153.50999450683594,151.4199981689453,153.24000549316406,145.17002868652344,7161900
2024-11-14,153.17999267578125,153.58999633789062,150.75999450683594,151.8699951171875,143.8721466064453,7716400
2024-11-15,150.89999389648438,154.42999267578125,150.89999389648438,154.0,145.88998413085938,11328500
2024-11-18,152.58999633789062,155.3300018310547,152.3300018310547,154.77000427246094,146.61944580078125,7510600
2024-11-19,153.9499969482422,153.99000549316406,152.0500030517578,153.0,144.94264221191406,8233700
2024-11-20,153.02999877929688,153.25,151.80999755859375,153.11000061035156,145.04684448242188,9061300
2024-11-21,153.6199951171875,156.05999755859375,152.80999755859375,155.5,147.31100463867188,10141100
2024-11-22,155.89999389648438,157.1199951171875,154.11000061035156,155.1699981689453,146.9983673095703,8266000
2024-11-25,155.1699981689453,157.0399932861328,155.13999938964844,155.77999877929688,147.57626342773438,12256200
2024-11-26,155.16000366210938,155.25,153.16000366210938,154.52000427246094,147.55715942382812,5683500
2024-11-27,154.6300048828125,156.6300048828125,154.60000610351562,155.39999389648438,148.39749145507812,4140400
2024-11-29,154.88999938964844,155.6699981689453,154.1699981689453,155.00999450683594,148.0250701904297,5687800
2024-12-02,154.75,155.0,153.92999267578125,154.8000030517578,147.8245391845703,6946500
2024-12-03,154.8000030517578,154.8000030517578,152.30999755859375,152.36000061035156,145.49449157714844,8674400
2024-12-04,151.2899932861328,151.55999755859375,149.75,150.47000122070312,143.6896514892578,10333100
2024-12-05,150.0,150.3800048828125,148.9499969482422,149.52000427246094,142.78244018554688,7898100
2024-12-06,149.38999938964844,150.0500030517578,148.3800048828125,149.30999755859375,142.58192443847656,8389600
2024-12-09,149.2899932861328,150.88999938964844,148.44000244140625,149.60000610351562,142.85885620117188,8410300
2024-12-10,149.92999267578125,150.8300018310547,148.3300018310547,149.22999572753906,142.50552368164062,9398700
2024-12-11,148.5,148.5,146.3699951171875,146.63999938964844,140.0322265625,13446700
2024-12-12,147.1999969482422,147.77000427246094,146.00999450683594,146.24000549316406,139.65025329589844,6176300
2024-12-13,145.66000366210938,146.92999267578125,145.0399932861328,146.6199951171875,140.01312255859375,8324900
2024-12-16,146.72999572753906,147.25,143.52000427246094,143.85000610351562,137.36795043945312,8732400
2024-12-17,143.83999633789062,146.66000366210938,143.7100067138672,146.41000366210938,139.81260681152344,10343000
2024-12-18,145.67999267578125,146.74000549316406,144.6699981689453,144.75,138.22740173339844,9336100
2024-12-19,144.13999938964844,145.22000122070312,143.3699951171875,143.5800018310547,137.110107421875,9516700
2024-12-20,143.0500030517578,145.47000122070312,142.75,144.47000122070312,137.96002197265625,17702800
2024-12-23,144.6300048828125,145.3300018310547,143.4499969482422,145.27000427246094,138.72396850585938,8720800
2024-12-24,145.0,145.85000610351562,144.3300018310547,145.85000610351562,139.27784729003906,3164100
2024-12-26,145.50999450683594,146.3699951171875,145.08999633789062,145.5800018310547,139.02001953125,4656300
2024-12-27,144.8699951171875,146.60000610351562,144.67999267578125,145.0500030517578,138.51385498046875,5588300
2024-12-30,144.83999633789062,144.8800048828125,142.9499969482422,143.33999633789062,136.8809356689453,6268700
2024-12-31,143.75999450683594,144.6699981689453,143.30999755859375,144.6199951171875,138.1032257080078,5811400
