Date,Open,High,Low,Close,Adj Close,Volume
2013-01-02,36.9900016784668,37.599998474121094,36.65999984741211,37.599998474121094,24.60281753540039,21872400
2013-01-03,37.45000076293945,37.599998474121094,37.11000061035156,37.599998474121094,24.60281753540039,16357900
2013-01-04,37.650001525878906,37.869998931884766,37.52000045776367,37.65999984741211,24.642072677612305,15311300
2013-01-07,37.52000045776367,37.52000045776367,37.099998474121094,37.29999923706055,24.406518936157227,14610200
2013-01-08,37.189998626708984,37.279998779296875,36.90999984741211,37.040000915527344,24.236387252807617,14324300
2013-01-09,37.20000076293945,37.20000076293945,36.83000183105469,37.029998779296875,24.229839324951172,10563700
2013-01-10,37.119998931884766,37.16999816894531,36.7599983215332,36.959999084472656,24.184045791625977,15603700
2013-01-11,36.84000015258789,36.939998626708984,36.52000045776367,36.90999984741211,24.151330947875977,15644800
2013-01-14,36.95000076293945,37.11000061035156,36.79999923706055,36.9900016784668,24.20368003845215,11001500
2013-01-15,36.9900016784668,37.43000030517578,36.79999923706055,37.31999969482422,24.419605255126953,12721600
2013-01-16,37.209999084472656,37.41999816894531,37.119998931884766,37.31999969482422,24.419605255126953,9168000
2013-01-17,37.43000030517578,37.65999984741211,37.33000183105469,37.5099983215332,24.543922424316406,12121800
2013-01-18,37.4900016784668,37.709999084472656,37.310001373291016,37.70000076293945,24.668243408203125,14056100
2013-01-22,37.7400016784668,37.7400016784668,37.04999923706055,37.130001068115234,24.29527473449707,21249400
2013-01-23,37.08000183105469,37.2599983215332,37.040000915527344,37.130001068115234,24.29527473449707,13570200
2013-01-24,37.20000076293945,37.25,37.0,37.11000061035156,24.282190322875977,13258900
2013-01-25,37.18000030517578,37.25,36.90999984741211,37.04999923706055,24.242937088012695,14040700
2013-01-28,37.06999969482422,37.11000061035156,36.86000061035156,37.0099983215332,24.21674919128418,13386500
2013-01-29,36.880001068115234,37.56999969482422,36.86000061035156,37.41999816894531,24.485031127929688,17705800
2013-01-30,37.400001525878906,37.61000061035156,37.31999969482422,37.5,24.537391662597656,13219400
2013-01-31,37.529998779296875,37.529998779296875,37.11000061035156,37.2400016784668,24.36725425720215,12969100
2013-02-01,37.540000915527344,37.709999084472656,37.369998931884766,37.540000915527344,24.563552856445312,11932600
2013-02-04,37.47999954223633,37.58000183105469,37.29999923706055,37.349998474121094,24.439231872558594,9456300
2013-02-05,37.560001373291016,38.15999984741211,37.560001373291016,38.13999938964844,24.956153869628906,17897300
2013-02-06,38.130001068115234,38.43000030517578,38.0,38.310001373291016,25.0673828125,16823700
2013-02-07,38.41999816894531,39.060001373291016,38.349998474121094,38.90999984741211,25.459980010986328,18805300
2013-02-08,38.849998474121094,38.939998626708984,38.599998474121094,38.77000045776367,25.36837387084961,12308000
2013-02-11,38.709999084472656,38.83000183105469,38.40999984741211,38.61000061035156,25.263696670532227,12159900
2013-02-12,38.11000061035156,38.15999984741211,37.279998779296875,37.560001373291016,24.576641082763672,30700500
2013-02-13,37.66999816894531,37.939998626708984,37.0099983215332,37.209999084472656,24.34762954711914,19943800
2013-02-14,37.2400016784668,37.5099983215332,36.70000076293945,36.84000015258789,24.10552406311035,22748600
2013-02-15,36.939998626708984,37.41999816894531,36.540000915527344,37.41999816894531,24.485031127929688,25204300
2013-02-19,37.5099983215332,37.77000045776367,37.459999084472656,37.66999816894531,24.648622512817383,14850600
2013-02-20,37.70000076293945,37.880001068115234,37.40999984741211,37.72999954223633,24.68787384033203,12949300
2013-02-21,37.619998931884766,37.790000915527344,37.43000030517578,37.709999084472656,24.67479133605957,14135100
2013-02-22,37.7599983215332,38.52000045776367,37.709999084472656,38.52000045776367,25.204792022705078,20102800
2013-02-25,38.560001373291016,38.720001220703125,37.720001220703125,37.720001220703125,24.681339263916016,15874600
2013-02-26,37.95000076293945,38.189998626708984,37.779998779296875,38.11000061035156,24.9365234375,15770000
2013-02-27,38.029998779296875,38.540000915527344,37.91999816894531,38.45000076293945,25.158994674682617,14271100
2013-02-28,38.470001220703125,38.970001220703125,38.41999816894531,38.720001220703125,25.335662841796875,19005500
2013-03-01,38.4900016784668,38.790000915527344,38.4900016784668,38.70000076293945,25.32257652282715,13724500
2013-03-04,38.599998474121094,38.81999969482422,38.45000076293945,38.81999969482422,25.401098251342773,9934300
2013-03-05,38.97999954223633,39.0,38.560001373291016,38.68000030517578,25.30948829650879,13240700
2013-03-06,38.79999923706055,39.040000915527344,38.70000076293945,39.02000045776367,25.531959533691406,11653900
2013-03-07,39.040000915527344,39.189998626708984,38.84000015258789,39.119998931884766,25.59739112854004,15094900
2013-03-08,39.16999816894531,39.41999816894531,39.029998779296875,39.220001220703125,25.66282844543457,11183600
2013-03-11,39.20000076293945,39.380001068115234,39.18000030517578,39.310001373291016,25.721715927124023,9200400
2013-03-12,39.279998779296875,39.310001373291016,38.79999923706055,38.959999084472656,25.492704391479492,11375900
2013-03-13,38.81999969482422,38.869998931884766,38.54999923706055,38.59000015258789,25.433382034301758,14358300
2013-03-14,38.81999969482422,39.119998931884766,38.65999984741211,39.02000045776367,25.716779708862305,14572500
2013-03-15,38.81999969482422,38.939998626708984,38.65999984741211,38.83000183105469,25.59156608581543,20781900
2013-03-18,38.61000061035156,38.939998626708984,38.56999969482422,38.7599983215332,25.545433044433594,11479900
2013-03-19,38.91999816894531,39.400001525878906,38.81999969482422,39.33000183105469,25.921092987060547,15192000
2013-03-20,39.400001525878906,39.91999816894531,39.36000061035156,39.869998931884766,26.27698516845703,19271900
2013-03-21,39.849998474121094,40.43000030517578,39.7599983215332,40.06999969482422,26.408798217773438,23063600
2013-03-22,39.97999954223633,40.279998779296875,39.88999938964844,40.040000915527344,26.389034271240234,16128500
2013-03-25,40.11000061035156,40.25,39.959999084472656,40.119998931884766,26.441755294799805,15718400
2013-03-26,40.130001068115234,40.70000076293945,40.130001068115234,40.689998626708984,26.817420959472656,13666500
2013-03-27,40.45000076293945,40.540000915527344,40.060001373291016,40.220001220703125,26.50767707824707,14559900
2013-03-28,40.380001068115234,40.599998474121094,40.02000045776367,40.439998626708984,26.652658462524414,14227200
2013-04-01,40.38999938964844,40.4900016784668,40.16999816894531,40.45000076293945,26.65924835205078,8200500
2013-04-02,40.43000030517578,40.900001525878906,40.41999816894531,40.720001220703125,26.83719825744629,13359200
2013-04-03,40.779998779296875,40.81999969482422,40.08000183105469,40.16999816894531,26.47471046447754,13639200
2013-04-04,40.27000045776367,40.59000015258789,40.20000076293945,40.540000915527344,26.718563079833984,11435900
2013-04-05,40.209999084472656,40.36000061035156,40.0099983215332,40.08000183105469,26.4153995513916,10729500
2013-04-08,40.060001373291016,40.869998931884766,39.77000045776367,40.86000061035156,26.929475784301758,22757900
2013-04-09,40.810001373291016,41.130001068115234,40.5099983215332,40.709999084472656,26.830615997314453,21056100
2013-04-10,40.779998779296875,41.16999816894531,40.709999084472656,41.06999969482422,27.067869186401367,9703700
2013-04-11,41.130001068115234,41.40999984741211,41.060001373291016,41.18000030517578,27.140356063842773,10962500
2013-04-12,40.90999984741211,41.11000061035156,40.68000030517578,41.08000183105469,27.0744686126709,10394700
2013-04-15,40.849998474121094,40.9900016784668,40.04999923706055,40.09000015258789,26.4219913482666,16050600
2013-04-16,41.400001525878906,42.47999954223633,41.25,42.369998931884766,27.924667358398438,32135700
2013-04-17,42.13999938964844,42.70000076293945,42.029998779296875,42.54999923706055,28.043291091918945,24208000
2013-04-18,42.47999954223633,42.650001525878906,42.09000015258789,42.099998474121094,27.746706008911133,16034200
2013-04-19,42.279998779296875,42.77000045776367,42.20000076293945,42.65999984741211,28.11579704284668,13875800
2013-04-22,42.52000045776367,42.849998474121094,42.400001525878906,42.720001220703125,28.155319213867188,10544100
2013-04-23,42.779998779296875,42.959999084472656,42.2599983215332,42.70000076293945,28.142141342163086,11216200
2013-04-24,42.63999938964844,42.900001525878906,42.099998474121094,42.150001525878906,27.779666900634766,11368200
2013-04-25,42.2599983215332,42.540000915527344,42.08000183105469,42.349998474121094,27.911470413208008,10197100
2013-04-26,42.18000030517578,42.43000030517578,42.09000015258789,42.099998474121094,27.746706008911133,15159800
2013-04-29,42.2400016784668,42.290000915527344,41.91999816894531,42.2400016784668,27.83897590637207,11311100
2013-04-30,42.150001525878906,42.38999938964844,41.880001068115234,42.33000183105469,27.898296356201172,13432200
2013-05-01,42.150001525878906,42.560001373291016,42.13999938964844,42.209999084472656,27.819202423095703,8710600
2013-05-02,41.65999984741211,42.15999984741211,41.4900016784668,41.959999084472656,27.65444564819336,18709600
2013-05-03,42.16999816894531,42.41999816894531,41.959999084472656,42.2400016784668,27.83897590637207,11757800
2013-05-06,42.290000915527344,42.290000915527344,41.869998931884766,42.08000183105469,27.733524322509766,9356100
2013-05-07,42.209999084472656,42.709999084472656,42.150001525878906,42.70000076293945,28.142141342163086,13785300
2013-05-08,42.540000915527344,42.68000030517578,42.15999984741211,42.459999084472656,27.98397445678711,12636300
2013-05-09,42.5099983215332,42.560001373291016,42.0,42.119998931884766,27.759883880615234,10113700
2013-05-10,42.11000061035156,42.2400016784668,41.849998474121094,42.150001525878906,27.779666900634766,9927000
2013-05-13,42.13999938964844,42.439998626708984,42.0,42.189998626708984,27.806039810180664,9291000
2013-05-14,42.18000030517578,42.66999816894531,42.0099983215332,42.52000045776367,28.023521423339844,13023900
2013-05-15,42.5,43.099998474121094,42.38999938964844,42.91999816894531,28.28714942932129,12306200
2013-05-16,42.90999984741211,43.43000030517578,42.790000915527344,43.09000015258789,28.399187088012695,12330000
2013-05-17,43.04999923706055,43.130001068115234,42.560001373291016,42.970001220703125,28.320096969604492,12611200
2013-05-20,42.95000076293945,42.95000076293945,42.29999923706055,42.380001068115234,27.931251525878906,9966000
2013-05-21,42.47999954223633,42.560001373291016,42.06999969482422,42.34000015258789,27.90489387512207,9148800
2013-05-22,42.279998779296875,42.86000061035156,42.040000915527344,42.25,27.84557342529297,13615600
2013-05-23,41.93000030517578,42.06999969482422,41.560001373291016,41.93000030517578,27.634662628173828,10934200
2013-05-24,41.540000915527344,42.369998931884766,41.5,42.2400016784668,27.83897590637207,11542100
2013-05-28,42.599998474121094,43.04999923706055,42.400001525878906,42.54999923706055,28.043291091918945,14412100
2013-05-29,42.34000015258789,42.43000030517578,41.310001373291016,41.400001525878906,27.285367965698242,16986600
2013-05-30,41.4900016784668,41.599998474121094,40.75,40.77000045776367,26.87015151977539,20874500
2013-05-31,40.650001525878906,40.77000045776367,39.9900016784668,39.9900016784668,26.3560848236084,26184400
2013-06-03,39.95000076293945,40.84000015258789,39.630001068115234,40.810001373291016,26.89652442932129,16577200
2013-06-04,41.59000015258789,41.720001220703125,40.95000076293945,41.41999816894531,27.29853630065918,19241000
2013-06-05,41.400001525878906,41.400001525878906,40.599998474121094,40.650001525878906,26.79106330871582,16429300
2013-06-06,40.54999923706055,40.790000915527344,40.310001373291016,40.790000915527344,26.883337020874023,11171600
2013-06-07,41.20000076293945,41.72999954223633,40.97999954223633,41.40999984741211,27.291959762573242,14459600
2013-06-10,41.5,41.52000045776367,41.040000915527344,41.18000030517578,27.140356063842773,11247400
2013-06-11,40.880001068115234,40.97999954223633,40.400001525878906,40.790000915527344,26.883337020874023,16491600
2013-06-12,40.790000915527344,40.939998626708984,40.279998779296875,40.38999938964844,26.803701400756836,11611100
2013-06-13,40.310001373291016,40.47999954223633,39.68000030517578,40.40999984741211,26.81696319580078,17861200
2013-06-14,40.380001068115234,40.790000915527344,40.2599983215332,40.34000015258789,26.7705135345459,13635100
2013-06-17,40.540000915527344,40.90999984741211,40.400001525878906,40.68000030517578,26.996150970458984,12409200
2013-06-18,40.70000076293945,40.9900016784668,40.56999969482422,40.93000030517578,27.16205596923828,9893100
2013-06-19,41.0099983215332,41.439998626708984,40.40999984741211,40.40999984741211,26.81696319580078,16936100
2013-06-20,40.27000045776367,40.349998474121094,38.970001220703125,39.130001068115234,25.967546463012695,24899700
2013-06-21,39.630001068115234,39.970001220703125,39.29999923706055,39.7599983215332,26.385616302490234,21938300
2013-06-24,39.45000076293945,40.0099983215332,39.130001068115234,39.529998779296875,26.232986450195312,16433700
2013-06-25,39.81999969482422,39.93000030517578,39.439998626708984,39.720001220703125,26.359079360961914,12942100
2013-06-26,40.08000183105469,40.47999954223633,40.060001373291016,40.33000183105469,26.763885498046875,13855600
2013-06-27,40.650001525878906,40.880001068115234,40.2400016784668,40.2599983215332,26.717432022094727,11459100
2013-06-28,40.25,40.439998626708984,40.099998474121094,40.11000061035156,26.617887496948242,16316000
2013-07-01,40.5,40.91999816894531,40.36000061035156,40.459999084472656,26.85015869140625,10754300
2013-07-02,40.470001220703125,40.7400016784668,40.18000030517578,40.369998931884766,26.79042625427246,12248300
2013-07-03,40.2400016784668,40.560001373291016,40.029998779296875,40.4900016784668,26.870065689086914,5264800
2013-07-05,40.720001220703125,40.79999923706055,40.150001525878906,40.52000045776367,26.889972686767578,10402200
2013-07-08,40.650001525878906,40.7599983215332,40.41999816894531,40.540000915527344,26.903240203857422,9936300
2013-07-09,40.86000061035156,41.06999969482422,40.720001220703125,40.83000183105469,27.095699310302734,8760500
2013-07-10,40.91999816894531,40.959999084472656,40.529998779296875,40.68000030517578,26.996150970458984,9539300
2013-07-11,41.0,41.150001525878906,40.7400016784668,41.029998779296875,27.22842788696289,13489600
2013-07-12,41.029998779296875,41.130001068115234,40.72999954223633,41.029998779296875,27.22842788696289,10686400
2013-07-15,41.04999923706055,41.25,40.93000030517578,41.0099983215332,27.21514320373535,11418400
2013-07-16,39.779998779296875,40.5,39.5,40.22999954223633,26.69751739501953,33575600
2013-07-17,40.54999923706055,40.97999954223633,40.310001373291016,40.84000015258789,27.102327346801758,18513100
2013-07-18,40.86000061035156,41.06999969482422,40.7400016784668,40.810001373291016,27.08242416381836,9708800
2013-07-19,40.880001068115234,41.099998474121094,40.790000915527344,41.09000015258789,27.268234252929688,11401100
2013-07-22,41.08000183105469,41.13999938964844,40.7599983215332,40.84000015258789,27.102327346801758,9425100
2013-07-23,40.95000076293945,41.130001068115234,40.790000915527344,40.959999084472656,27.181968688964844,9400900
2013-07-24,41.119998931884766,41.130001068115234,40.75,40.86000061035156,27.1156063079834,10511000
2013-07-25,40.810001373291016,40.880001068115234,40.47999954223633,40.84000015258789,27.102327346801758,9147300
2013-07-26,40.650001525878906,40.650001525878906,40.0099983215332,40.63999938964844,26.9696044921875,12279600
2013-07-29,40.61000061035156,40.68000030517578,40.2599983215332,40.279998779296875,26.730695724487305,10132000
2013-07-30,40.41999816894531,40.72999954223633,40.25,40.31999969482422,26.757244110107422,10769400
2013-07-31,40.40999984741211,40.58000183105469,40.060001373291016,40.08000183105469,26.597978591918945,13557100
2013-08-01,40.400001525878906,40.75,40.400001525878906,40.56999969482422,26.923160552978516,12001100
2013-08-02,40.029998779296875,40.40999984741211,39.90999984741211,40.220001220703125,26.690898895263672,25516600
2013-08-05,40.18000030517578,40.470001220703125,40.18000030517578,40.290000915527344,26.737337112426758,9933200
2013-08-06,40.22999954223633,40.43000030517578,40.060001373291016,40.369998931884766,26.79042625427246,8645600
2013-08-07,40.310001373291016,40.33000183105469,40.060001373291016,40.150001525878906,26.644428253173828,9301800
2013-08-08,40.29999923706055,40.36000061035156,40.02000045776367,40.20000076293945,26.677608489990234,9481100
2013-08-09,40.25,40.31999969482422,40.04999923706055,40.15999984741211,26.65106773376465,9021600
2013-08-12,40.040000915527344,40.099998474121094,39.709999084472656,39.83000183105469,26.43206787109375,13970000
2013-08-13,39.93000030517578,40.04999923706055,39.5,39.650001525878906,26.3126220703125,13548700
2013-08-14,39.59000015258789,39.68000030517578,39.349998474121094,39.529998779296875,26.232986450195312,13787100
2013-08-15,39.29999923706055,39.400001525878906,39.02000045776367,39.09000015258789,25.940988540649414,14227800
2013-08-16,39.029998779296875,39.18000030517578,38.709999084472656,39.04999923706055,25.91443634033203,20565200
2013-08-19,39.04999923706055,39.09000015258789,38.689998626708984,38.779998779296875,25.735267639160156,11913000
2013-08-20,38.849998474121094,39.13999938964844,38.650001525878906,38.650001525878906,25.64899444580078,10238200
2013-08-21,38.630001068115234,38.70000076293945,38.25,38.279998779296875,25.403453826904297,15799000
2013-08-22,38.31999969482422,38.52000045776367,38.099998474121094,38.310001373291016,25.423358917236328,10307900
2013-08-23,38.61000061035156,38.61000061035156,38.369998931884766,38.52000045776367,25.562721252441406,11302800
2013-08-26,38.599998474121094,38.599998474121094,38.11000061035156,38.119998931884766,25.29726791381836,12740600
2013-08-27,37.97999954223633,38.2400016784668,37.79999923706055,38.150001525878906,25.317190170288086,16742500
2013-08-28,38.060001373291016,38.529998779296875,38.04999923706055,38.349998474121094,25.449907302856445,19245200
2013-08-29,38.470001220703125,38.470001220703125,38.099998474121094,38.099998474121094,25.28400230407715,14215700
2013-08-30,38.15999984741211,38.279998779296875,38.0,38.18000030517578,25.33708953857422,14296600
2013-09-03,38.27000045776367,38.400001525878906,37.79999923706055,37.900001525878906,25.151288986206055,19068500
2013-09-04,37.880001068115234,38.72999954223633,37.810001373291016,38.540000915527344,25.576005935668945,19138600
2013-09-05,38.630001068115234,38.689998626708984,38.060001373291016,38.2400016784668,25.376911163330078,14290500
2013-09-06,38.380001068115234,38.619998931884766,38.099998474121094,38.349998474121094,25.449907302856445,13976900
2013-09-09,38.52000045776367,38.54999923706055,38.27000045776367,38.52000045776367,25.562721252441406,10605500
2013-09-10,38.77000045776367,38.779998779296875,38.5099983215332,38.630001068115234,25.635723114013672,11757300
2013-09-11,38.68000030517578,38.779998779296875,38.529998779296875,38.779998779296875,25.735267639160156,11996500
2013-09-12,38.59000015258789,38.61000061035156,38.279998779296875,38.439998626708984,25.69515609741211,12114100
2013-09-13,38.560001373291016,38.7400016784668,38.41999816894531,38.689998626708984,25.86227035522461,11623600
2013-09-16,39.029998779296875,39.20000076293945,38.7400016784668,38.86000061035156,25.975908279418945,13351500
2013-09-17,38.810001373291016,39.09000015258789,38.790000915527344,38.790000915527344,25.92912483215332,12881700
2013-09-18,38.810001373291016,39.599998474121094,38.58000183105469,39.59000015258789,26.463882446289062,18030500
2013-09-19,39.63999938964844,39.66999816894531,39.150001525878906,39.310001373291016,26.276710510253906,14251700
2013-09-20,39.33000183105469,39.400001525878906,38.779998779296875,39.400001525878906,26.336877822875977,30675300
2013-09-23,39.15999984741211,39.189998626708984,38.439998626708984,38.630001068115234,25.822166442871094,19016200
2013-09-24,38.720001220703125,38.869998931884766,38.52000045776367,38.529998779296875,25.755325317382812,15083300
2013-09-25,38.650001525878906,38.68000030517578,38.29999923706055,38.33000183105469,25.621631622314453,11446100
2013-09-26,38.4900016784668,38.7400016784668,38.38999938964844,38.7400016784668,25.89569854736328,10941100
2013-09-27,38.56999969482422,38.58000183105469,38.150001525878906,38.400001525878906,25.668424606323242,12609600
2013-09-30,38.189998626708984,38.29999923706055,37.75,37.880001068115234,25.320825576782227,18101500
2013-10-01,38.0,38.09000015258789,37.619998931884766,37.95000076293945,25.367616653442383,13196000
2013-10-02,37.810001373291016,37.810001373291016,37.209999084472656,37.43000030517578,25.020029067993164,25664200
2013-10-03,37.459999084472656,37.459999084472656,37.130001068115234,37.15999984741211,24.83954429626465,14437900
2013-10-04,37.25,37.27000045776367,36.90999984741211,37.20000076293945,24.866291046142578,17217500
2013-10-07,37.08000183105469,37.380001068115234,36.83000183105469,37.04999923706055,24.766019821166992,16708600
2013-10-08,37.099998474121094,37.40999984741211,36.900001525878906,37.279998779296875,24.919757843017578,20471300
2013-10-09,37.380001068115234,37.41999816894531,37.0099983215332,37.08000183105469,24.78607177734375,18998900
2013-10-10,37.77000045776367,37.86000061035156,37.45000076293945,37.779998779296875,25.253982543945312,17174400
2013-10-11,37.91999816894531,37.91999816894531,37.52000045776367,37.77000045776367,25.247297286987305,14266900
2013-10-14,37.560001373291016,37.95000076293945,37.5099983215332,37.90999984741211,25.340885162353516,14202900
2013-10-15,38.18000030517578,38.369998931884766,37.599998474121094,37.65999984741211,25.17376708984375,21676600
2013-10-16,38.0099983215332,38.2400016784668,37.779998779296875,38.0,25.401044845581055,17995100
2013-10-17,38.060001373291016,38.560001373291016,38.0099983215332,38.54999923706055,25.768686294555664,15900200
2013-10-18,38.58000183105469,38.779998779296875,38.41999816894531,38.779998779296875,25.922435760498047,18896600
2013-10-21,38.95000076293945,38.95000076293945,38.599998474121094,38.81999969482422,25.949176788330078,12977500
2013-10-22,38.86000061035156,39.25,38.689998626708984,39.09000015258789,26.12965202331543,17110200
2013-10-23,39.08000183105469,39.25,38.79999923706055,39.09000015258789,26.12965202331543,12591800
2013-10-24,39.150001525878906,39.369998931884766,38.7599983215332,38.79999923706055,25.935800552368164,17143800
2013-10-25,38.84000015258789,39.130001068115234,38.630001068115234,39.029998779296875,26.089540481567383,14383400
2013-10-28,39.02000045776367,39.7400016784668,38.9900016784668,39.61000061035156,26.47724151611328,16552100
2013-10-29,39.56999969482422,39.959999084472656,39.349998474121094,39.79999923706055,26.604257583618164,14199600
2013-10-30,39.880001068115234,39.88999938964844,39.5099983215332,39.619998931884766,26.48393440246582,12360000
2013-10-31,39.5099983215332,39.86000061035156,39.5099983215332,39.56999969482422,26.45050811767578,14853500
2013-11-01,39.56999969482422,39.720001220703125,39.33000183105469,39.61000061035156,26.47724151611328,12430400
2013-11-04,39.709999084472656,39.810001373291016,39.29999923706055,39.5099983215332,26.4103946685791,10252100
2013-11-05,39.36000061035156,39.63999938964844,39.220001220703125,39.5,26.40371322631836,10575000
2013-11-06,39.619998931884766,40.220001220703125,39.41999816894531,40.04999923706055,26.771364212036133,17198000
2013-11-07,40.08000183105469,40.25,39.7599983215332,39.83000183105469,26.62430191040039,16233200
2013-11-08,39.7400016784668,40.04999923706055,39.4900016784668,40.04999923706055,26.771364212036133,11903600
2013-11-11,40.0099983215332,40.04999923706055,39.77000045776367,39.869998931884766,26.651039123535156,9567800
2013-11-12,39.90999984741211,39.9900016784668,39.619998931884766,39.880001068115234,26.65772819519043,10509200
2013-11-13,39.81999969482422,40.119998931884766,39.650001525878906,40.119998931884766,26.81814956665039,11770500
2013-11-14,40.09000015258789,40.439998626708984,40.029998779296875,40.209999084472656,26.878313064575195,10887200
2013-11-15,40.15999984741211,40.31999969482422,39.959999084472656,40.220001220703125,26.885009765625,12021500
2013-11-18,40.2400016784668,40.2400016784668,40.0,40.16999816894531,26.85157585144043,9553900
2013-11-19,40.13999938964844,40.22999954223633,39.91999816894531,40.13999938964844,26.831527709960938,11014800
2013-11-20,40.04999923706055,40.45000076293945,39.939998626708984,40.060001373291016,26.778045654296875,14422500
2013-11-21,40.20000076293945,40.4900016784668,40.099998474121094,40.43000030517578,27.025381088256836,26364300
2013-11-22,40.34000015258789,40.459999084472656,40.09000015258789,40.43000030517578,27.025381088256836,26396500
2013-11-25,40.47999954223633,40.880001068115234,40.33000183105469,40.369998931884766,26.985267639160156,14059100
2013-11-26,40.4900016784668,40.599998474121094,40.2400016784668,40.25,26.905052185058594,14240400
2013-11-27,40.09000015258789,40.380001068115234,39.689998626708984,40.189998626708984,27.053142547607422,9909100
2013-11-29,40.27000045776367,40.47999954223633,40.11000061035156,40.189998626708984,27.053142547607422,8641100
2013-12-02,40.099998474121094,40.20000076293945,39.75,40.08000183105469,26.979103088378906,16738800
2013-12-03,40.04999923706055,40.38999938964844,40.0099983215332,40.349998474121094,27.16084861755371,16592300
2013-12-04,40.20000076293945,40.470001220703125,39.939998626708984,40.369998931884766,27.174304962158203,13196100
2013-12-05,40.279998779296875,40.400001525878906,39.79999923706055,39.83000183105469,26.810815811157227,18171200
2013-12-06,40.04999923706055,40.5,40.04999923706055,40.459999084472656,27.234893798828125,12557100
2013-12-09,40.400001525878906,40.5,40.20000076293945,40.400001525878906,27.194503784179688,12237100
2013-12-10,40.2599983215332,40.290000915527344,39.75,39.849998474121094,26.824277877807617,15967800
2013-12-11,39.95000076293945,40.34000015258789,39.88999938964844,40.130001068115234,27.01275634765625,14963500
2013-12-12,39.9900016784668,40.209999084472656,39.18000030517578,39.209999084472656,26.393474578857422,19817700
2013-12-13,39.470001220703125,39.63999938964844,39.209999084472656,39.22999954223633,26.40693473815918,14037400
2013-12-16,39.459999084472656,39.56999969482422,39.20000076293945,39.27000045776367,26.433868408203125,14562100
2013-12-17,39.119998931884766,39.25,38.869998931884766,39.099998474121094,26.319438934326172,17655700
2013-12-18,39.2599983215332,40.08000183105469,39.0,40.02000045776367,26.9387149810791,23884500
2013-12-19,39.970001220703125,40.099998474121094,39.560001373291016,39.86000061035156,26.831003189086914,14791800
2013-12-20,39.91999816894531,40.189998626708984,39.849998474121094,40.040000915527344,26.952167510986328,22237200
2013-12-23,40.099998474121094,40.2400016784668,39.869998931884766,40.15999984741211,27.032943725585938,10943200
2013-12-24,40.16999816894531,40.310001373291016,40.099998474121094,40.189998626708984,27.053142547607422,4783800
2013-12-26,40.220001220703125,40.540000915527344,40.13999938964844,40.4900016784668,27.255081176757812,8588300
2013-12-27,40.689998626708984,40.790000915527344,40.529998779296875,40.65999984741211,27.36951446533203,6762200
2013-12-30,40.77000045776367,41.13999938964844,40.7599983215332,41.09000015258789,27.658958435058594,10927500
2013-12-31,41.130001068115234,41.38999938964844,40.97999954223633,41.310001373291016,27.80704116821289,11729200
2014-01-02,41.119998931884766,41.22999954223633,40.5099983215332,40.65999984741211,27.36951446533203,12698600
2014-01-03,40.68000030517578,40.72999954223633,40.349998474121094,40.459999084472656,27.234893798828125,10403400
2014-01-06,40.47999954223633,40.59000015258789,40.15999984741211,40.27000045776367,27.106998443603516,11036300
2014-01-07,40.47999954223633,40.720001220703125,40.290000915527344,40.38999938964844,27.18777084350586,11872300
2014-01-08,40.439998626708984,40.439998626708984,39.83000183105469,39.939998626708984,26.88486099243164,15339600
2014-01-09,39.95000076293945,40.0,39.52000045776367,39.72999954223633,26.743505477905273,14070200
2014-01-10,39.959999084472656,40.290000915527344,39.900001525878906,40.130001068115234,27.01275634765625,13290000
2014-01-13,40.0,40.130001068115234,39.5,39.529998779296875,26.608877182006836,14091900
2014-01-14,39.63999938964844,39.91999816894531,39.58000183105469,39.689998626708984,26.71657371520996,12801100
2014-01-15,39.83000183105469,39.939998626708984,39.58000183105469,39.7599983215332,26.763690948486328,12844900
2014-01-16,39.779998779296875,39.81999969482422,39.58000183105469,39.709999084472656,26.73003578186035,11063100
2014-01-17,39.720001220703125,39.75,39.279998779296875,39.279998779296875,26.440595626831055,13992700
2014-01-21,39.63999938964844,39.91999816894531,39.529998779296875,39.91999816894531,26.871395111083984,17579000
2014-01-22,39.9900016784668,40.09000015258789,39.75,39.900001525878906,26.857934951782227,9841700
2014-01-23,39.61000061035156,39.63999938964844,39.119998931884766,39.2400016784668,26.413665771484375,14828100
2014-01-24,39.08000183105469,39.25,38.81999969482422,38.84000015258789,26.1444149017334,16507500
2014-01-27,38.81999969482422,38.97999954223633,38.709999084472656,38.72999954223633,26.07037353515625,14601900
2014-01-28,38.77000045776367,39.08000183105469,38.619998931884766,38.869998931884766,26.16460609436035,8915500
2014-01-29,38.56999969482422,38.56999969482422,37.81999969482422,37.900001525878906,25.511676788330078,23776100
2014-01-30,38.0,38.40999984741211,38.0,38.16999816894531,25.693416595458984,13662000
2014-01-31,37.95000076293945,38.15999984741211,37.720001220703125,37.81999969482422,25.45782470703125,16185000
2014-02-03,38.02000045776367,38.02000045776367,37.099998474121094,37.20000076293945,25.040481567382812,23164900
2014-02-04,37.439998626708984,37.54999923706055,37.209999084472656,37.47999954223633,25.228960037231445,17759700
2014-02-05,37.4900016784668,37.720001220703125,37.380001068115234,37.61000061035156,25.31646728515625,13665200
2014-02-06,38.7599983215332,38.939998626708984,37.91999816894531,38.029998779296875,25.59917449951172,22661500
2014-02-07,38.16999816894531,38.349998474121094,37.869998931884766,37.95000076293945,25.545324325561523,20389000
2014-02-10,38.06999969482422,38.619998931884766,37.84000015258789,38.56999969482422,25.96267318725586,20877200
2014-02-11,38.66999816894531,38.779998779296875,38.5099983215332,38.63999938964844,26.00978660583496,15361300
2014-02-12,38.849998474121094,38.91999816894531,38.400001525878906,38.5099983215332,25.92228889465332,10633400
2014-02-13,38.130001068115234,38.7599983215332,38.130001068115234,38.650001525878906,26.016517639160156,10435600
2014-02-14,38.599998474121094,39.02000045776367,38.27000045776367,38.93000030517578,26.20499610900879,16030100
2014-02-18,37.97999954223633,38.11000061035156,37.2599983215332,37.470001220703125,25.22221565246582,46098500
2014-02-19,37.5,37.599998474121094,37.04999923706055,37.099998474121094,24.973154067993164,26645100
2014-02-20,37.060001373291016,37.52000045776367,36.88999938964844,37.29999923706055,25.107789993286133,22639900
2014-02-21,37.59000015258789,37.619998931884766,37.13999938964844,37.18000030517578,25.027019500732422,19419800
2014-02-24,37.29999923706055,37.599998474121094,37.220001220703125,37.5,25.242433547973633,24223500
2014-02-25,37.630001068115234,37.939998626708984,37.5,37.77000045776367,25.42416000366211,22845500
2014-02-26,37.900001525878906,37.939998626708984,37.720001220703125,37.869998931884766,25.49148941040039,18195100
2014-02-27,37.84000015258789,38.11000061035156,37.79999923706055,38.06999969482422,25.626102447509766,18423400
2014-02-28,38.08000183105469,38.38999938964844,38.040000915527344,38.20000076293945,25.713611602783203,15763200
2014-03-03,37.880001068115234,38.15999984741211,37.849998474121094,38.119998931884766,25.659751892089844,18683400
2014-03-04,38.34000015258789,38.38999938964844,38.22999954223633,38.310001373291016,25.787647247314453,20425200
2014-03-05,38.41999816894531,38.45000076293945,38.25,38.349998474121094,25.814573287963867,14367400
2014-03-06,38.400001525878906,38.54999923706055,38.27000045776367,38.470001220703125,25.89534568786621,14700000
2014-03-07,38.560001373291016,38.61000061035156,38.36000061035156,38.54999923706055,25.94921112060547,17047600
2014-03-10,38.54999923706055,38.650001525878906,38.439998626708984,38.650001525878906,26.016517639160156,14540800
2014-03-11,38.84000015258789,38.84000015258789,38.540000915527344,38.79999923706055,26.11748695373535,13812100
2014-03-12,38.27000045776367,38.5,38.209999084472656,38.470001220703125,26.100522994995117,15673700
2014-03-13,38.45000076293945,38.4900016784668,37.91999816894531,37.970001220703125,25.76129913330078,18302800
2014-03-14,37.95000076293945,38.31999969482422,37.880001068115234,38.16999816894531,25.89698600769043,14687200
2014-03-17,38.16999816894531,38.369998931884766,38.04999923706055,38.27000045776367,25.96483612060547,19203000
2014-03-18,38.27000045776367,38.459999084472656,38.13999938964844,38.400001525878906,26.05303192138672,16880400
2014-03-19,38.36000061035156,38.59000015258789,38.099998474121094,38.13999938964844,25.87664031982422,20882200
2014-03-20,38.11000061035156,38.470001220703125,37.95000076293945,38.45000076293945,26.086952209472656,13228000
2014-03-21,38.779998779296875,38.83000183105469,38.279998779296875,38.439998626708984,26.080171585083008,19189100
2014-03-24,38.47999954223633,38.529998779296875,38.209999084472656,38.400001525878906,26.05303192138672,15693000
2014-03-25,38.4900016784668,38.79999923706055,38.459999084472656,38.619998931884766,26.202295303344727,16898900
2014-03-26,38.689998626708984,38.939998626708984,38.61000061035156,38.61000061035156,26.195518493652344,15835500
2014-03-27,38.5099983215332,39.0,38.47999954223633,38.81999969482422,26.33799171447754,13031500
2014-03-28,38.88999938964844,39.029998779296875,38.81999969482422,38.95000076293945,26.426191329956055,11502100
2014-03-31,38.9900016784668,39.029998779296875,38.459999084472656,38.65999984741211,26.229440689086914,24489800
2014-04-01,38.529998779296875,38.88999938964844,38.310001373291016,38.40999984741211,26.0598201751709,20515700
2014-04-02,38.4900016784668,38.540000915527344,38.29999923706055,38.33000183105469,26.005542755126953,15709100
2014-04-03,38.38999938964844,38.4900016784668,38.040000915527344,38.06999969482422,25.829143524169922,18114000
2014-04-04,38.2400016784668,38.47999954223633,38.13999938964844,38.220001220703125,25.93090057373047,15453600
2014-04-07,38.27000045776367,38.88999938964844,38.2599983215332,38.619998931884766,26.202295303344727,17295700
2014-04-08,38.66999816894531,38.900001525878906,38.47999954223633,38.900001525878906,26.39226531982422,14769900
2014-04-09,38.84000015258789,38.9900016784668,38.70000076293945,38.9900016784668,26.45334243774414,12031400
2014-04-10,38.97999954223633,39.400001525878906,38.81999969482422,38.88999938964844,26.38548469543457,21025700
2014-04-11,38.83000183105469,39.220001220703125,38.56999969482422,38.630001068115234,26.209081649780273,18084200
2014-04-14,38.709999084472656,38.79999923706055,38.400001525878906,38.72999954223633,26.276931762695312,19389800
2014-04-15,39.83000183105469,40.470001220703125,39.5,40.18000030517578,27.26070785522461,47529200
2014-04-16,40.119998931884766,40.59000015258789,40.119998931884766,40.59000015258789,27.538869857788086,21919900
2014-04-17,40.43000030517578,40.720001220703125,40.25,40.720001220703125,27.627073287963867,18547100
2014-04-21,40.470001220703125,40.7599983215332,40.349998474121094,40.75,27.647424697875977,12630900
2014-04-22,40.58000183105469,40.7599983215332,40.41999816894531,40.709999084472656,27.620290756225586,17404900
2014-04-23,40.70000076293945,40.810001373291016,40.560001373291016,40.72999954223633,27.633861541748047,12072500
2014-04-24,40.70000076293945,40.88999938964844,40.459999084472656,40.70000076293945,27.613513946533203,11392600
2014-04-25,40.459999084472656,41.0099983215332,40.439998626708984,41.0099983215332,27.823827743530273,16811400
2014-04-28,40.81999969482422,41.279998779296875,40.7400016784668,41.029998779296875,27.83740234375,20736700
2014-04-29,40.970001220703125,41.029998779296875,40.52000045776367,40.56999969482422,27.525310516357422,18928400
2014-04-30,40.689998626708984,40.880001068115234,40.59000015258789,40.790000915527344,27.674570083618164,12362000
2014-05-01,40.790000915527344,40.79999923706055,40.2599983215332,40.779998779296875,27.667783737182617,15385800
2014-05-02,40.790000915527344,40.959999084472656,40.630001068115234,40.95000076293945,27.783117294311523,14197000
2014-05-05,40.650001525878906,40.93000030517578,40.54999923706055,40.7599983215332,27.65420913696289,10163500
2014-05-06,40.52000045776367,40.65999984741211,40.45000076293945,40.4900016784668,27.471027374267578,9359900
2014-05-07,40.70000076293945,40.970001220703125,40.630001068115234,40.90999984741211,27.755985260009766,11115600
2014-05-08,40.849998474121094,40.959999084472656,40.650001525878906,40.72999954223633,27.633861541748047,8538700
2014-05-09,40.779998779296875,40.95000076293945,40.709999084472656,40.869998931884766,27.728851318359375,8516400
2014-05-12,40.880001068115234,40.970001220703125,40.689998626708984,40.81999969482422,27.69492530822754,8906000
2014-05-13,40.83000183105469,41.220001220703125,40.81999969482422,41.11000061035156,27.89167022705078,11579600
2014-05-14,41.02000045776367,41.18000030517578,40.83000183105469,40.88999938964844,27.742420196533203,10036100
2014-05-15,40.619998931884766,40.959999084472656,40.439998626708984,40.52000045776367,27.49138069152832,12379200
2014-05-16,40.52000045776367,40.90999984741211,40.45000076293945,40.88999938964844,27.742420196533203,13823900
2014-05-19,40.599998474121094,40.72999954223633,40.41999816894531,40.709999084472656,27.620290756225586,7559500
2014-05-20,40.79999923706055,40.93000030517578,40.56999969482422,40.58000183105469,27.532093048095703,9639500
2014-05-21,40.54999923706055,40.880001068115234,40.5,40.869998931884766,27.728851318359375,8607300
2014-05-22,40.77000045776367,40.84000015258789,40.529998779296875,40.58000183105469,27.532093048095703,8430400
2014-05-23,40.630001068115234,40.70000076293945,40.529998779296875,40.58000183105469,27.532093048095703,6255200
2014-05-27,40.560001373291016,40.81999969482422,40.47999954223633,40.77000045776367,27.66100311279297,11282900
2014-05-28,40.70000076293945,40.88999938964844,40.529998779296875,40.58000183105469,27.532093048095703,7536700
2014-05-29,40.68000030517578,40.869998931884766,40.599998474121094,40.65999984741211,27.586366653442383,9867100
2014-05-30,40.540000915527344,40.91999816894531,40.4900016784668,40.90999984741211,27.755985260009766,10446100
2014-06-02,40.75,40.88999938964844,40.68000030517578,40.86000061035156,27.722064971923828,7472100
2014-06-03,40.720001220703125,41.0,40.709999084472656,40.880001068115234,27.73561668395996,10493100
2014-06-04,40.90999984741211,40.91999816894531,40.709999084472656,40.790000915527344,27.674570083618164,7864700
2014-06-05,40.72999954223633,41.0,40.630001068115234,40.88999938964844,27.742420196533203,10131700
2014-06-06,40.939998626708984,41.060001373291016,40.84000015258789,40.9900016784668,27.81026268005371,8760600
2014-06-09,40.849998474121094,41.09000015258789,40.849998474121094,40.90999984741211,27.755985260009766,7316400
2014-06-10,40.84000015258789,41.150001525878906,40.810001373291016,41.06999969482422,27.864534378051758,9168600
2014-06-11,40.97999954223633,41.060001373291016,40.790000915527344,40.86000061035156,27.722064971923828,9648600
2014-06-12,40.40999984741211,40.68000030517578,40.369998931884766,40.41999816894531,27.629779815673828,11583600
2014-06-13,40.38999938964844,40.529998779296875,40.25,40.369998931884766,27.595600128173828,9194600
2014-06-16,40.189998626708984,40.77000045776367,40.150001525878906,40.65999984741211,27.79383087158203,12878200
2014-06-17,41.18000030517578,41.20000076293945,40.61000061035156,40.91999816894531,27.9715633392334,26926600
2014-06-18,40.790000915527344,41.56999969482422,40.75,41.560001373291016,28.409048080444336,18518200
2014-06-19,41.540000915527344,41.869998931884766,41.529998779296875,41.790000915527344,28.566259384155273,13275200
2014-06-20,41.869998931884766,41.880001068115234,41.529998779296875,41.689998626708984,28.497905731201172,23402600
2014-06-23,41.459999084472656,41.7400016784668,41.33000183105469,41.72999954223633,28.525251388549805,13099300
2014-06-24,41.52000045776367,41.88999938964844,41.470001220703125,41.849998474121094,28.607275009155273,14962800
2014-06-25,41.599998474121094,41.97999954223633,41.459999084472656,41.959999084472656,28.68246841430664,17621800
2014-06-26,41.90999984741211,42.04999923706055,41.779998779296875,42.029998779296875,28.730310440063477,16903300
2014-06-27,41.9900016784668,42.290000915527344,41.90999984741211,42.189998626708984,28.839693069458008,18674400
2014-06-30,41.97999954223633,42.4900016784668,41.81999969482422,42.36000061035156,28.95589256286621,14058700
2014-07-01,42.38999938964844,42.45000076293945,42.150001525878906,42.290000915527344,28.908058166503906,11497700
2014-07-02,42.310001373291016,42.40999984741211,42.150001525878906,42.290000915527344,28.908058166503906,6707000
2014-07-03,42.2599983215332,42.31999969482422,42.0099983215332,42.22999954223633,28.867029190063477,7537700
2014-07-07,41.959999084472656,42.20000076293945,41.93000030517578,42.13999938964844,28.805517196655273,8991900
2014-07-08,41.970001220703125,42.25,41.90999984741211,41.939998626708984,28.66879653930664,10090500
2014-07-09,41.93000030517578,42.15999984741211,41.790000915527344,41.95000076293945,28.67563247680664,9891600
2014-07-10,41.560001373291016,42.290000915527344,41.54999923706055,42.2599983215332,28.887540817260742,12564500
2014-07-11,42.119998931884766,42.25,41.880001068115234,41.970001220703125,28.689313888549805,9773000
2014-07-14,41.9900016784668,42.38999938964844,41.97999954223633,42.380001068115234,28.969568252563477,11857700
2014-07-15,42.40999984741211,42.43000030517578,41.95000076293945,42.099998474121094,28.778167724609375,10541900
2014-07-16,42.2599983215332,42.38999938964844,42.02000045776367,42.119998931884766,28.791837692260742,10331400
2014-07-17,41.93000030517578,42.150001525878906,41.83000183105469,42.02000045776367,28.723474502563477,9983500
2014-07-18,42.13999938964844,42.470001220703125,42.02000045776367,42.43000030517578,29.003747940063477,19272400
2014-07-21,42.119998931884766,42.56999969482422,42.09000015258789,42.400001525878906,28.98323631286621,17607200
2014-07-22,41.099998474121094,41.33000183105469,40.61000061035156,41.189998626708984,28.15613555908203,24706000
2014-07-23,40.97999954223633,41.04999923706055,40.630001068115234,40.810001373291016,27.896371841430664,17531700
2014-07-24,40.970001220703125,41.099998474121094,40.65999984741211,40.970001220703125,28.00572967529297,14856000
2014-07-25,40.91999816894531,41.040000915527344,40.810001373291016,41.0,28.0262508392334,10809900
2014-07-28,40.9900016784668,41.0,40.61000061035156,40.68000030517578,27.807506561279297,11709100
2014-07-29,40.75,40.779998779296875,40.349998474121094,40.349998474121094,27.58193016052246,10863600
2014-07-30,40.45000076293945,40.5,39.61000061035156,39.619998931884766,27.082921981811523,20346200
2014-07-31,39.529998779296875,39.72999954223633,39.25,39.290000915527344,26.85734748840332,15434700
2014-08-01,39.130001068115234,39.4900016784668,39.060001373291016,39.290000915527344,26.85734748840332,13566700
2014-08-04,39.40999984741211,39.459999084472656,39.119998931884766,39.400001525878906,26.93254852294922,11012900
2014-08-05,39.34000015258789,39.529998779296875,39.099998474121094,39.18000030517578,26.782146453857422,11639200
2014-08-06,39.130001068115234,39.959999084472656,39.130001068115234,39.91999816894531,27.287988662719727,17567500
2014-08-07,39.959999084472656,40.0099983215332,39.33000183105469,39.349998474121094,26.89836311340332,14367400
2014-08-08,39.34000015258789,39.58000183105469,39.2599983215332,39.45000076293945,26.966716766357422,13667000
2014-08-11,39.52000045776367,39.869998931884766,39.52000045776367,39.56999969482422,27.04874038696289,14102600
2014-08-12,39.560001373291016,39.84000015258789,39.540000915527344,39.68000030517578,27.123943328857422,13297500
2014-08-13,39.70000076293945,40.099998474121094,39.70000076293945,39.939998626708984,27.301668167114258,9638900
2014-08-14,39.93000030517578,40.189998626708984,39.93000030517578,40.18000030517578,27.465730667114258,6902000
2014-08-15,40.849998474121094,41.150001525878906,40.65999984741211,40.880001068115234,27.94420623779297,23221600
2014-08-18,40.790000915527344,41.41999816894531,40.790000915527344,41.349998474121094,28.265478134155273,14891500
2014-08-19,41.349998474121094,41.47999954223633,41.15999984741211,41.2599983215332,28.203969955444336,10260400
2014-08-20,41.150001525878906,41.34000015258789,41.09000015258789,41.25,28.197132110595703,6782500
2014-08-21,41.290000915527344,41.689998626708984,41.220001220703125,41.40999984741211,28.3065128326416,11951000
2014-08-22,41.290000915527344,41.52000045776367,41.04999923706055,41.119998931884766,28.1082820892334,11244600
2014-08-25,41.31999969482422,41.45000076293945,41.119998931884766,41.40999984741211,28.3065128326416,10229300
2014-08-26,41.40999984741211,41.70000076293945,41.40999984741211,41.599998474121094,28.436382293701172,8416500
2014-08-27,41.529998779296875,41.709999084472656,41.439998626708984,41.599998474121094,28.436382293701172,7693100
2014-08-28,41.5099983215332,41.70000076293945,41.439998626708984,41.630001068115234,28.456897735595703,9746400
2014-08-29,41.599998474121094,41.75,41.470001220703125,41.720001220703125,28.518413543701172,7666700
2014-09-02,41.52000045776367,41.84000015258789,41.310001373291016,41.63999938964844,28.463729858398438,9798100
2014-09-03,41.689998626708984,41.849998474121094,41.65999984741211,41.779998779296875,28.55942726135254,8635400
2014-09-04,41.79999923706055,42.16999816894531,41.72999954223633,41.869998931884766,28.620943069458008,16785300
2014-09-05,41.86000061035156,41.86000061035156,41.61000061035156,41.84000015258789,28.60043716430664,12768100
2014-09-08,41.66999816894531,41.939998626708984,41.630001068115234,41.779998779296875,28.55942726135254,9097700
2014-09-09,41.77000045776367,42.029998779296875,41.75,41.939998626708984,28.66879653930664,11892500
2014-09-10,41.900001525878906,42.189998626708984,41.83000183105469,42.16999816894531,28.82600975036621,17558000
2014-09-11,41.68000030517578,42.060001373291016,41.65999984741211,41.95000076293945,28.884540557861328,19614000
2014-09-12,41.900001525878906,41.91999816894531,41.36000061035156,41.459999084472656,28.54715347290039,12966800
2014-09-15,41.45000076293945,41.58000183105469,41.33000183105469,41.5,28.574695587158203,12259600
2014-09-16,41.290000915527344,41.79999923706055,41.18000030517578,41.63999938964844,28.671098709106445,15232800
2014-09-17,41.77000045776367,41.779998779296875,41.31999969482422,41.61000061035156,28.650432586669922,16693800
2014-09-18,41.75,41.880001068115234,41.54999923706055,41.790000915527344,28.774375915527344,12586400
2014-09-19,41.97999954223633,42.349998474121094,41.75,42.04999923706055,28.95340347290039,47559700
2014-09-22,41.849998474121094,42.25,41.72999954223633,42.220001220703125,29.070453643798828,11518100
2014-09-23,42.0,42.15999984741211,41.880001068115234,41.88999938964844,28.84322166442871,10251300
2014-09-24,41.849998474121094,42.34000015258789,41.849998474121094,42.27000045776367,29.10487174987793,13540900
2014-09-25,42.060001373291016,42.16999816894531,41.77000045776367,41.779998779296875,28.76749038696289,11076300
2014-09-26,42.0,42.25,41.709999084472656,42.20000076293945,29.05668067932129,9939600
2014-09-29,41.900001525878906,42.2599983215332,41.880001068115234,42.25,29.091108322143555,12441100
2014-09-30,42.099998474121094,42.810001373291016,42.08000183105469,42.65999984741211,29.37342071533203,22613700
2014-10-01,42.54999923706055,42.849998474121094,42.369998931884766,42.7400016784668,29.428497314453125,30409700
2014-10-02,42.599998474121094,42.779998779296875,42.41999816894531,42.65999984741211,29.37342071533203,16643200
2014-10-03,42.86000061035156,43.06999969482422,42.65999984741211,43.0,29.60751724243164,14046300
2014-10-06,43.029998779296875,43.68000030517578,42.970001220703125,43.599998474121094,30.02065086364746,20328100
2014-10-07,43.47999954223633,44.13999938964844,43.47999954223633,43.91999816894531,30.240983963012695,24936600
2014-10-08,43.58000183105469,44.560001373291016,43.5099983215332,44.54999923706055,30.674762725830078,26115600
2014-10-09,44.439998626708984,44.75,43.869998931884766,43.869998931884766,30.2065486907959,25029300
2014-10-10,43.880001068115234,44.869998931884766,43.849998474121094,44.470001220703125,30.61968421936035,25920800
2014-10-13,44.279998779296875,44.630001068115234,44.029998779296875,44.06999969482422,30.34425926208496,20175200
2014-10-14,44.040000915527344,44.119998931884766,43.470001220703125,43.63999938964844,30.048171997070312,21027400
2014-10-15,42.70000076293945,43.529998779296875,42.70000076293945,43.22999954223633,29.765878677368164,22988600
2014-10-16,42.650001525878906,42.939998626708984,42.380001068115234,42.560001373291016,29.304555892944336,22519200
2014-10-17,42.689998626708984,43.029998779296875,42.310001373291016,42.880001068115234,29.524892807006836,23236000
2014-10-20,42.75,43.470001220703125,42.709999084472656,43.290000915527344,29.80718231201172,17647800
2014-10-21,40.79999923706055,41.189998626708984,40.2599983215332,40.68000030517578,28.01009178161621,55953500
2014-10-22,40.189998626708984,41.11000061035156,40.099998474121094,40.619998931884766,27.968774795532227,27728200
2014-10-23,40.939998626708984,41.380001068115234,40.7400016784668,40.86000061035156,28.134035110473633,23346800
2014-10-24,40.97999954223633,41.27000045776367,40.91999816894531,41.029998779296875,28.251087188720703,13396000
2014-10-27,40.70000076293945,40.90999984741211,40.560001373291016,40.7599983215332,28.065166473388672,17222500
2014-10-28,40.7599983215332,40.86000061035156,40.5099983215332,40.560001373291016,27.927457809448242,18658700
2014-10-29,40.650001525878906,41.029998779296875,40.52000045776367,40.959999084472656,28.2028865814209,25761800
2014-10-30,41.0,41.59000015258789,40.83000183105469,41.400001525878906,28.505847930908203,18295600
2014-10-31,41.83000183105469,41.88999938964844,41.400001525878906,41.880001068115234,28.836355209350586,18477700
2014-11-03,41.790000915527344,42.279998779296875,41.59000015258789,41.810001373291016,28.78815269470215,13230600
2014-11-04,41.77000045776367,42.04999923706055,41.65999984741211,41.81999969482422,28.795013427734375,10105300
2014-11-05,42.29999923706055,42.540000915527344,41.9900016784668,42.310001373291016,29.132415771484375,20676800
2014-11-06,42.43000030517578,42.619998931884766,42.11000061035156,42.290000915527344,29.11865997314453,11528800
2014-11-07,42.45000076293945,42.459999084472656,42.13999938964844,42.31999969482422,29.139307022094727,11803800
2014-11-10,42.25,42.56999969482422,42.09000015258789,42.38999938964844,29.187511444091797,9088900
2014-11-11,42.380001068115234,42.709999084472656,42.36000061035156,42.5099983215332,29.270132064819336,8563700
2014-11-12,42.5099983215332,42.88999938964844,42.310001373291016,42.709999084472656,29.407835006713867,12768800
2014-11-13,42.650001525878906,43.08000183105469,42.630001068115234,42.790000915527344,29.462934494018555,12007700
2014-11-14,42.70000076293945,42.970001220703125,42.5,42.72999954223633,29.421613693237305,10939500
2014-11-17,42.75,42.9900016784668,42.72999954223633,42.91999816894531,29.55242919921875,10664000
2014-11-18,42.95000076293945,43.86000061035156,42.75,43.529998779296875,29.972444534301758,26143000
2014-11-19,43.66999816894531,44.43000030517578,43.560001373291016,44.220001220703125,30.447540283203125,25402300
2014-11-20,43.959999084472656,44.41999816894531,43.849998474121094,44.25,30.468204498291016,13465400
2014-11-21,44.58000183105469,44.7400016784668,44.279998779296875,44.5,30.640344619750977,14382700
2014-11-24,44.5099983215332,44.779998779296875,44.20000076293945,44.27000045776367,30.48197364807129,12890800
2014-11-25,44.27000045776367,44.59000015258789,44.119998931884766,44.43000030517578,30.592145919799805,10741700
2014-11-26,43.9900016784668,44.369998931884766,43.970001220703125,44.290000915527344,30.7065486907959,9199200
2014-11-28,44.150001525878906,45.0,44.150001525878906,44.83000183105469,31.0809326171875,10502000
2014-12-01,44.18000030517578,44.77000045776367,44.130001068115234,44.54999923706055,30.88679313659668,10065700
2014-12-02,44.369998931884766,44.66999816894531,44.22999954223633,44.540000915527344,30.879863739013672,9878100
2014-12-03,44.41999816894531,44.439998626708984,43.7599983215332,43.79999923706055,30.36681365966797,15246500
2014-12-04,43.619998931884766,43.84000015258789,43.369998931884766,43.5,30.158809661865234,13779700
2014-12-05,43.5,43.61000061035156,43.20000076293945,43.529998779296875,30.17962074279785,12536900
2014-12-08,43.5099983215332,43.630001068115234,43.09000015258789,43.13999938964844,29.90923500061035,12802300
2014-12-09,42.150001525878906,42.529998779296875,41.66999816894531,42.040000915527344,29.146595001220703,25714600
2014-12-10,42.040000915527344,42.2400016784668,41.560001373291016,41.599998474121094,28.841541290283203,18324100
2014-12-11,41.619998931884766,42.0099983215332,41.5,41.529998779296875,28.793012619018555,16201500
2014-12-12,41.38999938964844,41.61000061035156,40.869998931884766,40.90999984741211,28.363162994384766,18432400
2014-12-15,41.130001068115234,41.18000030517578,40.560001373291016,40.56999969482422,28.127443313598633,23378500
2014-12-16,40.20000076293945,41.310001373291016,39.79999923706055,40.38999938964844,28.002641677856445,23475400
2014-12-17,40.439998626708984,41.7599983215332,40.380001068115234,41.54999923706055,28.806880950927734,20223900
2014-12-18,41.86000061035156,42.38999938964844,41.75,42.38999938964844,29.389259338378906,18030700
2014-12-19,42.439998626708984,42.790000915527344,41.88999938964844,41.95000076293945,29.084196090698242,24009500
2014-12-22,42.13999938964844,42.439998626708984,42.09000015258789,42.349998474121094,29.36151123046875,11190900
2014-12-23,42.540000915527344,43.13999938964844,42.470001220703125,42.970001220703125,29.79136848449707,13411300
2014-12-24,43.099998474121094,43.22999954223633,42.91999816894531,42.939998626708984,29.770565032958984,6405900
2014-12-26,42.970001220703125,43.29999923706055,42.93000030517578,42.959999084472656,29.78443717956543,6466900
2014-12-29,42.79999923706055,43.060001373291016,42.4900016784668,42.86000061035156,29.715106964111328,8694500
2014-12-30,42.7400016784668,42.9900016784668,42.650001525878906,42.7599983215332,29.645782470703125,9222000
2014-12-31,42.91999816894531,42.939998626708984,42.220001220703125,42.220001220703125,29.271394729614258,9369500
2015-01-02,42.2599983215332,42.400001525878906,41.79999923706055,42.13999938964844,29.21592903137207,9921100
2015-01-05,42.689998626708984,42.970001220703125,42.08000183105469,42.13999938964844,29.21592903137207,26292600
2015-01-06,42.40999984741211,42.939998626708984,42.2400016784668,42.459999084472656,29.437782287597656,16897500
2015-01-07,42.79999923706055,43.11000061035156,42.58000183105469,42.9900016784668,29.805238723754883,13412300
2015-01-08,43.18000030517578,43.56999969482422,43.099998474121094,43.5099983215332,30.165742874145508,21743600
2015-01-09,43.470001220703125,43.560001373291016,42.95000076293945,43.029998779296875,29.832983016967773,12733500
2015-01-12,43.06999969482422,43.20000076293945,42.459999084472656,42.63999938964844,29.562580108642578,11415800
2015-01-13,42.83000183105469,43.2400016784668,42.45000076293945,42.630001068115234,29.555644989013672,12529500
2015-01-14,42.08000183105469,42.599998474121094,42.06999969482422,42.560001373291016,29.507112503051758,13447600
2015-01-15,42.83000183105469,42.86000061035156,42.16999816894531,42.380001068115234,29.382322311401367,11193100
2015-01-16,42.36000061035156,42.59000015258789,42.2400016784668,42.529998779296875,29.4863224029541,15114900
2015-01-20,42.70000076293945,43.33000183105469,42.61000061035156,43.15999984741211,29.9231014251709,17047300
2015-01-21,42.88999938964844,43.43000030517578,42.7599983215332,43.36000061035156,30.06174659729004,10720600
2015-01-22,43.369998931884766,43.83000183105469,43.06999969482422,43.779998779296875,30.352943420410156,14709100
2015-01-23,43.599998474121094,43.75,43.18000030517578,43.310001373291016,30.027101516723633,12357700
2015-01-26,43.18000030517578,43.22999954223633,42.83000183105469,43.0,29.812171936035156,11151900
2015-01-27,42.540000915527344,42.63999938964844,42.150001525878906,42.38999938964844,29.389259338378906,15274000
2015-01-28,42.59000015258789,42.79999923706055,41.900001525878906,41.91999816894531,29.063398361206055,14278500
2015-01-29,41.77000045776367,42.150001525878906,41.470001220703125,42.099998474121094,29.18819236755371,13657900
2015-01-30,41.83000183105469,41.93000030517578,41.11000061035156,41.16999816894531,28.543415069580078,19193700
2015-02-02,41.209999084472656,41.630001068115234,40.900001525878906,41.59000015258789,28.834606170654297,15197500
2015-02-03,41.75,41.849998474121094,41.369998931884766,41.630001068115234,28.862346649169922,13193100
2015-02-04,41.77000045776367,42.09000015258789,41.619998931884766,41.68000030517578,28.89700698852539,16400000
2015-02-05,41.79999923706055,41.81999969482422,41.5099983215332,41.790000915527344,28.973264694213867,11078500
2015-02-06,41.630001068115234,41.7599983215332,41.31999969482422,41.45000076293945,28.737548828125,12366400
2015-02-09,41.380001068115234,41.45000076293945,41.040000915527344,41.22999954223633,28.58501434326172,13371100
2015-02-10,42.90999984741211,43.029998779296875,42.20000076293945,42.400001525878906,29.396190643310547,32184200
2015-02-11,42.099998474121094,42.4900016784668,41.70000076293945,42.369998931884766,29.375391006469727,20496300
2015-02-12,42.400001525878906,42.65999984741211,42.06999969482422,42.16999816894531,29.236717224121094,13818200
2015-02-13,42.02000045776367,42.22999954223633,41.7599983215332,41.9900016784668,29.111921310424805,10792100
2015-02-17,41.810001373291016,41.880001068115234,41.63999938964844,41.810001373291016,28.987138748168945,12804200
2015-02-18,41.75,41.79999923706055,41.470001220703125,41.72999954223633,28.93167495727539,9789800
2015-02-19,41.68000030517578,42.2400016784668,41.529998779296875,42.11000061035156,29.195127487182617,16578300
2015-02-20,42.040000915527344,42.11000061035156,41.63999938964844,41.970001220703125,29.098073959350586,15982400
2015-02-23,41.709999084472656,42.16999816894531,41.689998626708984,41.849998474121094,29.01486587524414,11830300
2015-02-24,41.849998474121094,42.33000183105469,41.77000045776367,42.130001068115234,29.208999633789062,12782700
2015-02-25,42.16999816894531,42.2400016784668,41.7400016784668,42.04999923706055,29.153533935546875,10323300
2015-02-26,42.040000915527344,42.54999923706055,41.970001220703125,42.459999084472656,29.437782287597656,14346500
2015-02-27,42.52000045776367,43.65999984741211,42.470001220703125,43.29999923706055,30.02016830444336,28312800
2015-03-02,43.29999923706055,43.29999923706055,43.08000183105469,43.20000076293945,29.950828552246094,13514600
2015-03-03,43.11000061035156,43.15999984741211,42.84000015258789,42.95000076293945,29.777511596679688,10036300
2015-03-04,42.91999816894531,42.97999954223633,42.470001220703125,42.5,29.465513229370117,16263000
2015-03-05,42.560001373291016,42.61000061035156,42.25,42.400001525878906,29.396190643310547,9223000
2015-03-06,42.119998931884766,42.20000076293945,41.33000183105469,41.52000045776367,28.786069869995117,18180500
2015-03-09,41.529998779296875,41.54999923706055,41.31999969482422,41.38999938964844,28.69594383239746,10123300
2015-03-10,41.099998474121094,41.150001525878906,40.68000030517578,40.689998626708984,28.210628509521484,14599100
2015-03-11,40.72999954223633,40.72999954223633,40.08000183105469,40.099998474121094,27.80158233642578,18549700
2015-03-12,40.099998474121094,40.56999969482422,40.02000045776367,40.56999969482422,28.360830307006836,17728700
2015-03-13,40.439998626708984,40.56999969482422,39.61000061035156,39.90999984741211,27.899446487426758,17438400
2015-03-16,40.0,40.349998474121094,39.9900016784668,40.290000915527344,28.165096282958984,15238800
2015-03-17,40.66999816894531,40.72999954223633,40.31999969482422,40.5099983215332,28.318872451782227,21661800
2015-03-18,40.47999954223633,40.790000915527344,39.79999923706055,40.599998474121094,28.381807327270508,26247500
2015-03-19,40.47999954223633,40.52000045776367,39.959999084472656,40.02000045776367,27.976346969604492,16057600
2015-03-20,40.06999969482422,40.65999984741211,40.0099983215332,40.650001525878906,28.4167537689209,31608500
2015-03-23,40.63999938964844,40.939998626708984,40.5,40.619998931884766,28.395774841308594,17060500
2015-03-24,40.90999984741211,40.9900016784668,40.470001220703125,40.470001220703125,28.290924072265625,13485700
2015-03-25,40.59000015258789,40.70000076293945,40.2400016784668,40.45000076293945,28.27695083618164,22811300
2015-03-26,40.34000015258789,40.560001373291016,40.22999954223633,40.349998474121094,28.2070369720459,17359600
2015-03-27,40.47999954223633,40.47999954223633,39.970001220703125,40.08000183105469,28.01829719543457,14384400
2015-03-30,40.11000061035156,40.61000061035156,39.939998626708984,40.5099983215332,28.318872451782227,12561400
2015-03-31,40.5099983215332,40.900001525878906,40.349998474121094,40.54999923706055,28.346851348876953,16604800
2015-04-01,40.790000915527344,40.810001373291016,40.22999954223633,40.68000030517578,28.43773078918457,14300700
2015-04-02,40.72999954223633,40.869998931884766,40.47999954223633,40.68000030517578,28.43773078918457,14343100
2015-04-06,40.77000045776367,41.61000061035156,40.59000015258789,41.16999816894531,28.78026580810547,19843400
2015-04-07,41.04999923706055,41.369998931884766,40.970001220703125,41.0099983215332,28.668418884277344,9773400
2015-04-08,40.97999954223633,41.09000015258789,40.7400016784668,40.88999938964844,28.58453369140625,8954700
2015-04-09,40.79999923706055,41.08000183105469,40.630001068115234,41.04999923706055,28.696380615234375,12710900
2015-04-10,41.09000015258789,41.15999984741211,40.849998474121094,40.880001068115234,28.577531814575195,8720000
2015-04-13,40.970001220703125,40.970001220703125,40.70000076293945,40.70000076293945,28.45170783996582,9616300
2015-04-14,40.59000015258789,40.650001525878906,40.31999969482422,40.5099983215332,28.318872451782227,11209700
2015-04-15,40.59000015258789,40.810001373291016,40.31999969482422,40.400001525878906,28.241992950439453,11189100
2015-04-16,40.40999984741211,40.86000061035156,40.29999923706055,40.599998474121094,28.381807327270508,13121000
2015-04-17,40.470001220703125,40.65999984741211,40.099998474121094,40.29999923706055,28.172094345092773,15330300
2015-04-20,40.41999816894531,40.900001525878906,40.40999984741211,40.65999984741211,28.42374610900879,13023700
2015-04-21,40.66999816894531,40.9900016784668,40.540000915527344,40.779998779296875,28.507631301879883,19673100
2015-04-22,41.560001373291016,41.56999969482422,41.06999969482422,41.310001373291016,28.878137588500977,26887200
2015-04-23,41.22999954223633,41.40999984741211,40.91999816894531,40.95000076293945,28.626474380493164,17408800
2015-04-24,41.040000915527344,41.119998931884766,40.810001373291016,40.88999938964844,28.58453369140625,11623300
2015-04-27,41.0,41.150001525878906,40.779998779296875,40.83000183105469,28.542583465576172,10044600
2015-04-28,40.95000076293945,40.970001220703125,40.599998474121094,40.77000045776367,28.50064468383789,12174800
2015-04-29,40.65999984741211,40.75,40.400001525878906,40.4900016784668,28.30490493774414,11371400
2015-04-30,40.400001525878906,40.58000183105469,40.279998779296875,40.560001373291016,28.353839874267578,12700800
2015-05-01,40.58000183105469,40.93000030517578,40.5,40.90999984741211,28.598508834838867,10848300
2015-05-04,40.880001068115234,41.099998474121094,40.77000045776367,40.959999084472656,28.633459091186523,10204800
2015-05-05,41.13999938964844,41.13999938964844,40.68000030517578,40.75,28.48666000366211,11721300
2015-05-06,41.040000915527344,41.09000015258789,40.38999938964844,40.65999984741211,28.42374610900879,11906900
2015-05-07,40.529998779296875,40.90999984741211,40.5099983215332,40.70000076293945,28.45170783996582,13834700
2015-05-08,41.0,41.16999816894531,40.849998474121094,40.97999954223633,28.647441864013672,11144400
2015-05-11,40.97999954223633,41.38999938964844,40.880001068115234,40.939998626708984,28.61948585510254,10113500
2015-05-12,40.77000045776367,40.959999084472656,40.52000045776367,40.689998626708984,28.44471549987793,12384500
2015-05-13,40.75,41.36000061035156,40.720001220703125,41.04999923706055,28.696380615234375,13183700
2015-05-14,41.29999923706055,41.599998474121094,41.2599983215332,41.5,29.010953903198242,9961000
2015-05-15,41.45000076293945,41.689998626708984,41.43000030517578,41.52000045776367,29.024934768676758,8479000
2015-05-18,41.4900016784668,41.4900016784668,41.25,41.31999969482422,28.8851318359375,11511700
2015-05-19,41.22999954223633,41.38999938964844,41.130001068115234,41.310001373291016,28.878137588500977,9072000
2015-05-20,41.369998931884766,41.59000015258789,41.310001373291016,41.349998474121094,28.90608787536621,10965200
2015-05-21,41.2599983215332,41.31999969482422,41.06999969482422,41.22999954223633,28.82220458984375,9270900
2015-05-22,41.119998931884766,41.2400016784668,41.040000915527344,41.209999084472656,28.808229446411133,11909500
2015-05-26,41.119998931884766,41.18000030517578,40.7400016784668,40.9900016784668,28.654434204101562,15194300
2015-05-27,40.939998626708984,41.20000076293945,40.83000183105469,41.119998931884766,28.74532127380371,9863100
2015-05-28,41.20000076293945,41.29999923706055,40.880001068115234,41.13999938964844,28.759288787841797,9395200
2015-05-29,41.18000030517578,41.18000030517578,40.77000045776367,40.959999084472656,28.633459091186523,19628600
2015-06-01,41.36000061035156,41.40999984741211,40.880001068115234,40.939998626708984,28.61948585510254,12684100
2015-06-02,40.84000015258789,41.15999984741211,40.68000030517578,40.9900016784668,28.654434204101562,11878600
2015-06-03,41.099998474121094,41.209999084472656,40.779998779296875,40.869998931884766,28.570552825927734,8153800
2015-06-04,40.709999084472656,40.97999954223633,40.529998779296875,40.59000015258789,28.374813079833984,10145800
2015-06-05,40.47999954223633,40.52000045776367,40.08000183105469,40.099998474121094,28.032272338867188,15975600
2015-06-08,40.099998474121094,40.2599983215332,40.02000045776367,40.15999984741211,28.07421875,14339300
2015-06-09,40.16999816894531,40.41999816894531,40.11000061035156,40.20000076293945,28.102184295654297,10772700
2015-06-10,40.31999969482422,40.540000915527344,40.279998779296875,40.33000183105469,28.193050384521484,11979900
2015-06-11,40.11000061035156,40.25,40.029998779296875,40.099998474121094,28.263538360595703,11944900
2015-06-12,40.040000915527344,40.119998931884766,39.84000015258789,39.959999084472656,28.164873123168945,15568600
2015-06-15,39.83000183105469,39.86000061035156,39.56999969482422,39.59000015258789,27.904077529907227,11364800
2015-06-16,39.630001068115234,40.15999984741211,39.599998474121094,40.08000183105469,28.249448776245117,12517400
2015-06-17,40.08000183105469,40.31999969482422,40.0099983215332,40.27000045776367,28.383344650268555,13898400
2015-06-18,40.15999984741211,40.7400016784668,40.15999984741211,40.650001525878906,28.651193618774414,16314600
2015-06-19,40.59000015258789,40.650001525878906,40.400001525878906,40.400001525878906,28.47498321533203,23550600
2015-06-22,40.5099983215332,40.810001373291016,40.459999084472656,40.47999954223633,28.5313663482666,8775900
2015-06-23,40.43000030517578,40.52000045776367,40.310001373291016,40.380001068115234,28.460893630981445,11094900
2015-06-24,40.369998931884766,40.45000076293945,40.189998626708984,40.189998626708984,28.326969146728516,10385100
2015-06-25,40.279998779296875,40.34000015258789,40.02000045776367,40.02000045776367,28.207149505615234,10607600
2015-06-26,40.099998474121094,40.349998474121094,40.0,40.0,28.19304847717285,16215600
2015-06-29,39.79999923706055,39.97999954223633,39.400001525878906,39.400001525878906,27.770164489746094,15500800
2015-06-30,39.61000061035156,39.61000061035156,39.119998931884766,39.22999954223633,27.650346755981445,14621300
2015-07-01,39.380001068115234,39.599998474121094,39.279998779296875,39.5,27.840646743774414,11177400
2015-07-02,39.630001068115234,39.810001373291016,39.349998474121094,39.4900016784668,27.83359146118164,8975900
2015-07-06,39.31999969482422,39.599998474121094,39.220001220703125,39.41999816894531,27.78426170349121,10252600
2015-07-07,39.4900016784668,40.380001068115234,39.400001525878906,40.25,28.36925506591797,20335000
2015-07-08,39.9900016784668,40.22999954223633,39.84000015258789,39.86000061035156,28.09437370300293,11383700
2015-07-09,40.459999084472656,40.58000183105469,39.900001525878906,39.91999816894531,28.13667106628418,13392000
2015-07-10,40.27000045776367,40.52000045776367,40.15999984741211,40.38999938964844,28.467933654785156,13360400
2015-07-13,40.560001373291016,40.77000045776367,40.4900016784668,40.65999984741211,28.65823745727539,9854200
2015-07-14,40.900001525878906,41.2599983215332,40.84000015258789,41.16999816894531,29.0177001953125,19531000
2015-07-15,41.150001525878906,41.36000061035156,41.099998474121094,41.130001068115234,28.989501953125,11252100
2015-07-16,41.41999816894531,41.599998474121094,41.349998474121094,41.47999954223633,29.236188888549805,10483700
2015-07-17,41.310001373291016,41.31999969482422,41.04999923706055,41.25,29.074087142944336,9608300
2015-07-20,41.349998474121094,41.540000915527344,41.220001220703125,41.380001068115234,29.16571807861328,10024200
2015-07-21,41.380001068115234,41.52000045776367,41.099998474121094,41.189998626708984,29.031803131103516,13653800
2015-07-22,40.810001373291016,41.59000015258789,40.59000015258789,40.900001525878906,28.82740020751953,15528600
2015-07-23,40.9900016784668,41.02000045776367,40.47999954223633,40.84000015258789,28.78511619567871,13522200
2015-07-24,40.7599983215332,40.83000183105469,40.40999984741211,40.439998626708984,28.503175735473633,10912500
2015-07-27,40.279998779296875,40.58000183105469,40.15999984741211,40.540000915527344,28.573665618896484,10945700
2015-07-28,40.650001525878906,40.72999954223633,40.439998626708984,40.54999923706055,28.580711364746094,11021800
2015-07-29,40.529998779296875,40.709999084472656,40.4900016784668,40.59000015258789,28.608909606933594,8479900
2015-07-30,40.54999923706055,40.75,40.38999938964844,40.560001373291016,28.587759017944336,9095500
2015-07-31,40.880001068115234,41.220001220703125,40.77000045776367,41.08000183105469,28.95426368713379,15309500
2015-08-03,40.849998474121094,41.54999923706055,40.84000015258789,41.540000915527344,29.278488159179688,14672600
2015-08-04,41.5099983215332,41.869998931884766,41.34000015258789,41.849998474121094,29.496976852416992,17559900
2015-08-05,41.91999816894531,42.220001220703125,41.81999969482422,42.119998931884766,29.687292098999023,15329200
2015-08-06,42.0,42.25,41.86000061035156,41.91999816894531,29.54631233215332,11378900
2015-08-07,41.810001373291016,41.970001220703125,41.529998779296875,41.77000045776367,29.440603256225586,10886700
2015-08-10,41.88999938964844,41.9900016784668,41.58000183105469,41.68000030517578,29.377166748046875,9501900
2015-08-11,41.400001525878906,41.56999969482422,41.16999816894531,41.47999954223633,29.236188888549805,11254900
2015-08-12,41.130001068115234,41.2599983215332,40.849998474121094,41.2599983215332,29.081144332885742,9602200
2015-08-13,41.279998779296875,41.380001068115234,41.0099983215332,41.099998474121094,28.968368530273438,10270900
2015-08-14,41.0099983215332,41.25,40.959999084472656,41.25,29.074087142944336,9904800
2015-08-17,41.029998779296875,41.45000076293945,40.970001220703125,41.349998474121094,29.144569396972656,8272800
2015-08-18,41.279998779296875,41.529998779296875,41.189998626708984,41.29999923706055,29.109336853027344,11199400
2015-08-19,41.13999938964844,41.2400016784668,40.779998779296875,40.779998779296875,28.742816925048828,15796500
2015-08-20,40.52000045776367,40.81999969482422,40.41999816894531,40.54999923706055,28.580711364746094,14218000
2015-08-21,40.15999984741211,40.470001220703125,39.5099983215332,39.529998779296875,27.86178207397461,28036200
2015-08-24,37.9900016784668,38.939998626708984,36.560001373291016,38.380001068115234,27.05123519897461,44065300
2015-08-25,39.130001068115234,39.279998779296875,37.93000030517578,37.9900016784668,26.77635383605957,31363700
2015-08-26,38.75,38.83000183105469,37.88999938964844,38.72999954223633,27.29791259765625,23523300
2015-08-27,39.060001373291016,39.380001068115234,38.599998474121094,39.27000045776367,27.678537368774414,18871600
2015-08-28,39.11000061035156,39.470001220703125,39.04999923706055,39.45000076293945,27.805400848388672,14503900
2015-08-31,39.150001525878906,39.45000076293945,39.060001373291016,39.31999969482422,27.713777542114258,12673300
2015-09-01,38.66999816894531,39.029998779296875,38.540000915527344,38.75,27.3120174407959,23703200
2015-09-02,39.029998779296875,39.06999969482422,38.560001373291016,38.900001525878906,27.417749404907227,14054800
2015-09-03,38.900001525878906,39.34000015258789,38.84000015258789,39.15999984741211,27.600997924804688,13311600
2015-09-04,38.68000030517578,38.790000915527344,38.380001068115234,38.52000045776367,27.14990997314453,15450500
2015-09-08,38.869998931884766,39.029998779296875,38.599998474121094,38.900001525878906,27.417749404907227,15273900
2015-09-09,39.119998931884766,39.209999084472656,38.20000076293945,38.29999923706055,26.99484634399414,13764600
2015-09-10,38.310001373291016,38.650001525878906,38.25,38.41999816894531,27.079423904418945,14952500
2015-09-11,38.0099983215332,38.189998626708984,37.84000015258789,38.130001068115234,27.107860565185547,11802300
2015-09-14,38.220001220703125,38.220001220703125,37.849998474121094,38.099998474121094,27.08654022216797,8950000
2015-09-15,38.06999969482422,38.630001068115234,37.91999816894531,38.5,27.370908737182617,13019800
2015-09-16,38.66999816894531,39.189998626708984,38.470001220703125,39.150001525878906,27.833009719848633,22233400
2015-09-17,39.150001525878906,39.61000061035156,39.040000915527344,39.380001068115234,27.99652671813965,21232500
2015-09-18,38.86000061035156,39.29999923706055,38.709999084472656,38.97999954223633,27.712154388427734,27527300
2015-09-21,39.04999923706055,39.310001373291016,38.939998626708984,39.189998626708984,27.861446380615234,12935800
2015-09-22,38.68000030517578,38.9900016784668,38.58000183105469,38.790000915527344,27.577077865600586,15021300
2015-09-23,38.790000915527344,38.880001068115234,38.54999923706055,38.7599983215332,27.555753707885742,8910800
2015-09-24,38.52000045776367,39.20000076293945,38.5099983215332,39.150001525878906,27.833009719848633,19385700
2015-09-25,39.43000030517578,40.08000183105469,39.33000183105469,39.619998931884766,28.167163848876953,22511300
2015-09-28,39.52000045776367,39.81999969482422,39.33000183105469,39.529998779296875,28.103172302246094,19323100
2015-09-29,39.52000045776367,39.709999084472656,39.33000183105469,39.65999984741211,28.19559097290039,14166900
2015-09-30,39.880001068115234,40.22999954223633,39.79999923706055,40.119998931884766,28.522628784179688,19752600
2015-10-01,40.220001220703125,40.470001220703125,39.599998474121094,39.79999923706055,28.295116424560547,19606600
2015-10-02,39.560001373291016,40.38999938964844,39.36000061035156,40.38999938964844,28.714582443237305,15537300
2015-10-05,40.45000076293945,41.04999923706055,40.43000030517578,41.0099983215332,29.155357360839844,15664000
2015-10-06,41.040000915527344,41.34000015258789,40.93000030517578,40.959999084472656,29.11980438232422,14579400
2015-10-07,41.13999938964844,41.61000061035156,41.099998474121094,41.52000045776367,29.517927169799805,14329700
2015-10-08,41.2599983215332,41.9900016784668,41.2599983215332,41.97999954223633,29.84495735168457,11960200
2015-10-09,41.81999969482422,42.119998931884766,41.779998779296875,42.02000045776367,29.873397827148438,13931200
2015-10-12,41.83000183105469,42.290000915527344,41.810001373291016,42.0,29.859169006347656,12299100
2015-10-13,41.79999923706055,41.90999984741211,41.540000915527344,41.650001525878906,29.610349655151367,12903600
2015-10-14,41.560001373291016,41.959999084472656,41.560001373291016,41.68000030517578,29.631685256958008,14180000
2015-10-15,41.869998931884766,42.029998779296875,41.599998474121094,41.91999816894531,29.802297592163086,11801600
2015-10-16,42.15999984741211,42.209999084472656,41.880001068115234,42.02000045776367,29.873397827148438,20384200
2015-10-19,41.900001525878906,42.060001373291016,41.79999923706055,41.9900016784668,29.852069854736328,15553800
2015-10-20,42.0,42.400001525878906,42.0,42.290000915527344,30.065351486206055,16199300
2015-10-21,41.939998626708984,42.52000045776367,41.709999084472656,42.189998626708984,29.994260787963867,19254900
2015-10-22,42.439998626708984,43.849998474121094,42.40999984741211,43.2400016784668,30.740739822387695,35920200
2015-10-23,43.310001373291016,43.310001373291016,42.75,42.790000915527344,30.42081642150879,18796100
2015-10-26,42.7599983215332,42.88999938964844,42.459999084472656,42.59000015258789,30.278629302978516,14788600
2015-10-27,42.5,42.77000045776367,42.47999954223633,42.61000061035156,30.2928466796875,30166600
2015-10-28,42.75,42.84000015258789,42.209999084472656,42.72999954223633,30.37816047668457,13667300
2015-10-29,42.65999984741211,42.900001525878906,42.34000015258789,42.790000915527344,30.42081642150879,9427400
2015-10-30,42.79999923706055,42.86000061035156,42.349998474121094,42.349998474121094,30.10799789428711,15356200
2015-11-02,42.31999969482422,42.36000061035156,41.900001525878906,42.2400016784668,30.02979850769043,16252200
2015-11-03,42.18000030517578,42.31999969482422,41.810001373291016,42.15999984741211,29.972919464111328,9693100
2015-11-04,42.27000045776367,42.38999938964844,41.88999938964844,41.970001220703125,29.837844848632812,10488500
2015-11-05,42.0,42.349998474121094,41.97999954223633,42.33000183105469,30.093778610229492,9625100
2015-11-06,41.970001220703125,42.220001220703125,41.61000061035156,41.959999084472656,29.830738067626953,11926700
2015-11-09,41.70000076293945,41.790000915527344,41.34000015258789,41.540000915527344,29.532148361206055,10842700
2015-11-10,41.439998626708984,41.810001373291016,41.43000030517578,41.77000045776367,29.69566535949707,8283100
2015-11-11,41.939998626708984,42.20000076293945,41.91999816894531,42.040000915527344,29.887609481811523,9101200
2015-11-12,42.0099983215332,42.04999923706055,41.56999969482422,41.58000183105469,29.560588836669922,10725000
2015-11-13,41.459999084472656,41.779998779296875,41.36000061035156,41.380001068115234,29.41840362548828,11619500
2015-11-16,41.43000030517578,42.0,41.38999938964844,41.959999084472656,29.830738067626953,11244900
2015-11-17,41.849998474121094,42.150001525878906,41.5099983215332,41.66999816894531,29.62456703186035,12739400
2015-11-18,41.77000045776367,42.349998474121094,41.68000030517578,42.279998779296875,30.0582275390625,12966300
2015-11-19,42.31999969482422,43.29999923706055,42.31999969482422,43.11000061035156,30.648313522338867,24090700
2015-11-20,43.310001373291016,43.58000183105469,42.400001525878906,42.43000030517578,30.16486930847168,19780800
2015-11-23,42.54999923706055,43.18000030517578,42.529998779296875,42.959999084472656,30.541675567626953,13338100
2015-11-24,42.70000076293945,43.599998474121094,42.65999984741211,43.36000061035156,30.826045989990234,15767200
2015-11-25,43.31999969482422,43.5,43.2400016784668,43.36000061035156,30.826045989990234,10344900
2015-11-27,43.040000915527344,43.2400016784668,42.79999923706055,43.150001525878906,30.912012100219727,7236700
2015-11-30,43.119998931884766,43.150001525878906,42.61000061035156,42.619998931884766,30.532329559326172,16063000
2015-12-01,42.72999954223633,43.099998474121094,42.72999954223633,42.88999938964844,30.725740432739258,11153000
2015-12-02,42.83000183105469,42.93000030517578,42.59000015258789,42.77000045776367,30.6397762298584,12598500
2015-12-03,42.72999954223633,42.88999938964844,42.31999969482422,42.459999084472656,30.417699813842773,15004400
2015-12-04,42.58000183105469,43.47999954223633,42.58000183105469,43.290000915527344,31.012313842773438,16488000
2015-12-07,43.310001373291016,43.439998626708984,43.0,43.20000076293945,30.947830200195312,12030700
2015-12-08,43.04999923706055,43.25,42.79999923706055,43.0099983215332,30.811731338500977,10736200
2015-12-09,42.779998779296875,43.27000045776367,42.5,42.65999984741211,30.56098175048828,12945500
2015-12-10,42.72999954223633,43.06999969482422,42.529998779296875,42.7599983215332,30.63262176513672,15483300
2015-12-11,42.630001068115234,42.83000183105469,42.13999938964844,42.27000045776367,30.281593322753906,17313400
2015-12-14,42.310001373291016,42.7599983215332,41.970001220703125,42.45000076293945,30.410537719726562,20092900
2015-12-15,42.84000015258789,43.2400016784668,42.7599983215332,43.06999969482422,30.854703903198242,17916400
2015-12-16,43.25,43.90999984741211,43.25,43.84000015258789,31.40631103515625,21868600
2015-12-17,43.810001373291016,43.88999938964844,43.41999816894531,43.4900016784668,31.155588150024414,14697000
2015-12-18,43.36000061035156,43.41999816894531,42.5,42.5,30.446359634399414,24583700
2015-12-21,42.81999969482422,42.939998626708984,42.459999084472656,42.779998779296875,30.64695167541504,10444400
2015-12-22,42.86000061035156,43.38999938964844,42.709999084472656,43.290000915527344,31.012313842773438,12280800
2015-12-23,43.38999938964844,43.72999954223633,43.349998474121094,43.66999816894531,31.284523010253906,9092300
2015-12-24,43.4900016784668,43.720001220703125,43.41999816894531,43.540000915527344,31.19139289855957,3036600
2015-12-28,43.439998626708984,43.52000045776367,43.310001373291016,43.4900016784668,31.155588150024414,6326100
2015-12-29,43.540000915527344,43.779998779296875,43.5,43.709999084472656,31.31318473815918,7739800
2015-12-30,43.75,43.77000045776367,43.45000076293945,43.56999969482422,31.212892532348633,5112500
2015-12-31,43.29999923706055,43.34000015258789,42.869998931884766,42.959999084472656,30.77589988708496,9727900
2016-01-04,42.34000015258789,42.5,41.970001220703125,42.400001525878906,30.374731063842773,16084100
2016-01-05,42.310001373291016,42.630001068115234,42.16999816894531,42.54999923706055,30.482175827026367,15781900
2016-01-06,42.20000076293945,42.5099983215332,42.040000915527344,42.31999969482422,30.317415237426758,16245100
2016-01-07,41.650001525878906,42.11000061035156,41.45000076293945,41.619998931884766,29.815940856933594,20563600
2016-01-08,41.650001525878906,42.119998931884766,41.40999984741211,41.5099983215332,29.737146377563477,14645900
2016-01-11,41.58000183105469,41.86000061035156,41.290000915527344,41.58000183105469,29.787290573120117,15815200
2016-01-12,42.29999923706055,42.45000076293945,41.869998931884766,42.119998931884766,30.17413330078125,21814800
2016-01-13,42.16999816894531,42.56999969482422,41.790000915527344,41.849998474121094,29.980703353881836,16854300
2016-01-14,41.9900016784668,42.16999816894531,41.63999938964844,41.880001068115234,30.002193450927734,16028000
2016-01-15,40.95000076293945,41.59000015258789,40.93000030517578,41.5,29.7299747467041,21153600
2016-01-19,41.77000045776367,42.119998931884766,41.650001525878906,41.91999816894531,30.030853271484375,15462200
2016-01-20,41.45000076293945,41.619998931884766,40.75,41.380001068115234,29.644014358520508,19923500
2016-01-21,41.45000076293945,41.5099983215332,41.09000015258789,41.38999938964844,29.651166915893555,15568900
2016-01-22,41.63999938964844,42.2400016784668,41.45000076293945,42.060001373291016,30.131155014038086,15209200
2016-01-25,42.2400016784668,42.5,41.93000030517578,42.15999984741211,30.20278549194336,12505200
2016-01-26,42.15999984741211,42.5,41.93000030517578,42.08000183105469,30.145477294921875,13018500
2016-01-27,42.18000030517578,42.459999084472656,41.810001373291016,42.09000015258789,30.152637481689453,14167000
2016-01-28,42.18000030517578,42.720001220703125,42.060001373291016,42.56999969482422,30.496505737304688,16622800
2016-01-29,42.86000061035156,43.2599983215332,42.650001525878906,42.91999816894531,30.747241973876953,20457000
2016-02-01,42.599998474121094,43.150001525878906,42.56999969482422,43.0,30.80454444885254,17097800
2016-02-02,42.70000076293945,42.790000915527344,42.40999984741211,42.439998626708984,30.40338134765625,12332900
2016-02-03,42.79999923706055,42.939998626708984,42.279998779296875,42.720001220703125,30.603965759277344,15958300
2016-02-04,42.52000045776367,42.88999938964844,42.400001525878906,42.529998779296875,30.467857360839844,14413700
2016-02-05,42.93000030517578,42.9900016784668,42.2599983215332,42.439998626708984,30.40338134765625,17315700
2016-02-08,42.16999816894531,42.70000076293945,41.900001525878906,42.650001525878906,30.553813934326172,17254400
2016-02-09,42.2599983215332,43.4900016784668,42.2599983215332,43.29999923706055,31.019468307495117,24853800
2016-02-10,43.34000015258789,43.38999938964844,42.5099983215332,42.54999923706055,30.482175827026367,16729600
2016-02-11,42.029998779296875,42.61000061035156,41.97999954223633,42.40999984741211,30.38188362121582,16825300
2016-02-12,42.720001220703125,43.13999938964844,42.560001373291016,43.11000061035156,30.883358001708984,15222400
2016-02-16,43.31999969482422,43.459999084472656,43.02000045776367,43.36000061035156,31.06245231628418,12675900
2016-02-17,43.41999816894531,43.619998931884766,43.279998779296875,43.4900016784668,31.155588150024414,12332500
2016-02-18,43.630001068115234,43.72999954223633,43.29999923706055,43.61000061035156,31.24155044555664,11170300
2016-02-19,43.58000183105469,43.77000045776367,43.279998779296875,43.77000045776367,31.35616111755371,12850000
2016-02-22,43.77000045776367,44.15999984741211,43.630001068115234,43.939998626708984,31.47795295715332,20716100
2016-02-23,43.7400016784668,44.04999923706055,43.65999984741211,43.689998626708984,31.298851013183594,11166400
2016-02-24,43.560001373291016,43.939998626708984,43.369998931884766,43.90999984741211,31.45645523071289,10844200
2016-02-25,43.959999084472656,44.18000030517578,43.869998931884766,44.15999984741211,31.63554573059082,10903300
2016-02-26,44.040000915527344,44.060001373291016,43.11000061035156,43.13999938964844,30.904850006103516,18421000
2016-02-29,43.16999816894531,43.61000061035156,42.91999816894531,43.130001068115234,30.897682189941406,15049800
2016-03-01,43.380001068115234,43.689998626708984,43.16999816894531,43.689998626708984,31.298851013183594,12358300
2016-03-02,43.470001220703125,43.77000045776367,43.41999816894531,43.77000045776367,31.35616111755371,12856300
2016-03-03,43.61000061035156,43.97999954223633,43.540000915527344,43.959999084472656,31.492279052734375,13134800
2016-03-04,43.779998779296875,44.150001525878906,43.68000030517578,44.11000061035156,31.5997371673584,13691500
2016-03-07,43.90999984741211,44.13999938964844,43.86000061035156,44.0099983215332,31.52808952331543,10695300
2016-03-08,43.91999816894531,44.470001220703125,43.810001373291016,44.31999969482422,31.750173568725586,18900200
2016-03-09,44.38999938964844,44.83000183105469,44.290000915527344,44.810001373291016,32.10120391845703,18466600
2016-03-10,44.84000015258789,45.2599983215332,44.68000030517578,45.22999954223633,32.40209197998047,28908600
2016-03-11,45.0,45.25,44.93000030517578,45.20000076293945,32.63312530517578,16129300
2016-03-14,45.040000915527344,45.41999816894531,45.040000915527344,45.290000915527344,32.6981086730957,13206700
2016-03-15,45.08000183105469,45.560001373291016,45.06999969482422,45.2400016784668,32.6619987487793,13686300
2016-03-16,45.04999923706055,45.16999816894531,44.54999923706055,45.04999923706055,32.52482604980469,15386100
2016-03-17,45.04999923706055,45.90999984741211,44.970001220703125,45.77000045776367,33.04465866088867,24080000
2016-03-18,45.84000015258789,45.869998931884766,45.38999938964844,45.599998474121094,32.921905517578125,23853400
2016-03-21,45.41999816894531,45.869998931884766,45.36000061035156,45.66999816894531,32.97243881225586,9740400
2016-03-22,45.54999923706055,45.72999954223633,45.38999938964844,45.5,32.84971618652344,13788300
2016-03-23,45.400001525878906,45.709999084472656,45.349998474121094,45.459999084472656,32.82081604003906,9292100
2016-03-24,45.45000076293945,45.599998474121094,45.189998626708984,45.58000183105469,32.9074821472168,10890200
2016-03-28,45.560001373291016,45.93000030517578,45.5099983215332,45.79999923706055,33.066307067871094,13306600
2016-03-29,45.86000061035156,46.5099983215332,45.810001373291016,46.47999954223633,33.5572509765625,25010400
2016-03-30,46.630001068115234,46.72999954223633,46.33000183105469,46.58000183105469,33.62944412231445,14312200
2016-03-31,46.54999923706055,46.880001068115234,46.31999969482422,46.38999938964844,33.492279052734375,15544500
2016-04-01,46.13999938964844,46.869998931884766,46.11000061035156,46.83000183105469,33.80994415283203,14922900
2016-04-04,46.84000015258789,46.93000030517578,46.5,46.88999938964844,33.853248596191406,10629800
2016-04-05,46.619998931884766,46.810001373291016,46.439998626708984,46.529998779296875,33.59333038330078,10696700
2016-04-06,46.56999969482422,46.72999954223633,46.380001068115234,46.709999084472656,33.723289489746094,9122700
2016-04-07,46.5,46.58000183105469,46.15999984741211,46.36000061035156,33.470603942871094,9292000
2016-04-08,46.439998626708984,46.97999954223633,46.439998626708984,46.869998931884766,33.83882141113281,11959300
2016-04-11,46.900001525878906,47.130001068115234,46.40999984741211,46.439998626708984,33.52836990356445,11880100
2016-04-12,46.40999984741211,46.7599983215332,46.349998474121094,46.650001525878906,33.67997741699219,11219100
2016-04-13,46.77000045776367,46.779998779296875,45.81999969482422,46.040000915527344,33.23957443237305,13234100
2016-04-14,46.060001373291016,46.220001220703125,45.75,45.83000183105469,33.08797073364258,12982200
2016-04-15,45.81999969482422,46.15999984741211,45.68000030517578,46.099998474121094,33.28288269042969,13647800
2016-04-18,46.099998474121094,46.279998779296875,45.81999969482422,46.220001220703125,33.36953353881836,11538100
2016-04-19,46.310001373291016,46.619998931884766,46.150001525878906,46.599998474121094,33.643882751464844,14418300
2016-04-20,45.34000015258789,45.380001068115234,44.060001373291016,44.369998931884766,32.03389358520508,40360300
2016-04-21,44.2599983215332,44.279998779296875,42.869998931884766,43.65999984741211,31.521284103393555,37206900
2016-04-22,43.790000915527344,44.65999984741211,43.790000915527344,44.540000915527344,32.156620025634766,25134200
2016-04-25,44.5,44.720001220703125,44.380001068115234,44.709999084472656,32.279361724853516,11173800
2016-04-26,44.91999816894531,44.959999084472656,44.43000030517578,44.529998779296875,32.14940643310547,13935500
2016-04-27,44.63999938964844,44.86000061035156,44.25,44.68000030517578,32.2577018737793,11335500
2016-04-28,44.5,44.900001525878906,44.459999084472656,44.630001068115234,32.22161102294922,10932500
2016-04-29,44.529998779296875,44.86000061035156,44.5,44.79999923706055,32.344322204589844,11716000
2016-05-02,44.56999969482422,45.189998626708984,44.56999969482422,44.97999954223633,32.47428894042969,12577500
2016-05-03,44.869998931884766,45.06999969482422,44.650001525878906,44.84000015258789,32.37321472167969,10420500
2016-05-04,44.720001220703125,45.11000061035156,44.5099983215332,44.97999954223633,32.47428894042969,9350500
2016-05-05,44.93000030517578,45.4900016784668,44.869998931884766,45.060001373291016,32.53203582763672,8801100
2016-05-06,45.060001373291016,45.40999984741211,44.91999816894531,45.31999969482422,32.719749450683594,8564000
2016-05-09,45.31999969482422,45.5,45.16999816894531,45.2400016784668,32.6619987487793,8110600
2016-05-10,45.439998626708984,45.84000015258789,45.41999816894531,45.75,33.03021240234375,8933500
2016-05-11,45.72999954223633,45.880001068115234,45.45000076293945,45.459999084472656,32.82081604003906,8833100
2016-05-12,45.54999923706055,45.900001525878906,45.4900016784668,45.83000183105469,33.08797073364258,10463400
2016-05-13,45.75,45.83000183105469,45.22999954223633,45.349998474121094,32.74142074584961,10341200
2016-05-16,45.15999984741211,45.72999954223633,45.13999938964844,45.619998931884766,32.936344146728516,9413600
2016-05-17,45.45000076293945,45.560001373291016,44.709999084472656,44.75,32.30824279785156,17457000
2016-05-18,44.560001373291016,44.83000183105469,44.22999954223633,44.47999954223633,32.11329650878906,12524300
2016-05-19,44.25,44.38999938964844,44.040000915527344,44.31999969482422,31.997779846191406,10659500
2016-05-20,44.5099983215332,44.540000915527344,43.939998626708984,43.95000076293945,31.730653762817383,12914100
2016-05-23,44.06999969482422,44.15999984741211,43.939998626708984,43.970001220703125,31.745105743408203,13554700
2016-05-24,44.099998474121094,44.41999816894531,44.0,44.369998931884766,32.03389358520508,12634200
2016-05-25,44.5099983215332,44.630001068115234,44.25,44.380001068115234,32.04111862182617,9218100
2016-05-26,44.529998779296875,44.77000045776367,44.439998626708984,44.689998626708984,32.264915466308594,8695800
2016-05-27,44.709999084472656,44.959999084472656,44.650001525878906,44.779998779296875,32.32989501953125,7893900
2016-05-31,44.97999954223633,44.97999954223633,44.2599983215332,44.599998474121094,32.19993591308594,18935200
2016-06-01,44.599998474121094,44.779998779296875,44.4900016784668,44.70000076293945,32.27213668823242,8916000
2016-06-02,44.70000076293945,44.720001220703125,44.5,44.720001220703125,32.28658676147461,6693900
2016-06-03,44.75,45.04999923706055,44.68000030517578,45.040000915527344,32.517608642578125,13434900
2016-06-06,45.09000015258789,45.47999954223633,45.08000183105469,45.369998931884766,32.7558708190918,10310600
2016-06-07,45.349998474121094,45.47999954223633,45.20000076293945,45.31999969482422,32.719749450683594,9812600
2016-06-08,45.2400016784668,45.65999984741211,45.189998626708984,45.54999923706055,32.885807037353516,7915400
2016-06-09,45.33000183105469,45.79999923706055,45.310001373291016,45.7599983215332,33.03742218017578,8042900
2016-06-10,45.619998931884766,46.0099983215332,45.560001373291016,45.9900016784668,33.20347595214844,12357000
2016-06-13,45.47999954223633,45.66999816894531,45.09000015258789,45.119998931884766,32.82517623901367,10613500
2016-06-14,44.849998474121094,45.130001068115234,44.439998626708984,45.040000915527344,32.76697540283203,11298200
2016-06-15,45.119998931884766,45.34000015258789,44.880001068115234,45.0099983215332,32.745147705078125,8360400
2016-06-16,44.869998931884766,45.34000015258789,44.720001220703125,45.310001373291016,32.96339416503906,11305400
2016-06-17,45.16999816894531,45.220001220703125,44.380001068115234,44.790000915527344,32.585105895996094,20805400
2016-06-20,45.09000015258789,45.310001373291016,44.959999084472656,44.97999954223633,32.723323822021484,10712400
2016-06-21,45.15999984741211,45.279998779296875,45.0,45.130001068115234,32.832435607910156,7919400
2016-06-22,45.25,45.33000183105469,44.810001373291016,44.86000061035156,32.636024475097656,10738900
2016-06-23,45.029998779296875,45.16999816894531,44.84000015258789,45.08000183105469,32.79607391357422,9655300
2016-06-24,44.20000076293945,44.560001373291016,43.81999969482422,43.93000030517578,31.959447860717773,26003700
2016-06-27,43.66999816894531,43.88999938964844,43.31999969482422,43.779998779296875,31.85030746459961,15779500
2016-06-28,44.060001373291016,44.189998626708984,43.66999816894531,44.18000030517578,32.141319274902344,16509800
2016-06-29,44.38999938964844,44.709999084472656,44.2400016784668,44.439998626708984,32.330467224121094,12250900
2016-06-30,44.52000045776367,45.33000183105469,44.4900016784668,45.33000183105469,32.977943420410156,16056500
2016-07-01,45.33000183105469,45.40999984741211,45.06999969482422,45.119998931884766,32.82517623901367,11799700
2016-07-05,45.15999984741211,45.66999816894531,45.150001525878906,45.43000030517578,33.05070495605469,12339100
2016-07-06,45.5,45.54999923706055,44.91999816894531,45.27000045776367,32.934303283691406,10902600
2016-07-07,45.41999816894531,45.52000045776367,44.970001220703125,45.09000015258789,32.803348541259766,9741100
2016-07-08,45.29999923706055,45.52000045776367,45.06999969482422,45.380001068115234,33.014320373535156,11127100
2016-07-11,45.349998474121094,45.77000045776367,45.11000061035156,45.56999969482422,33.15256881713867,10937800
2016-07-12,45.63999938964844,45.709999084472656,45.18000030517578,45.58000183105469,33.15984344482422,9739000
2016-07-13,45.61000061035156,45.7599983215332,45.43000030517578,45.7400016784668,33.2762336730957,8028400
2016-07-14,45.72999954223633,45.939998626708984,45.58000183105469,45.689998626708984,33.23984909057617,7621200
2016-07-15,45.880001068115234,45.900001525878906,45.439998626708984,45.630001068115234,33.19620895385742,10621000
2016-07-18,45.689998626708984,45.70000076293945,45.47999954223633,45.630001068115234,33.19620895385742,7958300
2016-07-19,45.459999084472656,45.709999084472656,45.43000030517578,45.630001068115234,33.19620895385742,7761100
2016-07-20,45.75,45.77000045776367,45.38999938964844,45.5099983215332,33.10890579223633,8478200
2016-07-21,45.34000015258789,45.5099983215332,45.2599983215332,45.45000076293945,33.06525421142578,8045100
2016-07-22,45.5,45.84000015258789,45.459999084472656,45.83000183105469,33.341705322265625,8836100
2016-07-25,45.810001373291016,45.83000183105469,45.470001220703125,45.56999969482422,33.15256881713867,9134300
2016-07-26,45.529998779296875,45.650001525878906,44.83000183105469,44.880001068115234,32.650569915771484,15819900
2016-07-27,43.900001525878906,44.060001373291016,43.099998474121094,43.400001525878906,31.5738582611084,37461100
2016-07-28,43.27000045776367,43.689998626708984,43.220001220703125,43.650001525878906,31.755746841430664,13077800
2016-07-29,43.720001220703125,43.75,43.47999954223633,43.630001068115234,31.741180419921875,16530500
2016-08-01,43.689998626708984,43.83000183105469,43.43000030517578,43.45000076293945,31.6102352142334,12349700
2016-08-02,43.349998474121094,43.58000183105469,43.310001373291016,43.529998779296875,31.66843032836914,12825200
2016-08-03,43.65999984741211,43.70000076293945,43.369998931884766,43.63999938964844,31.748455047607422,12119100
2016-08-04,43.560001373291016,43.79999923706055,43.400001525878906,43.5099983215332,31.65388298034668,11244100
2016-08-05,43.650001525878906,43.75,43.40999984741211,43.47999954223633,31.63207244873047,10398200
2016-08-08,43.43000030517578,43.52000045776367,43.220001220703125,43.439998626708984,31.60296058654785,8680300
2016-08-09,43.5,43.63999938964844,43.380001068115234,43.470001220703125,31.624794006347656,7281300
2016-08-10,43.63999938964844,43.689998626708984,43.5,43.61000061035156,31.726646423339844,8412100
2016-08-11,43.720001220703125,43.869998931884766,43.619998931884766,43.75,31.8284912109375,11303300
2016-08-12,43.90999984741211,44.189998626708984,43.790000915527344,44.029998779296875,32.03217697143555,10928900
2016-08-15,44.099998474121094,44.33000183105469,44.0099983215332,44.2400016784668,32.184967041015625,10390600
2016-08-16,44.25,44.25,43.83000183105469,43.83000183105469,31.88669776916504,9706100
2016-08-17,44.0099983215332,44.06999969482422,43.779998779296875,44.060001373291016,32.05401611328125,11208500
2016-08-18,44.0099983215332,44.2599983215332,44.0,44.099998474121094,32.083126068115234,9144300
2016-08-19,44.04999923706055,44.060001373291016,43.7400016784668,43.91999816894531,31.952159881591797,9385900
2016-08-22,43.939998626708984,43.95000076293945,43.72999954223633,43.7400016784668,31.821218490600586,8687500
2016-08-23,43.849998474121094,43.97999954223633,43.7400016784668,43.849998474121094,31.901241302490234,8421100
2016-08-24,43.81999969482422,43.939998626708984,43.65999984741211,43.849998474121094,31.901241302490234,11508900
2016-08-25,43.849998474121094,43.939998626708984,43.630001068115234,43.66999816894531,31.77027702331543,9815700
2016-08-26,43.720001220703125,43.91999816894531,43.310001373291016,43.31999969482422,31.515663146972656,11824900
2016-08-29,43.34000015258789,43.61000061035156,43.33000183105469,43.540000915527344,31.675710678100586,9544600
2016-08-30,43.459999084472656,43.529998779296875,43.119998931884766,43.2400016784668,31.457460403442383,9720100
2016-08-31,43.43000030517578,43.459999084472656,43.08000183105469,43.43000030517578,31.595687866210938,10217900
2016-09-01,43.209999084472656,43.40999984741211,43.20000076293945,43.349998474121094,31.53748321533203,8457800
2016-09-02,43.52000045776367,43.83000183105469,43.470001220703125,43.65999984741211,31.76300811767578,9026000
2016-09-06,43.7400016784668,43.79999923706055,43.400001525878906,43.790000915527344,31.85759925842285,8600400
2016-09-07,43.720001220703125,43.79999923706055,43.529998779296875,43.63999938964844,31.748455047607422,8656600
2016-09-08,43.66999816894531,43.72999954223633,43.45000076293945,43.630001068115234,31.741180419921875,10020400
2016-09-09,43.43000030517578,43.43000030517578,42.27000045776367,42.27000045776367,30.751779556274414,23624200
2016-09-12,42.36000061035156,43.22999954223633,42.34000015258789,43.189998626708984,31.42107582092285,15932300
2016-09-13,42.77000045776367,42.77000045776367,42.209999084472656,42.279998779296875,31.010351181030273,12962700
2016-09-14,42.27000045776367,42.40999984741211,41.9900016784668,42.11000061035156,30.885662078857422,9823900
2016-09-15,42.0099983215332,42.38999938964844,41.880001068115234,42.36000061035156,31.06901741027832,10158500
2016-09-16,42.16999816894531,42.2599983215332,41.970001220703125,42.13999938964844,30.907663345336914,16354000
2016-09-19,42.15999984741211,42.369998931884766,42.08000183105469,42.099998474121094,30.878326416015625,7659900
2016-09-20,42.310001373291016,42.529998779296875,42.2400016784668,42.34000015258789,31.054351806640625,8407200
2016-09-21,42.279998779296875,42.61000061035156,42.099998474121094,42.529998779296875,31.193708419799805,13654700
2016-09-22,42.709999084472656,43.0099983215332,42.689998626708984,42.959999084472656,31.509096145629883,9288300
2016-09-23,42.810001373291016,42.939998626708984,42.650001525878906,42.7400016784668,31.347740173339844,8852700
2016-09-26,42.709999084472656,42.720001220703125,42.0099983215332,42.04999923706055,30.841659545898438,15036000
2016-09-27,42.189998626708984,42.630001068115234,42.0,42.59000015258789,31.237722396850586,11920400
2016-09-28,42.630001068115234,42.7599983215332,42.029998779296875,42.150001525878906,30.914993286132812,15523800
2016-09-29,42.02000045776367,42.38999938964844,41.849998474121094,42.029998779296875,30.826982498168945,12671700
2016-09-30,42.209999084472656,42.5,42.060001373291016,42.31999969482422,31.039690017700195,14375700
2016-10-03,42.310001373291016,42.310001373291016,41.88999938964844,42.029998779296875,30.826982498168945,11152800
2016-10-04,42.34000015258789,42.34000015258789,41.779998779296875,41.84000015258789,30.687639236450195,13682700
2016-10-05,41.93000030517578,42.06999969482422,41.66999816894531,41.810001373291016,30.665639877319336,9607300
2016-10-06,41.68000030517578,41.939998626708984,41.58000183105469,41.709999084472656,30.592281341552734,9722900
2016-10-07,41.83000183105469,41.939998626708984,41.56999969482422,41.72999954223633,30.606958389282227,8122800
2016-10-10,41.91999816894531,41.9900016784668,41.599998474121094,41.72999954223633,30.606958389282227,8983600
2016-10-11,41.65999984741211,41.70000076293945,41.400001525878906,41.540000915527344,30.467592239379883,12249100
2016-10-12,41.630001068115234,41.84000015258789,41.5,41.779998779296875,30.643611907958984,12216300
2016-10-13,41.650001525878906,41.88999938964844,41.5099983215332,41.7599983215332,30.628952026367188,17655600
2016-10-14,41.849998474121094,41.90999984741211,41.619998931884766,41.66999816894531,30.562938690185547,9893800
2016-10-17,41.72999954223633,41.86000061035156,41.56999969482422,41.599998474121094,30.5116024017334,10792500
2016-10-18,41.810001373291016,42.0,41.72999954223633,41.970001220703125,30.782983779907227,11297300
2016-10-19,41.93000030517578,42.119998931884766,41.810001373291016,42.04999923706055,30.841659545898438,16367400
2016-10-20,41.970001220703125,42.11000061035156,41.88999938964844,41.93000030517578,30.75363540649414,10620500
2016-10-21,41.849998474121094,42.16999816894531,41.68000030517578,42.130001068115234,30.900331497192383,14401500
2016-10-24,42.31999969482422,42.77000045776367,42.25,42.560001373291016,31.215713500976562,13439200
2016-10-25,42.63999938964844,42.880001068115234,42.43000030517578,42.540000915527344,31.2010498046875,16484700
2016-10-26,43.0,43.029998779296875,42.40999984741211,42.439998626708984,31.12770652770996,16886200
2016-10-27,42.630001068115234,42.650001525878906,41.900001525878906,42.119998931884766,30.89299964904785,14537000
2016-10-28,42.2599983215332,42.470001220703125,42.099998474121094,42.22999954223633,30.973676681518555,13398400
2016-10-31,42.119998931884766,42.40999984741211,42.119998931884766,42.400001525878906,31.098371505737305,13327500
2016-11-01,42.400001525878906,42.43000030517578,41.90999984741211,42.119998931884766,30.89299964904785,12223400
2016-11-02,42.099998474121094,42.34000015258789,42.0099983215332,42.04999923706055,30.841659545898438,12034300
2016-11-03,42.220001220703125,42.220001220703125,41.959999084472656,42.029998779296875,30.826982498168945,11258000
2016-11-04,41.849998474121094,42.040000915527344,41.689998626708984,41.689998626708984,30.577619552612305,14464200
2016-11-07,42.040000915527344,42.5,42.040000915527344,42.459999084472656,31.142377853393555,14038500
2016-11-08,42.369998931884766,42.97999954223633,42.369998931884766,42.880001068115234,31.450424194335938,12036600
2016-11-09,41.7599983215332,42.31999969482422,41.70000076293945,42.27000045776367,31.003015518188477,21351000
2016-11-10,41.86000061035156,42.2599983215332,40.849998474121094,40.939998626708984,30.027517318725586,33245500
2016-11-11,40.95000076293945,41.130001068115234,40.630001068115234,41.029998779296875,30.093530654907227,13421000
2016-11-14,41.130001068115234,41.41999816894531,40.849998474121094,41.16999816894531,30.19622039794922,19514200
2016-11-15,41.18000030517578,41.52000045776367,41.16999816894531,41.439998626708984,30.394248962402344,16554000
2016-11-16,41.400001525878906,41.650001525878906,41.15999984741211,41.2599983215332,30.26222801208496,12681400
2016-11-17,41.279998779296875,41.29999923706055,41.0,41.119998931884766,30.159549713134766,12398800
2016-11-18,41.029998779296875,41.20000076293945,40.900001525878906,40.90999984741211,30.005521774291992,16345300
2016-11-21,40.90999984741211,41.36000061035156,40.72999954223633,41.36000061035156,30.335559844970703,12307000
2016-11-22,41.45000076293945,41.70000076293945,41.2400016784668,41.369998931884766,30.342906951904297,12743500
2016-11-23,41.220001220703125,41.310001373291016,41.029998779296875,41.119998931884766,30.159549713134766,9281300
2016-11-25,41.38999938964844,41.58000183105469,41.2400016784668,41.529998779296875,30.46025276184082,7402300
2016-11-28,41.5099983215332,41.790000915527344,41.27000045776367,41.75,30.621614456176758,19424400
2016-11-29,41.52000045776367,41.52000045776367,41.13999938964844,41.150001525878906,30.43669891357422,11421900
2016-11-30,41.0,41.20000076293945,40.349998474121094,40.349998474121094,29.84497833251953,22410400
2016-12-01,40.310001373291016,40.38999938964844,39.880001068115234,40.16999816894531,29.711835861206055,20409900
2016-12-02,40.29999923706055,40.4900016784668,40.189998626708984,40.36000061035156,29.852392196655273,11176300
2016-12-05,40.34000015258789,40.689998626708984,40.310001373291016,40.619998931884766,30.04469108581543,15977800
2016-12-06,40.75,40.77000045776367,40.41999816894531,40.56999969482422,30.007705688476562,11303500
2016-12-07,40.540000915527344,41.290000915527344,40.5099983215332,41.290000915527344,30.54026222229004,13726500
2016-12-08,41.06999969482422,41.209999084472656,40.849998474121094,40.97999954223633,30.31097412109375,13077100
2016-12-09,41.5,42.220001220703125,41.290000915527344,42.0,31.065397262573242,28125800
2016-12-12,42.0,42.0099983215332,41.720001220703125,41.900001525878906,30.99143409729004,17561900
2016-12-13,41.720001220703125,41.959999084472656,41.540000915527344,41.7599983215332,30.887893676757812,18986000
2016-12-14,41.88999938964844,41.9900016784668,41.060001373291016,41.209999084472656,30.481096267700195,17937900
2016-12-15,41.099998474121094,41.810001373291016,41.099998474121094,41.54999923706055,30.732574462890625,14265300
2016-12-16,41.61000061035156,41.7599983215332,41.47999954223633,41.7400016784668,30.87308692932129,19675200
2016-12-19,41.689998626708984,41.79999923706055,41.58000183105469,41.66999816894531,30.821317672729492,8687300
2016-12-20,41.70000076293945,41.720001220703125,41.439998626708984,41.65999984741211,30.81391716003418,10603500
2016-12-21,41.599998474121094,41.83000183105469,41.52000045776367,41.56999969482422,30.747358322143555,9693600
2016-12-22,41.56999969482422,41.619998931884766,41.08000183105469,41.54999923706055,30.732574462890625,11894100
2016-12-23,41.619998931884766,41.689998626708984,41.349998474121094,41.599998474121094,30.76955223083496,6436600
2016-12-27,41.560001373291016,41.7599983215332,41.540000915527344,41.61000061035156,30.776945114135742,6999200
2016-12-28,41.4900016784668,41.66999816894531,41.38999938964844,41.38999938964844,30.614215850830078,8988000
2016-12-29,41.380001068115234,41.689998626708984,41.380001068115234,41.599998474121094,30.76955223083496,6875300
2016-12-30,41.689998626708984,41.84000015258789,41.349998474121094,41.459999084472656,30.66598892211914,11470200
2017-01-03,41.5,41.810001373291016,41.279998779296875,41.79999923706055,30.91747283935547,14711000
2017-01-04,41.880001068115234,41.970001220703125,41.59000015258789,41.650001525878906,30.806533813476562,9959400
2017-01-05,41.65999984741211,41.86000061035156,41.529998779296875,41.75,30.880496978759766,8968300
2017-01-06,41.70000076293945,41.810001373291016,41.540000915527344,41.7400016784668,30.87308692932129,10246600
2017-01-09,41.22999954223633,41.58000183105469,41.209999084472656,41.31999969482422,30.562442779541016,14822500
2017-01-10,41.439998626708984,41.439998626708984,40.86000061035156,41.040000915527344,30.355342864990234,19706800
2017-01-11,40.849998474121094,41.119998931884766,40.83000183105469,41.04999923706055,30.362741470336914,9266200
2017-01-12,41.0099983215332,41.040000915527344,40.79999923706055,40.95000076293945,30.288776397705078,8541200
2017-01-13,41.0,41.040000915527344,40.689998626708984,40.880001068115234,30.23699951171875,8123500
2017-01-17,40.84000015258789,41.29999923706055,40.79999923706055,41.220001220703125,30.48849105834961,12469400
2017-01-18,41.25,41.380001068115234,41.13999938964844,41.290000915527344,30.54026222229004,10390500
2017-01-19,41.13999938964844,41.290000915527344,41.029998779296875,41.13999938964844,30.42930793762207,10987100
2017-01-20,41.27000045776367,41.439998626708984,41.130001068115234,41.31999969482422,30.562442779541016,14695400
2017-01-23,41.310001373291016,41.5,41.209999084472656,41.43000030517578,30.64382553100586,11628900
2017-01-24,41.470001220703125,41.970001220703125,41.470001220703125,41.900001525878906,30.99143409729004,17040100
2017-01-25,41.939998626708984,42.25,41.900001525878906,42.119998931884766,31.1541690826416,12538200
2017-01-26,42.029998779296875,42.11000061035156,41.790000915527344,41.810001373291016,30.924884796142578,8976800
2017-01-27,41.90999984741211,41.95000076293945,41.41999816894531,41.45000076293945,30.658594131469727,12967400
2017-01-30,41.29999923706055,41.47999954223633,41.209999084472656,41.380001068115234,30.606830596923828,11626200
2017-01-31,41.38999938964844,41.689998626708984,41.36000061035156,41.56999969482422,30.747358322143555,12678000
2017-02-01,41.52000045776367,41.65999984741211,41.25,41.2599983215332,30.5180606842041,11136100
2017-02-02,41.40999984741211,41.4900016784668,41.25,41.400001525878906,30.621614456176758,9459700
2017-02-03,41.58000183105469,41.790000915527344,41.459999084472656,41.540000915527344,30.725162506103516,11882400
2017-02-06,41.529998779296875,41.66999816894531,41.400001525878906,41.560001373291016,30.739967346191406,15742800
2017-02-07,41.70000076293945,41.97999954223633,41.66999816894531,41.900001525878906,30.99143409729004,13315200
2017-02-08,41.90999984741211,42.150001525878906,41.84000015258789,42.02000045776367,31.0802059173584,14219700
2017-02-09,42.02000045776367,42.02000045776367,40.720001220703125,41.25,30.510665893554688,27240300
2017-02-10,41.02000045776367,41.20000076293945,40.54999923706055,40.58000183105469,30.015113830566406,28847300
2017-02-13,40.77000045776367,40.83000183105469,40.5,40.619998931884766,30.04469108581543,23617100
2017-02-14,40.380001068115234,40.599998474121094,40.220001220703125,40.529998779296875,29.978116989135742,32177800
2017-02-15,40.41999816894531,40.630001068115234,40.400001525878906,40.439998626708984,29.91155433654785,26600800
2017-02-16,40.54999923706055,41.279998779296875,40.5,41.20000076293945,30.47368621826172,22214800
2017-02-17,41.130001068115234,41.36000061035156,41.04999923706055,41.22999954223633,30.49587631225586,15065100
2017-02-21,41.20000076293945,41.5,41.20000076293945,41.459999084472656,30.66598892211914,17072600
2017-02-22,41.5099983215332,41.68000030517578,41.400001525878906,41.599998474121094,30.76955223083496,11186800
2017-02-23,41.66999816894531,42.0,41.619998931884766,41.65999984741211,30.81391716003418,12856800
2017-02-24,41.70000076293945,41.90999984741211,41.599998474121094,41.779998779296875,30.902681350708008,13215300
2017-02-27,41.75,41.75,41.59000015258789,41.66999816894531,30.821317672729492,12186400
2017-02-28,41.68000030517578,42.06999969482422,41.63999938964844,41.959999084472656,31.035818099975586,15946800
2017-03-01,42.0099983215332,42.349998474121094,41.880001068115234,42.15999984741211,31.183757781982422,14662000
2017-03-02,42.08000183105469,42.560001373291016,42.06999969482422,42.470001220703125,31.41305160522461,15507600
2017-03-03,42.470001220703125,42.4900016784668,42.25,42.47999954223633,31.420434951782227,11740000
2017-03-06,42.34000015258789,42.43000030517578,42.119998931884766,42.18000030517578,31.19854736328125,16307800
2017-03-07,42.0,42.2400016784668,41.95000076293945,41.9900016784668,31.058008193969727,11273700
2017-03-08,42.0,42.029998779296875,41.7400016784668,41.9900016784668,31.058008193969727,14636000
2017-03-09,42.09000015258789,42.11000061035156,41.91999816894531,42.029998779296875,31.087600708007812,14496400
2017-03-10,42.22999954223633,42.400001525878906,42.150001525878906,42.290000915527344,31.279918670654297,16369700
2017-03-13,41.91999816894531,42.119998931884766,41.84000015258789,42.029998779296875,31.36200523376465,12831500
2017-03-14,41.97999954223633,42.099998474121094,41.83000183105469,41.970001220703125,31.31722068786621,9844500
2017-03-15,41.97999954223633,42.279998779296875,41.970001220703125,42.119998931884766,31.42914390563965,22757800
2017-03-16,42.029998779296875,42.38999938964844,41.900001525878906,42.25,31.526145935058594,16004200
2017-03-17,42.279998779296875,42.349998474121094,42.0099983215332,42.029998779296875,31.36200523376465,37526500
2017-03-20,42.099998474121094,42.34000015258789,42.06999969482422,42.18000030517578,31.473918914794922,11484200
2017-03-21,42.310001373291016,42.630001068115234,42.209999084472656,42.5,31.712703704833984,17187300
2017-03-22,42.560001373291016,42.70000076293945,42.25,42.380001068115234,31.6231632232666,11605500
2017-03-23,42.209999084472656,42.38999938964844,42.060001373291016,42.16999816894531,31.466455459594727,11503300
2017-03-24,42.22999954223633,42.25,41.90999984741211,42.119998931884766,31.42914390563965,13804400
2017-03-27,42.11000061035156,42.34000015258789,42.04999923706055,42.31999969482422,31.578392028808594,12387400
2017-03-28,42.2400016784668,42.560001373291016,42.2400016784668,42.43000030517578,31.660459518432617,14123800
2017-03-29,42.5099983215332,42.529998779296875,42.290000915527344,42.41999816894531,31.652996063232422,9580100
2017-03-30,42.349998474121094,42.619998931884766,42.2599983215332,42.599998474121094,31.787324905395508,11999900
2017-03-31,42.54999923706055,42.650001525878906,42.43000030517578,42.439998626708984,31.66791534423828,11551800
2017-04-03,42.58000183105469,42.630001068115234,42.27000045776367,42.40999984741211,31.64553451538086,11240000
2017-04-04,42.5099983215332,42.689998626708984,42.369998931884766,42.68000030517578,31.84701156616211,10946200
2017-04-05,42.650001525878906,42.86000061035156,42.529998779296875,42.56999969482422,31.764934539794922,10142800
2017-04-06,42.58000183105469,42.7599983215332,42.470001220703125,42.66999816894531,31.839534759521484,14597800
2017-04-07,42.63999938964844,42.7400016784668,42.5099983215332,42.61000061035156,31.79477882385254,11028800
2017-04-10,42.72999954223633,42.79999923706055,42.560001373291016,42.689998626708984,31.85446548461914,9426900
2017-04-11,42.68000030517578,42.75,42.52000045776367,42.65999984741211,31.83208656311035,8909400
2017-04-12,42.540000915527344,42.9900016784668,42.5099983215332,42.939998626708984,32.04102325439453,13417200
2017-04-13,42.869998931884766,43.08000183105469,42.779998779296875,42.790000915527344,31.929086685180664,9891900
2017-04-17,42.790000915527344,43.06999969482422,42.779998779296875,43.06999969482422,32.138023376464844,11318100
2017-04-18,43.11000061035156,43.59000015258789,43.09000015258789,43.47999954223633,32.443946838378906,13181600
2017-04-19,43.7400016784668,43.790000915527344,43.189998626708984,43.22999954223633,32.257415771484375,13893100
2017-04-20,43.20000076293945,43.29999923706055,43.04999923706055,43.09000015258789,32.15293884277344,10838300
2017-04-21,42.97999954223633,43.099998474121094,42.88999938964844,43.06999969482422,32.138023376464844,13833800
2017-04-24,43.2400016784668,43.43000030517578,43.150001525878906,43.279998779296875,32.29471206665039,16703800
2017-04-25,42.849998474121094,43.43000030517578,42.81999969482422,43.11000061035156,32.167869567871094,18745100
2017-04-26,43.060001373291016,43.43000030517578,42.97999954223633,43.2400016784668,32.26487731933594,13626600
2017-04-27,43.16999816894531,43.279998779296875,42.91999816894531,43.0099983215332,32.09324264526367,10386200
2017-04-28,42.959999084472656,43.20000076293945,42.849998474121094,43.150001525878906,32.19770812988281,10337800
2017-05-01,43.150001525878906,43.5,43.099998474121094,43.220001220703125,32.24994659423828,13208200
2017-05-02,43.220001220703125,43.439998626708984,43.15999984741211,43.38999938964844,32.37679672241211,11823900
2017-05-03,43.33000183105469,43.4900016784668,43.150001525878906,43.31999969482422,32.324562072753906,10389000
2017-05-04,43.41999816894531,43.810001373291016,43.400001525878906,43.65999984741211,32.57826614379883,10193100
2017-05-05,43.790000915527344,43.84000015258789,43.560001373291016,43.689998626708984,32.60064697265625,8133000
2017-05-08,43.59000015258789,43.90999984741211,43.540000915527344,43.88999938964844,32.7498893737793,14284300
2017-05-09,43.88999938964844,43.88999938964844,43.380001068115234,43.5099983215332,32.46633529663086,8694400
2017-05-10,43.47999954223633,43.619998931884766,43.36000061035156,43.56999969482422,32.5111083984375,7597700
2017-05-11,43.4900016784668,43.68000030517578,43.43000030517578,43.66999816894531,32.585723876953125,6860100
2017-05-12,43.63999938964844,43.68000030517578,43.459999084472656,43.59000015258789,32.526023864746094,7275800
2017-05-15,43.459999084472656,43.7599983215332,43.459999084472656,43.72999954223633,32.63050079345703,8493000
2017-05-16,43.869998931884766,44.11000061035156,43.77000045776367,43.849998474121094,32.720035552978516,10454100
2017-05-17,43.849998474121094,44.16999816894531,43.709999084472656,43.93000030517578,32.77973937988281,14538800
2017-05-18,43.869998931884766,43.959999084472656,43.63999938964844,43.79999923706055,32.682743072509766,13832200
2017-05-19,43.849998474121094,44.0,43.7599983215332,43.900001525878906,32.75734329223633,11796800
2017-05-22,43.88999938964844,44.220001220703125,43.810001373291016,44.18000030517578,32.96627426147461,12857900
2017-05-23,44.25,44.599998474121094,44.209999084472656,44.38999938964844,33.12297821044922,11996100
2017-05-24,44.5099983215332,45.09000015258789,44.5099983215332,45.029998779296875,33.60053634643555,12738300
2017-05-25,45.0,45.47999954223633,44.970001220703125,45.40999984741211,33.88408660888672,16704200
2017-05-26,45.349998474121094,45.560001373291016,45.33000183105469,45.38999938964844,33.8691520690918,11341400
2017-05-30,45.15999984741211,45.459999084472656,45.11000061035156,45.43000030517578,33.89900588989258,13093500
2017-05-31,45.43000030517578,45.70000076293945,45.369998931884766,45.470001220703125,33.928855895996094,14148000
2017-06-01,45.45000076293945,45.790000915527344,45.22999954223633,45.790000915527344,34.16762924194336,11049300
2017-06-02,45.83000183105469,45.88999938964844,45.61000061035156,45.88999938964844,34.24225616455078,9923700
2017-06-05,45.779998779296875,45.9900016784668,45.689998626708984,45.9900016784668,34.31687545776367,10015200
2017-06-06,45.900001525878906,46.060001373291016,45.779998779296875,45.97999954223633,34.30940246582031,9836700
2017-06-07,45.5,45.70000076293945,45.349998474121094,45.5099983215332,33.95869827270508,12776300
2017-06-08,45.5099983215332,45.5099983215332,45.029998779296875,45.130001068115234,33.67516326904297,12879000
2017-06-09,45.060001373291016,45.349998474121094,44.970001220703125,45.31999969482422,33.81693649291992,9358800
2017-06-12,45.31999969482422,45.47999954223633,45.20000076293945,45.33000183105469,33.82439041137695,11228500
2017-06-13,45.0,45.11000061035156,44.79999923706055,45.029998779296875,33.877052307128906,10023400
2017-06-14,45.18000030517578,45.470001220703125,45.15999984741211,45.29999923706055,34.08017349243164,11497500
2017-06-15,45.18000030517578,45.34000015258789,45.040000915527344,45.25,34.042572021484375,9908700
2017-06-16,45.310001373291016,45.349998474121094,45.0099983215332,45.310001373291016,34.08769989013672,27025300
2017-06-19,45.349998474121094,45.380001068115234,45.099998474121094,45.380001068115234,34.1403694152832,7624700
2017-06-20,45.349998474121094,45.869998931884766,45.31999969482422,45.61000061035156,34.31340026855469,14920900
2017-06-21,45.619998931884766,45.68000030517578,45.16999816894531,45.220001220703125,34.019989013671875,9515800
2017-06-22,45.16999816894531,45.279998779296875,45.029998779296875,45.06999969482422,33.90713882446289,7446300
2017-06-23,45.04999923706055,45.380001068115234,45.029998779296875,45.25,34.042572021484375,9544800
2017-06-26,45.31999969482422,45.5099983215332,45.29999923706055,45.43000030517578,34.177978515625,7747100
2017-06-27,45.34000015258789,45.400001525878906,45.0,45.04999923706055,33.89210510253906,11432200
2017-06-28,45.25,45.5,45.22999954223633,45.31999969482422,34.09523391723633,9218800
2017-06-29,45.130001068115234,45.2400016784668,44.650001525878906,44.83000183105469,33.72658157348633,9283500
2017-06-30,44.88999938964844,45.119998931884766,44.849998474121094,44.849998474121094,33.741634368896484,9352800
2017-07-03,45.11000061035156,45.27000045776367,44.7599983215332,44.7599983215332,33.673927307128906,6434500
2017-07-05,44.790000915527344,44.9900016784668,44.72999954223633,44.81999969482422,33.71906280517578,6853600
2017-07-06,44.720001220703125,44.849998474121094,44.290000915527344,44.400001525878906,33.40310287475586,13113000
2017-07-07,44.470001220703125,44.52000045776367,44.2400016784668,44.38999938964844,33.39556884765625,9566000
2017-07-10,44.45000076293945,44.58000183105469,44.22999954223633,44.380001068115234,33.3880500793457,9672000
2017-07-11,44.31999969482422,44.47999954223633,44.150001525878906,44.33000183105469,33.350425720214844,10300700
2017-07-12,44.59000015258789,44.77000045776367,44.439998626708984,44.5099983215332,33.48583221435547,7737400
2017-07-13,44.4900016784668,44.529998779296875,44.369998931884766,44.43000030517578,33.425662994384766,6371900
2017-07-14,44.52000045776367,44.720001220703125,44.5,44.68000030517578,33.613746643066406,8558700
2017-07-17,44.65999984741211,44.790000915527344,44.61000061035156,44.72999954223633,33.65134811401367,7189200
2017-07-18,44.779998779296875,44.849998474121094,44.619998931884766,44.66999816894531,33.6062126159668,9037200
2017-07-19,44.66999816894531,44.84000015258789,44.54999923706055,44.83000183105469,33.72658157348633,6986900
2017-07-20,44.900001525878906,44.97999954223633,44.75,44.81999969482422,33.71906280517578,7430300
2017-07-21,44.779998779296875,45.06999969482422,44.66999816894531,45.029998779296875,33.877052307128906,8545600
2017-07-24,45.040000915527344,45.04999923706055,44.83000183105469,44.84000015258789,33.73411178588867,9103600
2017-07-25,45.02000045776367,45.290000915527344,44.939998626708984,45.2400016784668,34.03504180908203,14096300
2017-07-26,44.54999923706055,45.790000915527344,44.310001373291016,45.7400016784668,34.41120147705078,13608900
2017-07-27,45.79999923706055,46.43000030517578,45.70000076293945,46.119998931884766,34.69709014892578,15195200
2017-07-28,46.0,46.119998931884766,45.72999954223633,46.0099983215332,34.61433410644531,11945300
2017-07-31,46.0,46.08000183105469,45.790000915527344,45.84000015258789,34.48643493652344,13622900
2017-08-01,45.970001220703125,46.060001373291016,45.650001525878906,45.70000076293945,34.38111877441406,10306800
2017-08-02,45.599998474121094,46.0,45.380001068115234,45.59000015258789,34.2983512878418,10187900
2017-08-03,45.650001525878906,45.95000076293945,45.630001068115234,45.66999816894531,34.35852813720703,14261400
2017-08-04,45.66999816894531,45.7599983215332,45.470001220703125,45.5,34.230648040771484,9523600
2017-08-07,45.52000045776367,45.7599983215332,45.5,45.63999938964844,34.33596420288086,6226300
2017-08-08,45.63999938964844,45.81999969482422,45.54999923706055,45.599998474121094,34.305885314941406,5747900
2017-08-09,45.560001373291016,45.65999984741211,45.33000183105469,45.59000015258789,34.2983512878418,9635300
2017-08-10,45.560001373291016,45.84000015258789,45.459999084472656,45.7400016784668,34.41120147705078,8901600
2017-08-11,45.86000061035156,45.900001525878906,45.56999969482422,45.59000015258789,34.2983512878418,8357600
2017-08-14,45.66999816894531,45.939998626708984,45.619998931884766,45.79999923706055,34.45633316040039,8421200
2017-08-15,45.79999923706055,46.25,45.79999923706055,46.189998626708984,34.74974822998047,9638100
2017-08-16,46.150001525878906,46.34000015258789,46.119998931884766,46.20000076293945,34.75727081298828,8087300
2017-08-17,46.119998931884766,46.33000183105469,45.849998474121094,45.86000061035156,34.50148391723633,8477000
2017-08-18,45.79999923706055,45.900001525878906,45.630001068115234,45.66999816894531,34.35852813720703,10879800
2017-08-21,45.66999816894531,45.79999923706055,45.560001373291016,45.68000030517578,34.366058349609375,9429700
2017-08-22,45.70000076293945,45.75,45.540000915527344,45.599998474121094,34.305885314941406,10536700
2017-08-23,45.630001068115234,45.65999984741211,45.439998626708984,45.540000915527344,34.260738372802734,6528400
2017-08-24,45.540000915527344,45.61000061035156,45.310001373291016,45.40999984741211,34.16293716430664,7534400
2017-08-25,45.599998474121094,45.7599983215332,45.560001373291016,45.56999969482422,34.28330993652344,8807100
2017-08-28,45.630001068115234,45.689998626708984,45.380001068115234,45.41999816894531,34.17045593261719,8024000
2017-08-29,45.400001525878906,45.56999969482422,45.25,45.45000076293945,34.19303512573242,7762200
2017-08-30,45.36000061035156,45.540000915527344,45.290000915527344,45.38999938964844,34.14788055419922,7134900
2017-08-31,45.400001525878906,45.650001525878906,45.34000015258789,45.54999923706055,34.26826858520508,14264600
2017-09-01,45.63999938964844,45.79999923706055,45.540000915527344,45.779998779296875,34.44129180908203,7391200
2017-09-05,45.75,45.93000030517578,45.650001525878906,45.91999816894531,34.54661560058594,9916700
2017-09-06,45.97999954223633,46.040000915527344,45.790000915527344,45.959999084472656,34.57670593261719,9238900
2017-09-07,46.0099983215332,46.31999969482422,45.959999084472656,46.279998779296875,34.81745529174805,9418400
2017-09-08,46.189998626708984,46.369998931884766,46.02000045776367,46.29999923706055,34.83250045776367,10534900
2017-09-11,46.349998474121094,46.59000015258789,46.220001220703125,46.52000045776367,34.998008728027344,10430300
2017-09-12,46.5,46.75,46.45000076293945,46.720001220703125,35.148475646972656,8567600
2017-09-13,46.68000030517578,46.97999954223633,46.650001525878906,46.869998931884766,35.26132583618164,10218000
2017-09-14,46.400001525878906,46.470001220703125,45.939998626708984,46.11000061035156,34.965579986572266,13768800
2017-09-15,46.29999923706055,46.36000061035156,46.0,46.18000030517578,35.0186767578125,16141400
2017-09-18,46.150001525878906,46.2400016784668,45.90999984741211,46.11000061035156,34.965579986572266,8535300
2017-09-19,46.13999938964844,46.189998626708984,45.88999938964844,45.97999954223633,34.86700439453125,7297900
2017-09-20,45.7599983215332,46.150001525878906,45.54999923706055,45.779998779296875,34.71534729003906,11026600
2017-09-21,45.709999084472656,45.790000915527344,45.36000061035156,45.400001525878906,34.42718505859375,7555300
2017-09-22,45.45000076293945,45.630001068115234,45.369998931884766,45.4900016784668,34.49543762207031,8024800
2017-09-25,45.5,45.7599983215332,45.349998474121094,45.689998626708984,34.64708709716797,9215300
2017-09-26,45.689998626708984,45.869998931884766,45.560001373291016,45.56999969482422,34.55609893798828,6480100
2017-09-27,45.470001220703125,45.5,44.380001068115234,44.63999938964844,33.85087585449219,14816200
2017-09-28,44.66999816894531,45.0,44.650001525878906,44.90999984741211,34.05561828613281,8789500
2017-09-29,44.86000061035156,45.11000061035156,44.790000915527344,45.0099983215332,34.13143539428711,10082200
2017-10-02,45.04999923706055,45.27000045776367,44.75,44.79999923706055,33.972198486328125,10707800
2017-10-03,44.86000061035156,45.2599983215332,44.7599983215332,45.189998626708984,34.2679443359375,12038100
2017-10-04,45.11000061035156,45.560001373291016,44.939998626708984,45.5,34.50301742553711,14060300
2017-10-05,45.5099983215332,45.75,45.5,45.52000045776367,34.51818084716797,10215300
2017-10-06,45.38999938964844,45.52000045776367,45.279998779296875,45.4900016784668,34.49543762207031,5437900
2017-10-09,45.54999923706055,45.650001525878906,45.34000015258789,45.40999984741211,34.434776306152344,5268300
2017-10-10,45.599998474121094,45.900001525878906,45.529998779296875,45.869998931884766,34.78358840942383,6310400
2017-10-11,45.880001068115234,46.099998474121094,45.869998931884766,46.099998474121094,34.95799255371094,6638200
2017-10-12,45.97999954223633,46.13999938964844,45.939998626708984,46.11000061035156,34.965579986572266,7710200
2017-10-13,46.25,46.380001068115234,46.150001525878906,46.18000030517578,35.0186767578125,7126000
2017-10-16,46.119998931884766,46.75,46.099998474121094,46.619998931884766,35.35231399536133,12708600
2017-10-17,46.529998779296875,46.630001068115234,46.310001373291016,46.52000045776367,35.2764892578125,7699400
2017-10-18,46.40999984741211,46.540000915527344,46.2400016784668,46.400001525878906,35.18550109863281,6272200
2017-10-19,46.369998931884766,46.790000915527344,46.31999969482422,46.59000015258789,35.32957077026367,7515500
2017-10-20,46.58000183105469,46.59000015258789,46.279998779296875,46.380001068115234,35.17033004760742,9646800
2017-10-23,46.380001068115234,46.650001525878906,46.22999954223633,46.31999969482422,35.12482452392578,7153600
2017-10-24,46.2599983215332,46.290000915527344,45.95000076293945,46.18000030517578,35.0186767578125,9539500
2017-10-25,46.369998931884766,46.7599983215332,45.93000030517578,46.04999923706055,34.92008590698242,11994200
2017-10-26,46.31999969482422,46.75,46.220001220703125,46.22999954223633,35.05657196044922,10569100
2017-10-27,46.130001068115234,46.33000183105469,45.90999984741211,46.06999969482422,34.935264587402344,9988000
2017-10-30,46.0,46.06999969482422,45.81999969482422,45.86000061035156,34.7760124206543,7201900
2017-10-31,45.91999816894531,46.16999816894531,45.84000015258789,45.97999954223633,34.86700439453125,6560500
2017-11-01,45.75,46.09000015258789,45.630001068115234,45.79999923706055,34.730506896972656,7067600
2017-11-02,45.810001373291016,45.95000076293945,45.75,45.880001068115234,34.79117965698242,8317800
2017-11-03,45.970001220703125,46.15999984741211,45.91999816894531,45.970001220703125,34.85941696166992,4730400
2017-11-06,45.90999984741211,45.91999816894531,45.41999816894531,45.470001220703125,34.480262756347656,7451300
2017-11-07,45.40999984741211,45.95000076293945,45.310001373291016,45.939998626708984,34.836666107177734,9868000
2017-11-08,45.97999954223633,46.189998626708984,45.869998931884766,46.18000030517578,35.0186767578125,7586900
2017-11-09,46.119998931884766,46.38999938964844,46.02000045776367,46.22999954223633,35.05657196044922,6532400
2017-11-10,46.20000076293945,46.63999938964844,46.13999938964844,46.540000915527344,35.291664123535156,8022900
2017-11-13,46.599998474121094,46.81999969482422,46.540000915527344,46.720001220703125,35.42815399169922,7653600
2017-11-14,46.709999084472656,47.47999954223633,46.619998931884766,47.43000030517578,35.966552734375,17200700
2017-11-15,47.31999969482422,47.459999084472656,46.779998779296875,46.810001373291016,35.49639892578125,12419100
2017-11-16,46.95000076293945,46.97999954223633,46.5099983215332,46.54999923706055,35.29923629760742,12506400
2017-11-17,46.34000015258789,46.380001068115234,45.25,45.709999084472656,34.66226577758789,19720700
2017-11-20,45.650001525878906,45.880001068115234,45.41999816894531,45.459999084472656,34.472686767578125,19160900
2017-11-21,45.560001373291016,45.95000076293945,45.540000915527344,45.779998779296875,34.71534729003906,10280800
2017-11-22,45.88999938964844,45.93000030517578,45.540000915527344,45.84000015258789,34.76084899902344,8434400
2017-11-24,45.88999938964844,46.04999923706055,45.86000061035156,45.880001068115234,34.79117965698242,2996300
2017-11-27,45.880001068115234,45.9900016784668,45.810001373291016,45.900001525878906,34.80633544921875,5649200
2017-11-28,45.9900016784668,46.150001525878906,45.779998779296875,45.83000183105469,34.753273010253906,8432800
2017-11-29,45.77000045776367,45.81999969482422,45.209999084472656,45.5,34.50301742553711,16502100
2017-11-30,45.13999938964844,45.84000015258789,45.029998779296875,45.77000045776367,34.99230194091797,17147600
2017-12-01,45.79999923706055,46.02000045776367,45.209999084472656,45.970001220703125,35.145225524902344,12468800
2017-12-04,45.9900016784668,46.380001068115234,45.77000045776367,46.22999954223633,35.3439826965332,17523600
2017-12-05,46.25,46.439998626708984,46.060001373291016,46.2599983215332,35.36692810058594,13670800
2017-12-06,46.36000061035156,46.47999954223633,46.2599983215332,46.45000076293945,35.512184143066406,8154000
2017-12-07,46.290000915527344,46.31999969482422,45.720001220703125,45.779998779296875,34.99996566772461,9106500
2017-12-08,45.70000076293945,45.72999954223633,45.04999923706055,45.310001373291016,34.640621185302734,13238600
2017-12-11,45.310001373291016,45.40999984741211,44.91999816894531,45.33000183105469,34.65591812133789,9698700
2017-12-12,45.25,45.52000045776367,45.060001373291016,45.290000915527344,34.625335693359375,13999300
2017-12-13,45.45000076293945,46.04999923706055,45.400001525878906,45.900001525878906,35.091697692871094,12418700
2017-12-14,45.810001373291016,46.16999816894531,45.79999923706055,46.029998779296875,35.19109344482422,9029000
2017-12-15,46.290000915527344,46.41999816894531,46.040000915527344,46.189998626708984,35.31340408325195,21181600
2017-12-18,46.20000076293945,46.380001068115234,45.90999984741211,45.93000030517578,35.11463165283203,10156800
2017-12-19,46.040000915527344,46.380001068115234,45.90999984741211,46.130001068115234,35.26754379272461,8253200
2017-12-20,46.209999084472656,46.29999923706055,45.959999084472656,46.08000183105469,35.229312896728516,7311000
2017-12-21,46.13999938964844,46.220001220703125,45.560001373291016,45.599998474121094,34.862335205078125,9657100
2017-12-22,45.689998626708984,45.72999954223633,45.54999923706055,45.59000015258789,34.85470199584961,5406300
2017-12-26,45.70000076293945,45.86000061035156,45.61000061035156,45.810001373291016,35.022891998291016,6100400
2017-12-27,45.900001525878906,45.939998626708984,45.720001220703125,45.93000030517578,35.11463165283203,5660600
2017-12-28,45.90999984741211,45.9900016784668,45.63999938964844,45.720001220703125,34.95408630371094,6538900
2017-12-29,45.70000076293945,46.18000030517578,45.689998626708984,45.880001068115234,35.076412200927734,8371500
2018-01-02,45.90999984741211,45.939998626708984,45.5099983215332,45.540000915527344,34.81647872924805,10872200
2018-01-03,45.4900016784668,45.689998626708984,45.34000015258789,45.439998626708984,34.74001693725586,12635600
2018-01-04,45.560001373291016,46.220001220703125,45.45000076293945,46.08000183105469,35.229312896728516,12709400
2018-01-05,46.02000045776367,46.20000076293945,45.790000915527344,46.06999969482422,35.22167205810547,13113100
2018-01-08,45.95000076293945,46.099998474121094,45.880001068115234,46.0,35.168148040771484,7068600
2018-01-09,46.0,46.36000061035156,45.939998626708984,46.22999954223633,35.3439826965332,9962400
2018-01-10,46.22999954223633,46.2599983215332,45.93000030517578,46.06999969482422,35.22167205810547,10700700
2018-01-11,46.22999954223633,46.22999954223633,45.86000061035156,46.040000915527344,35.198734283447266,7583200
2018-01-12,46.279998779296875,46.38999938964844,46.029998779296875,46.150001525878906,35.282833099365234,14570100
2018-01-16,46.150001525878906,46.619998931884766,46.13999938964844,46.529998779296875,35.57334518432617,16459300
2018-01-17,46.58000183105469,47.0,46.54999923706055,46.81999969482422,35.79506301879883,12143100
2018-01-18,46.75,47.06999969482422,46.61000061035156,46.880001068115234,35.8409309387207,11952900
2018-01-19,46.9900016784668,47.25,46.869998931884766,47.15999984741211,36.054996490478516,16187400
2018-01-22,47.13999938964844,47.5,47.09000015258789,47.380001068115234,36.22319030761719,9577400
2018-01-23,47.209999084472656,47.70000076293945,47.130001068115234,47.45000076293945,36.27671432495117,11463700
2018-01-24,47.529998779296875,47.95000076293945,47.47999954223633,47.83000183105469,36.567237854003906,15964500
2018-01-25,47.70000076293945,48.0,47.70000076293945,47.84000015258789,36.57487869262695,11755000
2018-01-26,47.779998779296875,48.619998931884766,47.7400016784668,48.529998779296875,37.10240173339844,16671200
2018-01-29,48.209999084472656,48.459999084472656,47.58000183105469,47.70000076293945,36.46784973144531,11662600
2018-01-30,47.72999954223633,48.15999984741211,47.400001525878906,47.40999984741211,36.246124267578125,12404800
2018-01-31,47.45000076293945,47.900001525878906,47.369998931884766,47.59000015258789,36.38374710083008,10960100
2018-02-01,47.40999984741211,47.72999954223633,47.11000061035156,47.45000076293945,36.27671432495117,10279400
2018-02-02,47.349998474121094,47.40999984741211,46.630001068115234,46.72999954223633,35.726253509521484,12912300
2018-02-05,46.650001525878906,46.91999816894531,44.40999984741211,44.88999938964844,34.31953048706055,23261500
2018-02-06,43.869998931884766,44.7400016784668,43.439998626708984,44.66999816894531,34.15132522583008,25184300
2018-02-07,44.58000183105469,45.5,44.279998779296875,44.560001373291016,34.06724166870117,18041600
2018-02-08,44.619998931884766,44.619998931884766,43.06999969482422,43.099998474121094,32.95102310180664,23295300
2018-02-09,43.36000061035156,43.459999084472656,42.189998626708984,43.130001068115234,32.97396469116211,22853100
2018-02-12,43.560001373291016,44.22999954223633,43.369998931884766,43.970001220703125,33.61616516113281,14689000
2018-02-13,43.91999816894531,44.40999984741211,43.689998626708984,44.189998626708984,33.784358978271484,13163200
2018-02-14,44.02000045776367,44.189998626708984,43.630001068115234,44.099998474121094,33.715545654296875,13457900
2018-02-15,44.25,44.83000183105469,44.119998931884766,44.779998779296875,34.23542404174805,13467300
2018-02-16,45.56999969482422,45.63999938964844,44.720001220703125,44.97999954223633,34.388343811035156,17202300
2018-02-20,44.75,44.83000183105469,43.939998626708984,43.9900016784668,33.63146209716797,14137300
2018-02-21,44.11000061035156,44.2599983215332,43.33000183105469,43.34000015258789,33.134525299072266,12792900
2018-02-22,43.43000030517578,43.81999969482422,43.220001220703125,43.52000045776367,33.272132873535156,12377800
2018-02-23,43.58000183105469,44.060001373291016,43.41999816894531,44.040000915527344,33.6696891784668,8277200
2018-02-26,44.22999954223633,44.38999938964844,43.810001373291016,44.029998779296875,33.66204071044922,12713300
2018-02-27,44.150001525878906,44.310001373291016,43.619998931884766,43.619998931884766,33.34858322143555,12774400
2018-02-28,43.83000183105469,43.90999984741211,43.220001220703125,43.220001220703125,33.04277420043945,11929400
2018-03-01,43.099998474121094,43.63999938964844,42.81999969482422,43.43000030517578,33.203330993652344,17746800
2018-03-02,43.25,43.79999923706055,43.2400016784668,43.720001220703125,33.4250373840332,14050100
2018-03-05,43.56999969482422,43.939998626708984,43.5,43.88999938964844,33.554996490478516,11992700
2018-03-06,43.95000076293945,44.04999923706055,43.59000015258789,43.93000030517578,33.58557891845703,10010500
2018-03-07,43.59000015258789,43.91999816894531,43.470001220703125,43.81999969482422,33.50148391723633,10881700
2018-03-08,43.900001525878906,44.459999084472656,43.79999923706055,44.45000076293945,33.98313903808594,12361100
2018-03-09,44.56999969482422,44.81999969482422,44.38999938964844,44.81999969482422,34.26600646972656,9778600
2018-03-12,44.95000076293945,45.09000015258789,44.33000183105469,44.529998779296875,34.044288635253906,11857700
2018-03-13,44.66999816894531,44.83000183105469,44.400001525878906,44.56999969482422,34.07487487792969,11342100
2018-03-14,44.380001068115234,44.43000030517578,43.72999954223633,43.779998779296875,33.76637649536133,15321200
2018-03-15,43.880001068115234,44.0,43.54999923706055,43.66999816894531,33.68152618408203,12456700
2018-03-16,43.70000076293945,44.02000045776367,43.45000076293945,43.459999084472656,33.519569396972656,26603300
2018-03-19,43.459999084472656,43.709999084472656,43.18000030517578,43.2599983215332,33.36531066894531,12380300
2018-03-20,43.31999969482422,43.47999954223633,43.0099983215332,43.15999984741211,33.288177490234375,13559800
2018-03-21,43.130001068115234,43.45000076293945,42.790000915527344,43.0,33.16476821899414,13054000
2018-03-22,42.880001068115234,43.369998931884766,42.70000076293945,42.7599983215332,32.97966384887695,12274100
2018-03-23,42.81999969482422,43.15999984741211,42.290000915527344,42.33000183105469,32.64802932739258,13475200
2018-03-26,42.61000061035156,42.810001373291016,42.25,42.689998626708984,32.92567825317383,11276100
2018-03-27,42.70000076293945,43.310001373291016,42.529998779296875,42.88999938964844,33.07994842529297,11627000
2018-03-28,43.0,43.70000076293945,43.0,43.31999969482422,33.41157531738281,16277400
2018-03-29,43.540000915527344,43.91999816894531,43.290000915527344,43.43000030517578,33.49643325805664,10450500
2018-04-02,43.439998626708984,43.5,42.470001220703125,42.66999816894531,32.91025161743164,14207900
2018-04-03,42.97999954223633,43.540000915527344,42.84000015258789,43.380001068115234,33.45786666870117,15484600
2018-04-04,43.13999938964844,44.400001525878906,43.11000061035156,44.2400016784668,34.12116241455078,13563300
2018-04-05,44.279998779296875,44.61000061035156,43.939998626708984,44.400001525878906,34.24456787109375,11707800
2018-04-06,44.279998779296875,44.52000045776367,43.709999084472656,43.91999816894531,33.87434768676758,11495100
2018-04-09,44.029998779296875,44.310001373291016,43.779998779296875,43.83000183105469,33.804931640625,11913400
2018-04-10,44.06999969482422,44.18000030517578,43.720001220703125,43.9900016784668,33.9283447265625,10379500
2018-04-11,43.810001373291016,44.13999938964844,43.7599983215332,43.9900016784668,33.9283447265625,8424300
2018-04-12,44.08000183105469,44.40999984741211,43.95000076293945,44.029998779296875,33.95919418334961,8476400
2018-04-13,44.189998626708984,44.689998626708984,44.13999938964844,44.5099983215332,34.32939147949219,10774200
2018-04-16,44.650001525878906,44.88999938964844,44.400001525878906,44.68000030517578,34.46051788330078,8962100
2018-04-17,44.95000076293945,45.029998779296875,44.650001525878906,44.880001068115234,34.614776611328125,8406400
2018-04-18,44.900001525878906,44.970001220703125,44.33000183105469,44.5099983215332,34.32939147949219,7429000
2018-04-19,44.34000015258789,44.470001220703125,44.02000045776367,44.310001373291016,34.17515182495117,10370400
2018-04-20,44.310001373291016,44.40999984741211,43.58000183105469,43.7400016784668,33.73551940917969,14690700
2018-04-23,43.7400016784668,43.9900016784668,43.560001373291016,43.97999954223633,33.920616149902344,11878500
2018-04-24,43.97999954223633,44.099998474121094,42.72999954223633,43.06999969482422,33.218772888183594,18523900
2018-04-25,42.7400016784668,42.88999938964844,41.90999984741211,42.43000030517578,32.725154876708984,20774700
2018-04-26,42.400001525878906,43.099998474121094,42.2599983215332,42.75,32.971961975097656,13561000
2018-04-27,42.72999954223633,43.34000015258789,42.709999084472656,43.310001373291016,33.403865814208984,9777900
2018-04-30,43.5,43.689998626708984,42.970001220703125,43.209999084472656,33.326744079589844,16037700
2018-05-01,42.959999084472656,42.9900016784668,42.18000030517578,42.59000015258789,32.84856033325195,11514200
2018-05-02,42.400001525878906,42.59000015258789,41.939998626708984,42.060001373291016,32.43977737426758,13736400
2018-05-03,42.220001220703125,42.400001525878906,41.52000045776367,41.88999938964844,32.30866622924805,18352200
2018-05-04,41.790000915527344,42.5,41.77000045776367,42.36000061035156,32.67115020751953,10946200
2018-05-07,42.34000015258789,42.4900016784668,41.959999084472656,42.13999938964844,32.50148010253906,9336000
2018-05-08,41.970001220703125,42.09000015258789,41.689998626708984,41.810001373291016,32.24695587158203,15062200
2018-05-09,41.970001220703125,42.22999954223633,41.66999816894531,41.779998779296875,32.223812103271484,9295200
2018-05-10,41.9900016784668,42.36000061035156,41.939998626708984,42.18000030517578,32.53233337402344,7924200
2018-05-11,42.2400016784668,42.470001220703125,42.040000915527344,42.13999938964844,32.50148010253906,6331900
2018-05-14,42.25,42.31999969482422,41.900001525878906,42.040000915527344,32.42436218261719,10715500
2018-05-15,41.779998779296875,41.91999816894531,41.45000076293945,41.720001220703125,32.17755126953125,16449700
2018-05-16,41.7400016784668,41.939998626708984,41.540000915527344,41.54999923706055,32.04643630981445,11590500
2018-05-17,42.0099983215332,42.349998474121094,41.869998931884766,42.29999923706055,32.62488555908203,14857400
2018-05-18,42.29999923706055,42.380001068115234,42.08000183105469,42.18000030517578,32.53233337402344,11950200
2018-05-21,42.310001373291016,42.52000045776367,42.27000045776367,42.40999984741211,32.7097282409668,9110200
2018-05-22,42.5,42.599998474121094,42.209999084472656,42.25,32.58631896972656,8222900
2018-05-23,42.25,42.45000076293945,41.93000030517578,42.400001525878906,32.70201873779297,8971400
2018-05-24,42.400001525878906,42.470001220703125,42.189998626708984,42.31999969482422,32.640316009521484,9269600
2018-05-25,42.34000015258789,42.58000183105469,42.20000076293945,42.400001525878906,32.70201873779297,8806500
2018-05-29,42.119998931884766,42.849998474121094,42.099998474121094,42.68000030517578,32.917972564697266,14826900
2018-05-30,42.77000045776367,43.279998779296875,42.70000076293945,43.130001068115234,33.265052795410156,10114200
2018-05-31,43.20000076293945,43.209999084472656,42.68000030517578,43.0,33.16476821899414,15571300
2018-06-01,43.099998474121094,43.31999969482422,43.040000915527344,43.119998931884766,33.25732421875,10664700
2018-06-04,43.36000061035156,43.59000015258789,43.290000915527344,43.4900016784668,33.54270553588867,11727600
2018-06-05,43.5,43.540000915527344,43.099998474121094,43.11000061035156,33.24961471557617,9975900
2018-06-06,43.060001373291016,43.459999084472656,43.040000915527344,43.459999084472656,33.519569396972656,9202900
2018-06-07,43.33000183105469,43.72999954223633,43.33000183105469,43.439998626708984,33.50414276123047,11948100
2018-06-08,43.56999969482422,44.0,43.560001373291016,43.95000076293945,33.897491455078125,12078800
2018-06-11,43.95000076293945,44.25,43.88999938964844,44.130001068115234,34.03630828857422,7526100
2018-06-12,44.130001068115234,44.41999816894531,44.08000183105469,44.40999984741211,34.25227737426758,8243300
2018-06-13,44.349998474121094,44.52000045776367,44.150001525878906,44.18000030517578,34.07488250732422,16745000
2018-06-14,43.75,43.849998474121094,43.52000045776367,43.58000183105469,33.91147232055664,12696200
2018-06-15,43.560001373291016,44.150001525878906,43.45000076293945,44.119998931884766,34.33167266845703,21562500
2018-06-18,43.880001068115234,43.959999084472656,43.400001525878906,43.54999923706055,33.88813018798828,12161900
2018-06-19,43.29999923706055,43.75,43.20000076293945,43.599998474121094,33.92703628540039,12936400
2018-06-20,43.619998931884766,43.779998779296875,43.22999954223633,43.2599983215332,33.66246032714844,10893700
2018-06-21,43.27000045776367,43.29999923706055,42.959999084472656,43.09000015258789,33.53017807006836,10465200
2018-06-22,43.150001525878906,43.40999984741211,43.08000183105469,43.25,33.65468215942383,14924400
2018-06-25,43.15999984741211,43.75,43.15999984741211,43.58000183105469,33.91147232055664,12092400
2018-06-26,43.560001373291016,43.84000015258789,43.279998779296875,43.33000183105469,33.716941833496094,13974700
2018-06-27,43.33000183105469,43.61000061035156,42.9900016784668,43.06999969482422,33.514625549316406,15332600
2018-06-28,43.2400016784668,43.68000030517578,43.16999816894531,43.470001220703125,33.82587432861328,12668900
2018-06-29,43.56999969482422,44.099998474121094,43.310001373291016,43.86000061035156,34.12934112548828,11485600
2018-07-02,43.779998779296875,44.15999984741211,43.58000183105469,43.75,34.04375076293945,9232500
2018-07-03,44.060001373291016,44.33000183105469,43.9900016784668,43.9900016784668,34.23051452636719,8214300
2018-07-05,44.15999984741211,44.66999816894531,44.130001068115234,44.65999984741211,34.751861572265625,11653000
2018-07-06,44.66999816894531,44.939998626708984,44.58000183105469,44.63999938964844,34.73630142211914,8733900
2018-07-09,44.540000915527344,44.72999954223633,44.34000015258789,44.400001525878906,34.54954528808594,7373100
2018-07-10,44.5099983215332,45.0,44.5,44.970001220703125,34.99309539794922,10606100
2018-07-11,44.9900016784668,45.0,44.63999938964844,44.790000915527344,34.853023529052734,7715600
2018-07-12,44.83000183105469,44.959999084472656,44.4900016784668,44.66999816894531,34.75963592529297,6331600
2018-07-13,44.70000076293945,44.779998779296875,44.470001220703125,44.7400016784668,34.814117431640625,5585900
2018-07-16,44.72999954223633,44.79999923706055,44.529998779296875,44.72999954223633,34.806331634521484,5831400
2018-07-17,44.75,45.38999938964844,44.68000030517578,45.25,35.21097183227539,11592200
2018-07-18,45.189998626708984,45.290000915527344,44.84000015258789,45.119998931884766,35.109806060791016,7351600
2018-07-19,44.9900016784668,45.43000030517578,44.91999816894531,45.11000061035156,35.10202407836914,10097500
2018-07-20,45.02000045776367,45.279998779296875,44.900001525878906,45.279998779296875,35.23431396484375,8588400
2018-07-23,45.279998779296875,45.36000061035156,44.77000045776367,44.95000076293945,34.9775390625,9055700
2018-07-24,44.779998779296875,45.27000045776367,44.61000061035156,45.2599983215332,35.21875,13786100
2018-07-25,46.0,46.58000183105469,45.75,46.09000015258789,35.86460876464844,21330600
2018-07-26,46.36000061035156,46.59000015258789,46.20000076293945,46.2400016784668,35.9813346862793,12673100
2018-07-27,46.31999969482422,46.5,46.060001373291016,46.209999084472656,35.957977294921875,10516900
2018-07-30,46.099998474121094,46.439998626708984,46.04999923706055,46.22999954223633,35.97354507446289,8967900
2018-07-31,46.400001525878906,46.66999816894531,46.310001373291016,46.630001068115234,36.2848014831543,12438800
2018-08-01,46.45000076293945,46.4900016784668,46.16999816894531,46.38999938964844,36.098052978515625,9904100
2018-08-02,46.47999954223633,46.630001068115234,46.18000030517578,46.18000030517578,35.93463897705078,12009700
2018-08-03,46.22999954223633,46.7599983215332,46.13999938964844,46.619998931884766,36.27702331542969,11462800
2018-08-06,46.599998474121094,46.869998931884766,46.54999923706055,46.650001525878906,36.30036926269531,10056100
2018-08-07,46.52000045776367,46.61000061035156,46.130001068115234,46.5,36.183650970458984,8632900
2018-08-08,46.4900016784668,46.560001373291016,46.119998931884766,46.150001525878906,35.91129684448242,6810000
2018-08-09,46.25,46.41999816894531,46.08000183105469,46.349998474121094,36.066932678222656,8924100
2018-08-10,46.209999084472656,46.41999816894531,45.970001220703125,46.08000183105469,35.85681915283203,7535400
2018-08-13,46.04999923706055,46.130001068115234,45.70000076293945,45.83000183105469,35.662296295166016,8143400
2018-08-14,45.90999984741211,46.099998474121094,45.869998931884766,45.88999938964844,35.70896530151367,6846100
2018-08-15,45.77000045776367,46.150001525878906,45.650001525878906,46.08000183105469,35.85681915283203,9686400
2018-08-16,46.11000061035156,46.380001068115234,45.970001220703125,46.220001220703125,35.96577453613281,10600700
2018-08-17,46.290000915527344,46.72999954223633,46.2400016784668,46.599998474121094,36.2614631652832,8885700
2018-08-20,46.68000030517578,46.869998931884766,46.59000015258789,46.72999954223633,36.36262130737305,6392000
2018-08-21,46.72999954223633,46.75,46.209999084472656,46.220001220703125,35.96577453613281,13986300
2018-08-22,46.34000015258789,46.380001068115234,45.91999816894531,45.93000030517578,35.740108489990234,7159100
2018-08-23,45.88999938964844,46.08000183105469,45.689998626708984,45.70000076293945,35.5611457824707,13144900
2018-08-24,45.650001525878906,45.79999923706055,45.58000183105469,45.630001068115234,35.50666809082031,10952900
2018-08-27,46.04999923706055,46.04999923706055,45.560001373291016,45.689998626708984,35.553348541259766,9581200
2018-08-28,45.650001525878906,45.72999954223633,45.279998779296875,45.369998931884766,35.30434036254883,8476800
2018-08-29,45.25,45.41999816894531,45.220001220703125,45.33000183105469,35.273216247558594,12410900
2018-08-30,45.279998779296875,45.31999969482422,44.88999938964844,44.95000076293945,34.9775390625,9716500
2018-08-31,45.0,45.06999969482422,44.38999938964844,44.56999969482422,34.681827545166016,19834100
2018-09-04,44.599998474121094,44.900001525878906,44.5099983215332,44.7599983215332,34.82967758178711,11138500
2018-09-05,44.65999984741211,45.41999816894531,44.65999984741211,45.380001068115234,35.312129974365234,10554900
2018-09-06,45.400001525878906,46.0,45.29999923706055,45.77000045776367,35.6156005859375,11439400
2018-09-07,45.599998474121094,45.81999969482422,45.279998779296875,45.720001220703125,35.57669448852539,10208100
2018-09-10,45.90999984741211,46.310001373291016,45.79999923706055,46.060001373291016,35.84126663208008,8568900
2018-09-11,46.099998474121094,46.150001525878906,45.880001068115234,46.02000045776367,35.81013107299805,9278300
2018-09-12,46.15999984741211,46.29999923706055,46.02000045776367,46.2400016784668,35.9813346862793,13216400
2018-09-13,46.0099983215332,46.119998931884766,45.709999084472656,45.83000183105469,35.96564483642578,8294800
2018-09-14,45.91999816894531,46.029998779296875,45.61000061035156,45.9900016784668,36.09120178222656,7612900
2018-09-17,46.0,46.33000183105469,45.90999984741211,46.31999969482422,36.35017395019531,8527300
2018-09-18,46.38999938964844,46.529998779296875,45.93000030517578,45.93000030517578,36.04411315917969,9847400
2018-09-19,46.0,46.11000061035156,45.869998931884766,45.959999084472656,36.06764602661133,7119000
2018-09-20,46.220001220703125,46.68000030517578,46.150001525878906,46.63999938964844,36.601295471191406,9736700
2018-09-21,46.63999938964844,46.689998626708984,46.380001068115234,46.58000183105469,36.55421447753906,19240300
2018-09-24,46.4900016784668,46.529998779296875,45.84000015258789,46.06999969482422,36.15398406982422,10778900
2018-09-25,46.060001373291016,46.18000030517578,45.61000061035156,45.68000030517578,35.8479118347168,7919100
2018-09-26,45.77000045776367,46.06999969482422,45.56999969482422,45.849998474121094,35.98133087158203,10162600
2018-09-27,45.72999954223633,46.18000030517578,45.68000030517578,46.0099983215332,36.10689163208008,10826900
2018-09-28,46.0,46.189998626708984,45.970001220703125,46.189998626708984,36.24814224243164,9071900
2018-10-01,46.16999816894531,46.349998474121094,46.04999923706055,46.22999954223633,36.27953338623047,9364700
2018-10-02,46.279998779296875,46.560001373291016,46.060001373291016,46.5099983215332,36.499271392822266,7462700
2018-10-03,46.459999084472656,46.54999923706055,45.79999923706055,45.869998931884766,35.997032165527344,10542300
2018-10-04,45.65999984741211,45.900001525878906,45.43000030517578,45.849998474121094,35.98133087158203,9582300
2018-10-05,45.939998626708984,46.15999984741211,45.689998626708984,45.880001068115234,36.00486755371094,8734100
2018-10-08,45.9900016784668,46.58000183105469,45.970001220703125,46.47999954223633,36.47572708129883,9808100
2018-10-09,46.380001068115234,46.54999923706055,46.220001220703125,46.38999938964844,36.405094146728516,10824500
2018-10-10,46.29999923706055,46.70000076293945,45.66999816894531,45.68000030517578,35.8479118347168,13917000
2018-10-11,45.79999923706055,45.970001220703125,44.5,44.63999938964844,35.03176498413086,17677900
2018-10-12,44.47999954223633,44.880001068115234,44.25,44.68000030517578,35.06315994262695,12420100
2018-10-15,44.63999938964844,45.27000045776367,44.59000015258789,44.90999984741211,35.243648529052734,11608500
2018-10-16,45.02000045776367,45.599998474121094,44.86000061035156,45.4900016784668,35.69881820678711,10442500
2018-10-17,45.40999984741211,45.9900016784668,45.36000061035156,45.86000061035156,35.98918533325195,11055800
2018-10-18,45.900001525878906,46.08000183105469,45.459999084472656,45.61000061035156,35.792999267578125,12716900
2018-10-19,45.83000183105469,46.4900016784668,45.83000183105469,46.33000183105469,36.358009338378906,13989200
2018-10-22,46.369998931884766,46.459999084472656,45.810001373291016,45.970001220703125,36.075504302978516,14283600
2018-10-23,45.619998931884766,46.459999084472656,45.45000076293945,46.36000061035156,36.381561279296875,17483900
2018-10-24,46.33000183105469,47.38999938964844,46.2400016784668,46.72999954223633,36.671905517578125,21626000
2018-10-25,46.650001525878906,46.7400016784668,46.119998931884766,46.5099983215332,36.499271392822266,14220200
2018-10-26,46.369998931884766,46.47999954223633,45.43000030517578,45.91999816894531,36.03624725341797,21458000
2018-10-29,46.150001525878906,46.560001373291016,46.04999923706055,46.459999084472656,36.460025787353516,20932200
2018-10-30,46.619998931884766,47.7400016784668,46.040000915527344,47.630001068115234,37.37820053100586,20895400
2018-10-31,47.5,48.08000183105469,47.220001220703125,47.880001068115234,37.57438659667969,25309400
2018-11-01,47.810001373291016,48.150001525878906,47.29999923706055,47.7400016784668,37.46453857421875,16494500
2018-11-02,47.81999969482422,48.0,47.439998626708984,48.0,37.66857147216797,17584900
2018-11-05,48.0,48.779998779296875,47.91999816894531,48.689998626708984,38.21003723144531,16543500
2018-11-06,48.650001525878906,49.130001068115234,48.599998474121094,49.11000061035156,38.53965377807617,14373400
2018-11-07,49.38999938964844,49.54999923706055,49.029998779296875,49.369998931884766,38.74368667602539,12239700
2018-11-08,49.119998931884766,49.369998931884766,49.099998474121094,49.33000183105469,38.71230697631836,9762800
2018-11-09,49.38999938964844,49.88999938964844,49.36000061035156,49.68000030517578,38.986968994140625,12398100
2018-11-12,49.61000061035156,50.2400016784668,49.540000915527344,49.869998931884766,39.13607406616211,13918300
2018-11-13,49.810001373291016,50.0,49.58000183105469,49.86000061035156,39.12821960449219,13872900
2018-11-14,49.849998474121094,49.939998626708984,49.59000015258789,49.7599983215332,39.04975128173828,12106800
2018-11-15,49.65999984741211,49.75,49.27000045776367,49.7400016784668,39.034053802490234,12080100
2018-11-16,49.65999984741211,50.25,49.630001068115234,50.16999816894531,39.37149429321289,13405800
2018-11-19,50.310001373291016,50.7599983215332,50.25,50.5099983215332,39.6383171081543,13575800
2018-11-20,50.81999969482422,50.84000015258789,49.209999084472656,49.380001068115234,38.75153732299805,16255300
2018-11-21,49.22999954223633,49.439998626708984,48.59000015258789,48.72999954223633,38.24143600463867,13559200
2018-11-23,48.75,49.22999954223633,48.54999923706055,49.02000045776367,38.46902084350586,4792500
2018-11-26,49.0099983215332,49.22999954223633,48.66999816894531,48.869998931884766,38.35131072998047,9341900
2018-11-27,48.880001068115234,49.40999984741211,48.72999954223633,49.369998931884766,38.74368667602539,9180700
2018-11-28,49.209999084472656,49.720001220703125,49.209999084472656,49.709999084472656,39.010501861572266,11368700
2018-11-29,49.279998779296875,49.43000030517578,48.970001220703125,48.97999954223633,38.74158477783203,11564300
2018-11-30,49.0,50.4900016784668,48.9900016784668,50.400001525878906,39.8647575378418,25538200
2018-12-03,49.869998931884766,49.959999084472656,48.88999938964844,49.689998626708984,39.30316162109375,14877200
2018-12-04,49.970001220703125,50.5099983215332,49.5,49.58000183105469,39.216156005859375,19059900
2018-12-06,49.5099983215332,49.630001068115234,48.65999984741211,49.380001068115234,39.05796813964844,17674900
2018-12-07,49.56999969482422,49.68000030517578,48.880001068115234,49.09000015258789,38.82859420776367,15565700
2018-12-10,49.45000076293945,49.45000076293945,48.470001220703125,49.2400016784668,38.94723892211914,12331100
2018-12-11,49.59000015258789,50.0099983215332,49.18000030517578,49.540000915527344,39.18452072143555,18083600
2018-12-12,49.95000076293945,50.02000045776367,49.189998626708984,49.220001220703125,38.93141174316406,12316900
2018-12-13,48.720001220703125,49.61000061035156,48.56999969482422,49.470001220703125,39.1291618347168,13766200
2018-12-14,49.22999954223633,49.52000045776367,49.02000045776367,49.34000015258789,39.02632141113281,13835900
2018-12-17,49.34000015258789,49.529998779296875,48.02000045776367,48.33000183105469,38.227447509765625,18482700
2018-12-18,48.61000061035156,48.83000183105469,47.849998474121094,48.31999969482422,38.21953582763672,14765700
2018-12-19,48.2400016784668,48.7599983215332,47.619998931884766,47.900001525878906,37.8873405456543,17903800
2018-12-20,47.810001373291016,48.130001068115234,47.099998474121094,47.540000915527344,37.60259246826172,21130000
2018-12-21,47.2599983215332,48.75,47.22999954223633,47.56999969482422,37.62630844116211,32477700
2018-12-24,47.619998931884766,47.869998931884766,45.83000183105469,45.959999084472656,36.35285568237305,10733700
2018-12-26,45.880001068115234,46.959999084472656,45.65999984741211,46.939998626708984,37.12800598144531,14342600
2018-12-27,46.7400016784668,47.54999923706055,46.029998779296875,47.529998779296875,37.59468460083008,16966500
2018-12-28,47.88999938964844,48.0099983215332,47.029998779296875,47.20000076293945,37.33366394042969,13218200
2018-12-31,47.4900016784668,47.540000915527344,46.959999084472656,47.349998474121094,37.45230484008789,10576300
2019-01-02,46.939998626708984,47.220001220703125,46.560001373291016,46.93000030517578,37.120094299316406,11603700
2019-01-03,46.81999969482422,47.369998931884766,46.529998779296875,46.63999938964844,36.89072799682617,14714400
2019-01-04,46.75,47.56999969482422,46.63999938964844,47.56999969482422,37.62630844116211,13013700
2019-01-07,47.56999969482422,47.75,46.900001525878906,46.95000076293945,37.13592529296875,13135500
2019-01-08,47.25,47.56999969482422,47.040000915527344,47.47999954223633,37.55513000488281,15420700
2019-01-09,47.08000183105469,47.279998779296875,46.43000030517578,46.56999969482422,36.83534622192383,18032500
2019-01-10,46.65999984741211,47.09000015258789,46.34000015258789,47.06999969482422,37.23081970214844,15976600
2019-01-11,47.290000915527344,47.36000061035156,46.970001220703125,47.34000015258789,37.44439697265625,11088600
2019-01-14,47.25,47.400001525878906,46.9900016784668,47.150001525878906,37.29411315917969,11514300
2019-01-15,46.88999938964844,47.599998474121094,46.810001373291016,47.56999969482422,37.62630844116211,11342900
2019-01-16,47.400001525878906,47.470001220703125,46.86000061035156,46.91999816894531,37.11219024658203,16907800
2019-01-17,46.91999816894531,47.13999938964844,46.880001068115234,47.060001373291016,37.222930908203125,12044600
2019-01-18,47.25,47.689998626708984,47.119998931884766,47.61000061035156,37.657958984375,12760700
2019-01-22,47.70000076293945,47.790000915527344,47.209999084472656,47.720001220703125,37.74495315551758,11700400
2019-01-23,47.81999969482422,48.290000915527344,47.650001525878906,48.27000045776367,38.179988861083984,12058300
2019-01-24,48.11000061035156,48.11000061035156,47.380001068115234,47.689998626708984,37.72123336791992,10272000
2019-01-25,47.880001068115234,48.029998779296875,47.2400016784668,47.369998931884766,37.46813201904297,12066500
2019-01-28,47.220001220703125,47.29999923706055,46.939998626708984,47.16999816894531,37.309932708740234,9966900
2019-01-29,47.20000076293945,47.630001068115234,47.130001068115234,47.400001525878906,37.491859436035156,11998600
2019-01-30,47.25,47.88999938964844,47.189998626708984,47.86000061035156,37.85570526123047,12952500
2019-01-31,47.849998474121094,48.779998779296875,47.470001220703125,48.130001068115234,38.06925964355469,32181500
2019-02-01,48.47999954223633,48.779998779296875,48.400001525878906,48.70000076293945,38.52012634277344,19130100
2019-02-04,48.70000076293945,49.45000076293945,48.540000915527344,49.25,38.955142974853516,15105700
2019-02-05,49.33000183105469,49.470001220703125,49.099998474121094,49.2599983215332,38.963050842285156,12651900
2019-02-06,49.209999084472656,49.36000061035156,49.02000045776367,49.2599983215332,38.963050842285156,8689100
2019-02-07,49.16999816894531,49.459999084472656,49.0,49.41999816894531,39.0896110534668,10047800
2019-02-08,49.369998931884766,49.5,49.11000061035156,49.5,39.152889251708984,9813300
2019-02-11,49.56999969482422,49.880001068115234,49.47999954223633,49.61000061035156,39.23988342285156,9369300
2019-02-12,49.689998626708984,49.79999923706055,49.459999084472656,49.65999984741211,39.2794303894043,10983300
2019-02-13,49.61000061035156,49.939998626708984,49.560001373291016,49.790000915527344,39.38225173950195,12748800
2019-02-14,46.70000076293945,46.959999084472656,45.5,45.59000015258789,36.06019973754883,58905400
2019-02-15,45.900001525878906,46.2599983215332,45.20000076293945,45.2400016784668,35.783355712890625,35701600
2019-02-19,45.31999969482422,45.59000015258789,44.77000045776367,44.83000183105469,35.459068298339844,25511300
2019-02-20,44.90999984741211,45.2400016784668,44.79999923706055,45.099998474121094,35.672630310058594,27464000
2019-02-21,45.0,45.90999984741211,44.959999084472656,45.86000061035156,36.27376174926758,23121200
2019-02-22,45.7599983215332,45.95000076293945,45.20000076293945,45.279998779296875,35.81499481201172,24728400
2019-02-25,45.439998626708984,45.56999969482422,44.84000015258789,44.939998626708984,35.546077728271484,23774400
2019-02-26,45.099998474121094,45.13999938964844,44.65999984741211,44.689998626708984,35.34833526611328,20463200
2019-02-27,44.599998474121094,45.02000045776367,44.41999816894531,44.939998626708984,35.546077728271484,17827500
2019-02-28,45.119998931884766,45.61000061035156,45.11000061035156,45.34000015258789,35.862457275390625,22533900
2019-03-01,45.470001220703125,45.63999938964844,45.20000076293945,45.380001068115234,35.894100189208984,16291600
2019-03-04,45.529998779296875,45.66999816894531,45.29999923706055,45.650001525878906,36.10765838623047,15973800
2019-03-05,45.650001525878906,45.70000076293945,45.400001525878906,45.599998474121094,36.06810760498047,13062300
2019-03-06,45.66999816894531,45.790000915527344,45.439998626708984,45.45000076293945,35.94947052001953,14232100
2019-03-07,45.4900016784668,45.529998779296875,45.130001068115234,45.279998779296875,35.81499481201172,12084000
2019-03-08,45.150001525878906,45.25,44.61000061035156,44.84000015258789,35.46697998046875,15579100
2019-03-11,45.13999938964844,46.2400016784668,45.099998474121094,46.18000030517578,36.52687454223633,22126900
2019-03-12,45.95000076293945,46.25,45.900001525878906,46.04999923706055,36.42405319213867,19348500
2019-03-13,46.130001068115234,46.34000015258789,45.90999984741211,46.220001220703125,36.55851364135742,16222500
2019-03-14,45.84000015258789,46.11000061035156,45.630001068115234,45.70000076293945,36.46277618408203,18504100
2019-03-15,45.720001220703125,45.900001525878906,45.13999938964844,45.29999923706055,36.14362335205078,47254500
2019-03-18,45.43000030517578,45.68000030517578,45.36000061035156,45.40999984741211,36.231380462646484,24006400
2019-03-19,45.54999923706055,45.689998626708984,45.34000015258789,45.560001373291016,36.3510627746582,14987000
2019-03-20,45.400001525878906,45.900001525878906,45.18000030517578,45.529998779296875,36.32713317871094,13376100
2019-03-21,45.529998779296875,45.7599983215332,45.439998626708984,45.5099983215332,36.311180114746094,20043000
2019-03-22,45.459999084472656,46.11000061035156,45.459999084472656,45.93000030517578,36.646270751953125,19055900
2019-03-25,45.86000061035156,46.20000076293945,45.790000915527344,46.029998779296875,36.72607421875,11668200
2019-03-26,46.16999816894531,46.790000915527344,46.16999816894531,46.63999938964844,37.212772369384766,11434900
2019-03-27,46.650001525878906,46.90999984741211,46.33000183105469,46.61000061035156,37.188838958740234,11543600
2019-03-28,46.68000030517578,46.91999816894531,46.47999954223633,46.58000183105469,37.16489028930664,11121100
2019-03-29,46.66999816894531,46.90999984741211,46.47999954223633,46.86000061035156,37.3882942199707,16045600
2019-04-01,46.9900016784668,47.16999816894531,46.59000015258789,46.720001220703125,37.2765998840332,11522700
2019-04-02,46.75,46.93000030517578,46.56999969482422,46.56999969482422,37.15690612792969,8495000
2019-04-03,46.41999816894531,46.59000015258789,46.040000915527344,46.18000030517578,36.84574508666992,12854500
2019-04-04,46.34000015258789,46.540000915527344,46.11000061035156,46.47999954223633,37.085113525390625,7814900
2019-04-05,46.4900016784668,46.58000183105469,46.20000076293945,46.470001220703125,37.07712936401367,7677600
2019-04-08,46.540000915527344,46.56999969482422,46.27000045776367,46.54999923706055,37.14095687866211,9421300
2019-04-09,46.45000076293945,46.720001220703125,46.27000045776367,46.66999816894531,37.2367057800293,8641800
2019-04-10,46.84000015258789,47.0,46.560001373291016,46.63999938964844,37.212772369384766,8059900
2019-04-11,46.720001220703125,46.75,46.540000915527344,46.709999084472656,37.26861572265625,7352400
2019-04-12,46.66999816894531,46.93000030517578,46.56999969482422,46.7400016784668,37.29254913330078,10690000
2019-04-15,46.880001068115234,47.040000915527344,46.70000076293945,47.0,37.500003814697266,10261300
2019-04-16,47.04999923706055,47.099998474121094,46.70000076293945,46.95000076293945,37.46011734008789,10804600
2019-04-17,47.20000076293945,47.54999923706055,47.150001525878906,47.279998779296875,37.72340774536133,11849300
2019-04-18,47.33000183105469,47.58000183105469,47.27000045776367,47.47999954223633,37.88298797607422,12167000
2019-04-22,47.400001525878906,47.61000061035156,47.02000045776367,47.400001525878906,37.81916046142578,9834700
2019-04-23,48.09000015258789,48.720001220703125,47.54999923706055,48.209999084472656,38.465431213378906,25327800
2019-04-24,48.029998779296875,48.22999954223633,47.91999816894531,47.97999954223633,38.281917572021484,15997300
2019-04-25,47.7400016784668,47.88999938964844,47.470001220703125,47.84000015258789,38.170204162597656,11444400
2019-04-26,47.9900016784668,48.45000076293945,47.97999954223633,48.2599983215332,38.50532150268555,10154300
2019-04-29,48.16999816894531,48.45000076293945,48.11000061035156,48.41999816894531,38.63298034667969,9731500
2019-04-30,48.529998779296875,49.18000030517578,48.38999938964844,49.060001373291016,39.143611907958984,17912900
2019-05-01,48.95000076293945,49.08000183105469,48.54999923706055,48.59000015258789,38.768619537353516,10551200
2019-05-02,48.529998779296875,48.77000045776367,48.27000045776367,48.38999938964844,38.609046936035156,8724600
2019-05-03,48.599998474121094,48.959999084472656,48.52000045776367,48.720001220703125,38.872337341308594,7076900
2019-05-06,48.33000183105469,48.61000061035156,48.2599983215332,48.470001220703125,38.67286682128906,8657800
2019-05-07,48.22999954223633,48.290000915527344,47.77000045776367,48.0,38.297874450683594,12487500
2019-05-08,48.04999923706055,48.22999954223633,47.81999969482422,47.849998474121094,38.17818832397461,9281400
2019-05-09,47.79999923706055,47.97999954223633,47.06999969482422,47.400001525878906,37.81916046142578,11450500
2019-05-10,47.40999984741211,48.29999923706055,47.400001525878906,48.189998626708984,38.44947052001953,9653800
2019-05-13,47.90999984741211,48.130001068115234,47.72999954223633,48.04999923706055,38.337772369384766,11911500
2019-05-14,48.529998779296875,49.31999969482422,48.349998474121094,48.689998626708984,38.84840774536133,16844200
2019-05-15,48.66999816894531,49.380001068115234,48.599998474121094,49.18000030517578,39.23935317993164,11422500
2019-05-16,49.27000045776367,49.65999984741211,49.209999084472656,49.58000183105469,39.55850601196289,17771300
2019-05-17,49.27000045776367,49.54999923706055,49.16999816894531,49.20000076293945,39.25532913208008,11257000
2019-05-20,49.040000915527344,49.13999938964844,48.7599983215332,48.849998474121094,38.97605895996094,13850500
2019-05-21,49.0,49.029998779296875,48.45000076293945,48.599998474121094,38.776588439941406,10587400
2019-05-22,48.779998779296875,49.709999084472656,48.720001220703125,49.650001525878906,39.61436080932617,16050400
2019-05-23,49.5,49.900001525878906,49.459999084472656,49.849998474121094,39.7739372253418,12199400
2019-05-24,49.81999969482422,49.88999938964844,49.529998779296875,49.61000061035156,39.58244323730469,6887600
2019-05-28,49.599998474121094,49.66999816894531,49.029998779296875,49.099998474121094,39.1755256652832,18614000
2019-05-29,48.7400016784668,49.029998779296875,48.40999984741211,48.61000061035156,38.78458023071289,12534600
2019-05-30,48.720001220703125,49.310001373291016,48.66999816894531,49.25,39.29521942138672,9087200
2019-05-31,49.0,49.310001373291016,48.779998779296875,49.130001068115234,39.1994743347168,11368600
2019-06-03,49.15999984741211,49.97999954223633,49.02000045776367,49.97999954223633,39.87765121459961,14167200
2019-06-04,50.0,50.279998779296875,49.619998931884766,50.0,39.893619537353516,12010600
2019-06-05,50.0099983215332,51.13999938964844,49.689998626708984,50.779998779296875,40.51594924926758,15837600
2019-06-06,50.90999984741211,51.540000915527344,50.59000015258789,51.400001525878906,41.010643005371094,15190400
2019-06-07,51.470001220703125,52.189998626708984,51.45000076293945,51.4900016784668,41.08245086669922,15293600
2019-06-10,51.540000915527344,51.540000915527344,51.09000015258789,51.380001068115234,40.99468231201172,9737400
2019-06-11,51.45000076293945,51.59000015258789,51.18000030517578,51.33000183105469,40.95478057861328,9915600
2019-06-12,51.5,52.13999938964844,51.470001220703125,51.63999938964844,41.20212936401367,11088100
2019-06-13,51.459999084472656,51.70000076293945,50.779998779296875,51.130001068115234,41.113670349121094,10353600
2019-06-14,51.04999923706055,51.529998779296875,51.04999923706055,51.310001373291016,41.258419036865234,8694300
2019-06-17,51.25,51.47999954223633,50.61000061035156,50.869998931884766,40.904605865478516,12322400
2019-06-18,51.25,51.29999923706055,50.529998779296875,50.63999938964844,40.71966552734375,9221100
2019-06-19,50.540000915527344,51.2400016784668,50.470001220703125,51.119998931884766,41.105628967285156,9414100
2019-06-20,51.5,51.790000915527344,51.349998474121094,51.65999984741211,41.539852142333984,10656600
2019-06-21,51.529998779296875,51.88999938964844,51.40999984741211,51.54999923706055,41.45140075683594,21264400
2019-06-24,51.7400016784668,52.20000076293945,51.70000076293945,51.91999816894531,41.74891662597656,10780000
2019-06-25,52.0,52.099998474121094,51.63999938964844,51.7599983215332,41.620262145996094,11519900
2019-06-26,51.52000045776367,51.63999938964844,51.09000015258789,51.119998931884766,41.105628967285156,12405100
2019-06-27,51.290000915527344,51.400001525878906,50.970001220703125,51.08000183105469,41.07347106933594,12374900
2019-06-28,51.27000045776367,51.400001525878906,50.52000045776367,50.91999816894531,40.94481658935547,16339900
2019-07-01,51.06999969482422,51.630001068115234,50.779998779296875,51.599998474121094,41.491600036621094,14976400
2019-07-02,51.779998779296875,52.04999923706055,51.54999923706055,51.97999954223633,41.79716110229492,8569200
2019-07-03,52.0,52.33000183105469,52.0,52.099998474121094,41.89365768432617,7253700
2019-07-05,51.88999938964844,52.119998931884766,51.47999954223633,52.11000061035156,41.90169906616211,8916300
2019-07-08,52.20000076293945,52.33000183105469,51.88999938964844,52.0,41.81324768066406,9495100
2019-07-09,51.720001220703125,51.970001220703125,51.43000030517578,51.59000015258789,41.483558654785156,10584900
2019-07-10,51.79999923706055,51.970001220703125,51.65999984741211,51.81999969482422,41.66849899291992,7620900
2019-07-11,51.9900016784668,52.060001373291016,51.65999984741211,52.040000915527344,41.84540939331055,10376500
2019-07-12,52.25,52.290000915527344,51.90999984741211,52.119998931884766,41.90973663330078,7347400
2019-07-15,52.279998779296875,52.290000915527344,51.869998931884766,52.130001068115234,41.91777420043945,5876100
2019-07-16,51.959999084472656,52.470001220703125,51.810001373291016,52.13999938964844,41.92580795288086,7132500
2019-07-17,52.220001220703125,52.2599983215332,52.0099983215332,52.18000030517578,41.95798110961914,8264200
2019-07-18,52.040000915527344,52.16999816894531,51.66999816894531,52.029998779296875,41.83736801147461,11911800
2019-07-19,52.13999938964844,52.150001525878906,51.369998931884766,51.38999938964844,41.32274627685547,10355500
2019-07-22,51.52000045776367,51.52000045776367,51.130001068115234,51.220001220703125,41.18605041503906,12090700
2019-07-23,53.25,54.63999938964844,52.7599983215332,54.33000183105469,43.68679428100586,33417900
2019-07-24,54.119998931884766,54.81999969482422,53.619998931884766,53.779998779296875,43.24454116821289,15633400
2019-07-25,53.630001068115234,53.79999923706055,52.720001220703125,53.06999969482422,42.67362594604492,19135000
2019-07-26,53.34000015258789,54.310001373291016,53.189998626708984,54.16999816894531,43.55814743041992,11451900
2019-07-29,54.16999816894531,54.29999923706055,53.900001525878906,53.9900016784668,43.413414001464844,12283900
2019-07-30,53.959999084472656,54.29999923706055,53.56999969482422,53.720001220703125,43.1963005065918,8127100
2019-07-31,53.5099983215332,53.5099983215332,52.040000915527344,52.630001068115234,42.31983184814453,16865500
2019-08-01,52.779998779296875,53.20000076293945,52.0099983215332,52.029998779296875,41.83736801147461,19527200
2019-08-02,51.90999984741211,52.72999954223633,51.90999984741211,52.33000183105469,42.0786018371582,13102300
2019-08-05,52.38999938964844,52.65999984741211,51.400001525878906,51.650001525878906,41.53181457519531,19986500
2019-08-06,51.869998931884766,52.7599983215332,51.61000061035156,52.27000045776367,42.03035354614258,19903100
2019-08-07,52.27000045776367,53.38999938964844,51.77000045776367,53.18000030517578,42.762088775634766,17937000
2019-08-08,53.209999084472656,53.779998779296875,52.849998474121094,53.689998626708984,43.17216491699219,10799000
2019-08-09,53.790000915527344,53.900001525878906,53.08000183105469,53.41999816894531,42.9550666809082,9260900
2019-08-12,53.279998779296875,53.439998626708984,52.9900016784668,53.20000076293945,42.77816390991211,6588600
2019-08-13,52.900001525878906,53.61000061035156,52.869998931884766,53.5,43.01940155029297,8581200
2019-08-14,53.34000015258789,53.970001220703125,52.970001220703125,52.9900016784668,42.60930252075195,17088900
2019-08-15,53.43000030517578,54.0,53.22999954223633,53.869998931884766,43.316917419433594,12393200
2019-08-16,53.97999954223633,54.4900016784668,53.95000076293945,54.40999984741211,43.751129150390625,14288700
2019-08-19,54.439998626708984,54.779998779296875,54.310001373291016,54.689998626708984,43.97627258300781,10936200
2019-08-20,54.619998931884766,54.68000030517578,53.84000015258789,53.880001068115234,43.324951171875,8176700
2019-08-21,54.25,54.40999984741211,53.849998474121094,54.099998474121094,43.501861572265625,10886500
2019-08-22,54.119998931884766,54.63999938964844,54.099998474121094,54.4900016784668,43.815452575683594,7467900
2019-08-23,54.41999816894531,54.709999084472656,53.38999938964844,53.7400016784668,43.21238327026367,14160400
2019-08-26,54.0,54.540000915527344,53.72999954223633,54.540000915527344,43.85566711425781,9226900
2019-08-27,54.70000076293945,54.95000076293945,54.40999984741211,54.720001220703125,44.000404357910156,13537000
2019-08-28,54.65999984741211,55.150001525878906,54.41999816894531,55.11000061035156,44.31399917602539,10046400
2019-08-29,55.2599983215332,55.34000015258789,54.599998474121094,55.04999923706055,44.2657470703125,9262800
2019-08-30,55.15999984741211,55.220001220703125,54.810001373291016,55.040000915527344,44.25770950317383,8746700
2019-09-03,54.97999954223633,55.33000183105469,54.869998931884766,55.29999923706055,44.4667854309082,12991400
2019-09-04,55.349998474121094,55.91999816894531,55.29999923706055,55.77000045776367,44.84470748901367,10718100
2019-09-05,55.75,55.77000045776367,55.029998779296875,55.119998931884766,44.32204055786133,13677000
2019-09-06,55.439998626708984,55.439998626708984,54.7599983215332,55.22999954223633,44.410491943359375,9093500
2019-09-09,55.029998779296875,55.08000183105469,54.36000061035156,54.52000045776367,43.839576721191406,10814900
2019-09-10,54.22999954223633,54.439998626708984,53.849998474121094,54.400001525878906,43.74308776855469,12038200
2019-09-11,54.290000915527344,54.79999923706055,53.970001220703125,54.77000045776367,44.04060363769531,9740400
2019-09-12,55.099998474121094,55.310001373291016,54.97999954223633,55.11000061035156,44.31399917602539,12357900
2019-09-13,54.47999954223633,54.790000915527344,54.06999969482422,54.2599983215332,43.94951248168945,11486100
2019-09-16,54.099998474121094,54.34000015258789,53.630001068115234,53.959999084472656,43.70651626586914,11172000
2019-09-17,54.099998474121094,54.70000076293945,53.959999084472656,54.2400016784668,43.93330764770508,11347400
2019-09-18,54.20000076293945,54.290000915527344,53.81999969482422,54.22999954223633,43.92522048950195,9700400
2019-09-19,54.22999954223633,54.599998474121094,54.130001068115234,54.52000045776367,44.160099029541016,7560300
2019-09-20,54.689998626708984,54.689998626708984,53.900001525878906,53.90999984741211,43.66602325439453,19211500
2019-09-23,53.90999984741211,54.36000061035156,53.880001068115234,54.13999938964844,43.85231399536133,6485300
2019-09-24,54.25,54.61000061035156,54.040000915527344,54.29999923706055,43.98191833496094,10093000
2019-09-25,54.439998626708984,54.47999954223633,54.0,54.16999816894531,43.87661361694336,10248400
2019-09-26,54.470001220703125,54.58000183105469,54.130001068115234,54.38999938964844,44.054805755615234,10031200
2019-09-27,54.560001373291016,54.63999938964844,54.0,54.310001373291016,43.990013122558594,7939900
2019-09-30,54.150001525878906,54.68000030517578,54.150001525878906,54.439998626708984,44.095306396484375,9808700
2019-10-01,54.529998779296875,54.779998779296875,54.0099983215332,54.650001525878906,44.265403747558594,14261500
2019-10-02,54.209999084472656,54.439998626708984,52.900001525878906,53.08000183105469,42.99372863769531,14343600
2019-10-03,53.5,53.97999954223633,52.81999969482422,53.84000015258789,43.60931396484375,13817500
2019-10-04,54.0,54.540000915527344,53.88999938964844,54.540000915527344,44.17630386352539,9295400
2019-10-07,54.33000183105469,54.36000061035156,53.77000045776367,53.869998931884766,43.63362121582031,5964900
2019-10-08,53.880001068115234,54.06999969482422,53.45000076293945,53.58000183105469,43.39872360229492,13301900
2019-10-09,54.060001373291016,54.06999969482422,53.540000915527344,53.83000183105469,43.60122299194336,7135000
2019-10-10,53.54999923706055,53.880001068115234,53.36000061035156,53.65999984741211,43.463523864746094,8942900
2019-10-11,53.650001525878906,53.70000076293945,53.20000076293945,53.29999923706055,43.171932220458984,8981700
2019-10-14,53.4900016784668,53.68000030517578,53.220001220703125,53.29999923706055,43.171932220458984,7306300
2019-10-15,53.43000030517578,53.68000030517578,53.27000045776367,53.5099983215332,43.34202194213867,9564300
2019-10-16,53.459999084472656,53.56999969482422,53.130001068115234,53.4900016784668,43.32582473754883,10454800
2019-10-17,53.689998626708984,54.119998931884766,53.58000183105469,53.790000915527344,43.568817138671875,13190300
2019-10-18,55.0,55.38999938964844,54.45000076293945,54.779998779296875,44.37069320678711,18122400
2019-10-21,54.45000076293945,54.560001373291016,53.68000030517578,54.22999954223633,43.92522048950195,12778900
2019-10-22,54.22999954223633,54.41999816894531,53.7400016784668,53.849998474121094,43.6174201965332,9533400
2019-10-23,54.060001373291016,54.65999984741211,54.0099983215332,54.63999938964844,44.25729751586914,8556600
2019-10-24,54.56999969482422,54.81999969482422,54.4900016784668,54.61000061035156,44.233001708984375,11051400
2019-10-25,54.54999923706055,54.560001373291016,53.66999816894531,53.75,43.53642272949219,9782400
2019-10-28,53.7400016784668,53.95000076293945,53.369998931884766,53.56999969482422,43.3906135559082,8866100
2019-10-29,53.38999938964844,53.65999984741211,53.2599983215332,53.40999984741211,43.26102828979492,7999700
2019-10-30,53.52000045776367,54.04999923706055,53.15999984741211,53.939998626708984,43.69031524658203,8620900
2019-10-31,53.959999084472656,54.470001220703125,53.849998474121094,54.43000030517578,44.08719253540039,13982000
2019-11-01,54.630001068115234,54.7400016784668,53.849998474121094,53.900001525878906,43.65791702270508,9889500
2019-11-04,53.959999084472656,54.0,52.970001220703125,53.13999938964844,43.04232406616211,17515100
2019-11-05,52.88999938964844,52.88999938964844,52.119998931884766,52.41999816894531,42.45914077758789,19284000
2019-11-06,52.529998779296875,52.79999923706055,52.40999984741211,52.79999923706055,42.766929626464844,13288900
2019-11-07,52.880001068115234,53.0,51.959999084472656,52.290000915527344,42.353843688964844,11725500
2019-11-08,52.459999084472656,52.599998474121094,52.09000015258789,52.209999084472656,42.2890510559082,7141800
2019-11-11,52.33000183105469,52.369998931884766,51.779998779296875,51.84000015258789,41.989356994628906,8198300
2019-11-12,51.90999984741211,51.90999984741211,51.58000183105469,51.709999084472656,41.884063720703125,12656900
2019-11-13,52.18000030517578,52.45000076293945,51.959999084472656,52.40999984741211,42.4510498046875,12257900
2019-11-14,52.529998779296875,52.66999816894531,52.349998474121094,52.630001068115234,42.62923812866211,8660300
2019-11-15,52.63999938964844,52.68000030517578,52.380001068115234,52.66999816894531,42.66163635253906,8982400
2019-11-18,52.68000030517578,53.439998626708984,52.66999816894531,53.029998779296875,42.9532356262207,13782000
2019-11-19,53.150001525878906,53.310001373291016,52.869998931884766,53.08000183105469,42.99372863769531,12679500
2019-11-20,53.099998474121094,53.400001525878906,53.0099983215332,53.220001220703125,43.10713195800781,11970300
2019-11-21,53.11000061035156,53.34000015258789,52.779998779296875,52.959999084472656,42.89653778076172,7856100
2019-11-22,52.959999084472656,53.189998626708984,52.75,53.029998779296875,42.9532356262207,9113300
2019-11-25,53.279998779296875,53.38999938964844,52.77000045776367,53.220001220703125,43.10713195800781,10963500
2019-11-26,53.310001373291016,53.939998626708984,53.220001220703125,53.900001525878906,43.65791702270508,13219800
2019-11-27,53.93000030517578,54.099998474121094,53.599998474121094,53.95000076293945,43.69841384887695,9595200
2019-11-29,53.70000076293945,53.72999954223633,53.220001220703125,53.400001525878906,43.57601547241211,7222300
2019-12-02,53.31999969482422,53.75,52.849998474121094,53.75,43.86162567138672,13173800
2019-12-03,53.709999084472656,53.84000015258789,53.400001525878906,53.79999923706055,43.90242385864258,14498300
2019-12-04,53.79999923706055,54.310001373291016,53.720001220703125,54.290000915527344,44.302276611328125,13624000
2019-12-05,54.209999084472656,54.290000915527344,53.83000183105469,54.189998626708984,44.220672607421875,14068100
2019-12-06,54.310001373291016,54.5,54.16999816894531,54.41999816894531,44.40835952758789,7843500
2019-12-09,54.29999923706055,54.5099983215332,54.02000045776367,54.06999969482422,44.12274932861328,13887200
2019-12-10,54.040000915527344,54.06999969482422,53.72999954223633,53.77000045776367,43.87793731689453,8993900
2019-12-11,53.939998626708984,54.150001525878906,53.65999984741211,53.95000076293945,44.02482986450195,8879100
2019-12-12,54.0099983215332,54.45000076293945,53.939998626708984,54.13999938964844,44.179874420166016,11233300
2019-12-13,53.939998626708984,54.54999923706055,53.84000015258789,54.41999816894531,44.40835952758789,13072200
2019-12-16,54.689998626708984,54.83000183105469,54.369998931884766,54.41999816894531,44.40835952758789,9538100
2019-12-17,54.400001525878906,54.58000183105469,54.290000915527344,54.41999816894531,44.40835952758789,9230000
2019-12-18,54.529998779296875,54.75,53.88999938964844,53.90999984741211,43.99219512939453,15132100
2019-12-19,54.040000915527344,54.34000015258789,53.91999816894531,54.31999969482422,44.326759338378906,13385900
2019-12-20,54.939998626708984,55.20000076293945,54.470001220703125,54.970001220703125,44.85717010498047,23832800
2019-12-23,55.0,55.2400016784668,54.84000015258789,54.90999984741211,44.8082160949707,9300800
2019-12-24,54.79999923706055,55.0,54.63999938964844,54.709999084472656,44.645015716552734,3359300
2019-12-26,54.91999816894531,55.02000045776367,54.790000915527344,55.02000045776367,44.897972106933594,6228500
2019-12-27,55.0099983215332,55.45000076293945,55.0,55.349998474121094,45.167266845703125,6895500
2019-12-30,55.18000030517578,55.38999938964844,55.060001373291016,55.27000045776367,45.10199737548828,6431700
2019-12-31,55.20000076293945,55.380001068115234,54.97999954223633,55.349998474121094,45.167266845703125,7982600
2020-01-02,55.31999969482422,55.43000030517578,54.7599983215332,54.9900016784668,44.873497009277344,11867700
2020-01-03,54.31999969482422,54.9900016784668,54.09000015258789,54.689998626708984,44.628684997558594,11354500
2020-01-06,54.650001525878906,54.90999984741211,54.52000045776367,54.66999816894531,44.612369537353516,14698300
2020-01-07,54.45000076293945,54.599998474121094,54.150001525878906,54.25,44.2696418762207,9973900
2020-01-08,54.27000045776367,54.63999938964844,54.150001525878906,54.349998474121094,44.35123825073242,10676000
2020-01-09,55.0,55.400001525878906,54.84000015258789,55.34000015258789,45.15910720825195,15398000
2020-01-10,55.47999954223633,55.93000030517578,55.45000076293945,55.529998779296875,45.31414794921875,13040100
2020-01-13,55.529998779296875,56.22999954223633,55.41999816894531,56.130001068115234,45.803775787353516,14302900
2020-01-14,56.2400016784668,56.290000915527344,55.83000183105469,56.0,45.697689056396484,16345300
2020-01-15,56.0,56.97999954223633,56.0,56.70000076293945,46.26891326904297,17735400
2020-01-16,56.849998474121094,56.95000076293945,56.61000061035156,56.81999969482422,46.36682891845703,10234100
2020-01-17,56.869998931884766,57.150001525878906,56.79999923706055,56.939998626708984,46.464752197265625,14264300
2020-01-21,56.849998474121094,57.25,56.56999969482422,57.16999816894531,46.65243911743164,11968900
2020-01-22,57.25,57.63999938964844,57.18000030517578,57.61000061035156,47.01150131225586,12869600
2020-01-23,57.380001068115234,57.849998474121094,57.2400016784668,57.83000183105469,47.19102478027344,12858900
2020-01-24,57.849998474121094,57.869998931884766,57.459999084472656,57.68000030517578,47.0686149597168,8594300
2020-01-27,57.209999084472656,57.849998474121094,57.130001068115234,57.47999954223633,46.9054069519043,14359900
2020-01-28,57.45000076293945,57.75,56.970001220703125,57.0099983215332,46.52187728881836,15240200
2020-01-29,57.0,57.2599983215332,56.65999984741211,57.0099983215332,46.52187728881836,13163600
2020-01-30,57.93000030517578,58.97999954223633,57.7599983215332,58.86000061035156,48.03153610229492,20225600
2020-01-31,58.970001220703125,59.08000183105469,58.150001525878906,58.400001525878906,47.65616226196289,17685200
2020-02-03,58.75,58.970001220703125,58.52000045776367,58.58000183105469,47.80303192138672,12333600
2020-02-04,58.75,59.45000076293945,58.619998931884766,58.84000015258789,48.01521682739258,15417900
2020-02-05,58.900001525878906,59.08000183105469,58.540000915527344,58.849998474121094,48.02337646484375,11414900
2020-02-06,58.97999954223633,59.34000015258789,58.84000015258789,58.9900016784668,48.13761520385742,9347000
2020-02-07,58.880001068115234,59.31999969482422,58.849998474121094,59.189998626708984,48.30081558227539,8757800
2020-02-10,59.31999969482422,59.84000015258789,59.290000915527344,59.75,48.7578010559082,7984900
2020-02-11,59.720001220703125,59.79999923706055,59.31999969482422,59.59000015258789,48.627235412597656,7431200
2020-02-12,59.47999954223633,59.77000045776367,59.31999969482422,59.40999984741211,48.48035430908203,9179100
2020-02-13,59.380001068115234,59.84000015258789,59.209999084472656,59.61000061035156,48.64356231689453,8173200
2020-02-14,59.630001068115234,60.06999969482422,59.619998931884766,59.95000076293945,48.92101287841797,9965500
2020-02-18,59.810001373291016,59.93000030517578,59.45000076293945,59.529998779296875,48.578277587890625,10075700
2020-02-19,59.5099983215332,60.0,59.470001220703125,59.77000045776367,48.77411651611328,6265700
2020-02-20,59.68000030517578,59.86000061035156,59.11000061035156,59.720001220703125,48.73332595825195,7597200
2020-02-21,59.5099983215332,60.130001068115234,59.43000030517578,60.130001068115234,49.06788635253906,10842400
2020-02-24,59.11000061035156,59.79999923706055,58.56999969482422,58.650001525878906,47.860172271728516,14415500
2020-02-25,58.70000076293945,59.20000076293945,57.619998931884766,57.81999969482422,47.182865142822266,15915100
2020-02-26,57.97999954223633,58.470001220703125,57.47999954223633,57.599998474121094,47.003334045410156,15837800
2020-02-27,57.150001525878906,57.88999938964844,54.880001068115234,54.93000030517578,44.82453536987305,23754000
2020-02-28,53.83000183105469,53.88999938964844,51.58000183105469,53.4900016784668,43.649452209472656,40890600
2020-03-02,53.93000030517578,55.959999084472656,53.70000076293945,55.91999816894531,45.63240051269531,25698600
2020-03-03,56.7599983215332,57.4900016784668,55.63999938964844,56.060001373291016,45.74665451049805,27099200
2020-03-04,56.40999984741211,59.0,56.40999984741211,58.91999816894531,48.080501556396484,20526100
2020-03-05,57.79999923706055,58.16999816894531,56.189998626708984,56.7400016784668,46.301551818847656,17948500
2020-03-06,54.939998626708984,55.90999984741211,53.97999954223633,55.2599983215332,45.09382629394531,22353900
2020-03-09,52.04999923706055,53.58000183105469,51.47999954223633,51.86000061035156,42.31932067871094,27898300
2020-03-10,53.220001220703125,53.79999923706055,51.16999816894531,53.65999984741211,43.78818130493164,27457400
2020-03-11,52.349998474121094,52.650001525878906,51.13999938964844,52.209999084472656,42.60493850708008,22653900
2020-03-12,48.540000915527344,49.93000030517578,46.689998626708984,47.15999984741211,38.483978271484375,31913100
2020-03-13,49.5099983215332,49.560001373291016,46.61000061035156,48.470001220703125,39.899864196777344,33697200
2020-03-16,42.2400016784668,47.880001068115234,41.16999816894531,45.2599983215332,37.2574348449707,28682300
2020-03-17,45.880001068115234,47.5,45.369998931884766,47.18000030517578,38.83795166015625,32106700
2020-03-18,44.7400016784668,45.150001525878906,41.59000015258789,44.849998474121094,36.919918060302734,35408300
2020-03-19,44.36000061035156,44.65999984741211,41.040000915527344,41.83000183105469,34.43389892578125,41956900
2020-03-20,41.95000076293945,42.06999969482422,37.5099983215332,38.29999923706055,31.528059005737305,51513500
2020-03-23,38.7599983215332,38.88999938964844,36.27000045776367,37.560001373291016,30.918895721435547,44978500
2020-03-24,41.220001220703125,41.400001525878906,38.83000183105469,39.45000076293945,32.474727630615234,49096200
2020-03-25,40.630001068115234,43.45000076293945,39.90999984741211,41.61000061035156,34.25279998779297,42511700
2020-03-26,42.84000015258789,45.27000045776367,42.45000076293945,44.290000915527344,36.45894241333008,37821700
2020-03-27,43.65999984741211,44.029998779296875,42.400001525878906,42.810001373291016,35.24063491821289,23297900
2020-03-30,43.040000915527344,45.560001373291016,43.040000915527344,45.0,37.04340362548828,23446000
2020-03-31,45.06999969482422,45.5099983215332,44.060001373291016,44.25,36.42600631713867,25373900
2020-04-01,42.47999954223633,43.650001525878906,41.79999923706055,42.119998931884766,34.67262268066406,21936400
2020-04-02,42.220001220703125,44.189998626708984,41.86000061035156,43.95000076293945,36.17906188964844,17621900
2020-04-03,43.58000183105469,44.34000015258789,43.310001373291016,43.83000183105469,36.08028030395508,14207100
2020-04-06,45.38999938964844,47.0099983215332,44.689998626708984,46.66999816894531,38.41813278198242,22850000
2020-04-07,48.5,48.599998474121094,46.47999954223633,46.5099983215332,38.28642272949219,21279600
2020-04-08,46.63999938964844,48.09000015258789,46.33000183105469,47.81999969482422,39.36479187011719,18937100
2020-04-09,48.439998626708984,49.72999954223633,48.349998474121094,49.0,40.336151123046875,19165300
2020-04-13,48.349998474121094,48.63999938964844,46.5,46.93000030517578,38.63214874267578,19586000
2020-04-14,47.939998626708984,49.25,46.93000030517578,48.91999816894531,40.27030563354492,21801900
2020-04-15,47.709999084472656,48.400001525878906,47.40999984741211,47.61000061035156,39.191925048828125,12893200
2020-04-16,47.400001525878906,47.849998474121094,46.7599983215332,47.099998474121094,38.7720947265625,17606800
2020-04-17,48.29999923706055,48.29999923706055,47.369998931884766,48.060001373291016,39.56235885620117,19844600
2020-04-20,47.790000915527344,48.0,46.310001373291016,46.529998779296875,38.30289077758789,18957900
2020-04-21,45.880001068115234,46.900001525878906,44.2599983215332,45.380001068115234,37.35621643066406,26863700
2020-04-22,46.04999923706055,46.150001525878906,45.5,45.68000030517578,37.60317611694336,15811600
2020-04-23,45.95000076293945,46.099998474121094,44.970001220703125,45.06999969482422,37.10103225708008,17668200
2020-04-24,45.5,45.75,45.119998931884766,45.43000030517578,37.39737319946289,15175000
2020-04-27,46.0,46.97999954223633,45.709999084472656,46.779998779296875,38.5086784362793,19175500
2020-04-28,47.900001525878906,48.0,46.56999969482422,46.7400016784668,38.47574996948242,17246700
2020-04-29,47.27000045776367,47.86000061035156,46.880001068115234,47.119998931884766,38.78855895996094,15780000
2020-04-30,47.0,47.0,45.70000076293945,45.88999938964844,37.77604293823242,20801100
2020-05-01,45.619998931884766,46.38999938964844,45.209999084472656,45.599998474121094,37.537315368652344,14290400
2020-05-04,45.31999969482422,45.47999954223633,44.599998474121094,45.13999938964844,37.15865707397461,22544200
2020-05-05,45.36000061035156,46.099998474121094,45.150001525878906,45.400001525878906,37.3726806640625,13370500
2020-05-06,45.400001525878906,45.630001068115234,44.720001220703125,44.75,36.837608337402344,11892900
2020-05-07,45.150001525878906,45.2400016784668,44.5,44.599998474121094,36.71413040161133,16466000
2020-05-08,45.08000183105469,46.220001220703125,44.880001068115234,46.11000061035156,37.95713806152344,13985100
2020-05-11,45.689998626708984,46.11000061035156,45.52000045776367,45.540000915527344,37.48792266845703,10874600
2020-05-12,45.599998474121094,45.849998474121094,44.79999923706055,44.81999969482422,36.895233154296875,13424400
2020-05-13,44.709999084472656,44.779998779296875,43.52000045776367,43.939998626708984,36.17082977294922,15854800
2020-05-14,43.380001068115234,44.060001373291016,43.22999954223633,43.70000076293945,35.973262786865234,18000800
2020-05-15,43.959999084472656,44.689998626708984,43.20000076293945,43.2599983215332,35.611061096191406,31579400
2020-05-18,44.81999969482422,45.38999938964844,44.130001068115234,44.970001220703125,37.01871109008789,26118500
2020-05-19,45.0099983215332,45.33000183105469,44.25,44.540000915527344,36.66474151611328,17839900
2020-05-20,45.20000076293945,46.16999816894531,45.02000045776367,45.88999938964844,37.77604293823242,22295900
2020-05-21,46.08000183105469,46.09000015258789,45.029998779296875,45.16999816894531,37.18334197998047,13193500
2020-05-22,45.220001220703125,45.310001373291016,44.650001525878906,45.029998779296875,37.06809616088867,13008400
2020-05-26,46.91999816894531,46.93000030517578,45.93000030517578,46.09000015258789,37.940677642822266,22223100
2020-05-27,47.0,47.09000015258789,46.16999816894531,46.72999954223633,38.46751022338867,18447600
2020-05-28,47.29999923706055,47.459999084472656,46.81999969482422,47.09000015258789,38.76387405395508,16230600
2020-05-29,46.68000030517578,47.189998626708984,46.13999938964844,46.68000030517578,38.426368713378906,51125000
2020-06-01,46.65999984741211,47.22999954223633,46.59000015258789,46.9900016784668,38.681556701660156,17010700
2020-06-02,47.15999984741211,47.279998779296875,46.560001373291016,46.900001525878906,38.60746383666992,15255100
2020-06-03,47.27000045776367,48.119998931884766,47.119998931884766,47.900001525878906,39.43064880371094,15508300
2020-06-04,47.939998626708984,48.27000045776367,47.380001068115234,47.91999816894531,39.44710922241211,13604700
2020-06-05,48.540000915527344,49.4900016784668,48.459999084472656,49.09000015258789,40.41023254394531,20504800
2020-06-08,49.540000915527344,49.970001220703125,49.470001220703125,49.849998474121094,41.035858154296875,19896700
2020-06-09,49.59000015258789,49.59000015258789,48.68000030517578,49.0,40.336151123046875,16713700
2020-06-10,49.15999984741211,49.27000045776367,48.56999969482422,48.619998931884766,40.023353576660156,15716600
2020-06-11,47.810001373291016,47.91999816894531,45.459999084472656,45.540000915527344,37.48792266845703,26070400
2020-06-12,46.209999084472656,46.25,45.0099983215332,45.599998474121094,37.878334045410156,21822700
2020-06-15,44.56999969482422,46.45000076293945,44.470001220703125,46.29999923706055,38.459808349609375,15622300
2020-06-16,47.560001373291016,47.689998626708984,46.189998626708984,46.77000045776367,38.8502197265625,18803500
2020-06-17,46.779998779296875,47.060001373291016,46.439998626708984,46.58000183105469,38.69239807128906,12602800
2020-06-18,46.29999923706055,47.040000915527344,46.06999969482422,46.9900016784668,39.032962799072266,9380800
2020-06-19,47.77000045776367,47.790000915527344,46.02000045776367,46.02000045776367,38.22722244262695,30464600
2020-06-22,46.029998779296875,46.150001525878906,45.380001068115234,45.7400016784668,37.99463653564453,20876200
2020-06-23,46.0,46.290000915527344,45.58000183105469,45.63999938964844,37.91156768798828,14675300
2020-06-24,45.369998931884766,45.439998626708984,44.5,44.650001525878906,37.08921432495117,17631800
2020-06-25,44.470001220703125,44.97999954223633,44.029998779296875,44.93000030517578,37.32179641723633,13829700
2020-06-26,44.91999816894531,45.0099983215332,43.5099983215332,43.56999969482422,36.19209671020508,21955100
2020-06-29,44.0,44.56999969482422,43.54999923706055,44.36000061035156,36.84832000732422,17603900
2020-06-30,44.25,44.83000183105469,44.040000915527344,44.68000030517578,37.1141242980957,23679800
2020-07-01,44.93000030517578,45.529998779296875,44.709999084472656,44.81999969482422,37.23041915893555,14316500
2020-07-02,45.290000915527344,45.43000030517578,44.79999923706055,44.880001068115234,37.2802619934082,15111900
2020-07-06,45.13999938964844,45.27000045776367,44.61000061035156,45.22999954223633,37.57099914550781,15146000
2020-07-07,45.0,45.5,44.79999923706055,45.209999084472656,37.554378509521484,13043600
2020-07-08,45.13999938964844,45.18000030517578,44.470001220703125,45.06999969482422,37.438087463378906,13851200
2020-07-09,45.04999923706055,45.04999923706055,43.83000183105469,43.90999984741211,36.474517822265625,16087100
2020-07-10,43.880001068115234,45.25,43.86000061035156,45.150001525878906,37.50453567504883,15627800
2020-07-13,45.529998779296875,45.68000030517578,44.959999084472656,45.25,37.58760452270508,16705300
2020-07-14,44.90999984741211,45.939998626708984,44.66999816894531,45.869998931884766,38.102622985839844,17080100
2020-07-15,46.29999923706055,47.189998626708984,46.20000076293945,46.400001525878906,38.54287338256836,23738000
2020-07-16,46.2599983215332,46.689998626708984,45.939998626708984,46.150001525878906,38.33521270751953,13306100
2020-07-17,46.470001220703125,46.90999984741211,46.130001068115234,46.81999969482422,38.89174270629883,13899800
2020-07-20,46.720001220703125,46.83000183105469,45.849998474121094,46.119998931884766,38.31028747558594,16633200
2020-07-21,47.52000045776367,47.9900016784668,46.93000030517578,47.20000076293945,39.207401275634766,25681500
2020-07-22,47.93000030517578,48.52000045776367,47.029998779296875,48.47999954223633,40.27065658569336,29831200
2020-07-23,48.470001220703125,48.56999969482422,48.029998779296875,48.279998779296875,40.104530334472656,15935000
2020-07-24,48.400001525878906,48.79999923706055,48.06999969482422,48.4900016784668,40.27896499633789,16196800
2020-07-27,48.18000030517578,48.5099983215332,48.18000030517578,48.47999954223633,40.27065658569336,17346500
2020-07-28,48.34000015258789,49.279998779296875,48.099998474121094,48.18000030517578,40.021461486816406,13872700
2020-07-29,48.13999938964844,48.5,47.81999969482422,48.02000045776367,39.888553619384766,13758100
2020-07-30,47.66999816894531,48.22999954223633,47.20000076293945,47.689998626708984,39.614437103271484,17276500
2020-07-31,47.439998626708984,47.77000045776367,46.72999954223633,47.2400016784668,39.240638732910156,14849200
2020-08-03,47.13999938964844,47.36000061035156,46.22999954223633,46.29999923706055,38.459808349609375,14137500
2020-08-04,46.290000915527344,46.86000061035156,46.220001220703125,46.689998626708984,38.78376388549805,11717200
2020-08-05,46.900001525878906,47.27000045776367,46.810001373291016,47.220001220703125,39.224029541015625,10498700
2020-08-06,46.65999984741211,47.529998779296875,46.599998474121094,47.47999954223633,39.43999099731445,10745000
2020-08-07,47.470001220703125,48.08000183105469,47.209999084472656,47.79999923706055,39.705810546875,11669700
2020-08-10,48.060001373291016,48.279998779296875,47.65999984741211,47.720001220703125,39.63935089111328,11888000
2020-08-11,48.459999084472656,48.650001525878906,47.70000076293945,47.93000030517578,39.81379318237305,16531600
2020-08-12,48.29999923706055,48.689998626708984,48.119998931884766,48.43000030517578,40.2291145324707,9562200
2020-08-13,48.2599983215332,48.72999954223633,48.060001373291016,48.380001068115234,40.187591552734375,9882900
2020-08-14,48.34000015258789,48.689998626708984,48.029998779296875,48.45000076293945,40.24573516845703,10075800
2020-08-17,48.31999969482422,48.75,48.20000076293945,48.209999084472656,40.04637908935547,9102400
2020-08-18,48.20000076293945,48.5,47.959999084472656,48.41999816894531,40.2208251953125,9829000
2020-08-19,48.119998931884766,48.380001068115234,47.220001220703125,47.369998931884766,39.3486213684082,17371000
2020-08-20,47.27000045776367,47.599998474121094,47.09000015258789,47.349998474121094,39.332000732421875,11308700
2020-08-21,47.34000015258789,47.5,46.970001220703125,47.279998779296875,39.27386474609375,14734100
2020-08-24,47.43000030517578,47.97999954223633,47.18000030517578,47.970001220703125,39.847015380859375,9257700
2020-08-25,48.0,48.04999923706055,47.650001525878906,47.90999984741211,39.79718017578125,7827800
2020-08-26,47.7599983215332,48.18000030517578,47.470001220703125,48.15999984741211,40.00484848022461,10124200
2020-08-27,48.25,48.81999969482422,48.20000076293945,48.22999954223633,40.06298828125,10931600
2020-08-28,48.75,49.849998474121094,48.529998779296875,49.83000183105469,41.392051696777344,16420300
2020-08-31,49.79999923706055,50.06999969482422,49.349998474121094,49.529998779296875,41.14284896850586,18510800
2020-09-01,49.310001373291016,49.349998474121094,48.83000183105469,49.119998931884766,40.802276611328125,12588400
2020-09-02,49.36000061035156,51.36000061035156,49.36000061035156,51.189998626708984,42.521759033203125,26332600
2020-09-03,51.400001525878906,52.13999938964844,50.099998474121094,50.47999954223633,41.93198776245117,22289400
2020-09-04,50.939998626708984,51.470001220703125,50.279998779296875,51.040000915527344,42.397159576416016,21019500
2020-09-08,50.93000030517578,51.040000915527344,49.36000061035156,49.810001373291016,41.37544631958008,17776700
2020-09-09,49.599998474121094,50.7599983215332,49.54999923706055,50.189998626708984,41.69109344482422,15252300
2020-09-10,50.349998474121094,50.68000030517578,49.95000076293945,50.0,41.53327178955078,15439500
2020-09-11,50.400001525878906,51.20000076293945,50.099998474121094,51.060001373291016,42.41377258300781,18272300
2020-09-14,50.970001220703125,51.22999954223633,50.56999969482422,50.709999084472656,42.46401596069336,10911700
2020-09-15,51.0,51.380001068115234,50.84000015258789,51.04999923706055,42.74873352050781,12838400
2020-09-16,50.95000076293945,51.45000076293945,50.7400016784668,50.790000915527344,42.53101348876953,15353900
2020-09-17,50.220001220703125,50.630001068115234,49.939998626708984,50.54999923706055,42.330039978027344,13287100
2020-09-18,50.75,51.15999984741211,50.209999084472656,50.45000076293945,42.24629592895508,23816600
2020-09-21,49.75,50.02000045776367,48.61000061035156,49.09000015258789,41.10744094848633,17514800
2020-09-22,49.11000061035156,50.040000915527344,49.06999969482422,49.65999984741211,41.584754943847656,13034600
2020-09-23,49.72999954223633,49.91999816894531,48.16999816894531,48.209999084472656,40.37054443359375,17121200
2020-09-24,48.209999084472656,49.099998474121094,47.560001373291016,48.70000076293945,40.78086471557617,16788100
2020-09-25,48.20000076293945,48.7599983215332,47.97999954223633,48.720001220703125,40.7976188659668,12603400
2020-09-28,49.310001373291016,49.709999084472656,49.13999938964844,49.279998779296875,41.26655197143555,11215700
2020-09-29,49.38999938964844,49.560001373291016,48.90999984741211,48.91999816894531,40.96508026123047,12426600
2020-09-30,49.27000045776367,49.619998931884766,48.88999938964844,49.369998931884766,41.34191131591797,15755900
2020-10-01,49.439998626708984,49.65999984741211,48.59000015258789,49.18000030517578,41.18281173706055,17577300
2020-10-02,48.7599983215332,49.58000183105469,48.54999923706055,49.36000061035156,41.33354568481445,13610100
2020-10-05,49.43000030517578,49.54999923706055,49.119998931884766,49.380001068115234,41.35029602050781,10628700
2020-10-06,49.54999923706055,49.72999954223633,48.83000183105469,48.939998626708984,40.98183822631836,10077400
2020-10-07,49.02000045776367,49.7599983215332,48.95000076293945,49.560001373291016,41.50102233886719,10135600
2020-10-08,49.709999084472656,50.540000915527344,49.540000915527344,50.459999084472656,42.254669189453125,12143900
2020-10-09,50.66999816894531,51.22999954223633,50.599998474121094,50.810001373291016,42.54775619506836,11407800
2020-10-12,50.84000015258789,51.529998779296875,50.83000183105469,51.09000015258789,42.7822265625,11386500
2020-10-13,50.9900016784668,50.9900016784668,49.900001525878906,50.220001220703125,42.05370330810547,14365300
2020-10-14,50.04999923706055,50.4900016784668,49.650001525878906,50.119998931884766,41.96995544433594,10582100
2020-10-15,49.400001525878906,50.130001068115234,49.29999923706055,49.9900016784668,41.86109924316406,9961700
2020-10-16,49.9900016784668,50.349998474121094,49.869998931884766,50.029998779296875,41.894588470458984,13569800
2020-10-19,50.029998779296875,50.47999954223633,49.459999084472656,49.619998931884766,41.5512580871582,9930400
2020-10-20,49.88999938964844,50.619998931884766,49.790000915527344,50.25,42.07881546020508,10970700
2020-10-21,49.959999084472656,50.43000030517578,49.77000045776367,49.9900016784668,41.86109924316406,12517400
2020-10-22,51.16999816894531,51.20000076293945,50.380001068115234,50.68000030517578,42.43889236450195,20189200
2020-10-23,51.0,51.18000030517578,50.470001220703125,50.52000045776367,42.30491638183594,13491300
2020-10-26,50.34000015258789,50.5099983215332,49.20000076293945,49.79999923706055,41.70199203491211,14696400
2020-10-27,49.810001373291016,50.290000915527344,49.54999923706055,49.900001525878906,41.785728454589844,13892100
2020-10-28,49.0,49.150001525878906,47.779998779296875,47.959999084472656,40.16119384765625,19886200
2020-10-29,47.72999954223633,48.47999954223633,47.29999923706055,48.02000045776367,40.21144104003906,15369900
2020-10-30,47.810001373291016,48.119998931884766,47.369998931884766,48.060001373291016,40.244937896728516,15804000
2020-11-02,48.75,48.95000076293945,48.2400016784668,48.619998931884766,40.7138786315918,15156100
2020-11-03,49.220001220703125,49.959999084472656,49.0,49.349998474121094,41.325164794921875,15285100
2020-11-04,49.43000030517578,50.209999084472656,49.08000183105469,49.16999816894531,41.174442291259766,12930800
2020-11-05,49.7599983215332,50.209999084472656,49.34000015258789,49.439998626708984,41.400543212890625,12452400
2020-11-06,49.650001525878906,49.9900016784668,49.25,49.45000076293945,41.40890884399414,9294900
2020-11-09,52.5,53.2599983215332,52.06999969482422,52.56999969482422,44.02155685424805,33442000
2020-11-10,52.56999969482422,54.279998779296875,52.45000076293945,53.97999954223633,45.202266693115234,29706700
2020-11-11,53.93000030517578,54.29999923706055,53.33000183105469,53.58000183105469,44.86732864379883,17399900
2020-11-12,53.04999923706055,53.209999084472656,52.61000061035156,53.0099983215332,44.3900146484375,15024400
2020-11-13,53.25,53.5,52.88999938964844,53.45000076293945,44.758460998535156,12447900
2020-11-16,54.5,54.619998931884766,53.279998779296875,53.849998474121094,45.09341812133789,14908200
2020-11-17,53.65999984741211,53.75,53.029998779296875,53.68000030517578,44.9510612487793,14248400
2020-11-18,53.75,54.02000045776367,52.560001373291016,52.61000061035156,44.055057525634766,15278200
2020-11-19,52.4900016784668,53.22999954223633,51.95000076293945,53.130001068115234,44.49049758911133,17189500
2020-11-20,53.189998626708984,53.25,52.59000015258789,52.66999816894531,44.10529327392578,15645600
2020-11-23,52.95000076293945,53.16999816894531,52.20000076293945,52.68000030517578,44.11367416381836,13191900
2020-11-24,53.13999938964844,53.59000015258789,53.02000045776367,53.220001220703125,44.56586456298828,13827600
2020-11-25,53.06999969482422,53.279998779296875,52.790000915527344,52.93000030517578,44.323028564453125,10194800
2020-11-27,53.11000061035156,53.189998626708984,52.61000061035156,52.70000076293945,44.13041687011719,8499300
2020-11-30,52.09000015258789,52.189998626708984,51.08000183105469,51.599998474121094,43.5480842590332,43203600
2020-12-01,52.13999938964844,52.33000183105469,51.790000915527344,52.040000915527344,43.91944122314453,18968800
2020-12-02,51.900001525878906,52.130001068115234,51.63999938964844,52.11000061035156,43.97850799560547,14913100
2020-12-03,51.900001525878906,52.939998626708984,51.900001525878906,52.779998779296875,44.5439567565918,17318900
2020-12-04,52.779998779296875,53.869998931884766,52.7599983215332,53.849998474121094,45.44699478149414,18122400
2020-12-07,53.7599983215332,53.779998779296875,52.70000076293945,52.9900016784668,44.721187591552734,16210900
2020-12-08,52.939998626708984,53.47999954223633,52.790000915527344,53.18000030517578,44.88154983520508,12485800
2020-12-09,53.369998931884766,53.599998474121094,53.0,53.33000183105469,45.00813674926758,11508400
2020-12-10,53.400001525878906,53.5099983215332,52.97999954223633,53.04999923706055,44.77182388305664,12097300
2020-12-11,52.79999923706055,53.540000915527344,52.779998779296875,53.349998474121094,45.02501678466797,10638100
2020-12-14,53.650001525878906,53.84000015258789,53.18000030517578,53.27000045776367,44.95750045776367,22292000
2020-12-15,53.790000915527344,54.220001220703125,53.599998474121094,53.84000015258789,45.43855667114258,16193700
2020-12-16,53.599998474121094,53.79999923706055,52.939998626708984,53.060001373291016,44.7802734375,15679600
2020-12-17,53.29999923706055,53.709999084472656,53.150001525878906,53.27000045776367,44.95750045776367,12677300
2020-12-18,53.08000183105469,53.84000015258789,52.619998931884766,53.7400016784668,45.354164123535156,35480100
2020-12-21,52.68000030517578,53.0,51.97999954223633,52.810001373291016,44.569278717041016,14926600
2020-12-22,52.810001373291016,53.18000030517578,52.38999938964844,52.7599983215332,44.52707290649414,9689500
2020-12-23,52.95000076293945,53.38999938964844,52.939998626708984,53.08000183105469,44.797149658203125,7040300
2020-12-24,53.02000045776367,53.54999923706055,53.02000045776367,53.439998626708984,45.10096740722656,3265500
2020-12-28,53.849998474121094,54.439998626708984,53.72999954223633,54.15999984741211,45.708621978759766,9020500
2020-12-29,54.45000076293945,54.4900016784668,54.02000045776367,54.130001068115234,45.68330383300781,8320600
2020-12-30,54.04999923706055,54.630001068115234,54.029998779296875,54.439998626708984,45.94492721557617,8142700
2020-12-31,54.45000076293945,54.93000030517578,54.27000045776367,54.84000015258789,46.28251647949219,8495000
2021-01-04,54.27000045776367,54.630001068115234,52.029998779296875,52.7599983215332,44.52707290649414,25611100
2021-01-05,52.33000183105469,52.619998931884766,52.029998779296875,52.18000030517578,44.0375862121582,20323800
2021-01-06,51.970001220703125,52.02000045776367,50.189998626708984,50.52000045776367,42.63662338256836,38724500
2021-01-07,50.09000015258789,50.2599983215332,49.52000045776367,49.959999084472656,42.164005279541016,53225700
2021-01-08,50.029998779296875,51.130001068115234,49.84000015258789,51.08000183105469,43.10923767089844,29674000
2021-01-11,50.619998931884766,50.86000061035156,49.95000076293945,50.20000076293945,42.36655044555664,19304400
2021-01-12,50.040000915527344,50.369998931884766,49.7599983215332,50.11000061035156,42.29059982299805,18538700
2021-01-13,49.97999954223633,50.36000061035156,49.95000076293945,50.15999984741211,42.33279800415039,18864100
2021-01-14,50.15999984741211,50.18000030517578,49.220001220703125,49.22999954223633,41.547916412353516,34303600
2021-01-15,49.15999984741211,49.18000030517578,48.529998779296875,48.70000076293945,41.10062026977539,24366800
2021-01-19,48.7400016784668,49.040000915527344,48.2400016784668,48.5099983215332,40.94026565551758,29114500
2021-01-20,48.540000915527344,48.81999969482422,48.310001373291016,48.68000030517578,41.083740234375,23115800
2021-01-21,48.779998779296875,49.09000015258789,48.459999084472656,48.95000076293945,41.311614990234375,19702500
2021-01-22,48.810001373291016,48.939998626708984,48.4900016784668,48.4900016784668,40.92338180541992,15400300
2021-01-25,48.41999816894531,48.84000015258789,48.2400016784668,48.779998779296875,41.16813659667969,16604200
2021-01-26,48.90999984741211,49.400001525878906,48.61000061035156,49.290000915527344,41.59855651855469,12922600
2021-01-27,48.88999938964844,49.31999969482422,48.22999954223633,48.529998779296875,40.957149505615234,21242400
2021-01-28,48.689998626708984,49.5,48.61000061035156,49.150001525878906,41.480411529541016,17498900
2021-01-29,49.029998779296875,49.119998931884766,48.11000061035156,48.150001525878906,40.636451721191406,18670300
2021-02-01,48.27000045776367,48.689998626708984,48.18000030517578,48.47999954223633,40.91495132446289,12183600
2021-02-02,48.79999923706055,49.349998474121094,48.630001068115234,48.959999084472656,41.32004928588867,13319800
2021-02-03,48.95000076293945,49.09000015258789,48.66999816894531,48.77000045776367,41.159698486328125,12274100
2021-02-04,48.959999084472656,49.06999969482422,48.650001525878906,49.0099983215332,41.36223602294922,20597400
2021-02-05,49.5,49.779998779296875,49.27000045776367,49.650001525878906,41.902381896972656,12742000
2021-02-08,49.959999084472656,50.16999816894531,49.4900016784668,49.91999816894531,42.130245208740234,17833200
2021-02-09,49.849998474121094,50.02000045776367,49.630001068115234,49.70000076293945,41.94457244873047,14592900
2021-02-10,50.40999984741211,50.58000183105469,49.529998779296875,49.599998474121094,41.860191345214844,22965400
2021-02-11,49.810001373291016,50.59000015258789,49.79999923706055,50.29999923706055,42.45095443725586,21928600
2021-02-12,50.56999969482422,50.849998474121094,50.38999938964844,50.689998626708984,42.780094146728516,13137100
2021-02-16,50.619998931884766,50.720001220703125,50.15999984741211,50.27000045776367,42.42562484741211,15093400
2021-02-17,50.0,50.4900016784668,49.88999938964844,50.130001068115234,42.30748748779297,12794300
2021-02-18,50.15999984741211,50.849998474121094,50.029998779296875,50.77000045776367,42.84760284423828,12747100
2021-02-19,50.790000915527344,50.83000183105469,49.970001220703125,50.11000061035156,42.29059982299805,15968800
2021-02-22,49.849998474121094,50.880001068115234,49.66999816894531,50.630001068115234,42.72945785522461,14370900
2021-02-23,51.0,51.5099983215332,50.41999816894531,50.540000915527344,42.65350341796875,16222300
2021-02-24,50.38999938964844,50.900001525878906,50.130001068115234,50.709999084472656,42.796974182128906,14442000
2021-02-25,50.470001220703125,50.75,49.97999954223633,50.16999816894531,42.34123611450195,14211100
2021-02-26,50.20000076293945,50.209999084472656,48.970001220703125,48.9900016784668,41.345367431640625,23638400
2021-03-01,49.439998626708984,50.439998626708984,49.400001525878906,49.900001525878906,42.113372802734375,13901200
2021-03-02,49.84000015258789,50.560001373291016,49.70000076293945,50.099998474121094,42.28215789794922,11755100
2021-03-03,49.720001220703125,50.560001373291016,49.709999084472656,49.97999954223633,42.18087387084961,15410700
2021-03-04,50.310001373291016,51.09000015258789,49.619998931884766,49.939998626708984,42.147125244140625,22036400
2021-03-05,50.04999923706055,50.95000076293945,49.900001525878906,50.790000915527344,42.8644905090332,21310800
2021-03-08,51.470001220703125,52.4900016784668,51.15999984741211,51.63999938964844,43.581844329833984,25084900
2021-03-09,51.720001220703125,51.880001068115234,50.81999969482422,50.86000061035156,42.92356491088867,23082700
2021-03-10,51.18000030517578,51.630001068115234,50.720001220703125,51.439998626708984,43.413055419921875,21331600
2021-03-11,51.40999984741211,51.43000030517578,50.810001373291016,50.880001068115234,42.9404411315918,17417700
2021-03-12,50.59000015258789,50.68000030517578,50.20000076293945,50.36000061035156,42.855342864990234,17598600
2021-03-15,50.5,51.119998931884766,50.470001220703125,51.029998779296875,43.42549514770508,13411900
2021-03-16,51.20000076293945,51.52000045776367,51.040000915527344,51.220001220703125,43.587196350097656,14214200
2021-03-17,51.25,51.619998931884766,51.150001525878906,51.2400016784668,43.60421371459961,17502700
2021-03-18,51.060001373291016,51.189998626708984,50.4900016784668,50.56999969482422,43.03404235839844,18007300
2021-03-19,50.459999084472656,51.08000183105469,50.16999816894531,50.810001373291016,43.23829650878906,67845700
2021-03-22,50.31999969482422,51.08000183105469,50.31999969482422,51.0,43.39996337890625,17911400
2021-03-23,50.9900016784668,51.650001525878906,50.83000183105469,51.38999938964844,43.73185729980469,16936700
2021-03-24,51.16999816894531,51.88999938964844,51.150001525878906,51.52000045776367,43.842491149902344,14997400
2021-03-25,51.70000076293945,52.060001373291016,51.16999816894531,52.02000045776367,44.267967224121094,17091900
2021-03-26,52.13999938964844,53.11000061035156,51.7599983215332,53.040000915527344,45.135982513427734,17126700
2021-03-29,52.72999954223633,53.939998626708984,52.709999084472656,53.849998474121094,45.82526779174805,17514100
2021-03-30,53.75,53.790000915527344,52.93000030517578,53.150001525878906,45.22957992553711,14871800
2021-03-31,53.029998779296875,53.16999816894531,52.5,52.709999084472656,44.85514831542969,15826500
2021-04-01,52.959999084472656,53.150001525878906,52.459999084472656,52.5099983215332,44.68495559692383,15834700
2021-04-05,52.349998474121094,53.220001220703125,52.290000915527344,52.810001373291016,44.94023513793945,16368700
2021-04-06,53.040000915527344,53.650001525878906,52.900001525878906,53.189998626708984,45.26362609863281,15614300
2021-04-07,53.279998779296875,53.5,53.119998931884766,53.279998779296875,45.34020233154297,10062700
2021-04-08,53.16999816894531,53.380001068115234,52.970001220703125,53.119998931884766,45.20405197143555,9695600
2021-04-09,53.16999816894531,53.279998779296875,52.810001373291016,53.18000030517578,45.25511169433594,10828200
2021-04-12,53.33000183105469,53.54999923706055,53.099998474121094,53.349998474121094,45.3997802734375,8565300
2021-04-13,53.040000915527344,53.290000915527344,52.810001373291016,53.09000015258789,45.17852020263672,11071700
2021-04-14,52.97999954223633,53.189998626708984,52.650001525878906,53.08000183105469,45.17000961303711,9787600
2021-04-15,53.130001068115234,53.65999984741211,53.119998931884766,53.33000183105469,45.38275909423828,13078100
2021-04-16,53.7400016784668,53.79999923706055,53.380001068115234,53.68000030517578,45.68060302734375,17974100
2021-04-19,54.0,54.36000061035156,53.29999923706055,54.0,45.95291519165039,19352900
2021-04-20,53.84000015258789,54.59000015258789,53.810001373291016,54.16999816894531,46.097572326660156,14419200
2021-04-21,54.2400016784668,54.7400016784668,54.2400016784668,54.61000061035156,46.47201156616211,13866500
2021-04-22,54.470001220703125,54.869998931884766,54.31999969482422,54.439998626708984,46.32734680175781,12558900
2021-04-23,54.400001525878906,54.59000015258789,54.16999816894531,54.470001220703125,46.352882385253906,9020500
2021-04-26,54.470001220703125,54.5099983215332,53.58000183105469,53.65999984741211,45.66358947753906,11684600
2021-04-27,53.560001373291016,53.70000076293945,53.31999969482422,53.58000183105469,45.59550094604492,9852400
2021-04-28,53.97999954223633,54.04999923706055,53.439998626708984,53.59000015258789,45.60400390625,10868100
2021-04-29,53.540000915527344,54.36000061035156,53.43000030517578,54.2599983215332,46.17416000366211,15391000
2021-04-30,54.25,54.27000045776367,53.689998626708984,53.97999954223633,45.93589782714844,14912600
2021-05-03,54.27000045776367,54.79999923706055,54.15999984741211,54.47999954223633,46.36138916015625,10417900
2021-05-04,54.56999969482422,54.619998931884766,53.939998626708984,54.13999938964844,46.07204818725586,14151000
2021-05-05,54.13999938964844,54.2400016784668,53.709999084472656,54.0,45.95291519165039,9665900
2021-05-06,54.119998931884766,54.61000061035156,54.04999923706055,54.540000915527344,46.412437438964844,11572700
2021-05-07,54.439998626708984,54.77000045776367,54.15999984741211,54.5099983215332,46.386905670166016,10637500
2021-05-10,54.880001068115234,55.5,54.83000183105469,54.90999984741211,46.72730255126953,15545800
2021-05-11,55.029998779296875,55.13999938964844,54.04999923706055,54.31999969482422,46.22523498535156,12986700
2021-05-12,54.36000061035156,54.560001373291016,53.880001068115234,54.040000915527344,45.98695755004883,15836500
2021-05-13,53.970001220703125,54.779998779296875,53.83000183105469,54.5099983215332,46.386905670166016,15475800
2021-05-14,54.900001525878906,55.099998474121094,54.689998626708984,54.72999954223633,46.57412338256836,11725300
2021-05-17,54.84000015258789,55.02000045776367,54.5,54.63999938964844,46.497535705566406,12119800
2021-05-18,54.38999938964844,54.560001373291016,54.099998474121094,54.34000015258789,46.242244720458984,13232500
2021-05-19,54.119998931884766,54.18000030517578,53.61000061035156,54.16999816894531,46.097572326660156,15126100
2021-05-20,54.119998931884766,54.79999923706055,54.119998931884766,54.650001525878906,46.50605392456055,10948400
2021-05-21,54.79999923706055,55.119998931884766,54.220001220703125,54.619998931884766,46.48051452636719,16033200
2021-05-24,54.630001068115234,54.93000030517578,54.4900016784668,54.79999923706055,46.63369369506836,10326100
2021-05-25,54.81999969482422,54.81999969482422,54.349998474121094,54.790000915527344,46.62519073486328,11916500
2021-05-26,54.97999954223633,55.04999923706055,54.59000015258789,55.029998779296875,46.82941818237305,16064300
2021-05-27,55.209999084472656,55.56999969482422,54.779998779296875,55.4900016784668,47.22087860107422,59109600
2021-05-28,55.349998474121094,55.709999084472656,55.20000076293945,55.290000915527344,47.05067443847656,17011600
2021-06-01,55.34000015258789,55.650001525878906,55.099998474121094,55.279998779296875,47.04216384887695,13304000
2021-06-02,55.5,55.560001373291016,55.2599983215332,55.5,47.2293815612793,11328500
2021-06-03,55.18000030517578,55.7400016784668,55.099998474121094,55.63999938964844,47.3485221862793,17364300
2021-06-04,55.900001525878906,56.47999954223633,55.779998779296875,56.2400016784668,47.85911560058594,18935100
2021-06-07,56.310001373291016,56.34000015258789,55.810001373291016,56.040000915527344,47.688907623291016,14010800
2021-06-08,56.25,56.25,55.54999923706055,55.650001525878906,47.357025146484375,10968300
2021-06-09,55.75,55.91999816894531,55.47999954223633,55.47999954223633,47.21235656738281,9838800
2021-06-10,55.90999984741211,56.119998931884766,55.7599983215332,55.90999984741211,47.578285217285156,12444400
2021-06-11,55.9900016784668,56.209999084472656,55.65999984741211,56.15999984741211,47.79103088378906,11825800
2021-06-14,55.689998626708984,55.709999084472656,55.20000076293945,55.54999923706055,47.62813186645508,9710800
2021-06-15,55.779998779296875,55.790000915527344,55.189998626708984,55.40999984741211,47.508094787597656,11154200
2021-06-16,55.439998626708984,55.459999084472656,54.63999938964844,54.66999816894531,46.87361526489258,15211700
2021-06-17,54.66999816894531,55.150001525878906,54.650001525878906,54.95000076293945,47.11369323730469,10658400
2021-06-18,54.5099983215332,54.619998931884766,53.720001220703125,53.77000045776367,46.101966857910156,31445600
2021-06-21,54.220001220703125,54.43000030517578,54.0,54.36000061035156,46.60783004760742,14404300
2021-06-22,54.34000015258789,54.849998474121094,54.2599983215332,54.560001373291016,46.7793083190918,13072800
2021-06-23,54.560001373291016,54.599998474121094,54.11000061035156,54.119998931884766,46.40205001831055,12339200
2021-06-24,54.2599983215332,54.41999816894531,54.0,54.38999938964844,46.63355255126953,11488400
2021-06-25,54.2400016784668,54.470001220703125,54.0099983215332,54.31999969482422,46.573543548583984,18880300
2021-06-28,54.25,54.369998931884766,54.0,54.2599983215332,46.52207946777344,10556900
2021-06-29,54.130001068115234,54.34000015258789,53.720001220703125,53.86000061035156,46.17913818359375,12300900
2021-06-30,53.79999923706055,54.18000030517578,53.75,54.11000061035156,46.39347839355469,14614200
2021-07-01,54.34000015258789,54.47999954223633,53.86000061035156,53.959999084472656,46.26487350463867,13214700
2021-07-02,54.0,54.45000076293945,54.0,54.18000030517578,46.453495025634766,10604600
2021-07-06,53.9900016784668,54.09000015258789,53.54999923706055,53.880001068115234,46.196285247802734,15278200
2021-07-07,53.720001220703125,54.380001068115234,53.720001220703125,54.31999969482422,46.573543548583984,14377700
2021-07-08,54.0099983215332,54.16999816894531,53.7400016784668,54.130001068115234,46.41064453125,11943900
2021-07-09,54.25,54.52000045776367,54.18000030517578,54.459999084472656,46.69357681274414,10847000
2021-07-12,54.31999969482422,54.599998474121094,54.27000045776367,54.47999954223633,46.710723876953125,15107600
2021-07-13,54.95000076293945,55.29999923706055,54.75,55.02000045776367,47.17371368408203,15170800
2021-07-14,55.02000045776367,56.349998474121094,54.959999084472656,56.2599983215332,48.23688507080078,22002700
2021-07-15,56.2400016784668,56.470001220703125,55.90999984741211,56.439998626708984,48.39120864868164,15068200
2021-07-16,56.459999084472656,56.68000030517578,56.2599983215332,56.400001525878906,48.35689926147461,14860500
2021-07-19,56.08000183105469,56.349998474121094,55.15999984741211,55.72999954223633,47.78245544433594,19527000
2021-07-20,55.72999954223633,56.33000183105469,55.52000045776367,55.83000183105469,47.86819839477539,16257900
2021-07-21,57.33000183105469,57.560001373291016,56.43000030517578,56.54999923706055,48.48551559448242,20918200
2021-07-22,56.619998931884766,56.7400016784668,56.04999923706055,56.470001220703125,48.41692352294922,13402700
2021-07-23,56.59000015258789,57.33000183105469,56.45000076293945,57.0099983215332,48.87991714477539,12144000
2021-07-26,56.88999938964844,57.119998931884766,56.560001373291016,57.060001373291016,48.922794342041016,8681100
2021-07-27,57.11000061035156,57.540000915527344,56.91999816894531,57.2599983215332,49.09427261352539,12794400
2021-07-28,56.9900016784668,57.15999984741211,56.630001068115234,56.7400016784668,48.6484260559082,9858000
2021-07-29,57.06999969482422,57.25,56.86000061035156,57.04999923706055,48.914207458496094,9599100
2021-07-30,57.150001525878906,57.25,56.900001525878906,57.029998779296875,48.897064208984375,11727000
2021-08-02,57.20000076293945,57.2400016784668,56.709999084472656,56.880001068115234,48.76844787597656,9778000
2021-08-03,57.0,57.0,56.75,56.91999816894531,48.80276107788086,8825500
2021-08-04,56.75,56.95000076293945,56.0099983215332,56.099998474121094,48.099693298339844,11888400
2021-08-05,56.439998626708984,56.59000015258789,56.290000915527344,56.5,48.442649841308594,9806800
2021-08-06,56.599998474121094,56.7400016784668,56.439998626708984,56.63999938964844,48.562679290771484,10409300
2021-08-09,56.79999923706055,56.880001068115234,56.43000030517578,56.650001525878906,48.57126235961914,8859900
2021-08-10,56.84000015258789,57.16999816894531,56.65999984741211,56.79999923706055,48.699859619140625,10906900
2021-08-11,56.88999938964844,57.18000030517578,56.709999084472656,56.72999954223633,48.63985061645508,8370700
2021-08-12,56.72999954223633,56.97999954223633,56.72999954223633,56.84000015258789,48.734161376953125,6169200
2021-08-13,56.810001373291016,57.29999923706055,56.77000045776367,57.22999954223633,49.06854248046875,7714200
2021-08-16,57.20000076293945,57.4900016784668,57.029998779296875,57.47999954223633,49.28288650512695,7972000
2021-08-17,57.459999084472656,57.560001373291016,57.0099983215332,57.279998779296875,49.11141586303711,10346400
2021-08-18,57.189998626708984,57.22999954223633,56.41999816894531,56.5,48.442649841308594,13873700
2021-08-19,56.060001373291016,56.97999954223633,55.95000076293945,56.86000061035156,48.75130844116211,9223700
2021-08-20,56.84000015258789,57.029998779296875,56.58000183105469,56.63999938964844,48.562679290771484,10543600
2021-08-23,56.66999816894531,56.75,56.380001068115234,56.439998626708984,48.39120864868164,8912800
2021-08-24,56.63999938964844,56.63999938964844,55.900001525878906,56.0099983215332,48.022525787353516,12067200
2021-08-25,56.060001373291016,56.16999816894531,55.72999954223633,56.06999969482422,48.073974609375,11270700
2021-08-26,55.95000076293945,55.97999954223633,55.5099983215332,55.540000915527344,47.61955642700195,10331500
2021-08-27,55.65999984741211,55.790000915527344,55.45000076293945,55.650001525878906,47.713863372802734,8844100
2021-08-30,55.689998626708984,56.20000076293945,55.63999938964844,56.18000030517578,48.16828155517578,10034700
2021-08-31,56.15999984741211,56.52000045776367,56.0,56.310001373291016,48.27973937988281,14185700
2021-09-01,56.380001068115234,56.79999923706055,56.279998779296875,56.689998626708984,48.60555648803711,9518900
2021-09-02,56.77000045776367,57.029998779296875,56.40999984741211,56.77000045776367,48.67414855957031,11653200
2021-09-03,56.459999084472656,56.77000045776367,56.25,56.72999954223633,48.63985061645508,13220400
2021-09-07,56.599998474121094,56.689998626708984,55.5099983215332,55.66999816894531,47.73101043701172,20035300
2021-09-08,55.61000061035156,56.47999954223633,55.61000061035156,56.41999816894531,48.374061584472656,12040100
2021-09-09,56.18000030517578,56.41999816894531,55.79999923706055,55.86000061035156,47.893917083740234,12545400
2021-09-10,56.0099983215332,56.130001068115234,55.52000045776367,55.61000061035156,47.679569244384766,10573700
2021-09-13,55.7400016784668,56.400001525878906,55.7400016784668,56.06999969482422,48.073974609375,20274300
2021-09-14,55.91999816894531,55.97999954223633,55.54999923706055,55.689998626708984,48.108524322509766,13918900
2021-09-15,55.68000030517578,56.0,55.41999816894531,55.880001068115234,48.27265167236328,15746000
2021-09-16,55.720001220703125,55.9900016784668,54.81999969482422,55.349998474121094,47.8148078918457,17430400
2021-09-17,55.02000045776367,55.189998626708984,54.369998931884766,54.439998626708984,47.028690338134766,33370200
2021-09-20,54.11000061035156,54.400001525878906,53.72999954223633,54.060001373291016,46.70042419433594,27542500
2021-09-21,54.38999938964844,54.81999969482422,53.939998626708984,54.04999923706055,46.69178771972656,16418200
2021-09-22,54.5099983215332,54.560001373291016,54.060001373291016,54.130001068115234,46.76090621948242,12719700
2021-09-23,54.2599983215332,54.619998931884766,54.0,54.040000915527344,46.68315124511719,13836200
2021-09-24,54.0,54.2400016784668,53.86000061035156,53.88999938964844,46.553565979003906,9682200
2021-09-27,53.849998474121094,54.25,53.56999969482422,53.61000061035156,46.31167984008789,12429500
2021-09-28,53.459999084472656,53.459999084472656,52.43000030517578,52.63999938964844,45.47373962402344,19926100
2021-09-29,52.63999938964844,53.15999984741211,52.560001373291016,52.959999084472656,45.750179290771484,13941500
2021-09-30,53.16999816894531,53.33000183105469,52.43000030517578,52.470001220703125,45.32687759399414,17672000
2021-10-01,52.779998779296875,53.20000076293945,52.56999969482422,53.02000045776367,45.80200958251953,16277400
2021-10-04,53.060001373291016,53.529998779296875,52.400001525878906,52.9900016784668,45.77609634399414,18973400
2021-10-05,53.02000045776367,53.470001220703125,52.93000030517578,53.08000183105469,45.85383987426758,17173100
2021-10-06,52.77000045776367,53.77000045776367,52.5099983215332,53.709999084472656,46.3980712890625,21284500
2021-10-07,53.9900016784668,54.279998779296875,53.810001373291016,53.880001068115234,46.54492950439453,13774400
2021-10-08,54.0,54.38999938964844,53.900001525878906,54.119998931884766,46.752254486083984,13786800
2021-10-11,54.209999084472656,54.38999938964844,54.0099983215332,54.22999954223633,46.84728240966797,12378500
2021-10-12,54.41999816894531,54.83000183105469,54.220001220703125,54.22999954223633,46.84728240966797,19474400
2021-10-13,54.16999816894531,54.43000030517578,53.790000915527344,54.2400016784668,46.855926513671875,12143300
2021-10-14,54.38999938964844,54.810001373291016,54.310001373291016,54.61000061035156,47.17555236816406,13704000
2021-10-15,54.63999938964844,54.880001068115234,54.290000915527344,54.47999954223633,47.063255310058594,17867000
2021-10-18,54.349998474121094,54.38999938964844,53.86000061035156,53.939998626708984,46.59675979614258,15861800
2021-10-19,54.040000915527344,54.20000076293945,53.77000045776367,54.150001525878906,46.778175354003906,11068500
2021-10-20,54.18000030517578,54.7599983215332,54.11000061035156,54.630001068115234,47.192832946777344,12474800
2021-10-21,54.599998474121094,54.66999816894531,54.209999084472656,54.349998474121094,46.95094680786133,14388300
2021-10-22,54.38999938964844,54.529998779296875,54.06999969482422,54.45000076293945,47.03733444213867,12828600
2021-10-25,54.380001068115234,54.470001220703125,54.02000045776367,54.22999954223633,46.84728240966797,11855000
2021-10-26,54.31999969482422,54.58000183105469,54.22999954223633,54.470001220703125,47.05460739135742,12086700
2021-10-27,55.970001220703125,56.08000183105469,55.27000045776367,55.52000045776367,47.961666107177734,24019800
2021-10-28,55.75,56.11000061035156,55.619998931884766,56.040000915527344,48.41087341308594,15928000
2021-10-29,55.869998931884766,56.470001220703125,55.779998779296875,56.369998931884766,48.69594192504883,24463700
2021-11-01,56.38999938964844,56.400001525878906,55.900001525878906,56.16999816894531,48.52317810058594,11651100
2021-11-02,56.470001220703125,56.5,55.970001220703125,56.099998474121094,48.46270751953125,11498900
2021-11-03,56.0,56.33000183105469,55.779998779296875,56.290000915527344,48.6268424987793,10788300
2021-11-04,56.11000061035156,56.630001068115234,56.029998779296875,56.599998474121094,48.89464569091797,10820200
2021-11-05,56.84000015258789,57.15999984741211,56.59000015258789,56.84000015258789,49.10197067260742,12886700
2021-11-08,56.75,56.88999938964844,56.130001068115234,56.33000183105469,48.661399841308594,12828000
2021-11-09,56.40999984741211,56.52000045776367,56.09000015258789,56.4900016784668,48.79961013793945,10155800
2021-11-10,56.540000915527344,56.91999816894531,56.290000915527344,56.720001220703125,48.99829864501953,8813600
2021-11-11,56.83000183105469,56.880001068115234,56.56999969482422,56.7400016784668,49.01558303833008,7257700
2021-11-12,56.75,56.9900016784668,56.54999923706055,56.61000061035156,48.90327453613281,10162500
2021-11-15,56.529998779296875,56.68000030517578,56.27000045776367,56.619998931884766,48.91191482543945,10289200
2021-11-16,56.619998931884766,56.939998626708984,56.189998626708984,56.220001220703125,48.566375732421875,13756500
2021-11-17,56.040000915527344,56.04999923706055,55.650001525878906,55.90999984741211,48.29856872558594,13288700
2021-11-18,55.83000183105469,55.93000030517578,55.13999938964844,55.40999984741211,47.86663818359375,15380100
2021-11-19,55.439998626708984,55.4900016784668,54.900001525878906,55.130001068115234,47.6247673034668,15813700
2021-11-22,55.099998474121094,56.02000045776367,55.08000183105469,55.470001220703125,47.9184684753418,16905600
2021-11-23,55.65999984741211,56.11000061035156,55.5,55.880001068115234,48.27265167236328,13835900
2021-11-24,55.709999084472656,55.84000015258789,55.029998779296875,55.43000030517578,47.8839111328125,12598900
2021-11-26,54.59000015258789,54.75,53.58000183105469,53.72999954223633,46.41535568237305,14754300
2021-11-29,54.04999923706055,54.72999954223633,53.93000030517578,54.58000183105469,47.149635314941406,22712500
2021-11-30,53.599998474121094,53.630001068115234,52.439998626708984,52.45000076293945,45.660972595214844,30485200
2021-12-01,52.97999954223633,53.52000045776367,52.279998779296875,52.29999923706055,45.53038787841797,18719600
2021-12-02,52.599998474121094,53.34000015258789,52.5099983215332,53.06999969482422,46.20072555541992,17074200
2021-12-03,53.33000183105469,53.61000061035156,52.97999954223633,53.540000915527344,46.60988235473633,21064400
2021-12-06,54.310001373291016,55.25,54.13999938964844,54.90999984741211,47.802555084228516,26624100
2021-12-07,55.02000045776367,55.41999816894531,54.849998474121094,55.209999084472656,48.06372833251953,23832700
2021-12-08,55.119998931884766,55.349998474121094,54.36000061035156,55.0,47.88090515136719,18026300
2021-12-09,54.75,55.130001068115234,54.59000015258789,54.86000061035156,47.75902557373047,13846400
2021-12-10,55.25,56.31999969482422,55.06999969482422,56.279998779296875,48.99523162841797,23153600
2021-12-13,56.97999954223633,57.93000030517578,56.959999084472656,57.7599983215332,50.283660888671875,31362800
2021-12-14,57.400001525878906,58.16999816894531,57.400001525878906,57.79999923706055,50.3184814453125,24806600
2021-12-15,57.93000030517578,58.25,57.650001525878906,58.060001373291016,50.54483413696289,24923800
2021-12-16,57.97999954223633,58.880001068115234,57.900001525878906,58.650001525878906,51.0584602355957,24696900
2021-12-17,58.4900016784668,58.91999816894531,57.70000076293945,57.72999954223633,50.257545471191406,51874400
2021-12-20,57.20000076293945,57.779998779296875,57.0,57.540000915527344,50.09213638305664,20879500
2021-12-21,57.61000061035156,57.970001220703125,57.529998779296875,57.77000045776367,50.2923583984375,15864900
2021-12-22,57.709999084472656,58.189998626708984,57.4900016784668,58.18000030517578,50.64929962158203,12447400
2021-12-23,58.52000045776367,58.61000061035156,57.939998626708984,58.220001220703125,50.68411636352539,11027300
2021-12-27,58.0,58.689998626708984,58.0,58.650001525878906,51.0584602355957,9860000
2021-12-28,58.400001525878906,58.939998626708984,58.29999923706055,58.880001068115234,51.25870132446289,8979900
2021-12-29,58.95000076293945,59.099998474121094,58.65999984741211,58.95000076293945,51.31962585449219,9996000
2021-12-30,59.060001373291016,59.22999954223633,58.7599983215332,58.779998779296875,51.17163848876953,7703900
2021-12-31,58.75,59.349998474121094,58.70000076293945,59.209999084472656,51.54597854614258,10021300
2022-01-03,58.81999969482422,59.310001373291016,58.380001068115234,59.29999923706055,51.62432861328125,20187300
2022-01-04,59.72999954223633,60.540000915527344,59.59000015258789,60.290000915527344,52.48617935180664,26141600
2022-01-05,60.09000015258789,61.20000076293945,60.04999923706055,60.790000915527344,52.92146682739258,22507300
2022-01-06,60.470001220703125,61.119998931884766,60.439998626708984,60.470001220703125,52.642879486083984,17902300
2022-01-07,60.279998779296875,60.720001220703125,60.060001373291016,60.33000183105469,52.52101135253906,12307900
2022-01-10,60.54999923706055,60.81999969482422,60.18000030517578,60.43000030517578,52.60806655883789,20954300
2022-01-11,60.43000030517578,60.4900016784668,59.84000015258789,60.45000076293945,52.62546920776367,19369600
2022-01-12,60.529998779296875,60.689998626708984,60.189998626708984,60.540000915527344,52.703826904296875,15753800
2022-01-13,60.540000915527344,61.040000915527344,60.38999938964844,60.900001525878906,53.01721954345703,14318000
2022-01-14,60.939998626708984,61.45000076293945,60.36000061035156,61.38999938964844,53.44379806518555,19729600
2022-01-18,61.060001373291016,61.189998626708984,60.45000076293945,60.900001525878906,53.01721954345703,21976700
2022-01-19,60.65999984741211,61.18000030517578,60.560001373291016,61.0,53.10429000854492,18654700
2022-01-20,61.0,61.439998626708984,60.720001220703125,60.75,52.88664245605469,23002400
2022-01-21,61.08000183105469,61.29999923706055,60.400001525878906,60.45000076293945,52.62546920776367,26643200
2022-01-24,59.900001525878906,60.349998474121094,58.56999969482422,59.959999084472656,52.198890686035156,30185100
2022-01-25,59.36000061035156,60.04999923706055,58.689998626708984,59.81999969482422,52.07701110839844,19027100
2022-01-26,59.790000915527344,60.349998474121094,59.209999084472656,59.599998474121094,51.8854866027832,19190200
2022-01-27,59.880001068115234,60.93000030517578,59.5,59.650001525878906,51.929019927978516,18893800
2022-01-28,59.38999938964844,60.88999938964844,58.939998626708984,60.84000015258789,52.964996337890625,19101500
2022-01-31,60.29999923706055,61.13999938964844,60.150001525878906,61.0099983215332,53.11298370361328,22045300
2022-02-01,60.90999984741211,61.13999938964844,60.15999984741211,60.560001373291016,52.721229553222656,20841700
2022-02-02,60.619998931884766,61.27000045776367,60.560001373291016,61.18000030517578,53.26097106933594,20225600
2022-02-03,60.939998626708984,61.779998779296875,60.59000015258789,61.61000061035156,53.63532257080078,19440500
2022-02-04,61.4900016784668,61.68000030517578,60.56999969482422,60.959999084472656,53.069461822509766,17403700
2022-02-07,61.380001068115234,61.720001220703125,60.86000061035156,61.599998474121094,53.626609802246094,17846400
2022-02-08,61.83000183105469,62.33000183105469,61.7400016784668,62.0,53.9748420715332,18771700
2022-02-09,62.16999816894531,62.31999969482422,60.900001525878906,61.040000915527344,53.13911056518555,23595600
2022-02-10,60.36000061035156,62.29999923706055,60.20000076293945,61.380001068115234,53.435096740722656,23561500
2022-02-11,61.77000045776367,61.97999954223633,60.150001525878906,60.290000915527344,52.48617935180664,22781400
2022-02-14,60.15999984741211,60.790000915527344,59.279998779296875,60.68000030517578,52.82569122314453,23641300
2022-02-15,60.959999084472656,61.779998779296875,60.630001068115234,60.90999984741211,53.02593231201172,13408700
2022-02-16,60.86000061035156,61.400001525878906,60.560001373291016,60.900001525878906,53.01721954345703,15484700
2022-02-17,60.54999923706055,62.279998779296875,60.40999984741211,62.119998931884766,54.079315185546875,21468700
2022-02-18,62.119998931884766,62.81999969482422,61.9900016784668,62.540000915527344,54.44496154785156,21975000
2022-02-22,62.43000030517578,62.63999938964844,61.720001220703125,62.279998779296875,54.218597412109375,21731400
2022-02-23,62.2400016784668,62.33000183105469,61.34000015258789,61.59000015258789,53.61791229248047,19248500
2022-02-24,59.970001220703125,60.619998931884766,59.220001220703125,60.5099983215332,52.67770767211914,27207400
2022-02-25,60.939998626708984,62.900001525878906,60.91999816894531,62.849998474121094,54.714820861816406,21487800
2022-02-28,61.650001525878906,62.34000015258789,61.40999984741211,62.2400016784668,54.18377685546875,25879100
2022-03-01,62.13999938964844,62.75,61.5099983215332,61.970001220703125,53.94872283935547,15871100
2022-03-02,62.22999954223633,62.880001068115234,61.779998779296875,62.43000030517578,54.34918975830078,17319100
2022-03-03,62.61000061035156,63.02000045776367,62.290000915527344,62.470001220703125,54.38400650024414,21262800
2022-03-04,61.459999084472656,62.59000015258789,61.20000076293945,62.56999969482422,54.4710578918457,17163000
2022-03-07,62.0099983215332,62.06999969482422,60.720001220703125,61.08000183105469,53.17392349243164,29151400
2022-03-08,61.45000076293945,61.540000915527344,58.59000015258789,58.65999984741211,51.06716537475586,30242100
2022-03-09,59.81999969482422,59.84000015258789,58.65999984741211,58.959999084472656,51.32834243774414,23022700
2022-03-10,58.47999954223633,58.65999984741211,57.5,57.880001068115234,50.38813781738281,20887300
2022-03-11,57.959999084472656,58.849998474121094,57.86000061035156,57.91999816894531,50.42294692993164,19855600
2022-03-14,57.970001220703125,59.040000915527344,57.970001220703125,58.540000915527344,51.35280990600586,17799400
2022-03-15,59.08000183105469,59.88999938964844,58.97999954223633,59.619998931884766,52.300209045410156,18607200
2022-03-16,59.779998779296875,59.939998626708984,58.61000061035156,59.459999084472656,52.159847259521484,17347300
2022-03-17,59.459999084472656,60.13999938964844,59.22999954223633,60.09000015258789,52.71251678466797,15586200
2022-03-18,60.29999923706055,60.29999923706055,59.709999084472656,60.099998474121094,52.72127914428711,30197800
2022-03-21,60.5,61.099998474121094,60.25,60.58000183105469,53.14235305786133,17440100
2022-03-22,60.93000030517578,60.95000076293945,60.060001373291016,60.79999923706055,53.33534240722656,17559500
2022-03-23,60.75,60.97999954223633,60.0,60.400001525878906,52.98444747924805,15529200
2022-03-24,60.63999938964844,61.02000045776367,60.459999084472656,60.97999954223633,53.49323654174805,13151300
2022-03-25,61.119998931884766,61.61000061035156,61.04999923706055,61.529998779296875,53.9757194519043,12259800
2022-03-28,61.529998779296875,61.939998626708984,61.209999084472656,61.91999816894531,54.31782913208008,11485200
2022-03-29,62.209999084472656,62.529998779296875,61.7400016784668,62.15999984741211,54.52836990356445,14720600
2022-03-30,62.0099983215332,62.209999084472656,61.560001373291016,62.209999084472656,54.57223129272461,13641000
2022-03-31,62.220001220703125,62.63999938964844,62.0,62.0,54.38801193237305,16822900
2022-04-01,62.33000183105469,62.95000076293945,62.09000015258789,62.869998931884766,55.15119171142578,12644900
2022-04-04,62.599998474121094,62.790000915527344,61.720001220703125,62.540000915527344,54.861724853515625,11505800
2022-04-05,62.400001525878906,63.2400016784668,62.369998931884766,62.470001220703125,54.80030822753906,15721200
2022-04-06,62.77000045776367,63.2599983215332,62.29999923706055,63.099998474121094,55.35295867919922,19267400
2022-04-07,63.130001068115234,63.66999816894531,62.709999084472656,63.439998626708984,55.651222229003906,13960800
2022-04-08,63.47999954223633,64.04000091552734,63.15999984741211,63.83000183105469,55.99333572387695,12703500
2022-04-11,63.90999984741211,64.30000305175781,63.63999938964844,63.810001373291016,55.97578811645508,12720100
2022-04-12,64.37999725341797,64.80999755859375,63.88999938964844,64.55999755859375,56.63371276855469,18089900
2022-04-13,64.44000244140625,64.87000274658203,64.2300033569336,64.7300033569336,56.78284454345703,11883000
2022-04-14,64.95999908447266,65.56999969482422,64.81999969482422,65.0199966430664,57.03722381591797,16388400
2022-04-18,64.7699966430664,65.18000030517578,64.18000030517578,64.44000244140625,56.528446197509766,11679400
2022-04-19,64.5,65.25,64.44000244140625,65.06999969482422,57.08109664916992,11993800
2022-04-20,65.44000244140625,66.23999786376953,65.4000015258789,65.95999908447266,57.86183547973633,14827100
2022-04-21,65.9800033569336,67.0,65.72000122070312,66.20999908447266,58.08113098144531,15120400
2022-04-22,66.08000183105469,66.33999633789062,65.18000030517578,65.25,57.238990783691406,14902200
2022-04-25,67.0,67.19999694824219,64.77999877929688,65.94000244140625,57.84428405761719,25082000
2022-04-26,65.5199966430664,66.37000274658203,65.04000091552734,65.05000305175781,57.06355285644531,21982600
2022-04-27,65.0,66.27999877929688,65.0,65.55999755859375,57.51094055175781,16971000
2022-04-28,64.66000366210938,66.27999877929688,64.5,66.19000244140625,58.063602447509766,22010600
2022-04-29,65.87000274658203,66.02999877929688,64.48999786376953,64.61000061035156,56.677574157714844,20137100
2022-05-02,65.27999877929688,65.30999755859375,62.58000183105469,63.439998626708984,55.651222229003906,24970300
2022-05-03,63.720001220703125,63.939998626708984,62.66999816894531,63.08000183105469,55.33541488647461,21686300
2022-05-04,63.0,65.12000274658203,62.939998626708984,65.02999877929688,57.04600143432617,19780200
2022-05-05,64.69000244140625,65.02999877929688,64.01000213623047,64.51000213623047,56.5898551940918,20155200
2022-05-06,64.19999694824219,65.30999755859375,64.06999969482422,64.73999786376953,56.79161071777344,18984000
2022-05-09,64.47000122070312,65.36000061035156,64.04000091552734,64.61000061035156,56.677574157714844,20055300
2022-05-10,64.5,65.31999969482422,63.849998474121094,64.01000213623047,56.151241302490234,21322200
2022-05-11,64.33000183105469,65.19999694824219,63.959999084472656,64.30999755859375,56.414398193359375,19648400
2022-05-12,64.16000366210938,64.52999877929688,63.209999084472656,64.51000213623047,56.5898551940918,22574700
2022-05-13,64.80999755859375,65.80000305175781,64.12000274658203,65.72000122070312,57.651283264160156,16167000
2022-05-16,65.44000244140625,66.37999725341797,65.44000244140625,65.95999908447266,57.86183547973633,13223200
2022-05-17,66.0999984741211,66.0999984741211,65.01000213623047,65.77999877929688,57.70391845703125,21300600
2022-05-18,65.41999816894531,65.5199966430664,60.959999084472656,61.20000076293945,53.68622970581055,31437300
2022-05-19,60.959999084472656,60.959999084472656,59.65999984741211,60.0,52.63356399536133,31493900
2022-05-20,60.4900016784668,61.2400016784668,59.65999984741211,60.97999954223633,53.49323654174805,29133800
2022-05-23,61.650001525878906,63.099998474121094,61.59000015258789,62.86000061035156,55.142425537109375,19406900
2022-05-24,62.880001068115234,64.19000244140625,62.75,64.0199966430664,56.160003662109375,16154200
2022-05-25,64.0,64.47000122070312,63.599998474121094,64.06999969482422,56.20386505126953,15360500
2022-05-26,64.06999969482422,65.0999984741211,63.959999084472656,64.30000305175781,56.40563201904297,16159800
2022-05-27,64.26000213623047,64.83000183105469,64.13999938964844,64.68000030517578,56.738975524902344,17709000
2022-05-31,64.08000183105469,64.31999969482422,63.04999923706055,63.380001068115234,55.59857940673828,43159000
2022-06-01,63.41999816894531,63.68000030517578,62.130001068115234,63.06999969482422,55.32664489746094,15408300
2022-06-02,63.18000030517578,63.7400016784668,62.11000061035156,63.72999954223633,55.90560531616211,14586000
2022-06-03,63.56999969482422,63.630001068115234,62.810001373291016,62.970001220703125,55.238922119140625,13539900
2022-06-06,63.33000183105469,63.77000045776367,62.65999984741211,62.869998931884766,55.15119171142578,15112800
2022-06-07,62.380001068115234,63.369998931884766,62.220001220703125,63.25,55.48453903198242,17886300
2022-06-08,62.9900016784668,63.209999084472656,62.560001373291016,62.88999938964844,55.16874694824219,10211500
2022-06-09,62.869998931884766,63.349998474121094,61.779998779296875,61.79999923706055,54.212562561035156,13382200
2022-06-10,61.0099983215332,61.88999938964844,60.459999084472656,61.40999984741211,53.870452880859375,14967600
2022-06-13,60.75,62.290000915527344,60.66999816894531,61.34000015258789,53.809043884277344,23064200
2022-06-14,60.72999954223633,60.88999938964844,58.65999984741211,59.22999954223633,52.33348083496094,24620000
2022-06-15,60.0,60.63999938964844,58.970001220703125,59.66999816894531,52.722251892089844,19684700
2022-06-16,58.63999938964844,59.52000045776367,58.25,59.06999969482422,52.192115783691406,15053800
2022-06-17,59.70000076293945,60.130001068115234,59.130001068115234,59.43000030517578,52.51020431518555,34781900
2022-06-21,59.4900016784668,60.880001068115234,59.0099983215332,60.70000076293945,53.632328033447266,17705000
2022-06-22,60.599998474121094,61.45000076293945,60.31999969482422,61.150001525878906,54.02993392944336,15207100
2022-06-23,61.29999923706055,61.90999984741211,61.22999954223633,61.880001068115234,54.67493438720703,17190900
2022-06-24,62.11000061035156,63.060001373291016,62.11000061035156,63.040000915527344,55.699867248535156,18147100
2022-06-27,62.97999954223633,63.290000915527344,62.630001068115234,62.90999984741211,55.584999084472656,12142100
2022-06-28,63.08000183105469,63.7599983215332,62.11000061035156,62.279998779296875,55.028358459472656,13150100
2022-06-29,62.540000915527344,63.11000061035156,62.43000030517578,62.72999954223633,55.425960540771484,11795500
2022-06-30,62.31999969482422,63.11000061035156,62.15999984741211,62.90999984741211,55.584999084472656,15514200
2022-07-01,63.119998931884766,64.44999694824219,62.81999969482422,64.37999725341797,56.88383102416992,15143200
2022-07-05,64.18000030517578,64.18000030517578,62.41999816894531,63.279998779296875,55.911930084228516,15921200
2022-07-06,63.599998474121094,64.08999633789062,63.189998626708984,63.40999984741211,56.02678680419922,13450500
2022-07-07,63.2599983215332,63.58000183105469,62.70000076293945,62.90999984741211,55.584999084472656,14828400
2022-07-08,63.029998779296875,63.41999816894531,62.880001068115234,63.13999938964844,55.78822326660156,11311500
2022-07-11,62.9900016784668,63.459999084472656,62.59000015258789,62.939998626708984,55.61151885986328,12702100
2022-07-12,63.0,63.45000076293945,62.470001220703125,62.66999816894531,55.37294006347656,14731100
2022-07-13,62.33000183105469,63.0,61.97999954223633,62.380001068115234,55.11671447753906,13145300
2022-07-14,61.33000183105469,62.25,61.29999923706055,62.18000030517578,54.939998626708984,14433000
2022-07-15,62.75,62.970001220703125,62.06999969482422,62.5,55.222747802734375,21968400
2022-07-18,62.52000045776367,62.560001373291016,61.5099983215332,61.650001525878906,54.47171401977539,10780800
2022-07-19,62.09000015258789,62.650001525878906,61.93000030517578,62.529998779296875,55.249244689941406,10998200
2022-07-20,62.400001525878906,62.58000183105469,61.150001525878906,61.5,54.339176177978516,11010500
2022-07-21,61.2599983215332,61.880001068115234,60.790000915527344,61.36000061035156,54.21547317504883,11959600
2022-07-22,61.380001068115234,61.869998931884766,61.31999969482422,61.59000015258789,54.418704986572266,11644700
2022-07-25,61.54999923706055,62.29999923706055,61.310001373291016,62.189998626708984,54.94883728027344,14941700
2022-07-26,62.75,63.79999923706055,62.529998779296875,63.209999084472656,55.85007095336914,20118000
2022-07-27,62.880001068115234,63.189998626708984,61.790000915527344,63.0099983215332,55.67335510253906,12142900
2022-07-28,62.91999816894531,64.25,62.88999938964844,64.05999755859375,56.60110855102539,10837000
2022-07-29,63.709999084472656,64.29000091552734,63.630001068115234,64.16999816894531,56.69829177856445,13734200
2022-08-01,64.08999633789062,65.04000091552734,64.02999877929688,64.5199966430664,57.007537841796875,12831500
2022-08-02,64.58999633789062,64.5999984741211,63.43000030517578,63.63999938964844,56.23000717163086,15241900
2022-08-03,63.54999923706055,64.0999984741211,63.310001373291016,63.91999816894531,56.477394104003906,11317000
2022-08-04,63.63999938964844,63.72999954223633,62.91999816894531,63.66999816894531,56.25651168823242,11795600
2022-08-05,63.630001068115234,63.630001068115234,62.66999816894531,63.380001068115234,56.000282287597656,10445400
2022-08-08,63.5,63.810001373291016,62.75,62.970001220703125,55.63802719116211,9165200
2022-08-09,63.18000030517578,63.310001373291016,62.849998474121094,63.04999923706055,55.70870590209961,7910900
2022-08-10,63.630001068115234,63.790000915527344,63.099998474121094,63.650001525878906,56.23884201049805,8857300
2022-08-11,63.689998626708984,63.9900016784668,63.08000183105469,63.220001220703125,55.858909606933594,8507800
2022-08-12,63.43000030517578,63.7599983215332,63.09000015258789,63.70000076293945,56.283023834228516,9489300
2022-08-15,63.63999938964844,64.69000244140625,63.56999969482422,64.5,56.98987579345703,9863300
2022-08-16,64.56999969482422,65.2300033569336,64.33000183105469,65.02999877929688,57.45815658569336,9569600
2022-08-17,64.83000183105469,65.22000122070312,64.76000213623047,64.87999725341797,57.32562255859375,8144000
2022-08-18,64.95999908447266,65.3499984741211,64.70999908447266,65.22000122070312,57.62603759765625,6532000
2022-08-19,65.20999908447266,65.47000122070312,64.95999908447266,65.16999816894531,57.58185958862305,8921100
2022-08-22,64.83999633789062,64.91999816894531,63.9900016784668,64.19999694824219,56.724796295166016,9087900
2022-08-23,63.81999969482422,64.37000274658203,63.68000030517578,64.2699966430664,56.78664016723633,8443800
2022-08-24,64.23999786376953,64.58000183105469,64.05000305175781,64.36000061035156,56.866172790527344,6844700
2022-08-25,64.36000061035156,64.70999908447266,63.900001525878906,64.66999816894531,57.14006805419922,7913900
2022-08-26,64.7300033569336,64.80000305175781,62.97999954223633,63.11000061035156,55.76171875,10089500
2022-08-29,62.689998626708984,63.029998779296875,62.40999984741211,62.72999954223633,55.425960540771484,9115900
2022-08-30,62.90999984741211,62.90999984741211,61.9900016784668,62.150001525878906,54.91349792480469,8456800
2022-08-31,62.380001068115234,62.529998779296875,61.70000076293945,61.709999084472656,54.524723052978516,14633600
2022-09-01,61.58000183105469,62.040000915527344,61.290000915527344,62.0,54.78095626831055,14939700
2022-09-02,62.38999938964844,62.77000045776367,60.900001525878906,61.150001525878906,54.02993392944336,11809800
2022-09-06,61.290000915527344,61.970001220703125,60.9900016784668,61.18000030517578,54.05644607543945,12181800
2022-09-07,61.31999969482422,62.4900016784668,61.31999969482422,62.310001373291016,55.054866790771484,13290700
2022-09-08,62.08000183105469,62.29999923706055,61.34000015258789,62.119998931884766,54.886985778808594,17193500
2022-09-09,62.16999816894531,62.880001068115234,61.86000061035156,62.31999969482422,55.06370544433594,11855900
2022-09-12,62.43000030517578,62.810001373291016,62.27000045776367,62.5,55.222747802734375,13026900
2022-09-13,62.20000076293945,62.220001220703125,60.279998779296875,60.470001220703125,53.429115295410156,18532800
2022-09-14,60.63999938964844,61.08000183105469,60.439998626708984,60.790000915527344,53.71184539794922,12881600
2022-09-15,60.400001525878906,60.400001525878906,59.36000061035156,59.529998779296875,52.9820442199707,11451900
2022-09-16,59.65999984741211,59.79999923706055,59.11000061035156,59.540000915527344,52.990943908691406,20493500
2022-09-19,59.38999938964844,60.099998474121094,59.22999954223633,59.9900016784668,53.39144515991211,12596200
2022-09-20,59.68000030517578,60.029998779296875,59.31999969482422,59.900001525878906,53.311344146728516,11984600
2022-09-21,60.13999938964844,60.70000076293945,59.38999938964844,59.400001525878906,52.8663444519043,14165300
2022-09-22,59.54999923706055,59.72999954223633,59.20000076293945,59.2599983215332,52.741737365722656,11657600
2022-09-23,58.959999084472656,59.099998474121094,58.0,58.599998474121094,52.15433883666992,14824000
2022-09-26,58.4900016784668,58.56999969482422,57.689998626708984,57.869998931884766,51.504638671875,18670100
2022-09-27,58.08000183105469,58.369998931884766,56.310001373291016,56.380001068115234,50.178524017333984,23829300
2022-09-28,56.65999984741211,57.25,55.90999984741211,56.97999954223633,50.71253204345703,21480100
2022-09-29,57.09000015258789,57.290000915527344,56.0,56.56999969482422,50.34762954711914,14570700
2022-09-30,56.869998931884766,57.130001068115234,56.0,56.02000045776367,49.85813522338867,16124600
2022-10-03,56.36000061035156,56.849998474121094,56.060001373291016,56.650001525878906,50.418827056884766,16277600
2022-10-04,56.95000076293945,57.810001373291016,56.459999084472656,56.779998779296875,50.53453063964844,18861400
2022-10-05,56.5,56.650001525878906,55.5099983215332,56.2400016784668,50.05392837524414,14324900
2022-10-06,56.0,56.099998474121094,54.869998931884766,55.029998779296875,48.97701644897461,17192800
2022-10-07,54.9900016784668,55.09000015258789,54.25,54.5099983215332,48.51422119140625,11479800
2022-10-10,54.599998474121094,54.959999084472656,54.02000045776367,54.38999938964844,48.407413482666016,10239100
2022-10-11,54.459999084472656,55.220001220703125,54.2400016784668,54.47999954223633,48.487518310546875,14303900
2022-10-12,55.22999954223633,56.040000915527344,55.040000915527344,55.13999938964844,49.074920654296875,18377400
2022-10-13,54.47999954223633,56.08000183105469,54.2599983215332,55.869998931884766,49.7246208190918,16220700
2022-10-14,56.290000915527344,56.470001220703125,54.939998626708984,54.97999954223633,48.93252182006836,15997900
2022-10-17,55.630001068115234,56.220001220703125,55.56999969482422,55.689998626708984,49.56441879272461,13721400
2022-10-18,56.310001373291016,56.779998779296875,56.099998474121094,56.439998626708984,50.23192596435547,11823100
2022-10-19,56.310001373291016,56.540000915527344,55.72999954223633,55.959999084472656,49.80471420288086,10182300
2022-10-20,55.77000045776367,55.91999816894531,54.959999084472656,55.08000183105469,49.02151107788086,16905100
2022-10-21,55.0,56.11000061035156,54.9900016784668,55.959999084472656,49.80471420288086,15034100
2022-10-24,56.63999938964844,57.72999954223633,56.56999969482422,57.56999969482422,51.23762512207031,17416700
2022-10-25,59.040000915527344,59.11000061035156,57.75,58.95000076293945,52.465850830078125,28829900
2022-10-26,59.0099983215332,59.779998779296875,58.86000061035156,59.38999938964844,52.857444763183594,15831400
2022-10-27,59.77000045776367,59.84000015258789,59.380001068115234,59.529998779296875,52.9820442199707,16026100
2022-10-28,59.56999969482422,60.90999984741211,59.470001220703125,60.7599983215332,54.076751708984375,12888900
2022-10-31,60.5099983215332,60.56999969482422,59.66999816894531,59.849998474121094,53.266841888427734,14016400
2022-11-01,60.029998779296875,60.290000915527344,59.369998931884766,59.63999938964844,53.0799446105957,10659500
2022-11-02,59.63999938964844,60.22999954223633,58.77000045776367,58.810001373291016,52.34123992919922,14549200
2022-11-03,58.11000061035156,59.0,58.099998474121094,58.779998779296875,52.31453323364258,9194000
2022-11-04,59.29999923706055,59.59000015258789,58.560001373291016,59.2599983215332,52.741737365722656,9725900
2022-11-07,59.2599983215332,59.77000045776367,59.2400016784668,59.4900016784668,52.94644546508789,8849700
2022-11-08,59.75,59.790000915527344,58.939998626708984,59.599998474121094,53.04433822631836,10081600
2022-11-09,59.59000015258789,59.63999938964844,58.75,58.77000045776367,52.305641174316406,10115200
2022-11-10,60.25,61.040000915527344,59.68000030517578,60.880001068115234,54.18354797363281,16804800
2022-11-11,61.369998931884766,61.45000076293945,60.209999084472656,61.31999969482422,54.57514572143555,18972100
2022-11-14,61.31999969482422,61.720001220703125,60.709999084472656,60.72999954223633,54.050048828125,16361000
2022-11-15,61.130001068115234,61.45000076293945,60.0,60.630001068115234,53.961055755615234,13295800
2022-11-16,60.790000915527344,61.029998779296875,60.290000915527344,60.52000045776367,53.86315155029297,14199500
2022-11-17,60.189998626708984,60.7400016784668,60.130001068115234,60.709999084472656,54.03225326538086,11212600
2022-11-18,60.9900016784668,61.369998931884766,60.79999923706055,61.13999938964844,54.41495895385742,10415600
2022-11-21,61.40999984741211,62.209999084472656,61.20000076293945,62.08000183105469,55.25156021118164,15399400
2022-11-22,62.470001220703125,62.5,62.04999923706055,62.349998474121094,55.491851806640625,12319600
2022-11-23,62.4900016784668,62.790000915527344,62.29999923706055,62.630001068115234,55.741058349609375,8990400
2022-11-25,62.72999954223633,62.810001373291016,62.380001068115234,62.689998626708984,55.79446029663086,5165500
2022-11-28,62.689998626708984,63.099998474121094,62.560001373291016,62.70000076293945,55.80336380004883,12267500
2022-11-29,62.52000045776367,62.56999969482422,61.97999954223633,62.47999954223633,55.6075553894043,10969600
2022-11-30,62.0099983215332,63.68000030517578,61.75,63.61000061035156,57.01478576660156,30433900
2022-12-01,63.61000061035156,64.11000061035156,63.43000030517578,63.790000915527344,57.176116943359375,12001400
2022-12-02,63.61000061035156,64.5199966430664,63.400001525878906,64.3499984741211,57.67805480957031,13643500
2022-12-05,63.40999984741211,63.79999923706055,63.2599983215332,63.470001220703125,56.88928985595703,9185100
2022-12-06,63.52000045776367,63.880001068115234,63.22999954223633,63.439998626708984,56.862403869628906,10099500
2022-12-07,63.45000076293945,63.720001220703125,63.25,63.540000915527344,56.952030181884766,12307600
2022-12-08,63.599998474121094,63.849998474121094,63.349998474121094,63.810001373291016,57.19403839111328,9946200
2022-12-09,63.61000061035156,63.84000015258789,63.09000015258789,63.13999938964844,56.593505859375,13914900
2022-12-12,63.29999923706055,64.01000213623047,63.0099983215332,63.970001220703125,57.33745574951172,11647900
2022-12-13,64.58999633789062,64.69999694824219,63.79999923706055,63.9900016784668,57.355384826660156,17521600
2022-12-14,64.19000244140625,64.6500015258789,63.56999969482422,63.9900016784668,57.355384826660156,12826700
2022-12-15,63.59000015258789,63.88999938964844,62.4900016784668,63.11000061035156,56.566619873046875,12212300
2022-12-16,62.75,63.13999938964844,62.33000183105469,62.75,56.24394989013672,33631500
2022-12-19,62.83000183105469,63.40999984741211,62.470001220703125,62.84000015258789,56.32461166381836,10919700
2022-12-20,62.81999969482422,63.150001525878906,62.75,62.790000915527344,56.2797966003418,10286500
2022-12-21,63.06999969482422,64.05000305175781,63.06999969482422,63.79999923706055,57.18507766723633,10411300
2022-12-22,63.41999816894531,63.59000015258789,62.650001525878906,63.34000015258789,56.77277374267578,9666700
2022-12-23,63.5,63.869998931884766,63.20000076293945,63.81999969482422,57.2030029296875,6463300
2022-12-27,63.93000030517578,64.29000091552734,63.709999084472656,64.20999908447266,57.55257034301758,7320700
2022-12-28,64.45999908447266,64.6500015258789,63.4900016784668,63.56999969482422,56.97892761230469,7159400
2022-12-29,63.79999923706055,64.1500015258789,63.70000076293945,63.95000076293945,57.31953048706055,7169300
2022-12-30,63.91999816894531,63.91999816894531,63.16999816894531,63.61000061035156,57.01478576660156,7650200
2023-01-03,63.560001373291016,63.560001373291016,62.18000030517578,62.95000076293945,56.4232063293457,12180500
2023-01-04,63.150001525878906,63.33000183105469,62.5099983215332,62.91999816894531,56.39631652832031,13387900
2023-01-05,62.599998474121094,62.79999923706055,62.08000183105469,62.20000076293945,55.75096130371094,9814700
2023-01-06,62.90999984741211,63.66999816894531,62.58000183105469,63.400001525878906,56.82655334472656,9990000
2023-01-09,63.29999923706055,63.720001220703125,62.58000183105469,62.61000061035156,56.118465423583984,9442600
2023-01-10,62.599998474121094,62.72999954223633,61.91999816894531,62.130001068115234,55.688228607177734,10134600
2023-01-11,62.380001068115234,62.560001373291016,61.40999984741211,62.0099983215332,55.58066940307617,10823000
2023-01-12,62.11000061035156,62.18000030517578,60.970001220703125,61.209999084472656,54.86362075805664,13907300
2023-01-13,60.70000076293945,61.459999084472656,60.59000015258789,61.43000030517578,55.06080627441406,13986400
2023-01-17,61.72999954223633,62.380001068115234,61.560001373291016,61.68000030517578,55.284881591796875,18327800
2023-01-18,61.5099983215332,61.59000015258789,59.68000030517578,59.810001373291016,53.6087760925293,19679400
2023-01-19,59.72999954223633,60.63999938964844,59.709999084472656,59.720001220703125,53.528099060058594,14894500
2023-01-20,59.720001220703125,60.09000015258789,59.400001525878906,60.08000183105469,53.85078430175781,14237700
2023-01-23,60.279998779296875,60.56999969482422,60.04999923706055,60.22999954223633,53.985225677490234,12613400
2023-01-24,60.08000183105469,61.849998474121094,59.79999923706055,60.54999923706055,54.27204895019531,10103300
2023-01-25,60.20000076293945,60.939998626708984,59.88999938964844,60.93000030517578,54.61265182495117,11265800
2023-01-26,60.810001373291016,61.099998474121094,60.56999969482422,60.810001373291016,54.505088806152344,11884800
2023-01-27,60.84000015258789,60.959999084472656,60.369998931884766,60.4900016784668,54.21826171875,14087000
2023-01-30,60.540000915527344,61.16999816894531,60.459999084472656,60.63999938964844,54.352718353271484,15632000
2023-01-31,60.97999954223633,61.34000015258789,60.5099983215332,61.31999969482422,54.96220397949219,14344400
2023-02-01,61.13999938964844,61.58000183105469,60.619998931884766,61.33000183105469,54.9711799621582,12535400
2023-02-02,60.79999923706055,61.02000045776367,59.90999984741211,60.279998779296875,54.03003692626953,16947200
2023-02-03,60.349998474121094,60.41999816894531,59.22999954223633,59.83000183105469,53.6266975402832,15404400
2023-02-06,59.790000915527344,60.34000015258789,59.720001220703125,60.16999816894531,53.93144226074219,11330900
2023-02-07,59.66999816894531,60.2400016784668,59.540000915527344,60.06999969482422,53.84181594848633,14922700
2023-02-08,59.91999816894531,59.91999816894531,59.59000015258789,59.720001220703125,53.528099060058594,11012000
2023-02-09,60.150001525878906,60.31999969482422,59.599998474121094,59.619998931884766,53.43846893310547,12515300
2023-02-10,59.720001220703125,59.900001525878906,58.880001068115234,59.619998931884766,53.43846893310547,14420700
2023-02-13,59.900001525878906,60.7599983215332,59.72999954223633,60.599998474121094,54.31686019897461,16191800
2023-02-14,60.209999084472656,60.900001525878906,59.560001373291016,59.59000015258789,53.41158676147461,20505700
2023-02-15,59.900001525878906,59.93000030517578,59.22999954223633,59.59000015258789,53.41158676147461,13171400
2023-02-16,59.22999954223633,59.81999969482422,58.95000076293945,59.220001220703125,53.07994842529297,16538300
2023-02-17,59.5,60.22999954223633,59.380001068115234,60.119998931884766,53.88662338256836,16814700
2023-02-21,59.9900016784668,60.22999954223633,59.720001220703125,59.79999923706055,53.59981155395508,14278300
2023-02-22,59.849998474121094,60.36000061035156,59.75,59.97999954223633,53.761146545410156,12409600
2023-02-23,60.0099983215332,60.41999816894531,59.810001373291016,60.09000015258789,53.859745025634766,12222800
2023-02-24,59.68000030517578,59.90999984741211,59.38999938964844,59.84000015258789,53.63566207885742,9736200
2023-02-27,60.18000030517578,60.29999923706055,59.7400016784668,59.81999969482422,53.617733001708984,8849800
2023-02-28,59.70000076293945,59.70000076293945,59.13999938964844,59.5099983215332,53.33987808227539,16082200
2023-03-01,59.130001068115234,59.18000030517578,58.369998931884766,58.86000061035156,52.757266998291016,13275800
2023-03-02,58.84000015258789,59.779998779296875,58.79999923706055,59.720001220703125,53.528099060058594,11758300
2023-03-03,59.54999923706055,59.68000030517578,59.209999084472656,59.439998626708984,53.277130126953125,13101800
2023-03-06,59.2599983215332,60.380001068115234,59.220001220703125,60.36000061035156,54.10173797607422,16282700
2023-03-07,60.4900016784668,60.56999969482422,59.75,60.0099983215332,53.788028717041016,13961200
2023-03-08,60.040000915527344,60.33000183105469,59.72999954223633,60.040000915527344,53.814918518066406,10851600
2023-03-09,60.540000915527344,60.540000915527344,59.279998779296875,59.459999084472656,53.2950553894043,13900900
2023-03-10,59.70000076293945,60.13999938964844,58.9900016784668,59.209999084472656,53.070980072021484,13745800
2023-03-13,59.290000915527344,60.869998931884766,59.25,59.810001373291016,53.6087760925293,21956000
2023-03-14,60.0,60.459999084472656,59.349998474121094,60.029998779296875,53.80595779418945,19496900
2023-03-15,59.43000030517578,60.47999954223633,59.2400016784668,60.43000030517578,54.164485931396484,21089900
2023-03-16,60.09000015258789,60.34000015258789,59.70000076293945,60.29999923706055,54.46253967285156,15658300
2023-03-17,60.310001373291016,60.349998474121094,59.63999938964844,60.02000045776367,54.209651947021484,27351200
2023-03-20,60.15999984741211,60.599998474121094,59.970001220703125,60.599998474121094,54.733497619628906,12904100
2023-03-21,60.56999969482422,60.75,59.880001068115234,60.31999969482422,54.48060989379883,13716500
2023-03-22,60.400001525878906,60.869998931884766,60.029998779296875,60.04999923706055,54.23674392700195,10494200
2023-03-23,60.09000015258789,60.38999938964844,59.720001220703125,59.91999816894531,54.11933135986328,15479000
2023-03-24,60.25,61.02000045776367,59.90999984741211,60.900001525878906,55.00446319580078,12975600
2023-03-27,61.13999938964844,61.47999954223633,60.95000076293945,61.349998474121094,55.410892486572266,12777400
2023-03-28,61.38999938964844,61.7400016784668,61.27000045776367,61.41999816894531,55.47412109375,10925700
2023-03-29,61.720001220703125,61.95000076293945,61.59000015258789,61.86000061035156,55.871517181396484,9441000
2023-03-30,61.880001068115234,62.09000015258789,61.65999984741211,61.849998474121094,55.86249542236328,9870700
2023-03-31,62.060001373291016,62.25,61.869998931884766,62.029998779296875,56.025062561035156,14440900
2023-04-03,62.29999923706055,62.52000045776367,61.86000061035156,62.400001525878906,56.35924530029297,12300700
2023-04-04,62.38999938964844,62.7400016784668,62.08000183105469,62.209999084472656,56.18763732910156,11433400
2023-04-05,62.529998779296875,63.02000045776367,62.5,62.79999923706055,56.720516204833984,12789600
2023-04-06,62.86000061035156,63.040000915527344,62.380001068115234,62.84000015258789,56.756649017333984,9644200
2023-04-10,62.4900016784668,62.689998626708984,62.02000045776367,62.689998626708984,56.62117004394531,7952600
2023-04-11,62.650001525878906,62.709999084472656,62.400001525878906,62.58000183105469,56.521820068359375,9913000
2023-04-12,62.47999954223633,63.029998779296875,62.310001373291016,62.689998626708984,56.62117004394531,9593700
2023-04-13,62.7599983215332,63.15999984741211,62.47999954223633,63.150001525878906,57.036643981933594,9871400
2023-04-14,63.04999923706055,63.150001525878906,62.779998779296875,63.04999923706055,56.94632339477539,8946000
2023-04-17,63.31999969482422,63.529998779296875,63.13999938964844,63.459999084472656,57.316627502441406,9452400
2023-04-18,63.5099983215332,63.599998474121094,63.189998626708984,63.560001373291016,57.40695571899414,9035700
2023-04-19,63.72999954223633,63.83000183105469,63.43000030517578,63.68000030517578,57.51533889770508,9769500
2023-04-20,63.630001068115234,64.0,63.439998626708984,63.959999084472656,57.76823043823242,10706400
2023-04-21,64.0,64.2699966430664,63.79999923706055,64.05000305175781,57.84951400756836,12931100
2023-04-24,64.75,64.98999786376953,63.619998931884766,63.95000076293945,57.75919723510742,15532300
2023-04-25,64.16999816894531,64.16999816894531,63.630001068115234,63.849998474121094,57.66887283325195,12818900
2023-04-26,63.560001373291016,63.77000045776367,63.38999938964844,63.54999923706055,57.397918701171875,13179600
2023-04-27,63.529998779296875,63.7599983215332,63.11000061035156,63.68000030517578,57.51533889770508,13795800
2023-04-28,63.61000061035156,64.16000366210938,63.47999954223633,64.1500015258789,57.93983459472656,13687600
2023-05-01,64.1500015258789,64.69000244140625,64.05999755859375,64.30000305175781,58.075313568115234,9091500
2023-05-02,64.13999938964844,64.13999938964844,63.27000045776367,64.01000213623047,57.81338882446289,10948400
2023-05-03,64.0199966430664,64.18000030517578,63.58000183105469,63.650001525878906,57.48823928833008,11084600
2023-05-04,63.7400016784668,63.93000030517578,63.5099983215332,63.720001220703125,57.55146408081055,11938300
2023-05-05,63.63999938964844,64.20999908447266,63.630001068115234,64.0199966430664,57.822418212890625,9039000
2023-05-08,63.810001373291016,64.05999755859375,63.61000061035156,63.91999816894531,57.732093811035156,7240700
2023-05-09,63.63999938964844,63.75,63.279998779296875,63.38999938964844,57.2534065246582,9067700
2023-05-10,63.31999969482422,63.63999938964844,62.9900016784668,63.5,57.35274887084961,10134000
2023-05-11,63.58000183105469,63.93000030517578,63.0099983215332,63.86000061035156,57.677913665771484,9581500
2023-05-12,63.86000061035156,64.19000244140625,63.70000076293945,64.11000061035156,57.90371322631836,8740800
2023-05-15,64.22000122070312,64.25,63.709999084472656,63.939998626708984,57.750160217285156,8150000
2023-05-16,63.900001525878906,63.900001525878906,63.15999984741211,63.220001220703125,57.09986114501953,9129600
2023-05-17,63.400001525878906,63.41999816894531,62.72999954223633,63.150001525878906,57.036643981933594,11583000
2023-05-18,63.0099983215332,63.040000915527344,62.56999969482422,62.79999923706055,56.720516204833984,13595100
2023-05-19,63.040000915527344,63.099998474121094,62.61000061035156,62.83000183105469,56.747615814208984,14251400
2023-05-22,62.790000915527344,62.869998931884766,61.439998626708984,61.5099983215332,55.55540466308594,15055400
2023-05-23,61.5099983215332,61.66999816894531,61.16999816894531,61.400001525878906,55.456050872802734,13932700
2023-05-24,61.380001068115234,61.43000030517578,60.720001220703125,60.880001068115234,54.98639678955078,11090100
2023-05-25,60.470001220703125,60.72999954223633,60.150001525878906,60.40999984741211,54.561885833740234,14463600
2023-05-26,60.45000076293945,60.63999938964844,60.11000061035156,60.2599983215332,54.426414489746094,12570300
2023-05-30,60.09000015258789,60.20000076293945,59.52000045776367,59.779998779296875,53.99288558959961,15634200
2023-05-31,59.91999816894531,60.279998779296875,59.369998931884766,59.65999984741211,53.88449478149414,59432200
2023-06-01,59.939998626708984,60.16999816894531,59.77000045776367,60.0,54.191585540771484,13402700
2023-06-02,60.27000045776367,61.31999969482422,60.08000183105469,61.15999984741211,55.239280700683594,15259800
2023-06-05,61.0,61.439998626708984,60.54999923706055,60.75,54.86898422241211,12915600
2023-06-06,60.95000076293945,60.9900016784668,60.119998931884766,60.310001373291016,54.47157669067383,10943500
2023-06-07,60.0099983215332,60.36000061035156,59.81999969482422,60.220001220703125,54.39029312133789,16817900
2023-06-08,60.130001068115234,60.40999984741211,59.97999954223633,60.369998931884766,54.525760650634766,15585900
2023-06-09,60.27000045776367,60.66999816894531,60.16999816894531,60.470001220703125,54.6160888671875,12581500
2023-06-12,60.59000015258789,60.650001525878906,60.02000045776367,60.209999084472656,54.38125228881836,14208900
2023-06-13,60.209999084472656,60.66999816894531,60.040000915527344,60.45000076293945,54.59801483154297,13397800
2023-06-14,60.72999954223633,61.08000183105469,60.599998474121094,60.86000061035156,54.96832275390625,14099700
2023-06-15,60.61000061035156,61.29999923706055,60.34000015258789,61.22999954223633,55.723690032958984,15271400
2023-06-16,61.599998474121094,62.16999816894531,61.47999954223633,61.66999816894531,56.12411880493164,26738000
2023-06-20,61.59000015258789,61.959999084472656,61.2400016784668,61.2599983215332,55.75099563598633,13971800
2023-06-21,61.310001373291016,61.720001220703125,60.97999954223633,61.43000030517578,55.905704498291016,13948700
2023-06-22,61.810001373291016,62.099998474121094,61.59000015258789,61.849998474121094,56.287940979003906,15193400
2023-06-23,61.939998626708984,61.970001220703125,61.18000030517578,61.20000076293945,55.696388244628906,25112100
2023-06-26,61.209999084472656,61.290000915527344,60.38999938964844,61.220001220703125,55.714599609375,12856100
2023-06-27,61.220001220703125,61.36000061035156,60.97999954223633,61.09000015258789,55.59627914428711,9068500
2023-06-28,60.880001068115234,61.040000915527344,60.400001525878906,60.52000045776367,55.077545166015625,11173200
2023-06-29,60.220001220703125,60.349998474121094,59.77000045776367,60.02000045776367,54.62250900268555,17142300
2023-06-30,60.0,60.349998474121094,59.869998931884766,60.220001220703125,54.80452346801758,19739200
2023-07-03,60.20000076293945,60.630001068115234,60.029998779296875,60.58000183105469,55.13214111328125,9694500
2023-07-05,60.279998779296875,61.099998474121094,60.15999984741211,61.029998779296875,55.54166793823242,14716600
2023-07-06,60.72999954223633,61.02000045776367,60.5,60.560001373291016,55.11394119262695,12603900
2023-07-07,60.310001373291016,60.5,59.72999954223633,59.7599983215332,54.38587951660156,14574000
2023-07-10,59.970001220703125,60.150001525878906,59.13999938964844,59.310001373291016,53.976348876953125,15480600
2023-07-11,59.459999084472656,59.560001373291016,58.84000015258789,59.52000045776367,54.16746139526367,15967700
2023-07-12,59.75,60.04999923706055,59.45000076293945,59.84000015258789,54.45869064331055,14241300
2023-07-13,60.119998931884766,60.459999084472656,59.97999954223633,60.349998474121094,54.92282485961914,11269800
2023-07-14,60.13999938964844,61.040000915527344,60.09000015258789,60.900001525878906,55.423370361328125,11634200
2023-07-17,60.7599983215332,61.099998474121094,60.4900016784668,60.810001373291016,55.341461181640625,10014300
2023-07-18,60.959999084472656,61.25,60.40999984741211,60.56999969482422,55.12303161621094,11152900
2023-07-19,60.77000045776367,61.790000915527344,60.68000030517578,61.63999938964844,56.09682083129883,12936000
2023-07-20,61.68000030517578,62.40999984741211,61.66999816894531,62.38999938964844,56.77936935424805,11563000
2023-07-21,62.459999084472656,62.68000030517578,62.2400016784668,62.439998626708984,56.82487869262695,12815100
2023-07-24,62.41999816894531,62.810001373291016,62.400001525878906,62.459999084472656,56.843082427978516,10251100
2023-07-25,62.29999923706055,62.38999938964844,62.04999923706055,62.25,56.65196228027344,13422700
2023-07-26,61.86000061035156,63.16999816894531,61.38999938964844,63.04999923706055,57.38002014160156,17145500
2023-07-27,63.04999923706055,63.27000045776367,62.380001068115234,62.439998626708984,56.82487869262695,11517100
2023-07-28,62.59000015258789,62.77000045776367,62.220001220703125,62.47999954223633,56.86127471923828,9721800
2023-07-31,62.45000076293945,62.45000076293945,61.72999954223633,61.93000030517578,56.360740661621094,15577900
2023-08-01,62.09000015258789,62.36000061035156,61.619998931884766,61.77000045776367,56.21513748168945,9281600
2023-08-02,61.560001373291016,62.59000015258789,61.560001373291016,61.959999084472656,56.38803482055664,11059400
2023-08-03,61.869998931884766,62.119998931884766,61.529998779296875,61.63999938964844,56.09682083129883,8037400
2023-08-04,61.68000030517578,61.88999938964844,60.619998931884766,60.709999084472656,55.25045394897461,9359300
2023-08-07,60.790000915527344,61.33000183105469,60.7400016784668,61.189998626708984,55.687286376953125,6982600
2023-08-08,61.189998626708984,61.349998474121094,60.619998931884766,60.91999816894531,55.441566467285156,7956100
2023-08-09,60.90999984741211,61.630001068115234,60.75,61.060001373291016,55.5689811706543,7904100
2023-08-10,61.349998474121094,61.72999954223633,60.790000915527344,60.91999816894531,55.441566467285156,7870300
2023-08-11,60.84000015258789,61.20000076293945,60.689998626708984,61.16999816894531,55.669090270996094,8483900
2023-08-14,61.31999969482422,61.47999954223633,60.75,60.880001068115234,55.40516662597656,7176300
2023-08-15,60.689998626708984,60.900001525878906,60.369998931884766,60.470001220703125,55.032039642333984,7187400
2023-08-16,60.540000915527344,60.81999969482422,60.400001525878906,60.47999954223633,55.0411376953125,8372300
2023-08-17,60.58000183105469,61.02000045776367,60.45000076293945,60.61000061035156,55.15944290161133,12873500
2023-08-18,60.540000915527344,61.09000015258789,60.369998931884766,60.95000076293945,55.4688720703125,11083800
2023-08-21,60.86000061035156,60.93000030517578,60.31999969482422,60.43000030517578,54.99563217163086,8648500
2023-08-22,60.34000015258789,60.58000183105469,59.97999954223633,60.060001373291016,54.658905029296875,9411500
2023-08-23,60.20000076293945,60.439998626708984,60.15999984741211,60.27000045776367,54.85002136230469,7749500
2023-08-24,60.27000045776367,60.880001068115234,60.09000015258789,60.11000061035156,54.70441436767578,8955100
2023-08-25,60.40999984741211,60.56999969482422,60.0099983215332,60.38999938964844,54.959232330322266,7629200
2023-08-28,60.54999923706055,60.72999954223633,60.369998931884766,60.560001373291016,55.11394119262695,6254300
2023-08-29,60.560001373291016,60.630001068115234,60.150001525878906,60.5,55.05934143066406,8189600
2023-08-30,60.63999938964844,60.7400016784668,60.290000915527344,60.470001220703125,55.032039642333984,9447900
2023-08-31,60.29999923706055,60.470001220703125,59.810001373291016,59.83000183105469,54.449588775634766,14663500
2023-09-01,60.0,60.130001068115234,59.119998931884766,59.310001373291016,53.976348876953125,11262300
2023-09-05,59.25,59.31999969482422,58.66999816894531,58.81999969482422,53.53041458129883,12474600
2023-09-06,58.619998931884766,58.83000183105469,58.41999816894531,58.779998779296875,53.494014739990234,13923500
2023-09-07,58.95000076293945,59.15999984741211,58.29999923706055,58.33000183105469,53.08448791503906,17628600
2023-09-08,58.29999923706055,58.40999984741211,58.0099983215332,58.33000183105469,53.08448791503906,14312300
2023-09-11,58.400001525878906,58.9900016784668,58.22999954223633,58.880001068115234,53.58502197265625,14767400
2023-09-12,58.9900016784668,59.0,58.189998626708984,58.29999923706055,53.05717086791992,12292700
2023-09-13,58.400001525878906,58.68000030517578,58.34000015258789,58.439998626708984,53.18458557128906,12641400
2023-09-14,58.2400016784668,58.59000015258789,58.189998626708984,58.459999084472656,53.6248893737793,12311600
2023-09-15,58.40999984741211,58.63999938964844,57.75,57.939998626708984,53.14789962768555,55727500
2023-09-18,57.97999954223633,58.349998474121094,57.630001068115234,58.29999923706055,53.47812271118164,13617400
2023-09-19,58.2599983215332,58.38999938964844,57.91999816894531,58.18000030517578,53.368045806884766,11998900
2023-09-20,58.29999923706055,58.83000183105469,58.08000183105469,58.439998626708984,53.606544494628906,14766600
2023-09-21,58.369998931884766,58.41999816894531,57.41999816894531,57.540000915527344,52.78098678588867,15941800
2023-09-22,57.849998474121094,57.970001220703125,57.5,57.599998474121094,52.836021423339844,14644100
2023-09-25,57.400001525878906,57.4900016784668,56.7400016784668,57.0,52.285640716552734,12358800
2023-09-26,56.72999954223633,56.900001525878906,56.400001525878906,56.529998779296875,51.854515075683594,11194700
2023-09-27,56.41999816894531,56.529998779296875,55.68000030517578,55.95000076293945,51.32248306274414,13766300
2023-09-28,56.22999954223633,56.31999969482422,55.70000076293945,55.810001373291016,51.19406509399414,12484800
2023-09-29,56.13999938964844,56.27000045776367,55.619998931884766,55.97999954223633,51.35000228881836,12271600
2023-10-02,55.90999984741211,56.0099983215332,55.08000183105469,55.47999954223633,50.891361236572266,11792500
2023-10-03,55.15999984741211,55.43000030517578,54.779998779296875,54.880001068115234,50.34098434448242,13604200
2023-10-04,54.88999938964844,55.279998779296875,54.709999084472656,55.040000915527344,50.48774719238281,12100500
2023-10-05,54.7400016784668,54.95000076293945,52.2400016784668,52.380001068115234,48.047760009765625,29878100
2023-10-06,52.040000915527344,53.290000915527344,51.54999923706055,53.13999938964844,48.744895935058594,30298900
2023-10-09,52.959999084472656,53.150001525878906,52.11000061035156,52.880001068115234,48.50640869140625,15704700
2023-10-10,54.130001068115234,54.33000183105469,53.560001373291016,54.029998779296875,49.561283111572266,20909700
2023-10-11,54.220001220703125,54.279998779296875,53.02000045776367,53.709999084472656,49.26775360107422,21138900
2023-10-12,53.7599983215332,53.83000183105469,52.43000030517578,52.810001373291016,48.44218826293945,19330400
2023-10-13,52.7400016784668,53.41999816894531,52.63999938964844,52.88999938964844,48.51557159423828,14494600
2023-10-16,53.02000045776367,53.560001373291016,52.84000015258789,53.43000030517578,49.01090621948242,12816800
2023-10-17,53.310001373291016,54.099998474121094,53.209999084472656,54.06999969482422,49.59798049926758,16457200
2023-10-18,54.099998474121094,54.529998779296875,53.91999816894531,54.04999923706055,49.57963180541992,12809500
2023-10-19,54.15999984741211,54.7599983215332,53.86000061035156,54.349998474121094,49.85481643676758,16202200
2023-10-20,54.529998779296875,55.02000045776367,54.439998626708984,54.56999969482422,50.05662155151367,15686400
2023-10-23,54.380001068115234,54.88999938964844,54.04999923706055,54.08000183105469,49.607154846191406,21212700
2023-10-24,55.650001525878906,56.16999816894531,55.29999923706055,55.63999938964844,51.03813171386719,25290800
2023-10-25,55.7599983215332,56.220001220703125,55.560001373291016,56.119998931884766,51.478424072265625,16701000
2023-10-26,56.369998931884766,56.630001068115234,55.720001220703125,55.779998779296875,51.16654586791992,16228400
2023-10-27,55.54999923706055,56.13999938964844,55.099998474121094,55.2400016784668,50.671207427978516,13626500
2023-10-30,55.43000030517578,56.279998779296875,55.41999816894531,56.150001525878906,51.505943298339844,15014300
2023-10-31,56.56999969482422,56.720001220703125,56.150001525878906,56.4900016784668,51.81782913208008,16639400
2023-11-01,56.79999923706055,56.880001068115234,56.2599983215332,56.439998626708984,51.7719612121582,14110800
2023-11-02,56.5,57.150001525878906,56.36000061035156,57.09000015258789,52.36820602416992,13087200
2023-11-03,57.400001525878906,57.59000015258789,56.70000076293945,56.7400016784668,52.04715347290039,13958700
2023-11-06,56.779998779296875,57.279998779296875,56.7400016784668,56.970001220703125,52.25812530517578,12673200
2023-11-07,56.91999816894531,57.400001525878906,56.72999954223633,57.18000030517578,52.45075607299805,10449300
2023-11-08,57.31999969482422,57.470001220703125,56.91999816894531,57.09000015258789,52.36820602416992,13744000
2023-11-09,57.029998779296875,57.13999938964844,56.369998931884766,56.65999984741211,51.9737663269043,12021100
2023-11-10,56.869998931884766,56.93000030517578,56.060001373291016,56.720001220703125,52.028804779052734,11678900
2023-11-13,56.619998931884766,57.099998474121094,56.599998474121094,56.93000030517578,52.221439361572266,12798200
2023-11-14,57.02000045776367,57.2400016784668,56.810001373291016,57.099998474121094,52.37736892700195,12697100
2023-11-15,57.29999923706055,57.34000015258789,56.75,57.209999084472656,52.47827911376953,10201900
2023-11-16,57.25,57.529998779296875,56.810001373291016,57.150001525878906,52.42324447631836,16010400
2023-11-17,57.189998626708984,57.34000015258789,56.70000076293945,57.2599983215332,52.524139404296875,14475800
2023-11-20,57.04999923706055,57.58000183105469,56.959999084472656,57.400001525878906,52.65256118774414,13051000
2023-11-21,57.459999084472656,58.040000915527344,57.33000183105469,58.029998779296875,53.23044967651367,13891600
2023-11-22,58.2599983215332,58.540000915527344,58.130001068115234,58.41999816894531,53.588191986083984,11320600
2023-11-24,58.459999084472656,58.75,58.34000015258789,58.56999969482422,53.725791931152344,4816000
2023-11-27,58.540000915527344,58.689998626708984,58.27000045776367,58.459999084472656,53.6248893737793,16246500
2023-11-28,58.400001525878906,58.83000183105469,58.36000061035156,58.58000183105469,53.73497009277344,13739600
2023-11-29,58.58000183105469,58.66999816894531,58.099998474121094,58.22999954223633,53.413909912109375,11263600
2023-11-30,57.959999084472656,58.459999084472656,57.599998474121094,58.439998626708984,54.033382415771484,22727500
2023-12-01,58.27000045776367,58.689998626708984,58.2400016784668,58.63999938964844,54.21830749511719,15371200
2023-12-04,58.59000015258789,58.959999084472656,58.439998626708984,58.56999969482422,54.153587341308594,14942200
2023-12-05,58.54999923706055,58.83000183105469,58.41999816894531,58.65999984741211,54.236812591552734,11891500
2023-12-06,58.560001373291016,58.72999954223633,58.209999084472656,58.599998474121094,54.18132400512695,14868500
2023-12-07,58.66999816894531,58.88999938964844,58.38999938964844,58.7400016784668,54.31077194213867,11587900
2023-12-08,58.7400016784668,58.75,58.369998931884766,58.61000061035156,54.19057846069336,11178700
2023-12-11,58.83000183105469,59.09000015258789,58.5,59.040000915527344,54.5881462097168,14524800
2023-12-12,59.20000076293945,59.41999816894531,58.900001525878906,59.41999816894531,54.93949508666992,12899000
2023-12-13,59.45000076293945,60.02000045776367,59.2599983215332,59.93000030517578,55.41104507446289,16196800
2023-12-14,59.970001220703125,60.040000915527344,58.77000045776367,59.040000915527344,54.5881462097168,22478300
2023-12-15,58.83000183105469,59.16999816894531,57.79999923706055,58.599998474121094,54.18132400512695,65177400
2023-12-18,58.79999923706055,59.4900016784668,58.619998931884766,59.02000045776367,54.56966018676758,16717700
2023-12-19,59.0,59.20000076293945,58.63999938964844,58.83000183105469,54.393985748291016,14612200
2023-12-20,58.5,58.66999816894531,57.56999969482422,57.61000061035156,53.2659797668457,17701000
2023-12-21,57.849998474121094,58.06999969482422,57.470001220703125,57.9900016784668,53.6173210144043,11725100
2023-12-22,58.119998931884766,58.459999084472656,58.02000045776367,58.31999969482422,53.92243576049805,9029400
2023-12-26,58.060001373291016,58.709999084472656,58.060001373291016,58.560001373291016,54.144344329833984,6422500
2023-12-27,58.63999938964844,58.77000045776367,58.400001525878906,58.709999084472656,54.28303146362305,8560100
2023-12-28,58.650001525878906,58.869998931884766,58.529998779296875,58.75,54.32001495361328,8400100
2023-12-29,58.7400016784668,58.97999954223633,58.630001068115234,58.93000030517578,54.48644256591797,9244300
2024-01-02,58.79999923706055,59.880001068115234,58.66999816894531,59.81999969482422,55.30933380126953,16322600
2024-01-03,59.93000030517578,60.20000076293945,59.7599983215332,59.959999084472656,55.438777923583984,14830600
2024-01-04,60.04999923706055,60.2599983215332,59.65999984741211,59.7599983215332,55.25385665893555,12912900
2024-01-05,59.79999923706055,59.95000076293945,59.09000015258789,59.66999816894531,55.17063903808594,10412800
2024-01-08,59.68000030517578,60.18000030517578,59.41999816894531,60.11000061035156,55.57746505737305,11554600
2024-01-09,59.9900016784668,60.13999938964844,59.619998931884766,60.0,55.475765228271484,10493700
2024-01-10,60.220001220703125,60.40999984741211,59.97999954223633,60.20000076293945,55.66067886352539,12258000
2024-01-11,60.25,60.2599983215332,59.689998626708984,59.810001373291016,55.30009460449219,13754200
2024-01-12,60.08000183105469,60.459999084472656,59.869998931884766,60.38999938964844,55.83634948730469,13218000
2024-01-16,60.38999938964844,60.43000030517578,59.849998474121094,59.9900016784668,55.466514587402344,11826900
2024-01-17,59.86000061035156,60.209999084472656,59.81999969482422,59.9900016784668,55.466514587402344,8982100
2024-01-18,59.689998626708984,60.22999954223633,59.529998779296875,60.15999984741211,55.62369918823242,10397700
2024-01-19,60.2599983215332,60.279998779296875,59.63999938964844,59.83000183105469,55.31858444213867,14392600
2024-01-22,59.7599983215332,60.06999969482422,59.439998626708984,59.56999969482422,55.07818603515625,14314300
2024-01-23,59.529998779296875,60.0,59.459999084472656,59.849998474121094,55.337074279785156,14481600
2024-01-24,59.79999923706055,59.810001373291016,58.88999938964844,58.90999984741211,54.46794891357422,16370500
2024-01-25,59.0099983215332,59.16999816894531,58.65999984741211,59.15999984741211,54.69910430908203,14899700
2024-01-26,59.25,59.4900016784668,59.130001068115234,59.369998931884766,54.89326095581055,13025100
2024-01-29,59.34000015258789,59.790000915527344,59.16999816894531,59.72999954223633,55.22611999511719,14547100
2024-01-30,59.849998474121094,60.02000045776367,59.45000076293945,59.900001525878906,55.38330841064453,22061500
2024-01-31,60.099998474121094,60.45000076293945,59.290000915527344,59.4900016784668,55.00422668457031,22837000
2024-02-01,59.56999969482422,61.0099983215332,59.36000061035156,60.97999954223633,56.38185501098633,15870900
2024-02-02,60.81999969482422,60.869998931884766,60.22999954223633,60.540000915527344,55.975040435791016,17544900
2024-02-05,60.380001068115234,60.380001068115234,59.880001068115234,60.040000915527344,55.51274490356445,12759600
2024-02-06,59.959999084472656,60.04999923706055,59.68000030517578,59.939998626708984,55.420284271240234,12775200
2024-02-07,60.06999969482422,60.209999084472656,59.939998626708984,59.9900016784668,55.466514587402344,10259900
2024-02-08,59.88999938964844,59.970001220703125,59.40999984741211,59.83000183105469,55.31858444213867,12874800
2024-02-09,59.470001220703125,59.58000183105469,59.029998779296875,59.560001373291016,55.068939208984375,15235300
2024-02-12,59.65999984741211,59.7599983215332,58.959999084472656,59.70000076293945,55.19838333129883,13516800
2024-02-13,59.5,60.65999984741211,58.790000915527344,59.349998474121094,54.874778747558594,24195700
2024-02-14,59.16999816894531,59.59000015258789,59.040000915527344,59.290000915527344,54.819305419921875,15872500
2024-02-15,59.41999816894531,59.59000015258789,59.130001068115234,59.400001525878906,54.92101287841797,13695800
2024-02-16,59.349998474121094,59.619998931884766,58.959999084472656,59.38999938964844,54.91175842285156,13947100
2024-02-20,59.599998474121094,60.84000015258789,59.5099983215332,60.70000076293945,56.12297821044922,18339300
2024-02-21,60.9900016784668,61.279998779296875,60.83000183105469,61.2400016784668,56.62226486206055,14373000
2024-02-22,60.9900016784668,61.25,60.5,61.150001525878906,56.5390510559082,12982800
2024-02-23,61.09000015258789,61.619998931884766,61.0,61.20000076293945,56.58528137207031,13612900
2024-02-26,61.2400016784668,61.27000045776367,60.65999984741211,60.709999084472656,56.132225036621094,10336100
2024-02-27,60.540000915527344,60.779998779296875,60.119998931884766,60.34000015258789,55.79011917114258,9931100
2024-02-28,60.369998931884766,60.4900016784668,60.060001373291016,60.400001525878906,55.845603942871094,8076500
2024-02-29,60.349998474121094,60.63999938964844,59.900001525878906,60.02000045776367,55.494258880615234,18152700
2024-03-01,59.900001525878906,59.900001525878906,59.34000015258789,59.529998779296875,55.041202545166016,10927600
2024-03-04,59.22999954223633,59.95000076293945,59.220001220703125,59.810001373291016,55.30009460449219,10150200
2024-03-05,59.90999984741211,60.11000061035156,59.41999816894531,59.52000045776367,55.031951904296875,12310000
2024-03-06,59.52000045776367,60.0,59.380001068115234,59.54999923706055,55.059696197509766,12378800
2024-03-07,59.689998626708984,59.77000045776367,59.2400016784668,59.439998626708984,54.957984924316406,13686900
2024-03-08,59.29999923706055,59.790000915527344,58.970001220703125,59.52000045776367,55.031951904296875,13239000
2024-03-11,59.779998779296875,60.290000915527344,59.58000183105469,60.2400016784668,55.69765853881836,14114300
2024-03-12,60.31999969482422,60.75,60.209999084472656,60.5,55.93806076049805,12684600
2024-03-13,60.880001068115234,61.209999084472656,60.79999923706055,61.119998931884766,56.51131057739258,13909500
2024-03-14,60.58000183105469,60.79999923706055,60.400001525878906,60.5,56.385494232177734,13996600
2024-03-15,60.02000045776367,60.45000076293945,59.63999938964844,59.880001068115234,55.80765914916992,36849900
2024-03-18,59.88999938964844,60.400001525878906,59.79999923706055,60.130001068115234,56.04065704345703,15856700
2024-03-19,60.2400016784668,60.349998474121094,60.060001373291016,60.22999954223633,56.13385772705078,15030600
2024-03-20,60.18000030517578,60.810001373291016,60.15999984741211,60.75,56.61848831176758,15258800
2024-03-21,60.560001373291016,60.9900016784668,60.31999969482422,60.470001220703125,56.35753631591797,13067100
2024-03-22,60.52000045776367,60.790000915527344,60.43000030517578,60.4900016784668,56.37617492675781,11502800
2024-03-25,60.47999954223633,60.709999084472656,60.119998931884766,60.400001525878906,56.29229736328125,13144700
2024-03-26,60.5,60.709999084472656,60.380001068115234,60.540000915527344,56.42277145385742,13277400
2024-03-27,60.790000915527344,61.43000030517578,60.70000076293945,61.029998779296875,56.87944412231445,12551200
2024-03-28,61.13999938964844,61.2599983215332,61.0,61.18000030517578,57.01924514770508,13683500
2024-04-01,61.18000030517578,61.29999923706055,60.630001068115234,60.68000030517578,56.55324935913086,11668700
2024-04-02,60.45000076293945,60.72999954223633,60.11000061035156,60.150001525878906,56.059303283691406,13017300
2024-04-03,60.04999923706055,60.38999938964844,59.779998779296875,59.83000183105469,55.76105499267578,13672900
2024-04-04,60.09000015258789,60.150001525878906,59.16999816894531,59.29999923706055,55.26710510253906,14320700
2024-04-05,59.25,59.68000030517578,58.90999984741211,59.5099983215332,55.46281814575195,10157800
2024-04-08,59.400001525878906,59.470001220703125,59.06999969482422,59.27000045776367,55.2391357421875,10284500
2024-04-09,59.47999954223633,59.7400016784668,59.130001068115234,59.720001220703125,55.65854263305664,10779100
2024-04-10,59.31999969482422,59.38999938964844,58.689998626708984,58.91999816894531,54.912940979003906,11861900
2024-04-11,59.150001525878906,59.369998931884766,58.790000915527344,59.04999923706055,55.03410720825195,11109000
2024-04-12,58.95000076293945,59.0099983215332,58.130001068115234,58.279998779296875,54.31647491455078,12250900
2024-04-15,58.61000061035156,58.810001373291016,58.040000915527344,58.13999938964844,54.18598937988281,12425000
2024-04-16,58.25,58.380001068115234,57.93000030517578,58.060001373291016,54.11143493652344,11236800
2024-04-17,58.279998779296875,58.560001373291016,58.099998474121094,58.5099983215332,54.530826568603516,13805100
2024-04-18,58.619998931884766,58.97999954223633,58.540000915527344,58.90999984741211,54.90362548828125,11125900
2024-04-19,59.099998474121094,60.36000061035156,59.0,60.16999816894531,56.07793426513672,21207900
2024-04-22,60.13999938964844,60.630001068115234,59.720001220703125,60.54999923706055,56.43209457397461,15624500
2024-04-23,60.529998779296875,60.68000030517578,60.130001068115234,60.63999938964844,56.515968322753906,13689100
2024-04-24,60.31999969482422,61.650001525878906,59.84000015258789,61.54999923706055,57.36408233642578,19548300
2024-04-25,61.869998931884766,62.59000015258789,61.369998931884766,61.7400016784668,57.54116439819336,19048500
2024-04-26,61.54999923706055,61.93000030517578,61.349998474121094,61.7400016784668,57.54116439819336,10994300
2024-04-29,61.91999816894531,62.04999923706055,61.529998779296875,62.040000915527344,57.820762634277344,13409300
2024-04-30,62.13999938964844,62.83000183105469,61.470001220703125,61.77000045776367,57.569122314453125,19349200
2024-05-01,61.79999923706055,62.56999969482422,61.209999084472656,61.93000030517578,57.71823501586914,16729800
2024-05-02,62.18000030517578,62.400001525878906,61.720001220703125,61.9900016784668,57.77416229248047,10991300
2024-05-03,61.9900016784668,62.33000183105469,61.63999938964844,62.16999816894531,57.941917419433594,11628700
2024-05-06,62.29999923706055,62.380001068115234,61.900001525878906,62.349998474121094,58.10966873168945,9310700
2024-05-07,62.7599983215332,62.81999969482422,62.25,62.619998931884766,58.36131286621094,9807000
2024-05-08,62.849998474121094,62.970001220703125,62.47999954223633,62.849998474121094,58.57566452026367,10484400
2024-05-09,62.810001373291016,63.150001525878906,62.75,62.880001068115234,58.6036262512207,9113700
2024-05-10,62.91999816894531,63.36000061035156,62.790000915527344,63.2599983215332,58.95778274536133,8371700
2024-05-13,63.2400016784668,63.619998931884766,63.18000030517578,63.58000183105469,59.25603103637695,10137600
2024-05-14,63.58000183105469,63.7599983215332,62.79999923706055,63.099998474121094,58.80866622924805,10852200
2024-05-15,63.060001373291016,63.38999938964844,63.0,63.130001068115234,58.83662414550781,9838900
2024-05-16,63.2400016784668,63.72999954223633,63.06999969482422,63.31999969482422,59.013702392578125,10228000
2024-05-17,63.34000015258789,63.369998931884766,62.939998626708984,63.029998779296875,58.74342727661133,11539000
2024-05-20,62.93000030517578,63.0099983215332,62.459999084472656,62.56999969482422,58.314720153808594,11000900
2024-05-21,62.81999969482422,62.97999954223633,62.439998626708984,62.90999984741211,58.631591796875,9796200
2024-05-22,62.709999084472656,63.02000045776367,62.65999984741211,63.0,58.71546936035156,7419400
2024-05-23,62.4900016784668,62.880001068115234,62.04999923706055,62.09000015258789,57.86736297607422,9834300
2024-05-24,62.220001220703125,62.41999816894531,61.970001220703125,62.0,57.783477783203125,8203100
2024-05-28,61.790000915527344,62.130001068115234,61.400001525878906,61.81999969482422,57.615726470947266,12347000
2024-05-29,61.470001220703125,61.880001068115234,61.06999969482422,61.70000076293945,57.503875732421875,11861800
2024-05-30,61.849998474121094,62.08000183105469,61.599998474121094,61.970001220703125,57.75551986694336,9433800
2024-05-31,61.9900016784668,63.029998779296875,61.689998626708984,62.93000030517578,58.65022659301758,19816600
2024-06-03,62.709999084472656,63.09000015258789,62.45000076293945,62.93000030517578,58.65022659301758,9369000
2024-06-04,63.20000076293945,63.970001220703125,62.939998626708984,63.939998626708984,59.5915412902832,11895600
2024-06-05,63.9900016784668,64.06999969482422,63.349998474121094,63.91999816894531,59.57289505004883,9632500
2024-06-06,63.91999816894531,64.36000061035156,63.84000015258789,64.1500015258789,59.78725814819336,8658500
2024-06-07,64.08999633789062,64.22000122070312,63.810001373291016,63.90999984741211,59.56358337402344,9523100
2024-06-10,63.939998626708984,63.9900016784668,63.369998931884766,63.59000015258789,59.26534652709961,15685300
2024-06-11,63.59000015258789,63.650001525878906,63.06999969482422,63.54999923706055,59.22806930541992,8396000
2024-06-12,63.689998626708984,63.689998626708984,62.689998626708984,62.880001068115234,58.6036262512207,9569600
2024-06-13,62.86000061035156,63.040000915527344,62.45000076293945,62.9900016784668,58.70615005493164,9668900
2024-06-14,62.380001068115234,62.689998626708984,62.09000015258789,62.54999923706055,58.7484130859375,8179200
2024-06-17,62.369998931884766,62.900001525878906,62.18000030517578,62.619998931884766,58.81415939331055,10532700
2024-06-18,62.529998779296875,62.81999969482422,62.439998626708984,62.630001068115234,58.82355880737305,10651700
2024-06-20,62.400001525878906,62.7400016784668,61.95000076293945,62.18000030517578,58.40089416503906,13306300
2024-06-21,62.18000030517578,63.099998474121094,62.18000030517578,62.77000045776367,58.95504379272461,28278100
2024-06-24,62.9900016784668,64.05999755859375,62.90999984741211,63.970001220703125,60.08211135864258,13212500
2024-06-25,63.939998626708984,64.06999969482422,63.5099983215332,63.84000015258789,59.96001052856445,10235300
2024-06-26,63.400001525878906,64.11000061035156,63.22999954223633,64.05000305175781,60.157249450683594,9402500
2024-06-27,64.05000305175781,64.2699966430664,63.619998931884766,63.90999984741211,60.0257568359375,8494100
2024-06-28,63.900001525878906,64.05999755859375,63.52000045776367,63.650001525878906,59.78156280517578,17358800
2024-07-01,64.02999877929688,64.30000305175781,63.119998931884766,63.279998779296875,59.434051513671875,10033400
2024-07-02,63.2599983215332,63.380001068115234,62.86000061035156,63.150001525878906,59.31195068359375,8878200
2024-07-03,63.189998626708984,63.66999816894531,62.93000030517578,63.33000183105469,59.48100662231445,9154200
2024-07-05,63.33000183105469,63.790000915527344,63.0,63.7599983215332,59.8848762512207,11735500
2024-07-08,63.59000015258789,63.59000015258789,62.84000015258789,62.959999084472656,59.13349914550781,11235100
2024-07-09,63.060001373291016,63.22999954223633,62.59000015258789,62.689998626708984,58.87990188598633,11657500
2024-07-10,62.720001220703125,62.86000061035156,62.290000915527344,62.83000183105469,59.01140213012695,11930400
2024-07-11,62.63999938964844,63.459999084472656,62.400001525878906,63.099998474121094,59.264984130859375,11431600
2024-07-12,63.459999084472656,64.11000061035156,63.38999938964844,63.70000076293945,59.82852554321289,9201500
2024-07-15,63.790000915527344,63.939998626708984,63.349998474121094,63.40999984741211,59.556148529052734,8207500
2024-07-16,63.43000030517578,64.30999755859375,63.38999938964844,64.2699966430664,60.3638801574707,9025100
2024-07-17,64.47000122070312,65.38999938964844,64.41000366210938,65.20999908447266,61.24674606323242,12508200
2024-07-18,64.80000305175781,65.80999755859375,64.72000122070312,65.19000244140625,61.227970123291016,11128200
2024-07-19,65.63999938964844,65.63999938964844,64.81999969482422,65.29000091552734,61.3218879699707,13775700
2024-07-22,65.25,65.29000091552734,64.31999969482422,64.7699966430664,60.83349609375,11794200
2024-07-23,65.43000030517578,66.04000091552734,64.8499984741211,64.95999908447266,61.01194381713867,11810300
2024-07-24,65.08999633789062,65.97000122070312,64.83000183105469,65.80999755859375,61.810279846191406,13244600
2024-07-25,66.04000091552734,66.88999938964844,65.86000061035156,66.06999969482422,62.054481506347656,16328600
2024-07-26,66.06999969482422,67.11000061035156,66.01000213623047,67.05000305175781,62.974918365478516,13530100
2024-07-29,66.87999725341797,67.02999877929688,66.38999938964844,66.83000183105469,62.76829147338867,12140200
2024-07-30,66.4800033569336,67.83000183105469,66.36000061035156,67.68000030517578,63.566646575927734,13258000
2024-07-31,67.5,67.61000061035156,66.61000061035156,66.73999786376953,62.683753967285156,15576800
2024-08-01,67.0,68.11000061035156,66.69999694824219,67.95999908447266,63.82960510253906,16495900
2024-08-02,68.52999877929688,69.66999816894531,67.69000244140625,69.33000183105469,65.1163558959961,22514800
2024-08-05,68.98999786376953,69.55000305175781,67.7300033569336,68.0999984741211,63.96111297607422,25484300
2024-08-06,68.1500015258789,68.83999633789062,67.7699966430664,68.05000305175781,63.91413879394531,12969100
2024-08-07,68.05000305175781,69.18000030517578,67.83000183105469,68.45999908447266,64.2992172241211,13365300
2024-08-08,68.0,68.86000061035156,67.8499984741211,68.7300033569336,64.55281066894531,15240900
2024-08-09,68.69999694824219,68.79000091552734,68.25,68.68000030517578,64.505859375,12080400
2024-08-12,68.44999694824219,68.54000091552734,67.83000183105469,68.16999816894531,64.02684783935547,11012300
2024-08-13,68.08000183105469,68.61000061035156,68.01000213623047,68.45999908447266,64.2992172241211,9877600
2024-08-14,68.2300033569336,68.88999938964844,68.12999725341797,68.58000183105469,64.41192626953125,14328000
2024-08-15,68.62000274658203,68.91999816894531,68.5,68.6500015258789,64.4776840209961,11285100
2024-08-16,68.83999633789062,69.30000305175781,68.63999938964844,69.18000030517578,64.9754638671875,12651200
2024-08-19,69.3499984741211,69.41999816894531,68.8499984741211,68.9800033569336,64.7876205444336,9843900
2024-08-20,68.98999786376953,69.38999938964844,68.7699966430664,69.37999725341797,65.1633071899414,11957400
2024-08-21,69.4800033569336,70.12999725341797,69.33000183105469,69.56999969482422,65.34175109863281,8792400
2024-08-22,69.91999816894531,69.91999816894531,68.79000091552734,69.33000183105469,65.1163558959961,12509200
2024-08-23,69.4000015258789,69.8499984741211,68.94000244140625,69.79000091552734,65.54839324951172,11834700
2024-08-26,69.83000183105469,70.91999816894531,69.7300033569336,70.83999633789062,66.53455352783203,12912200
2024-08-27,71.31999969482422,71.52999877929688,71.05000305175781,71.5,67.15445709228516,16988400
2024-08-28,71.61000061035156,71.80999755859375,71.30000305175781,71.75,67.3892593383789,13272600
2024-08-29,71.9000015258789,72.22000122070312,71.2300033569336,72.05000305175781,67.67102813720703,17201700
2024-08-30,72.19999694824219,72.56999969482422,71.77999877929688,72.47000122070312,68.06552124023438,18624200
2024-09-03,72.44000244140625,73.29000091552734,72.25,73.01000213623047,68.57269287109375,14755800
2024-09-04,73.30000305175781,73.52999877929688,71.91000366210938,72.55999755859375,68.1500473022461,18140800
2024-09-05,72.62000274658203,72.68000030517578,70.9800033569336,71.16999816894531,66.8445053100586,23866100
2024-09-06,70.98999786376953,71.66999816894531,70.88999938964844,71.13999938964844,66.81634521484375,17485700
2024-09-09,71.2300033569336,72.30999755859375,70.9800033569336,71.8499984741211,67.48318481445312,12939300
2024-09-10,71.97000122070312,72.41999816894531,71.5199966430664,71.55000305175781,67.20142364501953,10277600
2024-09-11,71.36000061035156,71.37000274658203,70.56999969482422,71.08000183105469,66.75999450683594,11418200
2024-09-12,71.0,71.37999725341797,70.66000366210938,71.2300033569336,66.90087890625,12337800
2024-09-13,70.83999633789062,71.47000122070312,70.4800033569336,71.41000366210938,67.52973937988281,11073800
2024-09-16,71.7699966430664,72.23999786376953,71.62000274658203,72.0999984741211,68.18224334716797,10786500
2024-09-17,71.9000015258789,72.3499984741211,71.72000122070312,71.80000305175781,67.8985366821289,12974400
2024-09-18,71.88999938964844,72.37999725341797,71.2699966430664,71.75,67.85125732421875,10719700
2024-09-19,71.55999755859375,71.94000244140625,70.5999984741211,70.62000274658203,66.78266906738281,13635600
2024-09-20,70.41000366210938,71.80000305175781,70.37999725341797,71.63999938964844,67.74723052978516,48578500
2024-09-23,71.55000305175781,72.19999694824219,71.18000030517578,71.7300033569336,67.83235168457031,11613000
2024-09-24,71.22000122070312,71.81999969482422,70.5999984741211,71.33000183105469,67.4540786743164,13330600
2024-09-25,71.70999908447266,71.91999816894531,71.30999755859375,71.44999694824219,67.56756591796875,12329100
2024-09-26,70.86000061035156,71.61000061035156,70.83999633789062,71.4000015258789,67.5202865600586,10815200
2024-09-27,71.54000091552734,72.19999694824219,71.45999908447266,71.79000091552734,67.88909149169922,11175700
2024-09-30,72.0,72.19999694824219,71.69000244140625,71.86000061035156,67.95528411865234,18015300
2024-10-01,72.0999984741211,72.75,71.62999725341797,71.70999908447266,67.81343841552734,13294500
2024-10-02,71.38999938964844,71.43000030517578,70.41000366210938,71.01000213623047,67.1514663696289,11155500
2024-10-03,70.86000061035156,70.98999786376953,70.19999694824219,70.5199966430664,66.68809509277344,9374800
2024-10-04,69.95999908447266,70.27999877929688,69.72000122070312,70.16999816894531,66.35710906982422,12684800
2024-10-07,70.05000305175781,70.0999984741211,68.87000274658203,69.01000213623047,65.2601547241211,14512000
2024-10-08,69.04000091552734,69.44000244140625,68.86000061035156,69.18000030517578,65.42091369628906,13549700
2024-10-09,69.19000244140625,69.73999786376953,69.06999969482422,69.56999969482422,65.78971099853516,9037700
2024-10-10,69.83000183105469,69.91000366210938,68.98999786376953,69.25,65.48711395263672,8635200
2024-10-11,69.45999908447266,69.58999633789062,69.0,69.56999969482422,65.78971099853516,8786300
2024-10-14,69.56999969482422,70.47000122070312,69.47000122070312,70.33999633789062,66.51787567138672,7659300
2024-10-15,70.45999908447266,71.20999908447266,70.16000366210938,70.33999633789062,66.51787567138672,10358700
2024-10-16,70.08999633789062,70.69999694824219,69.97000122070312,70.56999969482422,66.73538208007812,7937300
2024-10-17,70.62999725341797,70.69000244140625,69.58000183105469,69.9000015258789,66.1017837524414,14674600
2024-10-18,69.87000274658203,70.55000305175781,69.61000061035156,70.44000244140625,66.6124496459961,15087500
2024-10-21,70.0,70.33000183105469,69.30999755859375,69.44999694824219,65.67623138427734,11981200
2024-10-22,69.0,69.75,68.68000030517578,69.44999694824219,65.67623138427734,18603300
2024-10-23,66.98999786376953,68.69999694824219,66.58000183105469,68.01000213623047,64.31449127197266,24655200
2024-10-24,67.6500015258789,68.04000091552734,66.94999694824219,67.30000305175781,63.643070220947266,17568800
2024-10-25,67.06999969482422,67.69999694824219,66.79000091552734,66.91999816894531,63.28371810913086,11138100
2024-10-28,66.95999908447266,67.4000015258789,66.5999984741211,66.66999816894531,63.04729461669922,10761400
2024-10-29,66.29000091552734,66.33999633789062,65.5199966430664,65.55999755859375,61.99761199951172,16525900
2024-10-30,65.51000213623047,66.54000091552734,65.31999969482422,65.91999816894531,62.33804702758789,14177800
2024-10-31,65.80999755859375,65.98999786376953,65.26000213623047,65.30999755859375,61.761192321777344,13383700
2024-11-01,65.47000122070312,65.66000366210938,64.88999938964844,65.01000213623047,61.47750473022461,12163100
2024-11-04,65.08000183105469,65.41999816894531,64.6500015258789,65.11000061035156,61.57206344604492,10984500
2024-11-05,64.63999938964844,65.47000122070312,64.63999938964844,65.37000274658203,61.81793975830078,8780200
2024-11-06,64.41999816894531,64.86000061035156,63.18000030517578,63.70000076293945,60.238685607910156,22899300
2024-11-07,64.29000091552734,64.38999938964844,63.599998474121094,63.65999984741211,60.20085525512695,14856100
2024-11-08,63.90999984741211,64.23999786376953,63.7400016784668,63.91999816894531,60.446720123291016,14719300
2024-11-11,63.9900016784668,64.12000274658203,63.25,63.36000061035156,59.91716003417969,13980900
2024-11-12,63.68000030517578,63.75,63.119998931884766,63.20000076293945,59.76585006713867,15021000
2024-11-13,63.04999923706055,63.2599983215332,62.4900016784668,63.0,59.576717376708984,13177600
2024-11-14,63.11000061035156,63.11000061035156,62.43000030517578,62.54999923706055,59.15116882324219,15910800
2024-11-15,62.4900016784668,62.630001068115234,61.38999938964844,61.7400016784668,58.385189056396484,26284300
2024-11-18,61.849998474121094,62.13999938964844,61.560001373291016,61.86000061035156,58.498661041259766,16062100
2024-11-19,61.900001525878906,62.619998931884766,61.630001068115234,62.59000015258789,59.18899154663086,16254800
2024-11-20,62.70000076293945,63.0099983215332,62.02000045776367,62.9900016784668,59.5672607421875,18904900
2024-11-21,63.150001525878906,63.810001373291016,62.95000076293945,63.7599983215332,60.29542541503906,17292300
2024-11-22,64.23999786376953,64.4800033569336,63.650001525878906,63.91999816894531,60.446720123291016,19562200
2024-11-25,64.31999969482422,64.70999908447266,63.84000015258789,64.37999725341797,60.88172912597656,36805300
2024-11-26,64.30999755859375,64.63999938964844,64.05999755859375,64.55000305175781,61.04249954223633,14473300
2024-11-27,64.95999908447266,65.0999984741211,64.25,64.43000030517578,60.92901611328125,13263400
2024-11-29,64.0199966430664,64.25,63.77000045776367,64.08000183105469,61.05765151977539,10648400
2024-12-02,64.05000305175781,64.19000244140625,63.349998474121094,63.650001525878906,60.64793395996094,16500100
2024-12-03,63.720001220703125,64.08000183105469,63.029998779296875,63.52000045776367,60.5240592956543,24874500
2024-12-04,63.279998779296875,63.349998474121094,61.900001525878906,62.209999084472656,59.275840759277344,28137700
2024-12-05,62.470001220703125,63.119998931884766,62.099998474121094,62.91999816894531,59.952354431152344,21040400
2024-12-06,62.83000183105469,63.36000061035156,62.5099983215332,62.529998779296875,59.580753326416016,15581100
2024-12-09,62.689998626708984,62.93000030517578,61.900001525878906,62.599998474121094,59.6474494934082,22348300
2024-12-10,62.70000076293945,63.040000915527344,61.790000915527344,62.90999984741211,59.94282913208008,14949400
2024-12-11,63.0,63.630001068115234,62.400001525878906,62.63999938964844,59.68556594848633,32819000
2024-12-12,63.54999923706055,63.91999816894531,63.220001220703125,63.84000015258789,60.82896423339844,17542100
2024-12-13,63.56999969482422,63.84000015258789,63.11000061035156,63.119998931884766,60.142921447753906,13429000
2024-12-16,63.22999954223633,63.86000061035156,62.349998474121094,62.54999923706055,59.59980773925781,24559700
2024-12-17,62.45000076293945,63.54999923706055,62.31999969482422,63.400001525878906,60.40971755981445,21902400
2024-12-18,62.810001373291016,63.63999938964844,62.790000915527344,62.849998474121094,59.88566207885742,20946100
2024-12-19,62.70000076293945,63.16999816894531,62.400001525878906,62.45000076293945,59.5045280456543,21300600
2024-12-20,62.470001220703125,63.060001373291016,62.279998779296875,62.54999923706055,59.59980773925781,42458100
2024-12-23,62.5,62.7599983215332,61.529998779296875,62.380001068115234,59.43783187866211,13010800
2024-12-24,62.20000076293945,62.84000015258789,62.0099983215332,62.84000015258789,59.87614059448242,5019100
2024-12-26,62.619998931884766,62.7400016784668,62.400001525878906,62.56999969482422,59.618865966796875,7943800
2024-12-27,62.45000076293945,62.95000076293945,62.209999084472656,62.45000076293945,59.5045280456543,8542800
2024-12-30,62.34000015258789,62.34000015258789,61.68000030517578,62.029998779296875,59.10433578491211,8972200
2024-12-31,62.02000045776367,62.43000030517578,61.79999923706055,62.2599983215332,59.323486328125,9256700
2025-01-02,62.349998474121094,62.75,61.619998931884766,61.84000015258789,58.92329406738281,12991000
2025-01-03,61.900001525878906,62.08000183105469,61.619998931884766,61.75,58.83753967285156,10403200
2025-01-06,61.5,61.56999969482422,60.65999984741211,60.810001373291016,57.94187927246094,17924200
2025-01-07,61.11000061035156,61.720001220703125,60.619998931884766,60.84000015258789,57.970462799072266,17799600
2025-01-08,60.9900016784668,61.77000045776367,60.93000030517578,61.709999084472656,58.799434661865234,14412400
2025-01-10,61.58000183105469,61.650001525878906,60.72999954223633,61.06999969482422,58.18960952758789,22425000
2025-01-13,61.130001068115234,61.849998474121094,60.709999084472656,61.650001525878906,58.74225616455078,18016200
2025-01-14,61.65999984741211,62.06999969482422,61.29999923706055,62.040000915527344,59.113868713378906,16658300
2025-01-15,62.33000183105469,62.619998931884766,61.68000030517578,61.77000045776367,58.85660171508789,16187200
2025-01-16,61.41999816894531,62.29999923706055,61.31999969482422,62.25,59.3139533996582,12585500
2025-01-17,62.310001373291016,62.77000045776367,62.16999816894531,62.709999084472656,59.75225830078125,17948900
2025-01-21,62.900001525878906,63.22999954223633,62.29999923706055,62.41999816894531,59.4759407043457,19817100
2025-01-22,62.119998931884766,62.290000915527344,61.65999984741211,61.779998779296875,58.866127014160156,18191900
