Date,Open,High,Low,Close,Adj Close,Volume
2013-01-02,36.9900016784668,37.599998474121094,36.65999984741211,37.599998474121094,24.602811813354492,21872400
2013-01-03,37.45000076293945,37.599998474121094,37.11000061035156,37.599998474121094,24.602811813354492,16357900
2013-01-04,37.650001525878906,37.869998931884766,37.52000045776367,37.65999984741211,24.642072677612305,15311300
2013-01-07,37.52000045776367,37.52000045776367,37.099998474121094,37.29999923706055,24.406511306762695,14610200
2013-01-08,37.189998626708984,37.279998779296875,36.90999984741211,37.040000915527344,24.23638916015625,14324300
2013-01-09,37.20000076293945,37.20000076293945,36.83000183105469,37.029998779296875,24.229839324951172,10563700
2013-01-10,37.119998931884766,37.16999816894531,36.7599983215332,36.959999084472656,24.18405532836914,15603700
2013-01-11,36.84000015258789,36.939998626708984,36.52000045776367,36.90999984741211,24.151334762573242,15644800
2013-01-14,36.95000076293945,37.11000061035156,36.79999923706055,36.9900016784668,24.20367431640625,11001500
2013-01-15,36.9900016784668,37.43000030517578,36.79999923706055,37.31999969482422,24.419593811035156,12721600
2013-01-16,37.209999084472656,37.41999816894531,37.119998931884766,37.31999969482422,24.419593811035156,9168000
2013-01-17,37.43000030517578,37.65999984741211,37.33000183105469,37.5099983215332,24.543928146362305,12121800
2013-01-18,37.4900016784668,37.709999084472656,37.310001373291016,37.70000076293945,24.668249130249023,14056100
2013-01-22,37.7400016784668,37.7400016784668,37.04999923706055,37.130001068115234,24.2952823638916,21249400
2013-01-23,37.08000183105469,37.2599983215332,37.040000915527344,37.130001068115234,24.2952823638916,13570200
2013-01-24,37.20000076293945,37.25,37.0,37.11000061035156,24.28219223022461,13258900
2013-01-25,37.18000030517578,37.25,36.90999984741211,37.04999923706055,24.24293327331543,14040700
2013-01-28,37.06999969482422,37.11000061035156,36.86000061035156,37.0099983215332,24.21675682067871,13386500
2013-01-29,36.880001068115234,37.56999969482422,36.86000061035156,37.41999816894531,24.48503303527832,17705800
2013-01-30,37.400001525878906,37.61000061035156,37.31999969482422,37.5,24.537376403808594,13219400
2013-01-31,37.529998779296875,37.529998779296875,37.11000061035156,37.2400016784668,24.367252349853516,12969100
2013-02-01,37.540000915527344,37.709999084472656,37.369998931884766,37.540000915527344,24.56355094909668,11932600
2013-02-04,37.47999954223633,37.58000183105469,37.29999923706055,37.349998474121094,24.439239501953125,9456300
2013-02-05,37.560001373291016,38.15999984741211,37.560001373291016,38.13999938964844,24.956159591674805,17897300
2013-02-06,38.130001068115234,38.43000030517578,38.0,38.310001373291016,25.067392349243164,16823700
2013-02-07,38.41999816894531,39.060001373291016,38.349998474121094,38.90999984741211,25.459993362426758,18805300
2013-02-08,38.849998474121094,38.939998626708984,38.599998474121094,38.77000045776367,25.368377685546875,12308000
2013-02-11,38.709999084472656,38.83000183105469,38.40999984741211,38.61000061035156,25.263683319091797,12159900
2013-02-12,38.11000061035156,38.15999984741211,37.279998779296875,37.560001373291016,24.57664680480957,30700500
2013-02-13,37.66999816894531,37.939998626708984,37.0099983215332,37.209999084472656,24.347625732421875,19943800
2013-02-14,37.2400016784668,37.5099983215332,36.70000076293945,36.84000015258789,24.105525970458984,22748600
2013-02-15,36.939998626708984,37.41999816894531,36.540000915527344,37.41999816894531,24.48503303527832,25204300
2013-02-19,37.5099983215332,37.77000045776367,37.459999084472656,37.66999816894531,24.648618698120117,14850600
2013-02-20,37.70000076293945,37.880001068115234,37.40999984741211,37.72999954223633,24.68787956237793,12949300
2013-02-21,37.619998931884766,37.790000915527344,37.43000030517578,37.709999084472656,24.674787521362305,14135100
2013-02-22,37.7599983215332,38.52000045776367,37.709999084472656,38.52000045776367,25.204790115356445,20102800
2013-02-25,38.560001373291016,38.720001220703125,37.720001220703125,37.720001220703125,24.68133544921875,15874600
2013-02-26,37.95000076293945,38.189998626708984,37.779998779296875,38.11000061035156,24.9365177154541,15770000
2013-02-27,38.029998779296875,38.540000915527344,37.91999816894531,38.45000076293945,25.158992767333984,14271100
2013-02-28,38.470001220703125,38.970001220703125,38.41999816894531,38.720001220703125,25.33565902709961,19005500
2013-03-01,38.4900016784668,38.790000915527344,38.4900016784668,38.70000076293945,25.32258415222168,13724500
2013-03-04,38.599998474121094,38.81999969482422,38.45000076293945,38.81999969482422,25.401086807250977,9934300
2013-03-05,38.97999954223633,39.0,38.560001373291016,38.68000030517578,25.309484481811523,13240700
2013-03-06,38.79999923706055,39.040000915527344,38.70000076293945,39.02000045776367,25.53196144104004,11653900
2013-03-07,39.040000915527344,39.189998626708984,38.84000015258789,39.119998931884766,25.59739112854004,15094900
2013-03-08,39.16999816894531,39.41999816894531,39.029998779296875,39.220001220703125,25.662826538085938,11183600
2013-03-11,39.20000076293945,39.380001068115234,39.18000030517578,39.310001373291016,25.721708297729492,9200400
2013-03-12,39.279998779296875,39.310001373291016,38.79999923706055,38.959999084472656,25.49270248413086,11375900
2013-03-13,38.81999969482422,38.869998931884766,38.54999923706055,38.59000015258789,25.433391571044922,14358300
2013-03-14,38.81999969482422,39.119998931884766,38.65999984741211,39.02000045776367,25.71678352355957,14572500
2013-03-15,38.81999969482422,38.939998626708984,38.65999984741211,38.83000183105469,25.591569900512695,20781900
2013-03-18,38.61000061035156,38.939998626708984,38.56999969482422,38.7599983215332,25.545425415039062,11479900
2013-03-19,38.91999816894531,39.400001525878906,38.81999969482422,39.33000183105469,25.921092987060547,15192000
2013-03-20,39.400001525878906,39.91999816894531,39.36000061035156,39.869998931884766,26.27699851989746,19271900
2013-03-21,39.849998474121094,40.43000030517578,39.7599983215332,40.06999969482422,26.4088077545166,23063600
2013-03-22,39.97999954223633,40.279998779296875,39.88999938964844,40.040000915527344,26.38902473449707,16128500
2013-03-25,40.11000061035156,40.25,39.959999084472656,40.119998931884766,26.441761016845703,15718400
2013-03-26,40.130001068115234,40.70000076293945,40.130001068115234,40.689998626708984,26.81743049621582,13666500
2013-03-27,40.45000076293945,40.540000915527344,40.060001373291016,40.220001220703125,26.50766944885254,14559900
2013-03-28,40.380001068115234,40.599998474121094,40.02000045776367,40.439998626708984,26.65266227722168,14227200
2013-04-01,40.38999938964844,40.4900016784668,40.16999816894531,40.45000076293945,26.65924835205078,8200500
2013-04-02,40.43000030517578,40.900001525878906,40.41999816894531,40.720001220703125,26.837200164794922,13359200
2013-04-03,40.779998779296875,40.81999969482422,40.08000183105469,40.16999816894531,26.474706649780273,13639200
2013-04-04,40.27000045776367,40.59000015258789,40.20000076293945,40.540000915527344,26.71857261657715,11435900
2013-04-05,40.209999084472656,40.36000061035156,40.0099983215332,40.08000183105469,26.415401458740234,10729500
2013-04-08,40.060001373291016,40.869998931884766,39.77000045776367,40.86000061035156,26.929473876953125,22757900
2013-04-09,40.810001373291016,41.130001068115234,40.5099983215332,40.709999084472656,26.830608367919922,21056100
2013-04-10,40.779998779296875,41.16999816894531,40.709999084472656,41.06999969482422,27.067882537841797,9703700
2013-04-11,41.130001068115234,41.40999984741211,41.060001373291016,41.18000030517578,27.140363693237305,10962500
2013-04-12,40.90999984741211,41.11000061035156,40.68000030517578,41.08000183105469,27.0744686126709,10394700
2013-04-15,40.849998474121094,40.9900016784668,40.04999923706055,40.09000015258789,26.421981811523438,16050600
2013-04-16,41.400001525878906,42.47999954223633,41.25,42.369998931884766,27.924652099609375,32135700
2013-04-17,42.13999938964844,42.70000076293945,42.029998779296875,42.54999923706055,28.043291091918945,24208000
2013-04-18,42.47999954223633,42.650001525878906,42.09000015258789,42.099998474121094,27.746707916259766,16034200
2013-04-19,42.279998779296875,42.77000045776367,42.20000076293945,42.65999984741211,28.115787506103516,13875800
2013-04-22,42.52000045776367,42.849998474121094,42.400001525878906,42.720001220703125,28.15532684326172,10544100
2013-04-23,42.779998779296875,42.959999084472656,42.2599983215332,42.70000076293945,28.142148971557617,11216200
2013-04-24,42.63999938964844,42.900001525878906,42.099998474121094,42.150001525878906,27.779664993286133,11368200
2013-04-25,42.2599983215332,42.540000915527344,42.08000183105469,42.349998474121094,27.91147232055664,10197100
2013-04-26,42.18000030517578,42.43000030517578,42.09000015258789,42.099998474121094,27.746707916259766,15159800
2013-04-29,42.2400016784668,42.290000915527344,41.91999816894531,42.2400016784668,27.838977813720703,11311100
2013-04-30,42.150001525878906,42.38999938964844,41.880001068115234,42.33000183105469,27.898305892944336,13432200
2013-05-01,42.150001525878906,42.560001373291016,42.13999938964844,42.209999084472656,27.819196701049805,8710600
2013-05-02,41.65999984741211,42.15999984741211,41.4900016784668,41.959999084472656,27.654438018798828,18709600
2013-05-03,42.16999816894531,42.41999816894531,41.959999084472656,42.2400016784668,27.838977813720703,11757800
2013-05-06,42.290000915527344,42.290000915527344,41.869998931884766,42.08000183105469,27.733531951904297,9356100
2013-05-07,42.209999084472656,42.709999084472656,42.150001525878906,42.70000076293945,28.142148971557617,13785300
2013-05-08,42.540000915527344,42.68000030517578,42.15999984741211,42.459999084472656,27.983976364135742,12636300
2013-05-09,42.5099983215332,42.560001373291016,42.0,42.119998931884766,27.759885787963867,10113700
2013-05-10,42.11000061035156,42.2400016784668,41.849998474121094,42.150001525878906,27.779664993286133,9927000
2013-05-13,42.13999938964844,42.439998626708984,42.0,42.189998626708984,27.806020736694336,9291000
2013-05-14,42.18000030517578,42.66999816894531,42.0099983215332,42.52000045776367,28.02351951599121,13023900
2013-05-15,42.5,43.099998474121094,42.38999938964844,42.91999816894531,28.28714942932129,12306200
2013-05-16,42.90999984741211,43.43000030517578,42.790000915527344,43.09000015258789,28.399192810058594,12330000
2013-05-17,43.04999923706055,43.130001068115234,42.560001373291016,42.970001220703125,28.320100784301758,12611200
2013-05-20,42.95000076293945,42.95000076293945,42.29999923706055,42.380001068115234,27.931249618530273,9966000
2013-05-21,42.47999954223633,42.560001373291016,42.06999969482422,42.34000015258789,27.90489387512207,9148800
2013-05-22,42.279998779296875,42.86000061035156,42.040000915527344,42.25,27.845571517944336,13615600
2013-05-23,41.93000030517578,42.06999969482422,41.560001373291016,41.93000030517578,27.634675979614258,10934200
2013-05-24,41.540000915527344,42.369998931884766,41.5,42.2400016784668,27.838977813720703,11542100
2013-05-28,42.599998474121094,43.04999923706055,42.400001525878906,42.54999923706055,28.043291091918945,14412100
2013-05-29,42.34000015258789,42.43000030517578,41.310001373291016,41.400001525878906,27.28536033630371,16986600
2013-05-30,41.4900016784668,41.599998474121094,40.75,40.77000045776367,26.870159149169922,20874500
2013-05-31,40.650001525878906,40.77000045776367,39.9900016784668,39.9900016784668,26.356075286865234,26184400
2013-06-03,39.95000076293945,40.84000015258789,39.630001068115234,40.810001373291016,26.896512985229492,16577200
2013-06-04,41.59000015258789,41.720001220703125,40.95000076293945,41.41999816894531,27.298545837402344,19241000
2013-06-05,41.400001525878906,41.400001525878906,40.599998474121094,40.650001525878906,26.791074752807617,16429300
2013-06-06,40.54999923706055,40.790000915527344,40.310001373291016,40.790000915527344,26.88334846496582,11171600
2013-06-07,41.20000076293945,41.72999954223633,40.97999954223633,41.40999984741211,27.291954040527344,14459600
2013-06-10,41.5,41.52000045776367,41.040000915527344,41.18000030517578,27.140363693237305,11247400
2013-06-11,40.880001068115234,40.97999954223633,40.400001525878906,40.790000915527344,26.88334846496582,16491600
2013-06-12,40.790000915527344,40.939998626708984,40.279998779296875,40.38999938964844,26.803695678710938,11611100
2013-06-13,40.310001373291016,40.47999954223633,39.68000030517578,40.40999984741211,26.816974639892578,17861200
2013-06-14,40.380001068115234,40.790000915527344,40.2599983215332,40.34000015258789,26.7705135345459,13635100
2013-06-17,40.540000915527344,40.90999984741211,40.400001525878906,40.68000030517578,26.99614143371582,12409200
2013-06-18,40.70000076293945,40.9900016784668,40.56999969482422,40.93000030517578,27.162052154541016,9893100
2013-06-19,41.0099983215332,41.439998626708984,40.40999984741211,40.40999984741211,26.816974639892578,16936100
2013-06-20,40.27000045776367,40.349998474121094,38.970001220703125,39.130001068115234,25.96753692626953,24899700
2013-06-21,39.630001068115234,39.970001220703125,39.29999923706055,39.7599983215332,26.3856258392334,21938300
2013-06-24,39.45000076293945,40.0099983215332,39.130001068115234,39.529998779296875,26.23297882080078,16433700
2013-06-25,39.81999969482422,39.93000030517578,39.439998626708984,39.720001220703125,26.359073638916016,12942100
2013-06-26,40.08000183105469,40.47999954223633,40.060001373291016,40.33000183105469,26.763887405395508,13855600
2013-06-27,40.650001525878906,40.880001068115234,40.2400016784668,40.2599983215332,26.717426300048828,11459100
2013-06-28,40.25,40.439998626708984,40.099998474121094,40.11000061035156,26.61787986755371,16316000
2013-07-01,40.5,40.91999816894531,40.36000061035156,40.459999084472656,26.85014533996582,10754300
2013-07-02,40.470001220703125,40.7400016784668,40.18000030517578,40.369998931884766,26.790424346923828,12248300
2013-07-03,40.2400016784668,40.560001373291016,40.029998779296875,40.4900016784668,26.870058059692383,5264800
2013-07-05,40.720001220703125,40.79999923706055,40.150001525878906,40.52000045776367,26.889970779418945,10402200
2013-07-08,40.650001525878906,40.7599983215332,40.41999816894531,40.540000915527344,26.903247833251953,9936300
2013-07-09,40.86000061035156,41.06999969482422,40.720001220703125,40.83000183105469,27.09568977355957,8760500
2013-07-10,40.91999816894531,40.959999084472656,40.529998779296875,40.68000030517578,26.99614143371582,9539300
2013-07-11,41.0,41.150001525878906,40.7400016784668,41.029998779296875,27.22841453552246,13489600
2013-07-12,41.029998779296875,41.130001068115234,40.72999954223633,41.029998779296875,27.22841453552246,10686400
2013-07-15,41.04999923706055,41.25,40.93000030517578,41.0099983215332,27.21514320373535,11418400
2013-07-16,39.779998779296875,40.5,39.5,40.22999954223633,26.69751739501953,33575600
2013-07-17,40.54999923706055,40.97999954223633,40.310001373291016,40.84000015258789,27.102327346801758,18513100
2013-07-18,40.86000061035156,41.06999969482422,40.7400016784668,40.810001373291016,27.082414627075195,9708800
2013-07-19,40.880001068115234,41.099998474121094,40.790000915527344,41.09000015258789,27.268232345581055,11401100
2013-07-22,41.08000183105469,41.13999938964844,40.7599983215332,40.84000015258789,27.102327346801758,9425100
2013-07-23,40.95000076293945,41.130001068115234,40.790000915527344,40.959999084472656,27.181957244873047,9400900
2013-07-24,41.119998931884766,41.130001068115234,40.75,40.86000061035156,27.115602493286133,10511000
2013-07-25,40.810001373291016,40.880001068115234,40.47999954223633,40.84000015258789,27.102327346801758,9147300
2013-07-26,40.650001525878906,40.650001525878906,40.0099983215332,40.63999938964844,26.969594955444336,12279600
2013-07-29,40.61000061035156,40.68000030517578,40.2599983215332,40.279998779296875,26.7307071685791,10132000
2013-07-30,40.41999816894531,40.72999954223633,40.25,40.31999969482422,26.757247924804688,10769400
2013-07-31,40.40999984741211,40.58000183105469,40.060001373291016,40.08000183105469,26.597980499267578,13557100
2013-08-01,40.400001525878906,40.75,40.400001525878906,40.56999969482422,26.923158645629883,12001100
2013-08-02,40.029998779296875,40.40999984741211,39.90999984741211,40.220001220703125,26.690885543823242,25516600
2013-08-05,40.18000030517578,40.470001220703125,40.18000030517578,40.290000915527344,26.73733139038086,9933200
2013-08-06,40.22999954223633,40.43000030517578,40.060001373291016,40.369998931884766,26.790424346923828,8645600
2013-08-07,40.310001373291016,40.33000183105469,40.060001373291016,40.150001525878906,26.644432067871094,9301800
2013-08-08,40.29999923706055,40.36000061035156,40.02000045776367,40.20000076293945,26.6776065826416,9481100
2013-08-09,40.25,40.31999969482422,40.04999923706055,40.15999984741211,26.651065826416016,9021600
2013-08-12,40.040000915527344,40.099998474121094,39.709999084472656,39.83000183105469,26.432071685791016,13970000
2013-08-13,39.93000030517578,40.04999923706055,39.5,39.650001525878906,26.312620162963867,13548700
2013-08-14,39.59000015258789,39.68000030517578,39.349998474121094,39.529998779296875,26.23297882080078,13787100
2013-08-15,39.29999923706055,39.400001525878906,39.02000045776367,39.09000015258789,25.940982818603516,14227800
2013-08-16,39.029998779296875,39.18000030517578,38.709999084472656,39.04999923706055,25.91444206237793,20565200
2013-08-19,39.04999923706055,39.09000015258789,38.689998626708984,38.779998779296875,25.735271453857422,11913000
2013-08-20,38.849998474121094,39.13999938964844,38.650001525878906,38.650001525878906,25.649002075195312,10238200
2013-08-21,38.630001068115234,38.70000076293945,38.25,38.279998779296875,25.40345001220703,15799000
2013-08-22,38.31999969482422,38.52000045776367,38.099998474121094,38.310001373291016,25.423364639282227,10307900
2013-08-23,38.61000061035156,38.61000061035156,38.369998931884766,38.52000045776367,25.562719345092773,11302800
2013-08-26,38.599998474121094,38.599998474121094,38.11000061035156,38.119998931884766,25.297279357910156,12740600
2013-08-27,37.97999954223633,38.2400016784668,37.79999923706055,38.150001525878906,25.317184448242188,16742500
2013-08-28,38.060001373291016,38.529998779296875,38.04999923706055,38.349998474121094,25.449913024902344,19245200
2013-08-29,38.470001220703125,38.470001220703125,38.099998474121094,38.099998474121094,25.284008026123047,14215700
2013-08-30,38.15999984741211,38.279998779296875,38.0,38.18000030517578,25.337095260620117,14296600
2013-09-03,38.27000045776367,38.400001525878906,37.79999923706055,37.900001525878906,25.151275634765625,19068500
2013-09-04,37.880001068115234,38.72999954223633,37.810001373291016,38.540000915527344,25.575998306274414,19138600
2013-09-05,38.630001068115234,38.689998626708984,38.060001373291016,38.2400016784668,25.37691307067871,14290500
2013-09-06,38.380001068115234,38.619998931884766,38.099998474121094,38.349998474121094,25.449913024902344,13976900
2013-09-09,38.52000045776367,38.54999923706055,38.27000045776367,38.52000045776367,25.562719345092773,10605500
2013-09-10,38.77000045776367,38.779998779296875,38.5099983215332,38.630001068115234,25.635723114013672,11757300
2013-09-11,38.68000030517578,38.779998779296875,38.529998779296875,38.779998779296875,25.735271453857422,11996500
2013-09-12,38.59000015258789,38.61000061035156,38.279998779296875,38.439998626708984,25.69515609741211,12114100
2013-09-13,38.560001373291016,38.7400016784668,38.41999816894531,38.689998626708984,25.86227035522461,11623600
2013-09-16,39.029998779296875,39.20000076293945,38.7400016784668,38.86000061035156,25.975900650024414,13351500
2013-09-17,38.810001373291016,39.09000015258789,38.790000915527344,38.790000915527344,25.929121017456055,12881700
2013-09-18,38.810001373291016,39.599998474121094,38.58000183105469,39.59000015258789,26.463886260986328,18030500
2013-09-19,39.63999938964844,39.66999816894531,39.150001525878906,39.310001373291016,26.276714324951172,14251700
2013-09-20,39.33000183105469,39.400001525878906,38.779998779296875,39.400001525878906,26.336870193481445,30675300
2013-09-23,39.15999984741211,39.189998626708984,38.439998626708984,38.630001068115234,25.822168350219727,19016200
2013-09-24,38.720001220703125,38.869998931884766,38.52000045776367,38.529998779296875,25.755325317382812,15083300
2013-09-25,38.650001525878906,38.68000030517578,38.29999923706055,38.33000183105469,25.621625900268555,11446100
2013-09-26,38.4900016784668,38.7400016784668,38.38999938964844,38.7400016784668,25.895692825317383,10941100
2013-09-27,38.56999969482422,38.58000183105469,38.150001525878906,38.400001525878906,25.668420791625977,12609600
2013-09-30,38.189998626708984,38.29999923706055,37.75,37.880001068115234,25.320837020874023,18101500
2013-10-01,38.0,38.09000015258789,37.619998931884766,37.95000076293945,25.367610931396484,13196000
2013-10-02,37.810001373291016,37.810001373291016,37.209999084472656,37.43000030517578,25.020017623901367,25664200
2013-10-03,37.459999084472656,37.459999084472656,37.130001068115234,37.15999984741211,24.839548110961914,14437900
2013-10-04,37.25,37.27000045776367,36.90999984741211,37.20000076293945,24.866287231445312,17217500
2013-10-07,37.08000183105469,37.380001068115234,36.83000183105469,37.04999923706055,24.76600456237793,16708600
2013-10-08,37.099998474121094,37.40999984741211,36.900001525878906,37.279998779296875,24.919763565063477,20471300
2013-10-09,37.380001068115234,37.41999816894531,37.0099983215332,37.08000183105469,24.786067962646484,18998900
2013-10-10,37.77000045776367,37.86000061035156,37.45000076293945,37.779998779296875,25.253982543945312,17174400
2013-10-11,37.91999816894531,37.91999816894531,37.52000045776367,37.77000045776367,25.247304916381836,14266900
2013-10-14,37.560001373291016,37.95000076293945,37.5099983215332,37.90999984741211,25.340883255004883,14202900
2013-10-15,38.18000030517578,38.369998931884766,37.599998474121094,37.65999984741211,25.17377471923828,21676600
2013-10-16,38.0099983215332,38.2400016784668,37.779998779296875,38.0,25.401044845581055,17995100
2013-10-17,38.060001373291016,38.560001373291016,38.0099983215332,38.54999923706055,25.768678665161133,15900200
2013-10-18,38.58000183105469,38.779998779296875,38.41999816894531,38.779998779296875,25.922426223754883,18896600
2013-10-21,38.95000076293945,38.95000076293945,38.599998474121094,38.81999969482422,25.949167251586914,12977500
2013-10-22,38.86000061035156,39.25,38.689998626708984,39.09000015258789,26.129640579223633,17110200
2013-10-23,39.08000183105469,39.25,38.79999923706055,39.09000015258789,26.129640579223633,12591800
2013-10-24,39.150001525878906,39.369998931884766,38.7599983215332,38.79999923706055,25.93579864501953,17143800
2013-10-25,38.84000015258789,39.130001068115234,38.630001068115234,39.029998779296875,26.089540481567383,14383400
2013-10-28,39.02000045776367,39.7400016784668,38.9900016784668,39.61000061035156,26.47724723815918,16552100
2013-10-29,39.56999969482422,39.959999084472656,39.349998474121094,39.79999923706055,26.604246139526367,14199600
2013-10-30,39.880001068115234,39.88999938964844,39.5099983215332,39.619998931884766,26.483930587768555,12360000
2013-10-31,39.5099983215332,39.86000061035156,39.5099983215332,39.56999969482422,26.450511932373047,14853500
2013-11-01,39.56999969482422,39.720001220703125,39.33000183105469,39.61000061035156,26.47724723815918,12430400
2013-11-04,39.709999084472656,39.810001373291016,39.29999923706055,39.5099983215332,26.410398483276367,10252100
2013-11-05,39.36000061035156,39.63999938964844,39.220001220703125,39.5,26.403722763061523,10575000
2013-11-06,39.619998931884766,40.220001220703125,39.41999816894531,40.04999923706055,26.7713565826416,17198000
2013-11-07,40.08000183105469,40.25,39.7599983215332,39.83000183105469,26.624303817749023,16233200
2013-11-08,39.7400016784668,40.04999923706055,39.4900016784668,40.04999923706055,26.7713565826416,11903600
2013-11-11,40.0099983215332,40.04999923706055,39.77000045776367,39.869998931884766,26.651044845581055,9567800
2013-11-12,39.90999984741211,39.9900016784668,39.619998931884766,39.880001068115234,26.6577205657959,10509200
2013-11-13,39.81999969482422,40.119998931884766,39.650001525878906,40.119998931884766,26.818157196044922,11770500
2013-11-14,40.09000015258789,40.439998626708984,40.029998779296875,40.209999084472656,26.878305435180664,10887200
2013-11-15,40.15999984741211,40.31999969482422,39.959999084472656,40.220001220703125,26.884994506835938,12021500
2013-11-18,40.2400016784668,40.2400016784668,40.0,40.16999816894531,26.851572036743164,9553900
2013-11-19,40.13999938964844,40.22999954223633,39.91999816894531,40.13999938964844,26.831527709960938,11014800
2013-11-20,40.04999923706055,40.45000076293945,39.939998626708984,40.060001373291016,26.778051376342773,14422500
2013-11-21,40.20000076293945,40.4900016784668,40.099998474121094,40.43000030517578,27.025375366210938,26364300
2013-11-22,40.34000015258789,40.459999084472656,40.09000015258789,40.43000030517578,27.025375366210938,26396500
2013-11-25,40.47999954223633,40.880001068115234,40.33000183105469,40.369998931884766,26.985254287719727,14059100
2013-11-26,40.4900016784668,40.599998474121094,40.2400016784668,40.25,26.905054092407227,14240400
2013-11-27,40.09000015258789,40.380001068115234,39.689998626708984,40.189998626708984,27.053131103515625,9909100
2013-11-29,40.27000045776367,40.47999954223633,40.11000061035156,40.189998626708984,27.053131103515625,8641100
2013-12-02,40.099998474121094,40.20000076293945,39.75,40.08000183105469,26.979093551635742,16738800
2013-12-03,40.04999923706055,40.38999938964844,40.0099983215332,40.349998474121094,27.160837173461914,16592300
2013-12-04,40.20000076293945,40.470001220703125,39.939998626708984,40.369998931884766,27.174291610717773,13196100
2013-12-05,40.279998779296875,40.400001525878906,39.79999923706055,39.83000183105469,26.810815811157227,18171200
2013-12-06,40.04999923706055,40.5,40.04999923706055,40.459999084472656,27.234886169433594,12557100
2013-12-09,40.400001525878906,40.5,40.20000076293945,40.400001525878906,27.194496154785156,12237100
2013-12-10,40.2599983215332,40.290000915527344,39.75,39.849998474121094,26.824277877807617,15967800
2013-12-11,39.95000076293945,40.34000015258789,39.88999938964844,40.130001068115234,27.012754440307617,14963500
2013-12-12,39.9900016784668,40.209999084472656,39.18000030517578,39.209999084472656,26.393484115600586,19817700
2013-12-13,39.470001220703125,39.63999938964844,39.209999084472656,39.22999954223633,26.40692710876465,14037400
2013-12-16,39.459999084472656,39.56999969482422,39.20000076293945,39.27000045776367,26.43386459350586,14562100
2013-12-17,39.119998931884766,39.25,38.869998931884766,39.099998474121094,26.319429397583008,17655700
2013-12-18,39.2599983215332,40.08000183105469,39.0,40.02000045776367,26.938711166381836,23884500
2013-12-19,39.970001220703125,40.099998474121094,39.560001373291016,39.86000061035156,26.831003189086914,14791800
2013-12-20,39.91999816894531,40.189998626708984,39.849998474121094,40.040000915527344,26.952178955078125,22237200
2013-12-23,40.099998474121094,40.2400016784668,39.869998931884766,40.15999984741211,27.032949447631836,10943200
2013-12-24,40.16999816894531,40.310001373291016,40.099998474121094,40.189998626708984,27.053131103515625,4783800
2013-12-26,40.220001220703125,40.540000915527344,40.13999938964844,40.4900016784668,27.255081176757812,8588300
2013-12-27,40.689998626708984,40.790000915527344,40.529998779296875,40.65999984741211,27.369518280029297,6762200
2013-12-30,40.77000045776367,41.13999938964844,40.7599983215332,41.09000015258789,27.658958435058594,10927500
2013-12-31,41.130001068115234,41.38999938964844,40.97999954223633,41.310001373291016,27.80704116821289,11729200
2014-01-02,41.119998931884766,41.22999954223633,40.5099983215332,40.65999984741211,27.369518280029297,12698600
2014-01-03,40.68000030517578,40.72999954223633,40.349998474121094,40.459999084472656,27.234886169433594,10403400
2014-01-06,40.47999954223633,40.59000015258789,40.15999984741211,40.27000045776367,27.106990814208984,11036300
2014-01-07,40.47999954223633,40.720001220703125,40.290000915527344,40.38999938964844,27.187767028808594,11872300
2014-01-08,40.439998626708984,40.439998626708984,39.83000183105469,39.939998626708984,26.884855270385742,15339600
2014-01-09,39.95000076293945,40.0,39.52000045776367,39.72999954223633,26.74350929260254,14070200
2014-01-10,39.959999084472656,40.290000915527344,39.900001525878906,40.130001068115234,27.012754440307617,13290000
2014-01-13,40.0,40.130001068115234,39.5,39.529998779296875,26.608877182006836,14091900
2014-01-14,39.63999938964844,39.91999816894531,39.58000183105469,39.689998626708984,26.71656036376953,12801100
2014-01-15,39.83000183105469,39.939998626708984,39.58000183105469,39.7599983215332,26.76369285583496,12844900
2014-01-16,39.779998779296875,39.81999969482422,39.58000183105469,39.709999084472656,26.73004150390625,11063100
2014-01-17,39.720001220703125,39.75,39.279998779296875,39.279998779296875,26.44059181213379,13992700
2014-01-21,39.63999938964844,39.91999816894531,39.529998779296875,39.91999816894531,26.871387481689453,17579000
2014-01-22,39.9900016784668,40.09000015258789,39.75,39.900001525878906,26.85793113708496,9841700
2014-01-23,39.61000061035156,39.63999938964844,39.119998931884766,39.2400016784668,26.413671493530273,14828100
2014-01-24,39.08000183105469,39.25,38.81999969482422,38.84000015258789,26.144411087036133,16507500
2014-01-27,38.81999969482422,38.97999954223633,38.709999084472656,38.72999954223633,26.07036590576172,14601900
2014-01-28,38.77000045776367,39.08000183105469,38.619998931884766,38.869998931884766,26.16460609436035,8915500
2014-01-29,38.56999969482422,38.56999969482422,37.81999969482422,37.900001525878906,25.511672973632812,23776100
2014-01-30,38.0,38.40999984741211,38.0,38.16999816894531,25.69341278076172,13662000
2014-01-31,37.95000076293945,38.15999984741211,37.720001220703125,37.81999969482422,25.45781898498535,16185000
2014-02-03,38.02000045776367,38.02000045776367,37.099998474121094,37.20000076293945,25.040483474731445,23164900
2014-02-04,37.439998626708984,37.54999923706055,37.209999084472656,37.47999954223633,25.22894859313965,17759700
2014-02-05,37.4900016784668,37.720001220703125,37.380001068115234,37.61000061035156,25.316455841064453,13665200
2014-02-06,38.7599983215332,38.939998626708984,37.91999816894531,38.029998779296875,25.599178314208984,22661500
2014-02-07,38.16999816894531,38.349998474121094,37.869998931884766,37.95000076293945,25.545324325561523,20389000
2014-02-10,38.06999969482422,38.619998931884766,37.84000015258789,38.56999969482422,25.96266746520996,20877200
2014-02-11,38.66999816894531,38.779998779296875,38.5099983215332,38.63999938964844,26.009790420532227,15361300
2014-02-12,38.849998474121094,38.91999816894531,38.400001525878906,38.5099983215332,25.92227554321289,10633400
2014-02-13,38.130001068115234,38.7599983215332,38.130001068115234,38.650001525878906,26.016521453857422,10435600
2014-02-14,38.599998474121094,39.02000045776367,38.27000045776367,38.93000030517578,26.204994201660156,16030100
2014-02-18,37.97999954223633,38.11000061035156,37.2599983215332,37.470001220703125,25.222225189208984,46098500
2014-02-19,37.5,37.599998474121094,37.04999923706055,37.099998474121094,24.97316551208496,26645100
2014-02-20,37.060001373291016,37.52000045776367,36.88999938964844,37.29999923706055,25.107786178588867,22639900
2014-02-21,37.59000015258789,37.619998931884766,37.13999938964844,37.18000030517578,25.027015686035156,19419800
2014-02-24,37.29999923706055,37.599998474121094,37.220001220703125,37.5,25.242422103881836,24223500
2014-02-25,37.630001068115234,37.939998626708984,37.5,37.77000045776367,25.424163818359375,22845500
2014-02-26,37.900001525878906,37.939998626708984,37.720001220703125,37.869998931884766,25.491479873657227,18195100
2014-02-27,37.84000015258789,38.11000061035156,37.79999923706055,38.06999969482422,25.626102447509766,18423400
2014-02-28,38.08000183105469,38.38999938964844,38.040000915527344,38.20000076293945,25.71360969543457,15763200
2014-03-03,37.880001068115234,38.15999984741211,37.849998474121094,38.119998931884766,25.659761428833008,18683400
2014-03-04,38.34000015258789,38.38999938964844,38.22999954223633,38.310001373291016,25.787656784057617,20425200
2014-03-05,38.41999816894531,38.45000076293945,38.25,38.349998474121094,25.814579010009766,14367400
2014-03-06,38.400001525878906,38.54999923706055,38.27000045776367,38.470001220703125,25.895357131958008,14700000
2014-03-07,38.560001373291016,38.61000061035156,38.36000061035156,38.54999923706055,25.949199676513672,17047600
2014-03-10,38.54999923706055,38.650001525878906,38.439998626708984,38.650001525878906,26.016521453857422,14540800
2014-03-11,38.84000015258789,38.84000015258789,38.540000915527344,38.79999923706055,26.11748504638672,13812100
2014-03-12,38.27000045776367,38.5,38.209999084472656,38.470001220703125,26.10053062438965,15673700
2014-03-13,38.45000076293945,38.4900016784668,37.91999816894531,37.970001220703125,25.761293411254883,18302800
2014-03-14,37.95000076293945,38.31999969482422,37.880001068115234,38.16999816894531,25.896982192993164,14687200
2014-03-17,38.16999816894531,38.369998931884766,38.04999923706055,38.27000045776367,25.96484375,19203000
2014-03-18,38.27000045776367,38.459999084472656,38.13999938964844,38.400001525878906,26.05303955078125,16880400
2014-03-19,38.36000061035156,38.59000015258789,38.099998474121094,38.13999938964844,25.876636505126953,20882200
2014-03-20,38.11000061035156,38.470001220703125,37.95000076293945,38.45000076293945,26.08696174621582,13228000
2014-03-21,38.779998779296875,38.83000183105469,38.279998779296875,38.439998626708984,26.08016586303711,19189100
2014-03-24,38.47999954223633,38.529998779296875,38.209999084472656,38.400001525878906,26.05303955078125,15693000
2014-03-25,38.4900016784668,38.79999923706055,38.459999084472656,38.619998931884766,26.202295303344727,16898900
2014-03-26,38.689998626708984,38.939998626708984,38.61000061035156,38.61000061035156,26.195510864257812,15835500
2014-03-27,38.5099983215332,39.0,38.47999954223633,38.81999969482422,26.337984085083008,13031500
2014-03-28,38.88999938964844,39.029998779296875,38.81999969482422,38.95000076293945,26.426197052001953,11502100
2014-03-31,38.9900016784668,39.029998779296875,38.459999084472656,38.65999984741211,26.22943687438965,24489800
2014-04-01,38.529998779296875,38.88999938964844,38.310001373291016,38.40999984741211,26.059818267822266,20515700
2014-04-02,38.4900016784668,38.540000915527344,38.29999923706055,38.33000183105469,26.005538940429688,15709100
2014-04-03,38.38999938964844,38.4900016784668,38.040000915527344,38.06999969482422,25.829145431518555,18114000
2014-04-04,38.2400016784668,38.47999954223633,38.13999938964844,38.220001220703125,25.930906295776367,15453600
2014-04-07,38.27000045776367,38.88999938964844,38.2599983215332,38.619998931884766,26.202295303344727,17295700
2014-04-08,38.66999816894531,38.900001525878906,38.47999954223633,38.900001525878906,26.39227294921875,14769900
2014-04-09,38.84000015258789,38.9900016784668,38.70000076293945,38.9900016784668,26.453330993652344,12031400
2014-04-10,38.97999954223633,39.400001525878906,38.81999969482422,38.88999938964844,26.385475158691406,21025700
2014-04-11,38.83000183105469,39.220001220703125,38.56999969482422,38.630001068115234,26.209089279174805,18084200
2014-04-14,38.709999084472656,38.79999923706055,38.400001525878906,38.72999954223633,26.27692413330078,19389800
2014-04-15,39.83000183105469,40.470001220703125,39.5,40.18000030517578,27.260709762573242,47529200
2014-04-16,40.119998931884766,40.59000015258789,40.119998931884766,40.59000015258789,27.538867950439453,21919900
2014-04-17,40.43000030517578,40.720001220703125,40.25,40.720001220703125,27.627073287963867,18547100
2014-04-21,40.470001220703125,40.7599983215332,40.349998474121094,40.75,27.647436141967773,12630900
2014-04-22,40.58000183105469,40.7599983215332,40.41999816894531,40.709999084472656,27.620298385620117,17404900
2014-04-23,40.70000076293945,40.810001373291016,40.560001373291016,40.72999954223633,27.633859634399414,12072500
2014-04-24,40.70000076293945,40.88999938964844,40.459999084472656,40.70000076293945,27.613508224487305,11392600
2014-04-25,40.459999084472656,41.0099983215332,40.439998626708984,41.0099983215332,27.82383155822754,16811400
2014-04-28,40.81999969482422,41.279998779296875,40.7400016784668,41.029998779296875,27.837398529052734,20736700
2014-04-29,40.970001220703125,41.029998779296875,40.52000045776367,40.56999969482422,27.525299072265625,18928400
2014-04-30,40.689998626708984,40.880001068115234,40.59000015258789,40.790000915527344,27.67456817626953,12362000
2014-05-01,40.790000915527344,40.79999923706055,40.2599983215332,40.779998779296875,27.667781829833984,15385800
2014-05-02,40.790000915527344,40.959999084472656,40.630001068115234,40.95000076293945,27.78311538696289,14197000
2014-05-05,40.650001525878906,40.93000030517578,40.54999923706055,40.7599983215332,27.654212951660156,10163500
2014-05-06,40.52000045776367,40.65999984741211,40.45000076293945,40.4900016784668,27.47102928161621,9359900
2014-05-07,40.70000076293945,40.970001220703125,40.630001068115234,40.90999984741211,27.755979537963867,11115600
2014-05-08,40.849998474121094,40.959999084472656,40.650001525878906,40.72999954223633,27.633859634399414,8538700
2014-05-09,40.779998779296875,40.95000076293945,40.709999084472656,40.869998931884766,27.728836059570312,8516400
2014-05-12,40.880001068115234,40.970001220703125,40.689998626708984,40.81999969482422,27.69491958618164,8906000
2014-05-13,40.83000183105469,41.220001220703125,40.81999969482422,41.11000061035156,27.891666412353516,11579600
2014-05-14,41.02000045776367,41.18000030517578,40.83000183105469,40.88999938964844,27.742416381835938,10036100
2014-05-15,40.619998931884766,40.959999084472656,40.439998626708984,40.52000045776367,27.491384506225586,12379200
2014-05-16,40.52000045776367,40.90999984741211,40.45000076293945,40.88999938964844,27.742416381835938,13823900
2014-05-19,40.599998474121094,40.72999954223633,40.41999816894531,40.709999084472656,27.620298385620117,7559500
2014-05-20,40.79999923706055,40.93000030517578,40.56999969482422,40.58000183105469,27.53209114074707,9639500
2014-05-21,40.54999923706055,40.880001068115234,40.5,40.869998931884766,27.728836059570312,8607300
2014-05-22,40.77000045776367,40.84000015258789,40.529998779296875,40.58000183105469,27.53209114074707,8430400
2014-05-23,40.630001068115234,40.70000076293945,40.529998779296875,40.58000183105469,27.53209114074707,6255200
2014-05-27,40.560001373291016,40.81999969482422,40.47999954223633,40.77000045776367,27.660993576049805,11282900
2014-05-28,40.70000076293945,40.88999938964844,40.529998779296875,40.58000183105469,27.53209114074707,7536700
2014-05-29,40.68000030517578,40.869998931884766,40.599998474121094,40.65999984741211,27.586368560791016,9867100
2014-05-30,40.540000915527344,40.91999816894531,40.4900016784668,40.90999984741211,27.755979537963867,10446100
2014-06-02,40.75,40.88999938964844,40.68000030517578,40.86000061035156,27.72205352783203,7472100
2014-06-03,40.720001220703125,41.0,40.709999084472656,40.880001068115234,27.73563003540039,10493100
2014-06-04,40.90999984741211,40.91999816894531,40.709999084472656,40.790000915527344,27.67456817626953,7864700
2014-06-05,40.72999954223633,41.0,40.630001068115234,40.88999938964844,27.742416381835938,10131700
2014-06-06,40.939998626708984,41.060001373291016,40.84000015258789,40.9900016784668,27.810266494750977,8760600
2014-06-09,40.849998474121094,41.09000015258789,40.849998474121094,40.90999984741211,27.755979537963867,7316400
2014-06-10,40.84000015258789,41.150001525878906,40.810001373291016,41.06999969482422,27.864540100097656,9168600
2014-06-11,40.97999954223633,41.060001373291016,40.790000915527344,40.86000061035156,27.72205352783203,9648600
2014-06-12,40.40999984741211,40.68000030517578,40.369998931884766,40.41999816894531,27.629777908325195,11583600
2014-06-13,40.38999938964844,40.529998779296875,40.25,40.369998931884766,27.595592498779297,9194600
2014-06-16,40.189998626708984,40.77000045776367,40.150001525878906,40.65999984741211,27.79383659362793,12878200
2014-06-17,41.18000030517578,41.20000076293945,40.61000061035156,40.91999816894531,27.971559524536133,26926600
2014-06-18,40.790000915527344,41.56999969482422,40.75,41.560001373291016,28.409048080444336,18518200
2014-06-19,41.540000915527344,41.869998931884766,41.529998779296875,41.790000915527344,28.566261291503906,13275200
2014-06-20,41.869998931884766,41.880001068115234,41.529998779296875,41.689998626708984,28.497901916503906,23402600
2014-06-23,41.459999084472656,41.7400016784668,41.33000183105469,41.72999954223633,28.52524757385254,13099300
2014-06-24,41.52000045776367,41.88999938964844,41.470001220703125,41.849998474121094,28.607276916503906,14962800
2014-06-25,41.599998474121094,41.97999954223633,41.459999084472656,41.959999084472656,28.682466506958008,17621800
2014-06-26,41.90999984741211,42.04999923706055,41.779998779296875,42.029998779296875,28.730327606201172,16903300
2014-06-27,41.9900016784668,42.290000915527344,41.90999984741211,42.189998626708984,28.83968734741211,18674400
2014-06-30,41.97999954223633,42.4900016784668,41.81999969482422,42.36000061035156,28.955907821655273,14058700
2014-07-01,42.38999938964844,42.45000076293945,42.150001525878906,42.290000915527344,28.908056259155273,11497700
2014-07-02,42.310001373291016,42.40999984741211,42.150001525878906,42.290000915527344,28.908056259155273,6707000
2014-07-03,42.2599983215332,42.31999969482422,42.0099983215332,42.22999954223633,28.867036819458008,7537700
2014-07-07,41.959999084472656,42.20000076293945,41.93000030517578,42.13999938964844,28.80550765991211,8991900
2014-07-08,41.970001220703125,42.25,41.90999984741211,41.939998626708984,28.66879653930664,10090500
2014-07-09,41.93000030517578,42.15999984741211,41.790000915527344,41.95000076293945,28.675630569458008,9891600
2014-07-10,41.560001373291016,42.290000915527344,41.54999923706055,42.2599983215332,28.887527465820312,12564500
2014-07-11,42.119998931884766,42.25,41.880001068115234,41.970001220703125,28.689311981201172,9773000
2014-07-14,41.9900016784668,42.38999938964844,41.97999954223633,42.380001068115234,28.969572067260742,11857700
2014-07-15,42.40999984741211,42.43000030517578,41.95000076293945,42.099998474121094,28.778152465820312,10541900
2014-07-16,42.2599983215332,42.38999938964844,42.02000045776367,42.119998931884766,28.79183578491211,10331400
2014-07-17,41.93000030517578,42.150001525878906,41.83000183105469,42.02000045776367,28.723491668701172,9983500
2014-07-18,42.13999938964844,42.470001220703125,42.02000045776367,42.43000030517578,29.003740310668945,19272400
2014-07-21,42.119998931884766,42.56999969482422,42.09000015258789,42.400001525878906,28.983238220214844,17607200
2014-07-22,41.099998474121094,41.33000183105469,40.61000061035156,41.189998626708984,28.156126022338867,24706000
2014-07-23,40.97999954223633,41.04999923706055,40.630001068115234,40.810001373291016,27.896371841430664,17531700
2014-07-24,40.970001220703125,41.099998474121094,40.65999984741211,40.970001220703125,28.0057373046875,14856000
2014-07-25,40.91999816894531,41.040000915527344,40.810001373291016,41.0,28.02623748779297,10809900
2014-07-28,40.9900016784668,41.0,40.61000061035156,40.68000030517578,27.807498931884766,11709100
2014-07-29,40.75,40.779998779296875,40.349998474121094,40.349998474121094,27.581924438476562,10863600
2014-07-30,40.45000076293945,40.5,39.61000061035156,39.619998931884766,27.08292579650879,20346200
2014-07-31,39.529998779296875,39.72999954223633,39.25,39.290000915527344,26.857351303100586,15434700
2014-08-01,39.130001068115234,39.4900016784668,39.060001373291016,39.290000915527344,26.857351303100586,13566700
2014-08-04,39.40999984741211,39.459999084472656,39.119998931884766,39.400001525878906,26.932538986206055,11012900
2014-08-05,39.34000015258789,39.529998779296875,39.099998474121094,39.18000030517578,26.782150268554688,11639200
2014-08-06,39.130001068115234,39.959999084472656,39.130001068115234,39.91999816894531,27.287988662719727,17567500
2014-08-07,39.959999084472656,40.0099983215332,39.33000183105469,39.349998474121094,26.898353576660156,14367400
2014-08-08,39.34000015258789,39.58000183105469,39.2599983215332,39.45000076293945,26.966718673706055,13667000
2014-08-11,39.52000045776367,39.869998931884766,39.52000045776367,39.56999969482422,27.04874610900879,14102600
2014-08-12,39.560001373291016,39.84000015258789,39.540000915527344,39.68000030517578,27.123939514160156,13297500
2014-08-13,39.70000076293945,40.099998474121094,39.70000076293945,39.939998626708984,27.30166244506836,9638900
2014-08-14,39.93000030517578,40.189998626708984,39.93000030517578,40.18000030517578,27.465728759765625,6902000
2014-08-15,40.849998474121094,41.150001525878906,40.65999984741211,40.880001068115234,27.9442195892334,23221600
2014-08-18,40.790000915527344,41.41999816894531,40.790000915527344,41.349998474121094,28.26549530029297,14891500
2014-08-19,41.349998474121094,41.47999954223633,41.15999984741211,41.2599983215332,28.203964233398438,10260400
2014-08-20,41.150001525878906,41.34000015258789,41.09000015258789,41.25,28.1971378326416,6782500
2014-08-21,41.290000915527344,41.689998626708984,41.220001220703125,41.40999984741211,28.306509017944336,11951000
2014-08-22,41.290000915527344,41.52000045776367,41.04999923706055,41.119998931884766,28.1082820892334,11244600
2014-08-25,41.31999969482422,41.45000076293945,41.119998931884766,41.40999984741211,28.306509017944336,10229300
2014-08-26,41.40999984741211,41.70000076293945,41.40999984741211,41.599998474121094,28.436382293701172,8416500
2014-08-27,41.529998779296875,41.709999084472656,41.439998626708984,41.599998474121094,28.436382293701172,7693100
2014-08-28,41.5099983215332,41.70000076293945,41.439998626708984,41.630001068115234,28.456893920898438,9746400
2014-08-29,41.599998474121094,41.75,41.470001220703125,41.720001220703125,28.518409729003906,7666700
2014-09-02,41.52000045776367,41.84000015258789,41.310001373291016,41.63999938964844,28.46373176574707,9798100
2014-09-03,41.689998626708984,41.849998474121094,41.65999984741211,41.779998779296875,28.559431076049805,8635400
2014-09-04,41.79999923706055,42.16999816894531,41.72999954223633,41.869998931884766,28.620948791503906,16785300
2014-09-05,41.86000061035156,41.86000061035156,41.61000061035156,41.84000015258789,28.600439071655273,12768100
2014-09-08,41.66999816894531,41.939998626708984,41.630001068115234,41.779998779296875,28.559431076049805,9097700
2014-09-09,41.77000045776367,42.029998779296875,41.75,41.939998626708984,28.66879653930664,11892500
2014-09-10,41.900001525878906,42.189998626708984,41.83000183105469,42.16999816894531,28.826019287109375,17558000
2014-09-11,41.68000030517578,42.060001373291016,41.65999984741211,41.95000076293945,28.884540557861328,19614000
2014-09-12,41.900001525878906,41.91999816894531,41.36000061035156,41.459999084472656,28.547164916992188,12966800
2014-09-15,41.45000076293945,41.58000183105469,41.33000183105469,41.5,28.574697494506836,12259600
2014-09-16,41.290000915527344,41.79999923706055,41.18000030517578,41.63999938964844,28.671098709106445,15232800
2014-09-17,41.77000045776367,41.779998779296875,41.31999969482422,41.61000061035156,28.65044403076172,16693800
2014-09-18,41.75,41.880001068115234,41.54999923706055,41.790000915527344,28.774375915527344,12586400
2014-09-19,41.97999954223633,42.349998474121094,41.75,42.04999923706055,28.95339584350586,47559700
2014-09-22,41.849998474121094,42.25,41.72999954223633,42.220001220703125,29.07044792175293,11518100
2014-09-23,42.0,42.15999984741211,41.880001068115234,41.88999938964844,28.843233108520508,10251300
2014-09-24,41.849998474121094,42.34000015258789,41.849998474121094,42.27000045776367,29.104894638061523,13540900
2014-09-25,42.060001373291016,42.16999816894531,41.77000045776367,41.779998779296875,28.767494201660156,11076300
2014-09-26,42.0,42.25,41.709999084472656,42.20000076293945,29.05668067932129,9939600
2014-09-29,41.900001525878906,42.2599983215332,41.880001068115234,42.25,29.091096878051758,12441100
2014-09-30,42.099998474121094,42.810001373291016,42.08000183105469,42.65999984741211,29.3734073638916,22613700
2014-10-01,42.54999923706055,42.849998474121094,42.369998931884766,42.7400016784668,29.42850112915039,30409700
2014-10-02,42.599998474121094,42.779998779296875,42.41999816894531,42.65999984741211,29.3734073638916,16643200
2014-10-03,42.86000061035156,43.06999969482422,42.65999984741211,43.0,29.60753059387207,14046300
2014-10-06,43.029998779296875,43.68000030517578,42.970001220703125,43.599998474121094,30.020641326904297,20328100
2014-10-07,43.47999954223633,44.13999938964844,43.47999954223633,43.91999816894531,30.240978240966797,24936600
2014-10-08,43.58000183105469,44.560001373291016,43.5099983215332,44.54999923706055,30.674755096435547,26115600
2014-10-09,44.439998626708984,44.75,43.869998931884766,43.869998931884766,30.206554412841797,25029300
2014-10-10,43.880001068115234,44.869998931884766,43.849998474121094,44.470001220703125,30.619686126708984,25920800
2014-10-13,44.279998779296875,44.630001068115234,44.029998779296875,44.06999969482422,30.344268798828125,20175200
2014-10-14,44.040000915527344,44.119998931884766,43.470001220703125,43.63999938964844,30.048175811767578,21027400
2014-10-15,42.70000076293945,43.529998779296875,42.70000076293945,43.22999954223633,29.765888214111328,22988600
2014-10-16,42.650001525878906,42.939998626708984,42.380001068115234,42.560001373291016,29.304561614990234,22519200
2014-10-17,42.689998626708984,43.029998779296875,42.310001373291016,42.880001068115234,29.52488899230957,23236000
2014-10-20,42.75,43.470001220703125,42.709999084472656,43.290000915527344,29.807199478149414,17647800
2014-10-21,40.79999923706055,41.189998626708984,40.2599983215332,40.68000030517578,28.01008415222168,55953500
2014-10-22,40.189998626708984,41.11000061035156,40.099998474121094,40.619998931884766,27.968780517578125,27728200
2014-10-23,40.939998626708984,41.380001068115234,40.7400016784668,40.86000061035156,28.134023666381836,23346800
2014-10-24,40.97999954223633,41.27000045776367,40.91999816894531,41.029998779296875,28.251083374023438,13396000
2014-10-27,40.70000076293945,40.90999984741211,40.560001373291016,40.7599983215332,28.065176010131836,17222500
2014-10-28,40.7599983215332,40.86000061035156,40.5099983215332,40.560001373291016,27.92746925354004,18658700
2014-10-29,40.650001525878906,41.029998779296875,40.52000045776367,40.959999084472656,28.202884674072266,25761800
2014-10-30,41.0,41.59000015258789,40.83000183105469,41.400001525878906,28.50583839416504,18295600
2014-10-31,41.83000183105469,41.88999938964844,41.400001525878906,41.880001068115234,28.836345672607422,18477700
2014-11-03,41.790000915527344,42.279998779296875,41.59000015258789,41.810001373291016,28.788150787353516,13230600
2014-11-04,41.77000045776367,42.04999923706055,41.65999984741211,41.81999969482422,28.79503631591797,10105300
2014-11-05,42.29999923706055,42.540000915527344,41.9900016784668,42.310001373291016,29.13242530822754,20676800
2014-11-06,42.43000030517578,42.619998931884766,42.11000061035156,42.290000915527344,29.11865997314453,11528800
2014-11-07,42.45000076293945,42.459999084472656,42.13999938964844,42.31999969482422,29.139320373535156,11803800
2014-11-10,42.25,42.56999969482422,42.09000015258789,42.38999938964844,29.1875057220459,9088900
2014-11-11,42.380001068115234,42.709999084472656,42.36000061035156,42.5099983215332,29.270130157470703,8563700
2014-11-12,42.5099983215332,42.88999938964844,42.310001373291016,42.709999084472656,29.4078426361084,12768800
2014-11-13,42.650001525878906,43.08000183105469,42.630001068115234,42.790000915527344,29.46291732788086,12007700
2014-11-14,42.70000076293945,42.970001220703125,42.5,42.72999954223633,29.42160987854004,10939500
2014-11-17,42.75,42.9900016784668,42.72999954223633,42.91999816894531,29.55244255065918,10664000
2014-11-18,42.95000076293945,43.86000061035156,42.75,43.529998779296875,29.972448348999023,26143000
2014-11-19,43.66999816894531,44.43000030517578,43.560001373291016,44.220001220703125,30.447546005249023,25402300
2014-11-20,43.959999084472656,44.41999816894531,43.849998474121094,44.25,30.468210220336914,13465400
2014-11-21,44.58000183105469,44.7400016784668,44.279998779296875,44.5,30.640329360961914,14382700
2014-11-24,44.5099983215332,44.779998779296875,44.20000076293945,44.27000045776367,30.481971740722656,12890800
2014-11-25,44.27000045776367,44.59000015258789,44.119998931884766,44.43000030517578,30.592145919799805,10741700
2014-11-26,43.9900016784668,44.369998931884766,43.970001220703125,44.290000915527344,30.706539154052734,9199200
2014-11-28,44.150001525878906,45.0,44.150001525878906,44.83000183105469,31.080923080444336,10502000
2014-12-01,44.18000030517578,44.77000045776367,44.130001068115234,44.54999923706055,30.88678741455078,10065700
2014-12-02,44.369998931884766,44.66999816894531,44.22999954223633,44.540000915527344,30.879854202270508,9878100
2014-12-03,44.41999816894531,44.439998626708984,43.7599983215332,43.79999923706055,30.366811752319336,15246500
2014-12-04,43.619998931884766,43.84000015258789,43.369998931884766,43.5,30.1588134765625,13779700
2014-12-05,43.5,43.61000061035156,43.20000076293945,43.529998779296875,30.17962074279785,12536900
2014-12-08,43.5099983215332,43.630001068115234,43.09000015258789,43.13999938964844,29.90922737121582,12802300
2014-12-09,42.150001525878906,42.529998779296875,41.66999816894531,42.040000915527344,29.146595001220703,25714600
2014-12-10,42.040000915527344,42.2400016784668,41.560001373291016,41.599998474121094,28.841533660888672,18324100
2014-12-11,41.619998931884766,42.0099983215332,41.5,41.529998779296875,28.793010711669922,16201500
2014-12-12,41.38999938964844,41.61000061035156,40.869998931884766,40.90999984741211,28.363161087036133,18432400
2014-12-15,41.130001068115234,41.18000030517578,40.560001373291016,40.56999969482422,28.127429962158203,23378500
2014-12-16,40.20000076293945,41.310001373291016,39.79999923706055,40.38999938964844,28.002635955810547,23475400
2014-12-17,40.439998626708984,41.7599983215332,40.380001068115234,41.54999923706055,28.806869506835938,20223900
2014-12-18,41.86000061035156,42.38999938964844,41.75,42.38999938964844,29.389257431030273,18030700
2014-12-19,42.439998626708984,42.790000915527344,41.88999938964844,41.95000076293945,29.084197998046875,24009500
2014-12-22,42.13999938964844,42.439998626708984,42.09000015258789,42.349998474121094,29.361526489257812,11190900
2014-12-23,42.540000915527344,43.13999938964844,42.470001220703125,42.970001220703125,29.79137420654297,13411300
2014-12-24,43.099998474121094,43.22999954223633,42.91999816894531,42.939998626708984,29.77056884765625,6405900
2014-12-26,42.970001220703125,43.29999923706055,42.93000030517578,42.959999084472656,29.78445053100586,6466900
2014-12-29,42.79999923706055,43.060001373291016,42.4900016784668,42.86000061035156,29.715112686157227,8694500
2014-12-30,42.7400016784668,42.9900016784668,42.650001525878906,42.7599983215332,29.64577293395996,9222000
2014-12-31,42.91999816894531,42.939998626708984,42.220001220703125,42.220001220703125,29.271385192871094,9369500
2015-01-02,42.2599983215332,42.400001525878906,41.79999923706055,42.13999938964844,29.215925216674805,9921100
2015-01-05,42.689998626708984,42.970001220703125,42.08000183105469,42.13999938964844,29.215925216674805,26292600
2015-01-06,42.40999984741211,42.939998626708984,42.2400016784668,42.459999084472656,29.43778419494629,16897500
2015-01-07,42.79999923706055,43.11000061035156,42.58000183105469,42.9900016784668,29.805234909057617,13412300
2015-01-08,43.18000030517578,43.56999969482422,43.099998474121094,43.5099983215332,30.165754318237305,21743600
2015-01-09,43.470001220703125,43.560001373291016,42.95000076293945,43.029998779296875,29.83296775817871,12733500
2015-01-12,43.06999969482422,43.20000076293945,42.459999084472656,42.63999938964844,29.562578201293945,11415800
2015-01-13,42.83000183105469,43.2400016784668,42.45000076293945,42.630001068115234,29.555641174316406,12529500
2015-01-14,42.08000183105469,42.599998474121094,42.06999969482422,42.560001373291016,29.507123947143555,13447600
2015-01-15,42.83000183105469,42.86000061035156,42.16999816894531,42.380001068115234,29.38232421875,11193100
2015-01-16,42.36000061035156,42.59000015258789,42.2400016784668,42.529998779296875,29.486312866210938,15114900
2015-01-20,42.70000076293945,43.33000183105469,42.61000061035156,43.15999984741211,29.92310905456543,17047300
2015-01-21,42.88999938964844,43.43000030517578,42.7599983215332,43.36000061035156,30.06175994873047,10720600
2015-01-22,43.369998931884766,43.83000183105469,43.06999969482422,43.779998779296875,30.352949142456055,14709100
2015-01-23,43.599998474121094,43.75,43.18000030517578,43.310001373291016,30.027101516723633,12357700
2015-01-26,43.18000030517578,43.22999954223633,42.83000183105469,43.0,29.81218147277832,11151900
2015-01-27,42.540000915527344,42.63999938964844,42.150001525878906,42.38999938964844,29.389257431030273,15274000
2015-01-28,42.59000015258789,42.79999923706055,41.900001525878906,41.91999816894531,29.063404083251953,14278500
2015-01-29,41.77000045776367,42.150001525878906,41.470001220703125,42.099998474121094,29.188182830810547,13657900
2015-01-30,41.83000183105469,41.93000030517578,41.11000061035156,41.16999816894531,28.543413162231445,19193700
2015-02-02,41.209999084472656,41.630001068115234,40.900001525878906,41.59000015258789,28.83460235595703,15197500
2015-02-03,41.75,41.849998474121094,41.369998931884766,41.630001068115234,28.862346649169922,13193100
2015-02-04,41.77000045776367,42.09000015258789,41.619998931884766,41.68000030517578,28.897003173828125,16400000
2015-02-05,41.79999923706055,41.81999969482422,41.5099983215332,41.790000915527344,28.9732666015625,11078500
2015-02-06,41.630001068115234,41.7599983215332,41.31999969482422,41.45000076293945,28.737550735473633,12366400
2015-02-09,41.380001068115234,41.45000076293945,41.040000915527344,41.22999954223633,28.585012435913086,13371100
2015-02-10,42.90999984741211,43.029998779296875,42.20000076293945,42.400001525878906,29.39618492126465,32184200
2015-02-11,42.099998474121094,42.4900016784668,41.70000076293945,42.369998931884766,29.375385284423828,20496300
2015-02-12,42.400001525878906,42.65999984741211,42.06999969482422,42.16999816894531,29.236719131469727,13818200
2015-02-13,42.02000045776367,42.22999954223633,41.7599983215332,41.9900016784668,29.111934661865234,10792100
2015-02-17,41.810001373291016,41.880001068115234,41.63999938964844,41.810001373291016,28.987131118774414,12804200
2015-02-18,41.75,41.79999923706055,41.470001220703125,41.72999954223633,28.93166732788086,9789800
2015-02-19,41.68000030517578,42.2400016784668,41.529998779296875,42.11000061035156,29.195131301879883,16578300
2015-02-20,42.040000915527344,42.11000061035156,41.63999938964844,41.970001220703125,29.09807586669922,15982400
2015-02-23,41.709999084472656,42.16999816894531,41.689998626708984,41.849998474121094,29.014873504638672,11830300
2015-02-24,41.849998474121094,42.33000183105469,41.77000045776367,42.130001068115234,29.209001541137695,12782700
2015-02-25,42.16999816894531,42.2400016784668,41.7400016784668,42.04999923706055,29.153522491455078,10323300
2015-02-26,42.040000915527344,42.54999923706055,41.970001220703125,42.459999084472656,29.43778419494629,14346500
2015-02-27,42.52000045776367,43.65999984741211,42.470001220703125,43.29999923706055,30.020151138305664,28312800
2015-03-02,43.29999923706055,43.29999923706055,43.08000183105469,43.20000076293945,29.950830459594727,13514600
2015-03-03,43.11000061035156,43.15999984741211,42.84000015258789,42.95000076293945,29.77751350402832,10036300
2015-03-04,42.91999816894531,42.97999954223633,42.470001220703125,42.5,29.465524673461914,16263000
2015-03-05,42.560001373291016,42.61000061035156,42.25,42.400001525878906,29.39618492126465,9223000
2015-03-06,42.119998931884766,42.20000076293945,41.33000183105469,41.52000045776367,28.78607749938965,18180500
2015-03-09,41.529998779296875,41.54999923706055,41.31999969482422,41.38999938964844,28.695945739746094,10123300
2015-03-10,41.099998474121094,41.150001525878906,40.68000030517578,40.689998626708984,28.210628509521484,14599100
2015-03-11,40.72999954223633,40.72999954223633,40.08000183105469,40.099998474121094,27.80158042907715,18549700
2015-03-12,40.099998474121094,40.56999969482422,40.02000045776367,40.56999969482422,28.360824584960938,17728700
2015-03-13,40.439998626708984,40.56999969482422,39.61000061035156,39.90999984741211,27.89944839477539,17438400
2015-03-16,40.0,40.349998474121094,39.9900016784668,40.290000915527344,28.165103912353516,15238800
2015-03-17,40.66999816894531,40.72999954223633,40.31999969482422,40.5099983215332,28.318889617919922,21661800
2015-03-18,40.47999954223633,40.790000915527344,39.79999923706055,40.599998474121094,28.38180923461914,26247500
2015-03-19,40.47999954223633,40.52000045776367,39.959999084472656,40.02000045776367,27.976346969604492,16057600
2015-03-20,40.06999969482422,40.65999984741211,40.0099983215332,40.650001525878906,28.41675567626953,31608500
2015-03-23,40.63999938964844,40.939998626708984,40.5,40.619998931884766,28.39578628540039,17060500
2015-03-24,40.90999984741211,40.9900016784668,40.470001220703125,40.470001220703125,28.290925979614258,13485700
2015-03-25,40.59000015258789,40.70000076293945,40.2400016784668,40.45000076293945,28.276941299438477,22811300
2015-03-26,40.34000015258789,40.560001373291016,40.22999954223633,40.349998474121094,28.207033157348633,17359600
2015-03-27,40.47999954223633,40.47999954223633,39.970001220703125,40.08000183105469,28.018291473388672,14384400
2015-03-30,40.11000061035156,40.61000061035156,39.939998626708984,40.5099983215332,28.318889617919922,12561400
2015-03-31,40.5099983215332,40.900001525878906,40.349998474121094,40.54999923706055,28.346845626831055,16604800
2015-04-01,40.790000915527344,40.810001373291016,40.22999954223633,40.68000030517578,28.437719345092773,14300700
2015-04-02,40.72999954223633,40.869998931884766,40.47999954223633,40.68000030517578,28.437719345092773,14343100
2015-04-06,40.77000045776367,41.61000061035156,40.59000015258789,41.16999816894531,28.780254364013672,19843400
2015-04-07,41.04999923706055,41.369998931884766,40.970001220703125,41.0099983215332,28.668420791625977,9773400
2015-04-08,40.97999954223633,41.09000015258789,40.7400016784668,40.88999938964844,28.584529876708984,8954700
2015-04-09,40.79999923706055,41.08000183105469,40.630001068115234,41.04999923706055,28.696372985839844,12710900
2015-04-10,41.09000015258789,41.15999984741211,40.849998474121094,40.880001068115234,28.57753562927246,8720000
2015-04-13,40.970001220703125,40.970001220703125,40.70000076293945,40.70000076293945,28.451705932617188,9616300
2015-04-14,40.59000015258789,40.650001525878906,40.31999969482422,40.5099983215332,28.318889617919922,11209700
2015-04-15,40.59000015258789,40.810001373291016,40.31999969482422,40.400001525878906,28.241989135742188,11189100
2015-04-16,40.40999984741211,40.86000061035156,40.29999923706055,40.599998474121094,28.38180923461914,13121000
2015-04-17,40.470001220703125,40.65999984741211,40.099998474121094,40.29999923706055,28.172088623046875,15330300
2015-04-20,40.41999816894531,40.900001525878906,40.40999984741211,40.65999984741211,28.42374610900879,13023700
2015-04-21,40.66999816894531,40.9900016784668,40.540000915527344,40.779998779296875,28.50763702392578,19673100
2015-04-22,41.560001373291016,41.56999969482422,41.06999969482422,41.310001373291016,28.878128051757812,26887200
2015-04-23,41.22999954223633,41.40999984741211,40.91999816894531,40.95000076293945,28.62647247314453,17408800
2015-04-24,41.040000915527344,41.119998931884766,40.810001373291016,40.88999938964844,28.584529876708984,11623300
2015-04-27,41.0,41.150001525878906,40.779998779296875,40.83000183105469,28.542591094970703,10044600
2015-04-28,40.95000076293945,40.970001220703125,40.599998474121094,40.77000045776367,28.500648498535156,12174800
2015-04-29,40.65999984741211,40.75,40.400001525878906,40.4900016784668,28.304903030395508,11371400
2015-04-30,40.400001525878906,40.58000183105469,40.279998779296875,40.560001373291016,28.353843688964844,12700800
2015-05-01,40.58000183105469,40.93000030517578,40.5,40.90999984741211,28.598508834838867,10848300
2015-05-04,40.880001068115234,41.099998474121094,40.77000045776367,40.959999084472656,28.63347053527832,10204800
2015-05-05,41.13999938964844,41.13999938964844,40.68000030517578,40.75,28.486669540405273,11721300
2015-05-06,41.040000915527344,41.09000015258789,40.38999938964844,40.65999984741211,28.42374610900879,11906900
2015-05-07,40.529998779296875,40.90999984741211,40.5099983215332,40.70000076293945,28.451705932617188,13834700
2015-05-08,41.0,41.16999816894531,40.849998474121094,40.97999954223633,28.64744758605957,11144400
2015-05-11,40.97999954223633,41.38999938964844,40.880001068115234,40.939998626708984,28.619478225708008,10113500
2015-05-12,40.77000045776367,40.959999084472656,40.52000045776367,40.689998626708984,28.444713592529297,12384500
2015-05-13,40.75,41.36000061035156,40.720001220703125,41.04999923706055,28.696372985839844,13183700
2015-05-14,41.29999923706055,41.599998474121094,41.2599983215332,41.5,29.01095199584961,9961000
2015-05-15,41.45000076293945,41.689998626708984,41.43000030517578,41.52000045776367,29.024932861328125,8479000
2015-05-18,41.4900016784668,41.4900016784668,41.25,41.31999969482422,28.8851261138916,11511700
2015-05-19,41.22999954223633,41.38999938964844,41.130001068115234,41.310001373291016,28.878128051757812,9072000
2015-05-20,41.369998931884766,41.59000015258789,41.310001373291016,41.349998474121094,28.906097412109375,10965200
2015-05-21,41.2599983215332,41.31999969482422,41.06999969482422,41.22999954223633,28.822206497192383,9270900
2015-05-22,41.119998931884766,41.2400016784668,41.040000915527344,41.209999084472656,28.8082218170166,11909500
2015-05-26,41.119998931884766,41.18000030517578,40.7400016784668,40.9900016784668,28.654443740844727,15194300
2015-05-27,40.939998626708984,41.20000076293945,40.83000183105469,41.119998931884766,28.745319366455078,9863100
2015-05-28,41.20000076293945,41.29999923706055,40.880001068115234,41.13999938964844,28.759296417236328,9395200
2015-05-29,41.18000030517578,41.18000030517578,40.77000045776367,40.959999084472656,28.63347053527832,19628600
2015-06-01,41.36000061035156,41.40999984741211,40.880001068115234,40.939998626708984,28.619478225708008,12684100
2015-06-02,40.84000015258789,41.15999984741211,40.68000030517578,40.9900016784668,28.654443740844727,11878600
2015-06-03,41.099998474121094,41.209999084472656,40.779998779296875,40.869998931884766,28.57054901123047,8153800
2015-06-04,40.709999084472656,40.97999954223633,40.529998779296875,40.59000015258789,28.37481117248535,10145800
2015-06-05,40.47999954223633,40.52000045776367,40.08000183105469,40.099998474121094,28.032270431518555,15975600
2015-06-08,40.099998474121094,40.2599983215332,40.02000045776367,40.15999984741211,28.07421875,14339300
2015-06-09,40.16999816894531,40.41999816894531,40.11000061035156,40.20000076293945,28.102184295654297,10772700
2015-06-10,40.31999969482422,40.540000915527344,40.279998779296875,40.33000183105469,28.193058013916016,11979900
2015-06-11,40.11000061035156,40.25,40.029998779296875,40.099998474121094,28.26353645324707,11944900
2015-06-12,40.040000915527344,40.119998931884766,39.84000015258789,39.959999084472656,28.16486358642578,15568600
2015-06-15,39.83000183105469,39.86000061035156,39.56999969482422,39.59000015258789,27.904085159301758,11364800
2015-06-16,39.630001068115234,40.15999984741211,39.599998474121094,40.08000183105469,28.249439239501953,12517400
2015-06-17,40.08000183105469,40.31999969482422,40.0099983215332,40.27000045776367,28.383352279663086,13898400
2015-06-18,40.15999984741211,40.7400016784668,40.15999984741211,40.650001525878906,28.651187896728516,16314600
2015-06-19,40.59000015258789,40.650001525878906,40.400001525878906,40.400001525878906,28.47498321533203,23550600
2015-06-22,40.5099983215332,40.810001373291016,40.459999084472656,40.47999954223633,28.531370162963867,8775900
2015-06-23,40.43000030517578,40.52000045776367,40.310001373291016,40.380001068115234,28.460886001586914,11094900
2015-06-24,40.369998931884766,40.45000076293945,40.189998626708984,40.189998626708984,28.32697296142578,10385100
2015-06-25,40.279998779296875,40.34000015258789,40.02000045776367,40.02000045776367,28.207157135009766,10607600
2015-06-26,40.099998474121094,40.349998474121094,40.0,40.0,28.193058013916016,16215600
2015-06-29,39.79999923706055,39.97999954223633,39.400001525878906,39.400001525878906,27.770160675048828,15500800
2015-06-30,39.61000061035156,39.61000061035156,39.119998931884766,39.22999954223633,27.65034294128418,14621300
2015-07-01,39.380001068115234,39.599998474121094,39.279998779296875,39.5,27.840648651123047,11177400
2015-07-02,39.630001068115234,39.810001373291016,39.349998474121094,39.4900016784668,27.833593368530273,8975900
2015-07-06,39.31999969482422,39.599998474121094,39.220001220703125,39.41999816894531,27.784252166748047,10252600
2015-07-07,39.4900016784668,40.380001068115234,39.400001525878906,40.25,28.3692569732666,20335000
2015-07-08,39.9900016784668,40.22999954223633,39.84000015258789,39.86000061035156,28.094379425048828,11383700
2015-07-09,40.459999084472656,40.58000183105469,39.900001525878906,39.91999816894531,28.136669158935547,13392000
2015-07-10,40.27000045776367,40.52000045776367,40.15999984741211,40.38999938964844,28.46793556213379,13360400
2015-07-13,40.560001373291016,40.77000045776367,40.4900016784668,40.65999984741211,28.658246994018555,9854200
2015-07-14,40.900001525878906,41.2599983215332,40.84000015258789,41.16999816894531,29.01770782470703,19531000
2015-07-15,41.150001525878906,41.36000061035156,41.099998474121094,41.130001068115234,28.989513397216797,11252100
2015-07-16,41.41999816894531,41.599998474121094,41.349998474121094,41.47999954223633,29.236190795898438,10483700
2015-07-17,41.310001373291016,41.31999969482422,41.04999923706055,41.25,29.074087142944336,9608300
2015-07-20,41.349998474121094,41.540000915527344,41.220001220703125,41.380001068115234,29.165719985961914,10024200
2015-07-21,41.380001068115234,41.52000045776367,41.099998474121094,41.189998626708984,29.03179931640625,13653800
2015-07-22,40.810001373291016,41.59000015258789,40.59000015258789,40.900001525878906,28.827411651611328,15528600
2015-07-23,40.9900016784668,41.02000045776367,40.47999954223633,40.84000015258789,28.78510856628418,13522200
2015-07-24,40.7599983215332,40.83000183105469,40.40999984741211,40.439998626708984,28.503177642822266,10912500
2015-07-27,40.279998779296875,40.58000183105469,40.15999984741211,40.540000915527344,28.57366371154785,10945700
2015-07-28,40.650001525878906,40.72999954223633,40.439998626708984,40.54999923706055,28.580707550048828,11021800
2015-07-29,40.529998779296875,40.709999084472656,40.4900016784668,40.59000015258789,28.608903884887695,8479900
2015-07-30,40.54999923706055,40.75,40.38999938964844,40.560001373291016,28.587759017944336,9095500
2015-07-31,40.880001068115234,41.220001220703125,40.77000045776367,41.08000183105469,28.95427131652832,15309500
2015-08-03,40.849998474121094,41.54999923706055,40.84000015258789,41.540000915527344,29.27849578857422,14672600
2015-08-04,41.5099983215332,41.869998931884766,41.34000015258789,41.849998474121094,29.49698829650879,17559900
2015-08-05,41.91999816894531,42.220001220703125,41.81999969482422,42.119998931884766,29.68728256225586,15329200
2015-08-06,42.0,42.25,41.86000061035156,41.91999816894531,29.54631805419922,11378900
2015-08-07,41.810001373291016,41.970001220703125,41.529998779296875,41.77000045776367,29.440595626831055,10886700
2015-08-10,41.88999938964844,41.9900016784668,41.58000183105469,41.68000030517578,29.377164840698242,9501900
2015-08-11,41.400001525878906,41.56999969482422,41.16999816894531,41.47999954223633,29.236190795898438,11254900
2015-08-12,41.130001068115234,41.2599983215332,40.849998474121094,41.2599983215332,29.081132888793945,9602200
2015-08-13,41.279998779296875,41.380001068115234,41.0099983215332,41.099998474121094,28.968372344970703,10270900
2015-08-14,41.0099983215332,41.25,40.959999084472656,41.25,29.074087142944336,9904800
2015-08-17,41.029998779296875,41.45000076293945,40.970001220703125,41.349998474121094,29.144567489624023,8272800
2015-08-18,41.279998779296875,41.529998779296875,41.189998626708984,41.29999923706055,29.10933494567871,11199400
2015-08-19,41.13999938964844,41.2400016784668,40.779998779296875,40.779998779296875,28.742822647094727,15796500
2015-08-20,40.52000045776367,40.81999969482422,40.41999816894531,40.54999923706055,28.580707550048828,14218000
2015-08-21,40.15999984741211,40.470001220703125,39.5099983215332,39.529998779296875,27.86178970336914,28036200
2015-08-24,37.9900016784668,38.939998626708984,36.560001373291016,38.380001068115234,27.051239013671875,44065300
2015-08-25,39.130001068115234,39.279998779296875,37.93000030517578,37.9900016784668,26.776351928710938,31363700
2015-08-26,38.75,38.83000183105469,37.88999938964844,38.72999954223633,27.29792022705078,23523300
2015-08-27,39.060001373291016,39.380001068115234,38.599998474121094,39.27000045776367,27.678525924682617,18871600
2015-08-28,39.11000061035156,39.470001220703125,39.04999923706055,39.45000076293945,27.80539894104004,14503900
2015-08-31,39.150001525878906,39.45000076293945,39.060001373291016,39.31999969482422,27.713769912719727,12673300
2015-09-01,38.66999816894531,39.029998779296875,38.540000915527344,38.75,27.3120174407959,23703200
2015-09-02,39.029998779296875,39.06999969482422,38.560001373291016,38.900001525878906,27.417755126953125,14054800
2015-09-03,38.900001525878906,39.34000015258789,38.84000015258789,39.15999984741211,27.601003646850586,13311600
2015-09-04,38.68000030517578,38.790000915527344,38.380001068115234,38.52000045776367,27.149906158447266,15450500
2015-09-08,38.869998931884766,39.029998779296875,38.599998474121094,38.900001525878906,27.417755126953125,15273900
2015-09-09,39.119998931884766,39.209999084472656,38.20000076293945,38.29999923706055,26.994853973388672,13764600
2015-09-10,38.310001373291016,38.650001525878906,38.25,38.41999816894531,27.079429626464844,14952500
2015-09-11,38.0099983215332,38.189998626708984,37.84000015258789,38.130001068115234,27.107860565185547,11802300
2015-09-14,38.220001220703125,38.220001220703125,37.849998474121094,38.099998474121094,27.08654022216797,8950000
2015-09-15,38.06999969482422,38.630001068115234,37.91999816894531,38.5,27.370901107788086,13019800
2015-09-16,38.66999816894531,39.189998626708984,38.470001220703125,39.150001525878906,27.833026885986328,22233400
2015-09-17,39.150001525878906,39.61000061035156,39.040000915527344,39.380001068115234,27.996530532836914,21232500
2015-09-18,38.86000061035156,39.29999923706055,38.709999084472656,38.97999954223633,27.71215057373047,27527300
2015-09-21,39.04999923706055,39.310001373291016,38.939998626708984,39.189998626708984,27.86146354675293,12935800
2015-09-22,38.68000030517578,38.9900016784668,38.58000183105469,38.790000915527344,27.577075958251953,15021300
2015-09-23,38.790000915527344,38.880001068115234,38.54999923706055,38.7599983215332,27.555749893188477,8910800
2015-09-24,38.52000045776367,39.20000076293945,38.5099983215332,39.150001525878906,27.833026885986328,19385700
2015-09-25,39.43000030517578,40.08000183105469,39.33000183105469,39.619998931884766,28.16715431213379,22511300
2015-09-28,39.52000045776367,39.81999969482422,39.33000183105469,39.529998779296875,28.103174209594727,19323100
2015-09-29,39.52000045776367,39.709999084472656,39.33000183105469,39.65999984741211,28.195602416992188,14166900
2015-09-30,39.880001068115234,40.22999954223633,39.79999923706055,40.119998931884766,28.52261734008789,19752600
2015-10-01,40.220001220703125,40.470001220703125,39.599998474121094,39.79999923706055,28.29512596130371,19606600
2015-10-02,39.560001373291016,40.38999938964844,39.36000061035156,40.38999938964844,28.714570999145508,15537300
2015-10-05,40.45000076293945,41.04999923706055,40.43000030517578,41.0099983215332,29.155351638793945,15664000
2015-10-06,41.040000915527344,41.34000015258789,40.93000030517578,40.959999084472656,29.119813919067383,14579400
2015-10-07,41.13999938964844,41.61000061035156,41.099998474121094,41.52000045776367,29.517925262451172,14329700
2015-10-08,41.2599983215332,41.9900016784668,41.2599983215332,41.97999954223633,29.844961166381836,11960200
2015-10-09,41.81999969482422,42.119998931884766,41.779998779296875,42.02000045776367,29.87339973449707,13931200
2015-10-12,41.83000183105469,42.290000915527344,41.810001373291016,42.0,29.85917091369629,12299100
2015-10-13,41.79999923706055,41.90999984741211,41.540000915527344,41.650001525878906,29.610347747802734,12903600
2015-10-14,41.560001373291016,41.959999084472656,41.560001373291016,41.68000030517578,29.63167953491211,14180000
2015-10-15,41.869998931884766,42.029998779296875,41.599998474121094,41.91999816894531,29.802297592163086,11801600
2015-10-16,42.15999984741211,42.209999084472656,41.880001068115234,42.02000045776367,29.87339973449707,20384200
2015-10-19,41.900001525878906,42.060001373291016,41.79999923706055,41.9900016784668,29.85206413269043,15553800
2015-10-20,42.0,42.400001525878906,42.0,42.290000915527344,30.06534194946289,16199300
2015-10-21,41.939998626708984,42.52000045776367,41.709999084472656,42.189998626708984,29.994251251220703,19254900
2015-10-22,42.439998626708984,43.849998474121094,42.40999984741211,43.2400016784668,30.74073028564453,35920200
2015-10-23,43.310001373291016,43.310001373291016,42.75,42.790000915527344,30.42081642150879,18796100
2015-10-26,42.7599983215332,42.88999938964844,42.459999084472656,42.59000015258789,30.27862548828125,14788600
2015-10-27,42.5,42.77000045776367,42.47999954223633,42.61000061035156,30.29285430908203,30166600
2015-10-28,42.75,42.84000015258789,42.209999084472656,42.72999954223633,30.378149032592773,13667300
2015-10-29,42.65999984741211,42.900001525878906,42.34000015258789,42.790000915527344,30.42081642150879,9427400
2015-10-30,42.79999923706055,42.86000061035156,42.349998474121094,42.349998474121094,30.108009338378906,15356200
2015-11-02,42.31999969482422,42.36000061035156,41.900001525878906,42.2400016784668,30.02979850769043,16252200
2015-11-03,42.18000030517578,42.31999969482422,41.810001373291016,42.15999984741211,29.972923278808594,9693100
2015-11-04,42.27000045776367,42.38999938964844,41.88999938964844,41.970001220703125,29.837854385375977,10488500
2015-11-05,42.0,42.349998474121094,41.97999954223633,42.33000183105469,30.093788146972656,9625100
2015-11-06,41.970001220703125,42.220001220703125,41.61000061035156,41.959999084472656,29.830734252929688,11926700
2015-11-09,41.70000076293945,41.790000915527344,41.34000015258789,41.540000915527344,29.532155990600586,10842700
2015-11-10,41.439998626708984,41.810001373291016,41.43000030517578,41.77000045776367,29.69565773010254,8283100
2015-11-11,41.939998626708984,42.20000076293945,41.91999816894531,42.040000915527344,29.88761329650879,9101200
2015-11-12,42.0099983215332,42.04999923706055,41.56999969482422,41.58000183105469,29.560592651367188,10725000
2015-11-13,41.459999084472656,41.779998779296875,41.36000061035156,41.380001068115234,29.41840171813965,11619500
2015-11-16,41.43000030517578,42.0,41.38999938964844,41.959999084472656,29.830734252929688,11244900
2015-11-17,41.849998474121094,42.150001525878906,41.5099983215332,41.66999816894531,29.62456512451172,12739400
2015-11-18,41.77000045776367,42.349998474121094,41.68000030517578,42.279998779296875,30.058237075805664,12966300
2015-11-19,42.31999969482422,43.29999923706055,42.31999969482422,43.11000061035156,30.648311614990234,24090700
2015-11-20,43.310001373291016,43.58000183105469,42.400001525878906,42.43000030517578,30.164873123168945,19780800
2015-11-23,42.54999923706055,43.18000030517578,42.529998779296875,42.959999084472656,30.541677474975586,13338100
2015-11-24,42.70000076293945,43.599998474121094,42.65999984741211,43.36000061035156,30.826045989990234,15767200
2015-11-25,43.31999969482422,43.5,43.2400016784668,43.36000061035156,30.826045989990234,10344900
2015-11-27,43.040000915527344,43.2400016784668,42.79999923706055,43.150001525878906,30.912010192871094,7236700
2015-11-30,43.119998931884766,43.150001525878906,42.61000061035156,42.619998931884766,30.532329559326172,16063000
2015-12-01,42.72999954223633,43.099998474121094,42.72999954223633,42.88999938964844,30.725759506225586,11153000
2015-12-02,42.83000183105469,42.93000030517578,42.59000015258789,42.77000045776367,30.639787673950195,12598500
2015-12-03,42.72999954223633,42.88999938964844,42.31999969482422,42.459999084472656,30.417705535888672,15004400
2015-12-04,42.58000183105469,43.47999954223633,42.58000183105469,43.290000915527344,31.012300491333008,16488000
2015-12-07,43.310001373291016,43.439998626708984,43.0,43.20000076293945,30.947824478149414,12030700
2015-12-08,43.04999923706055,43.25,42.79999923706055,43.0099983215332,30.81171989440918,10736200
2015-12-09,42.779998779296875,43.27000045776367,42.5,42.65999984741211,30.560976028442383,12945500
2015-12-10,42.72999954223633,43.06999969482422,42.529998779296875,42.7599983215332,30.632625579833984,15483300
2015-12-11,42.630001068115234,42.83000183105469,42.13999938964844,42.27000045776367,30.281597137451172,17313400
2015-12-14,42.310001373291016,42.7599983215332,41.970001220703125,42.45000076293945,30.410547256469727,20092900
2015-12-15,42.84000015258789,43.2400016784668,42.7599983215332,43.06999969482422,30.85470199584961,17916400
2015-12-16,43.25,43.90999984741211,43.25,43.84000015258789,31.406312942504883,21868600
2015-12-17,43.810001373291016,43.88999938964844,43.41999816894531,43.4900016784668,31.15558624267578,14697000
2015-12-18,43.36000061035156,43.41999816894531,42.5,42.5,30.44635772705078,24583700
2015-12-21,42.81999969482422,42.939998626708984,42.459999084472656,42.779998779296875,30.646947860717773,10444400
2015-12-22,42.86000061035156,43.38999938964844,42.709999084472656,43.290000915527344,31.012300491333008,12280800
2015-12-23,43.38999938964844,43.72999954223633,43.349998474121094,43.66999816894531,31.284528732299805,9092300
2015-12-24,43.4900016784668,43.720001220703125,43.41999816894531,43.540000915527344,31.191390991210938,3036600
2015-12-28,43.439998626708984,43.52000045776367,43.310001373291016,43.4900016784668,31.15558624267578,6326100
2015-12-29,43.540000915527344,43.779998779296875,43.5,43.709999084472656,31.313182830810547,7739800
2015-12-30,43.75,43.77000045776367,43.45000076293945,43.56999969482422,31.212881088256836,5112500
2015-12-31,43.29999923706055,43.34000015258789,42.869998931884766,42.959999084472656,30.775897979736328,9727900
2016-01-04,42.34000015258789,42.5,41.970001220703125,42.400001525878906,30.374717712402344,16084100
2016-01-05,42.310001373291016,42.630001068115234,42.16999816894531,42.54999923706055,30.482189178466797,15781900
2016-01-06,42.20000076293945,42.5099983215332,42.040000915527344,42.31999969482422,30.317420959472656,16245100
2016-01-07,41.650001525878906,42.11000061035156,41.45000076293945,41.619998931884766,29.815942764282227,20563600
2016-01-08,41.650001525878906,42.119998931884766,41.40999984741211,41.5099983215332,29.737140655517578,14645900
2016-01-11,41.58000183105469,41.86000061035156,41.290000915527344,41.58000183105469,29.787288665771484,15815200
2016-01-12,42.29999923706055,42.45000076293945,41.869998931884766,42.119998931884766,30.17413330078125,21814800
2016-01-13,42.16999816894531,42.56999969482422,41.790000915527344,41.849998474121094,29.980709075927734,16854300
2016-01-14,41.9900016784668,42.16999816894531,41.63999938964844,41.880001068115234,30.002199172973633,16028000
2016-01-15,40.95000076293945,41.59000015258789,40.93000030517578,41.5,29.729969024658203,21153600
2016-01-19,41.77000045776367,42.119998931884766,41.650001525878906,41.91999816894531,30.030853271484375,15462200
2016-01-20,41.45000076293945,41.619998931884766,40.75,41.380001068115234,29.64401626586914,19923500
2016-01-21,41.45000076293945,41.5099983215332,41.09000015258789,41.38999938964844,29.651180267333984,15568900
2016-01-22,41.63999938964844,42.2400016784668,41.45000076293945,42.060001373291016,30.131147384643555,15209200
2016-01-25,42.2400016784668,42.5,41.93000030517578,42.15999984741211,30.20278549194336,12505200
2016-01-26,42.15999984741211,42.5,41.93000030517578,42.08000183105469,30.145484924316406,13018500
2016-01-27,42.18000030517578,42.459999084472656,41.810001373291016,42.09000015258789,30.15263557434082,14167000
2016-01-28,42.18000030517578,42.720001220703125,42.060001373291016,42.56999969482422,30.496503829956055,16622800
2016-01-29,42.86000061035156,43.2599983215332,42.650001525878906,42.91999816894531,30.747249603271484,20457000
2016-02-01,42.599998474121094,43.150001525878906,42.56999969482422,43.0,30.80455207824707,17097800
2016-02-02,42.70000076293945,42.790000915527344,42.40999984741211,42.439998626708984,30.403377532958984,12332900
2016-02-03,42.79999923706055,42.939998626708984,42.279998779296875,42.720001220703125,30.60396957397461,15958300
2016-02-04,42.52000045776367,42.88999938964844,42.400001525878906,42.529998779296875,30.467851638793945,14413700
2016-02-05,42.93000030517578,42.9900016784668,42.2599983215332,42.439998626708984,30.403377532958984,17315700
2016-02-08,42.16999816894531,42.70000076293945,41.900001525878906,42.650001525878906,30.553821563720703,17254400
2016-02-09,42.2599983215332,43.4900016784668,42.2599983215332,43.29999923706055,31.019458770751953,24853800
2016-02-10,43.34000015258789,43.38999938964844,42.5099983215332,42.54999923706055,30.482189178466797,16729600
2016-02-11,42.029998779296875,42.61000061035156,41.97999954223633,42.40999984741211,30.38189125061035,16825300
2016-02-12,42.720001220703125,43.13999938964844,42.560001373291016,43.11000061035156,30.88334846496582,15222400
2016-02-16,43.31999969482422,43.459999084472656,43.02000045776367,43.36000061035156,31.062454223632812,12675900
2016-02-17,43.41999816894531,43.619998931884766,43.279998779296875,43.4900016784668,31.15558624267578,12332500
2016-02-18,43.630001068115234,43.72999954223633,43.29999923706055,43.61000061035156,31.241552352905273,11170300
2016-02-19,43.58000183105469,43.77000045776367,43.279998779296875,43.77000045776367,31.356163024902344,12850000
2016-02-22,43.77000045776367,44.15999984741211,43.630001068115234,43.939998626708984,31.477951049804688,20716100
2016-02-23,43.7400016784668,44.04999923706055,43.65999984741211,43.689998626708984,31.298870086669922,11166400
2016-02-24,43.560001373291016,43.939998626708984,43.369998931884766,43.90999984741211,31.456462860107422,10844200
2016-02-25,43.959999084472656,44.18000030517578,43.869998931884766,44.15999984741211,31.63555145263672,10903300
2016-02-26,44.040000915527344,44.060001373291016,43.11000061035156,43.13999938964844,30.904844284057617,18421000
2016-02-29,43.16999816894531,43.61000061035156,42.91999816894531,43.130001068115234,30.897672653198242,15049800
2016-03-01,43.380001068115234,43.689998626708984,43.16999816894531,43.689998626708984,31.298870086669922,12358300
2016-03-02,43.470001220703125,43.77000045776367,43.41999816894531,43.77000045776367,31.356163024902344,12856300
2016-03-03,43.61000061035156,43.97999954223633,43.540000915527344,43.959999084472656,31.492277145385742,13134800
2016-03-04,43.779998779296875,44.150001525878906,43.68000030517578,44.11000061035156,31.599735260009766,13691500
2016-03-07,43.90999984741211,44.13999938964844,43.86000061035156,44.0099983215332,31.528106689453125,10695300
2016-03-08,43.91999816894531,44.470001220703125,43.810001373291016,44.31999969482422,31.75018882751465,18900200
2016-03-09,44.38999938964844,44.83000183105469,44.290000915527344,44.810001373291016,32.10120391845703,18466600
2016-03-10,44.84000015258789,45.2599983215332,44.68000030517578,45.22999954223633,32.40208053588867,28908600
2016-03-11,45.0,45.25,44.93000030517578,45.20000076293945,32.63312530517578,16129300
2016-03-14,45.040000915527344,45.41999816894531,45.040000915527344,45.290000915527344,32.698097229003906,13206700
2016-03-15,45.08000183105469,45.560001373291016,45.06999969482422,45.2400016784668,32.66200637817383,13686300
2016-03-16,45.04999923706055,45.16999816894531,44.54999923706055,45.04999923706055,32.52482604980469,15386100
2016-03-17,45.04999923706055,45.90999984741211,44.970001220703125,45.77000045776367,33.04465103149414,24080000
2016-03-18,45.84000015258789,45.869998931884766,45.38999938964844,45.599998474121094,32.921905517578125,23853400
2016-03-21,45.41999816894531,45.869998931884766,45.36000061035156,45.66999816894531,32.97244644165039,9740400
2016-03-22,45.54999923706055,45.72999954223633,45.38999938964844,45.5,32.849700927734375,13788300
2016-03-23,45.400001525878906,45.709999084472656,45.349998474121094,45.459999084472656,32.820838928222656,9292100
2016-03-24,45.45000076293945,45.599998474121094,45.189998626708984,45.58000183105469,32.907466888427734,10890200
2016-03-28,45.560001373291016,45.93000030517578,45.5099983215332,45.79999923706055,33.066307067871094,13306600
2016-03-29,45.86000061035156,46.5099983215332,45.810001373291016,46.47999954223633,33.557254791259766,25010400
2016-03-30,46.630001068115234,46.72999954223633,46.33000183105469,46.58000183105469,33.62943649291992,14312200
2016-03-31,46.54999923706055,46.880001068115234,46.31999969482422,46.38999938964844,33.49226760864258,15544500
2016-04-01,46.13999938964844,46.869998931884766,46.11000061035156,46.83000183105469,33.80994415283203,14922900
2016-04-04,46.84000015258789,46.93000030517578,46.5,46.88999938964844,33.85326385498047,10629800
2016-04-05,46.619998931884766,46.810001373291016,46.439998626708984,46.529998779296875,33.59334945678711,10696700
2016-04-06,46.56999969482422,46.72999954223633,46.380001068115234,46.709999084472656,33.723297119140625,9122700
2016-04-07,46.5,46.58000183105469,46.15999984741211,46.36000061035156,33.470603942871094,9292000
2016-04-08,46.439998626708984,46.97999954223633,46.439998626708984,46.869998931884766,33.83881378173828,11959300
2016-04-11,46.900001525878906,47.130001068115234,46.40999984741211,46.439998626708984,33.52836608886719,11880100
2016-04-12,46.40999984741211,46.7599983215332,46.349998474121094,46.650001525878906,33.67997741699219,11219100
2016-04-13,46.77000045776367,46.779998779296875,45.81999969482422,46.040000915527344,33.23958206176758,13234100
2016-04-14,46.060001373291016,46.220001220703125,45.75,45.83000183105469,33.08797073364258,12982200
2016-04-15,45.81999969482422,46.15999984741211,45.68000030517578,46.099998474121094,33.28289031982422,13647800
2016-04-18,46.099998474121094,46.279998779296875,45.81999969482422,46.220001220703125,33.36953353881836,11538100
2016-04-19,46.310001373291016,46.619998931884766,46.150001525878906,46.599998474121094,33.64387893676758,14418300
2016-04-20,45.34000015258789,45.380001068115234,44.060001373291016,44.369998931884766,32.03388595581055,40360300
2016-04-21,44.2599983215332,44.279998779296875,42.869998931884766,43.65999984741211,31.521284103393555,37206900
2016-04-22,43.790000915527344,44.65999984741211,43.790000915527344,44.540000915527344,32.156620025634766,25134200
2016-04-25,44.5,44.720001220703125,44.380001068115234,44.709999084472656,32.27935791015625,11173800
2016-04-26,44.91999816894531,44.959999084472656,44.43000030517578,44.529998779296875,32.14938735961914,13935500
2016-04-27,44.63999938964844,44.86000061035156,44.25,44.68000030517578,32.257694244384766,11335500
2016-04-28,44.5,44.900001525878906,44.459999084472656,44.630001068115234,32.22160720825195,10932500
2016-04-29,44.529998779296875,44.86000061035156,44.5,44.79999923706055,32.344337463378906,11716000
2016-05-02,44.56999969482422,45.189998626708984,44.56999969482422,44.97999954223633,32.47428512573242,12577500
2016-05-03,44.869998931884766,45.06999969482422,44.650001525878906,44.84000015258789,32.37321472167969,10420500
2016-05-04,44.720001220703125,45.11000061035156,44.5099983215332,44.97999954223633,32.47428512573242,9350500
2016-05-05,44.93000030517578,45.4900016784668,44.869998931884766,45.060001373291016,32.532047271728516,8801100
2016-05-06,45.060001373291016,45.40999984741211,44.91999816894531,45.31999969482422,32.71976089477539,8564000
2016-05-09,45.31999969482422,45.5,45.16999816894531,45.2400016784668,32.66200637817383,8110600
2016-05-10,45.439998626708984,45.84000015258789,45.41999816894531,45.75,33.03021240234375,8933500
2016-05-11,45.72999954223633,45.880001068115234,45.45000076293945,45.459999084472656,32.820838928222656,8833100
2016-05-12,45.54999923706055,45.900001525878906,45.4900016784668,45.83000183105469,33.08797073364258,10463400
2016-05-13,45.75,45.83000183105469,45.22999954223633,45.349998474121094,32.74142837524414,10341200
2016-05-16,45.15999984741211,45.72999954223633,45.13999938964844,45.619998931884766,32.93635177612305,9413600
2016-05-17,45.45000076293945,45.560001373291016,44.709999084472656,44.75,32.3082389831543,17457000
2016-05-18,44.560001373291016,44.83000183105469,44.22999954223633,44.47999954223633,32.113304138183594,12524300
2016-05-19,44.25,44.38999938964844,44.040000915527344,44.31999969482422,31.997791290283203,10659500
2016-05-20,44.5099983215332,44.540000915527344,43.939998626708984,43.95000076293945,31.73065948486328,12914100
2016-05-23,44.06999969482422,44.15999984741211,43.939998626708984,43.970001220703125,31.745100021362305,13554700
2016-05-24,44.099998474121094,44.41999816894531,44.0,44.369998931884766,32.03388595581055,12634200
2016-05-25,44.5099983215332,44.630001068115234,44.25,44.380001068115234,32.041099548339844,9218100
2016-05-26,44.529998779296875,44.77000045776367,44.439998626708984,44.689998626708984,32.264915466308594,8695800
2016-05-27,44.709999084472656,44.959999084472656,44.650001525878906,44.779998779296875,32.329898834228516,7893900
2016-05-31,44.97999954223633,44.97999954223633,44.2599983215332,44.599998474121094,32.19994354248047,18935200
2016-06-01,44.599998474121094,44.779998779296875,44.4900016784668,44.70000076293945,32.272132873535156,8916000
2016-06-02,44.70000076293945,44.720001220703125,44.5,44.720001220703125,32.28658676147461,6693900
2016-06-03,44.75,45.04999923706055,44.68000030517578,45.040000915527344,32.51760482788086,13434900
2016-06-06,45.09000015258789,45.47999954223633,45.08000183105469,45.369998931884766,32.75585174560547,10310600
2016-06-07,45.349998474121094,45.47999954223633,45.20000076293945,45.31999969482422,32.71976089477539,9812600
2016-06-08,45.2400016784668,45.65999984741211,45.189998626708984,45.54999923706055,32.88581085205078,7915400
2016-06-09,45.33000183105469,45.79999923706055,45.310001373291016,45.7599983215332,33.03742218017578,8042900
2016-06-10,45.619998931884766,46.0099983215332,45.560001373291016,45.9900016784668,33.20348358154297,12357000
2016-06-13,45.47999954223633,45.66999816894531,45.09000015258789,45.119998931884766,32.825172424316406,10613500
2016-06-14,44.849998474121094,45.130001068115234,44.439998626708984,45.040000915527344,32.7669677734375,11298200
2016-06-15,45.119998931884766,45.34000015258789,44.880001068115234,45.0099983215332,32.745147705078125,8360400
2016-06-16,44.869998931884766,45.34000015258789,44.720001220703125,45.310001373291016,32.963409423828125,11305400
2016-06-17,45.16999816894531,45.220001220703125,44.380001068115234,44.790000915527344,32.58510208129883,20805400
2016-06-20,45.09000015258789,45.310001373291016,44.959999084472656,44.97999954223633,32.72331237792969,10712400
2016-06-21,45.15999984741211,45.279998779296875,45.0,45.130001068115234,32.83244323730469,7919400
2016-06-22,45.25,45.33000183105469,44.810001373291016,44.86000061035156,32.636016845703125,10738900
2016-06-23,45.029998779296875,45.16999816894531,44.84000015258789,45.08000183105469,32.796077728271484,9655300
2016-06-24,44.20000076293945,44.560001373291016,43.81999969482422,43.93000030517578,31.959436416625977,26003700
2016-06-27,43.66999816894531,43.88999938964844,43.31999969482422,43.779998779296875,31.85031509399414,15779500
2016-06-28,44.060001373291016,44.189998626708984,43.66999816894531,44.18000030517578,32.141300201416016,16509800
2016-06-29,44.38999938964844,44.709999084472656,44.2400016784668,44.439998626708984,32.330467224121094,12250900
2016-06-30,44.52000045776367,45.33000183105469,44.4900016784668,45.33000183105469,32.97795104980469,16056500
2016-07-01,45.33000183105469,45.40999984741211,45.06999969482422,45.119998931884766,32.825172424316406,11799700
2016-07-05,45.15999984741211,45.66999816894531,45.150001525878906,45.43000030517578,33.05070877075195,12339100
2016-07-06,45.5,45.54999923706055,44.91999816894531,45.27000045776367,32.93429183959961,10902600
2016-07-07,45.41999816894531,45.52000045776367,44.970001220703125,45.09000015258789,32.80335235595703,9741100
2016-07-08,45.29999923706055,45.52000045776367,45.06999969482422,45.380001068115234,33.01433181762695,11127100
2016-07-11,45.349998474121094,45.77000045776367,45.11000061035156,45.56999969482422,33.15255355834961,10937800
2016-07-12,45.63999938964844,45.709999084472656,45.18000030517578,45.58000183105469,33.15982437133789,9739000
2016-07-13,45.61000061035156,45.7599983215332,45.43000030517578,45.7400016784668,33.2762336730957,8028400
2016-07-14,45.72999954223633,45.939998626708984,45.58000183105469,45.689998626708984,33.239837646484375,7621200
2016-07-15,45.880001068115234,45.900001525878906,45.439998626708984,45.630001068115234,33.19620132446289,10621000
2016-07-18,45.689998626708984,45.70000076293945,45.47999954223633,45.630001068115234,33.19620132446289,7958300
2016-07-19,45.459999084472656,45.709999084472656,45.43000030517578,45.630001068115234,33.19620132446289,7761100
2016-07-20,45.75,45.77000045776367,45.38999938964844,45.5099983215332,33.10889434814453,8478200
2016-07-21,45.34000015258789,45.5099983215332,45.2599983215332,45.45000076293945,33.06524658203125,8045100
2016-07-22,45.5,45.84000015258789,45.459999084472656,45.83000183105469,33.341712951660156,8836100
2016-07-25,45.810001373291016,45.83000183105469,45.470001220703125,45.56999969482422,33.15255355834961,9134300
2016-07-26,45.529998779296875,45.650001525878906,44.83000183105469,44.880001068115234,32.650569915771484,15819900
2016-07-27,43.900001525878906,44.060001373291016,43.099998474121094,43.400001525878906,31.573867797851562,37461100
2016-07-28,43.27000045776367,43.689998626708984,43.220001220703125,43.650001525878906,31.75572967529297,13077800
2016-07-29,43.720001220703125,43.75,43.47999954223633,43.630001068115234,31.741188049316406,16530500
2016-08-01,43.689998626708984,43.83000183105469,43.43000030517578,43.45000076293945,31.610225677490234,12349700
2016-08-02,43.349998474121094,43.58000183105469,43.310001373291016,43.529998779296875,31.668439865112305,12825200
2016-08-03,43.65999984741211,43.70000076293945,43.369998931884766,43.63999938964844,31.748464584350586,12119100
2016-08-04,43.560001373291016,43.79999923706055,43.400001525878906,43.5099983215332,31.65388298034668,11244100
2016-08-05,43.650001525878906,43.75,43.40999984741211,43.47999954223633,31.63206672668457,10398200
2016-08-08,43.43000030517578,43.52000045776367,43.220001220703125,43.439998626708984,31.602956771850586,8680300
2016-08-09,43.5,43.63999938964844,43.380001068115234,43.470001220703125,31.624794006347656,7281300
2016-08-10,43.63999938964844,43.689998626708984,43.5,43.61000061035156,31.726638793945312,8412100
2016-08-11,43.720001220703125,43.869998931884766,43.619998931884766,43.75,31.828479766845703,11303300
2016-08-12,43.90999984741211,44.189998626708984,43.790000915527344,44.029998779296875,32.03219223022461,10928900
2016-08-15,44.099998474121094,44.33000183105469,44.0099983215332,44.2400016784668,32.18496322631836,10390600
2016-08-16,44.25,44.25,43.83000183105469,43.83000183105469,31.886686325073242,9706100
2016-08-17,44.0099983215332,44.06999969482422,43.779998779296875,44.060001373291016,32.054012298583984,11208500
2016-08-18,44.0099983215332,44.2599983215332,44.0,44.099998474121094,32.08310317993164,9144300
2016-08-19,44.04999923706055,44.060001373291016,43.7400016784668,43.91999816894531,31.95216178894043,9385900
2016-08-22,43.939998626708984,43.95000076293945,43.72999954223633,43.7400016784668,31.821216583251953,8687500
2016-08-23,43.849998474121094,43.97999954223633,43.7400016784668,43.849998474121094,31.90123176574707,8421100
2016-08-24,43.81999969482422,43.939998626708984,43.65999984741211,43.849998474121094,31.90123176574707,11508900
2016-08-25,43.849998474121094,43.939998626708984,43.630001068115234,43.66999816894531,31.770292282104492,9815700
2016-08-26,43.720001220703125,43.91999816894531,43.310001373291016,43.31999969482422,31.515657424926758,11824900
2016-08-29,43.34000015258789,43.61000061035156,43.33000183105469,43.540000915527344,31.675716400146484,9544600
2016-08-30,43.459999084472656,43.529998779296875,43.119998931884766,43.2400016784668,31.457462310791016,9720100
2016-08-31,43.43000030517578,43.459999084472656,43.08000183105469,43.43000030517578,31.595687866210938,10217900
2016-09-01,43.209999084472656,43.40999984741211,43.20000076293945,43.349998474121094,31.5374755859375,8457800
2016-09-02,43.52000045776367,43.83000183105469,43.470001220703125,43.65999984741211,31.763011932373047,9026000
2016-09-06,43.7400016784668,43.79999923706055,43.400001525878906,43.790000915527344,31.857593536376953,8600400
2016-09-07,43.720001220703125,43.79999923706055,43.529998779296875,43.63999938964844,31.748464584350586,8656600
2016-09-08,43.66999816894531,43.72999954223633,43.45000076293945,43.630001068115234,31.741188049316406,10020400
2016-09-09,43.43000030517578,43.43000030517578,42.27000045776367,42.27000045776367,30.75178337097168,23624200
2016-09-12,42.36000061035156,43.22999954223633,42.34000015258789,43.189998626708984,31.42107582092285,15932300
2016-09-13,42.77000045776367,42.77000045776367,42.209999084472656,42.279998779296875,31.010347366333008,12962700
2016-09-14,42.27000045776367,42.40999984741211,41.9900016784668,42.11000061035156,30.885662078857422,9823900
2016-09-15,42.0099983215332,42.38999938964844,41.880001068115234,42.36000061035156,31.06903839111328,10158500
2016-09-16,42.16999816894531,42.2599983215332,41.970001220703125,42.13999938964844,30.907669067382812,16354000
2016-09-19,42.15999984741211,42.369998931884766,42.08000183105469,42.099998474121094,30.878318786621094,7659900
2016-09-20,42.310001373291016,42.529998779296875,42.2400016784668,42.34000015258789,31.054353713989258,8407200
2016-09-21,42.279998779296875,42.61000061035156,42.099998474121094,42.529998779296875,31.19371795654297,13654700
2016-09-22,42.709999084472656,43.0099983215332,42.689998626708984,42.959999084472656,31.50910186767578,9288300
2016-09-23,42.810001373291016,42.939998626708984,42.650001525878906,42.7400016784668,31.347747802734375,8852700
2016-09-26,42.709999084472656,42.720001220703125,42.0099983215332,42.04999923706055,30.84164810180664,15036000
2016-09-27,42.189998626708984,42.630001068115234,42.0,42.59000015258789,31.237709045410156,11920400
2016-09-28,42.630001068115234,42.7599983215332,42.029998779296875,42.150001525878906,30.91500473022461,15523800
2016-09-29,42.02000045776367,42.38999938964844,41.849998474121094,42.029998779296875,30.826990127563477,12671700
2016-09-30,42.209999084472656,42.5,42.060001373291016,42.31999969482422,31.039697647094727,14375700
2016-10-03,42.310001373291016,42.310001373291016,41.88999938964844,42.029998779296875,30.826990127563477,11152800
2016-10-04,42.34000015258789,42.34000015258789,41.779998779296875,41.84000015258789,30.687631607055664,13682700
2016-10-05,41.93000030517578,42.06999969482422,41.66999816894531,41.810001373291016,30.665630340576172,9607300
2016-10-06,41.68000030517578,41.939998626708984,41.58000183105469,41.709999084472656,30.592283248901367,9722900
2016-10-07,41.83000183105469,41.939998626708984,41.56999969482422,41.72999954223633,30.606945037841797,8122800
2016-10-10,41.91999816894531,41.9900016784668,41.599998474121094,41.72999954223633,30.606945037841797,8983600
2016-10-11,41.65999984741211,41.70000076293945,41.400001525878906,41.540000915527344,30.46759605407715,12249100
2016-10-12,41.630001068115234,41.84000015258789,41.5,41.779998779296875,30.643625259399414,12216300
2016-10-13,41.650001525878906,41.88999938964844,41.5099983215332,41.7599983215332,30.62895965576172,17655600
2016-10-14,41.849998474121094,41.90999984741211,41.619998931884766,41.66999816894531,30.562942504882812,9893800
2016-10-17,41.72999954223633,41.86000061035156,41.56999969482422,41.599998474121094,30.511615753173828,10792500
2016-10-18,41.810001373291016,42.0,41.72999954223633,41.970001220703125,30.782983779907227,11297300
2016-10-19,41.93000030517578,42.119998931884766,41.810001373291016,42.04999923706055,30.84164810180664,16367400
2016-10-20,41.970001220703125,42.11000061035156,41.88999938964844,41.93000030517578,30.753633499145508,10620500
2016-10-21,41.849998474121094,42.16999816894531,41.68000030517578,42.130001068115234,30.900327682495117,14401500
2016-10-24,42.31999969482422,42.77000045776367,42.25,42.560001373291016,31.21571159362793,13439200
2016-10-25,42.63999938964844,42.880001068115234,42.43000030517578,42.540000915527344,31.201051712036133,16484700
2016-10-26,43.0,43.029998779296875,42.40999984741211,42.439998626708984,31.127704620361328,16886200
2016-10-27,42.630001068115234,42.650001525878906,41.900001525878906,42.119998931884766,30.892995834350586,14537000
2016-10-28,42.2599983215332,42.470001220703125,42.099998474121094,42.22999954223633,30.973678588867188,13398400
2016-10-31,42.119998931884766,42.40999984741211,42.119998931884766,42.400001525878906,31.09836196899414,13327500
2016-11-01,42.400001525878906,42.43000030517578,41.90999984741211,42.119998931884766,30.892995834350586,12223400
2016-11-02,42.099998474121094,42.34000015258789,42.0099983215332,42.04999923706055,30.84164810180664,12034300
2016-11-03,42.220001220703125,42.220001220703125,41.959999084472656,42.029998779296875,30.826990127563477,11258000
2016-11-04,41.849998474121094,42.040000915527344,41.689998626708984,41.689998626708984,30.577611923217773,14464200
2016-11-07,42.040000915527344,42.5,42.040000915527344,42.459999084472656,31.142372131347656,14038500
2016-11-08,42.369998931884766,42.97999954223633,42.369998931884766,42.880001068115234,31.450428009033203,12036600
2016-11-09,41.7599983215332,42.31999969482422,41.70000076293945,42.27000045776367,31.003021240234375,21351000
2016-11-10,41.86000061035156,42.2599983215332,40.849998474121094,40.939998626708984,30.027523040771484,33245500
2016-11-11,40.95000076293945,41.130001068115234,40.630001068115234,41.029998779296875,30.093538284301758,13421000
2016-11-14,41.130001068115234,41.41999816894531,40.849998474121094,41.16999816894531,30.19622039794922,19514200
2016-11-15,41.18000030517578,41.52000045776367,41.16999816894531,41.439998626708984,30.394241333007812,16554000
2016-11-16,41.400001525878906,41.650001525878906,41.15999984741211,41.2599983215332,30.262222290039062,12681400
2016-11-17,41.279998779296875,41.29999923706055,41.0,41.119998931884766,30.159547805786133,12398800
2016-11-18,41.029998779296875,41.20000076293945,40.900001525878906,40.90999984741211,30.00552749633789,16345300
2016-11-21,40.90999984741211,41.36000061035156,40.72999954223633,41.36000061035156,30.3355770111084,12307000
2016-11-22,41.45000076293945,41.70000076293945,41.2400016784668,41.369998931884766,30.342893600463867,12743500
2016-11-23,41.220001220703125,41.310001373291016,41.029998779296875,41.119998931884766,30.159547805786133,9281300
2016-11-25,41.38999938964844,41.58000183105469,41.2400016784668,41.529998779296875,30.460250854492188,7402300
2016-11-28,41.5099983215332,41.790000915527344,41.27000045776367,41.75,30.62162208557129,19424400
2016-11-29,41.52000045776367,41.52000045776367,41.13999938964844,41.150001525878906,30.436710357666016,11421900
2016-11-30,41.0,41.20000076293945,40.349998474121094,40.349998474121094,29.844985961914062,22410400
2016-12-01,40.310001373291016,40.38999938964844,39.880001068115234,40.16999816894531,29.71183967590332,20409900
2016-12-02,40.29999923706055,40.4900016784668,40.189998626708984,40.36000061035156,29.852388381958008,11176300
2016-12-05,40.34000015258789,40.689998626708984,40.310001373291016,40.619998931884766,30.044694900512695,15977800
2016-12-06,40.75,40.77000045776367,40.41999816894531,40.56999969482422,30.007705688476562,11303500
2016-12-07,40.540000915527344,41.290000915527344,40.5099983215332,41.290000915527344,30.540264129638672,13726500
2016-12-08,41.06999969482422,41.209999084472656,40.849998474121094,40.97999954223633,30.310962677001953,13077100
2016-12-09,41.5,42.220001220703125,41.290000915527344,42.0,31.065401077270508,28125800
2016-12-12,42.0,42.0099983215332,41.720001220703125,41.900001525878906,30.99144744873047,17561900
2016-12-13,41.720001220703125,41.959999084472656,41.540000915527344,41.7599983215332,30.887903213500977,18986000
2016-12-14,41.88999938964844,41.9900016784668,41.060001373291016,41.209999084472656,30.48109245300293,17937900
2016-12-15,41.099998474121094,41.810001373291016,41.099998474121094,41.54999923706055,30.732568740844727,14265300
2016-12-16,41.61000061035156,41.7599983215332,41.47999954223633,41.7400016784668,30.873096466064453,19675200
2016-12-19,41.689998626708984,41.79999923706055,41.58000183105469,41.66999816894531,30.821321487426758,8687300
2016-12-20,41.70000076293945,41.720001220703125,41.439998626708984,41.65999984741211,30.81393051147461,10603500
2016-12-21,41.599998474121094,41.83000183105469,41.52000045776367,41.56999969482422,30.74735450744629,9693600
2016-12-22,41.56999969482422,41.619998931884766,41.08000183105469,41.54999923706055,30.732568740844727,11894100
2016-12-23,41.619998931884766,41.689998626708984,41.349998474121094,41.599998474121094,30.769556045532227,6436600
2016-12-27,41.560001373291016,41.7599983215332,41.540000915527344,41.61000061035156,30.776945114135742,6999200
2016-12-28,41.4900016784668,41.66999816894531,41.38999938964844,41.38999938964844,30.61422348022461,8988000
2016-12-29,41.380001068115234,41.689998626708984,41.380001068115234,41.599998474121094,30.769556045532227,6875300
2016-12-30,41.689998626708984,41.84000015258789,41.349998474121094,41.459999084472656,30.665998458862305,11470200
2017-01-03,41.5,41.810001373291016,41.279998779296875,41.79999923706055,30.9174861907959,14711000
2017-01-04,41.880001068115234,41.970001220703125,41.59000015258789,41.650001525878906,30.806529998779297,9959400
2017-01-05,41.65999984741211,41.86000061035156,41.529998779296875,41.75,30.88050079345703,8968300
2017-01-06,41.70000076293945,41.810001373291016,41.540000915527344,41.7400016784668,30.873096466064453,10246600
2017-01-09,41.22999954223633,41.58000183105469,41.209999084472656,41.31999969482422,30.56244659423828,14822500
2017-01-10,41.439998626708984,41.439998626708984,40.86000061035156,41.040000915527344,30.35533905029297,19706800
2017-01-11,40.849998474121094,41.119998931884766,40.83000183105469,41.04999923706055,30.362747192382812,9266200
2017-01-12,41.0099983215332,41.040000915527344,40.79999923706055,40.95000076293945,30.288785934448242,8541200
2017-01-13,41.0,41.040000915527344,40.689998626708984,40.880001068115234,30.23699951171875,8123500
2017-01-17,40.84000015258789,41.29999923706055,40.79999923706055,41.220001220703125,30.48849105834961,12469400
2017-01-18,41.25,41.380001068115234,41.13999938964844,41.290000915527344,30.540264129638672,10390500
2017-01-19,41.13999938964844,41.290000915527344,41.029998779296875,41.13999938964844,30.429302215576172,10987100
2017-01-20,41.27000045776367,41.439998626708984,41.130001068115234,41.31999969482422,30.56244659423828,14695400
2017-01-23,41.310001373291016,41.5,41.209999084472656,41.43000030517578,30.643808364868164,11628900
2017-01-24,41.470001220703125,41.970001220703125,41.470001220703125,41.900001525878906,30.99144744873047,17040100
2017-01-25,41.939998626708984,42.25,41.900001525878906,42.119998931884766,31.154172897338867,12538200
2017-01-26,42.029998779296875,42.11000061035156,41.790000915527344,41.810001373291016,30.924882888793945,8976800
2017-01-27,41.90999984741211,41.95000076293945,41.41999816894531,41.45000076293945,30.658615112304688,12967400
2017-01-30,41.29999923706055,41.47999954223633,41.209999084472656,41.380001068115234,30.606847763061523,11626200
2017-01-31,41.38999938964844,41.689998626708984,41.36000061035156,41.56999969482422,30.74735450744629,12678000
2017-02-01,41.52000045776367,41.65999984741211,41.25,41.2599983215332,30.518064498901367,11136100
2017-02-02,41.40999984741211,41.4900016784668,41.25,41.400001525878906,30.62162208557129,9459700
2017-02-03,41.58000183105469,41.790000915527344,41.459999084472656,41.540000915527344,30.725170135498047,11882400
2017-02-06,41.529998779296875,41.66999816894531,41.400001525878906,41.560001373291016,30.739973068237305,15742800
2017-02-07,41.70000076293945,41.97999954223633,41.66999816894531,41.900001525878906,30.99144744873047,13315200
2017-02-08,41.90999984741211,42.150001525878906,41.84000015258789,42.02000045776367,31.080211639404297,14219700
2017-02-09,42.02000045776367,42.02000045776367,40.720001220703125,41.25,30.510677337646484,27240300
2017-02-10,41.02000045776367,41.20000076293945,40.54999923706055,40.58000183105469,30.015108108520508,28847300
2017-02-13,40.77000045776367,40.83000183105469,40.5,40.619998931884766,30.044694900512695,23617100
2017-02-14,40.380001068115234,40.599998474121094,40.220001220703125,40.529998779296875,29.978130340576172,32177800
2017-02-15,40.41999816894531,40.630001068115234,40.400001525878906,40.439998626708984,29.91154670715332,26600800
2017-02-16,40.54999923706055,41.279998779296875,40.5,41.20000076293945,30.473691940307617,22214800
2017-02-17,41.130001068115234,41.36000061035156,41.04999923706055,41.22999954223633,30.495882034301758,15065100
2017-02-21,41.20000076293945,41.5,41.20000076293945,41.459999084472656,30.665998458862305,17072600
2017-02-22,41.5099983215332,41.68000030517578,41.400001525878906,41.599998474121094,30.769556045532227,11186800
2017-02-23,41.66999816894531,42.0,41.619998931884766,41.65999984741211,30.81393051147461,12856800
2017-02-24,41.70000076293945,41.90999984741211,41.599998474121094,41.779998779296875,30.90268898010254,13215300
2017-02-27,41.75,41.75,41.59000015258789,41.66999816894531,30.821321487426758,12186400
2017-02-28,41.68000030517578,42.06999969482422,41.63999938964844,41.959999084472656,31.035818099975586,15946800
2017-03-01,42.0099983215332,42.349998474121094,41.880001068115234,42.15999984741211,31.183753967285156,14662000
2017-03-02,42.08000183105469,42.560001373291016,42.06999969482422,42.470001220703125,31.413036346435547,15507600
2017-03-03,42.470001220703125,42.4900016784668,42.25,42.47999954223633,31.420446395874023,11740000
2017-03-06,42.34000015258789,42.43000030517578,42.119998931884766,42.18000030517578,31.198556900024414,16307800
2017-03-07,42.0,42.2400016784668,41.95000076293945,41.9900016784668,31.05801010131836,11273700
2017-03-08,42.0,42.029998779296875,41.7400016784668,41.9900016784668,31.05801010131836,14636000
2017-03-09,42.09000015258789,42.11000061035156,41.91999816894531,42.029998779296875,31.087614059448242,14496400
2017-03-10,42.22999954223633,42.400001525878906,42.150001525878906,42.290000915527344,31.2799129486084,16369700
2017-03-13,41.91999816894531,42.119998931884766,41.84000015258789,42.029998779296875,31.36199378967285,12831500
2017-03-14,41.97999954223633,42.099998474121094,41.83000183105469,41.970001220703125,31.317232131958008,9844500
2017-03-15,41.97999954223633,42.279998779296875,41.970001220703125,42.119998931884766,31.42914581298828,22757800
2017-03-16,42.029998779296875,42.38999938964844,41.900001525878906,42.25,31.52614974975586,16004200
2017-03-17,42.279998779296875,42.349998474121094,42.0099983215332,42.029998779296875,31.36199378967285,37526500
2017-03-20,42.099998474121094,42.34000015258789,42.06999969482422,42.18000030517578,31.473909378051758,11484200
2017-03-21,42.310001373291016,42.630001068115234,42.209999084472656,42.5,31.712688446044922,17187300
2017-03-22,42.560001373291016,42.70000076293945,42.25,42.380001068115234,31.623153686523438,11605500
2017-03-23,42.209999084472656,42.38999938964844,42.060001373291016,42.16999816894531,31.46645736694336,11503300
2017-03-24,42.22999954223633,42.25,41.90999984741211,42.119998931884766,31.42914581298828,13804400
2017-03-27,42.11000061035156,42.34000015258789,42.04999923706055,42.31999969482422,31.57839012145996,12387400
2017-03-28,42.2400016784668,42.560001373291016,42.2400016784668,42.43000030517578,31.66046714782715,14123800
2017-03-29,42.5099983215332,42.529998779296875,42.290000915527344,42.41999816894531,31.653003692626953,9580100
2017-03-30,42.349998474121094,42.619998931884766,42.2599983215332,42.599998474121094,31.78730583190918,11999900
2017-03-31,42.54999923706055,42.650001525878906,42.43000030517578,42.439998626708984,31.66792869567871,11551800
2017-04-03,42.58000183105469,42.630001068115234,42.27000045776367,42.40999984741211,31.64554786682129,11240000
2017-04-04,42.5099983215332,42.689998626708984,42.369998931884766,42.68000030517578,31.847002029418945,10946200
2017-04-05,42.650001525878906,42.86000061035156,42.529998779296875,42.56999969482422,31.764930725097656,10142800
2017-04-06,42.58000183105469,42.7599983215332,42.470001220703125,42.66999816894531,31.83954620361328,14597800
2017-04-07,42.63999938964844,42.7400016784668,42.5099983215332,42.61000061035156,31.794784545898438,11028800
2017-04-10,42.72999954223633,42.79999923706055,42.560001373291016,42.689998626708984,31.85447120666504,9426900
2017-04-11,42.68000030517578,42.75,42.52000045776367,42.65999984741211,31.83208656311035,8909400
2017-04-12,42.540000915527344,42.9900016784668,42.5099983215332,42.939998626708984,32.041015625,13417200
2017-04-13,42.869998931884766,43.08000183105469,42.779998779296875,42.790000915527344,31.92909049987793,9891900
2017-04-17,42.790000915527344,43.06999969482422,42.779998779296875,43.06999969482422,32.13801193237305,11318100
2017-04-18,43.11000061035156,43.59000015258789,43.09000015258789,43.47999954223633,32.44396209716797,13181600
2017-04-19,43.7400016784668,43.790000915527344,43.189998626708984,43.22999954223633,32.257415771484375,13893100
2017-04-20,43.20000076293945,43.29999923706055,43.04999923706055,43.09000015258789,32.15293884277344,10838300
2017-04-21,42.97999954223633,43.099998474121094,42.88999938964844,43.06999969482422,32.13801193237305,13833800
2017-04-24,43.2400016784668,43.43000030517578,43.150001525878906,43.279998779296875,32.29471969604492,16703800
2017-04-25,42.849998474121094,43.43000030517578,42.81999969482422,43.11000061035156,32.16786575317383,18745100
2017-04-26,43.060001373291016,43.43000030517578,42.97999954223633,43.2400016784668,32.26487350463867,13626600
2017-04-27,43.16999816894531,43.279998779296875,42.91999816894531,43.0099983215332,32.09324264526367,10386200
2017-04-28,42.959999084472656,43.20000076293945,42.849998474121094,43.150001525878906,32.19772720336914,10337800
2017-05-01,43.150001525878906,43.5,43.099998474121094,43.220001220703125,32.24995040893555,13208200
2017-05-02,43.220001220703125,43.439998626708984,43.15999984741211,43.38999938964844,32.37680435180664,11823900
2017-05-03,43.33000183105469,43.4900016784668,43.150001525878906,43.31999969482422,32.32456588745117,10389000
2017-05-04,43.41999816894531,43.810001373291016,43.400001525878906,43.65999984741211,32.57826232910156,10193100
2017-05-05,43.790000915527344,43.84000015258789,43.560001373291016,43.689998626708984,32.60063934326172,8133000
2017-05-08,43.59000015258789,43.90999984741211,43.540000915527344,43.88999938964844,32.74988555908203,14284300
2017-05-09,43.88999938964844,43.88999938964844,43.380001068115234,43.5099983215332,32.466339111328125,8694400
2017-05-10,43.47999954223633,43.619998931884766,43.36000061035156,43.56999969482422,32.511112213134766,7597700
2017-05-11,43.4900016784668,43.68000030517578,43.43000030517578,43.66999816894531,32.58572769165039,6860100
2017-05-12,43.63999938964844,43.68000030517578,43.459999084472656,43.59000015258789,32.52602767944336,7275800
2017-05-15,43.459999084472656,43.7599983215332,43.459999084472656,43.72999954223633,32.6304931640625,8493000
2017-05-16,43.869998931884766,44.11000061035156,43.77000045776367,43.849998474121094,32.72003173828125,10454100
2017-05-17,43.849998474121094,44.16999816894531,43.709999084472656,43.93000030517578,32.77973175048828,14538800
2017-05-18,43.869998931884766,43.959999084472656,43.63999938964844,43.79999923706055,32.68273162841797,13832200
2017-05-19,43.849998474121094,44.0,43.7599983215332,43.900001525878906,32.75735855102539,11796800
2017-05-22,43.88999938964844,44.220001220703125,43.810001373291016,44.18000030517578,32.96627426147461,12857900
2017-05-23,44.25,44.599998474121094,44.209999084472656,44.38999938964844,33.12296676635742,11996100
2017-05-24,44.5099983215332,45.09000015258789,44.5099983215332,45.029998779296875,33.60053253173828,12738300
2017-05-25,45.0,45.47999954223633,44.970001220703125,45.40999984741211,33.884090423583984,16704200
2017-05-26,45.349998474121094,45.560001373291016,45.33000183105469,45.38999938964844,33.869163513183594,11341400
2017-05-30,45.15999984741211,45.459999084472656,45.11000061035156,45.43000030517578,33.89901351928711,13093500
2017-05-31,45.43000030517578,45.70000076293945,45.369998931884766,45.470001220703125,33.92885971069336,14148000
2017-06-01,45.45000076293945,45.790000915527344,45.22999954223633,45.790000915527344,34.16762161254883,11049300
2017-06-02,45.83000183105469,45.88999938964844,45.61000061035156,45.88999938964844,34.242244720458984,9923700
2017-06-05,45.779998779296875,45.9900016784668,45.689998626708984,45.9900016784668,34.316864013671875,10015200
2017-06-06,45.900001525878906,46.060001373291016,45.779998779296875,45.97999954223633,34.30940628051758,9836700
2017-06-07,45.5,45.70000076293945,45.349998474121094,45.5099983215332,33.95868682861328,12776300
2017-06-08,45.5099983215332,45.5099983215332,45.029998779296875,45.130001068115234,33.67515563964844,12879000
2017-06-09,45.060001373291016,45.349998474121094,44.970001220703125,45.31999969482422,33.81692123413086,9358800
2017-06-12,45.31999969482422,45.47999954223633,45.20000076293945,45.33000183105469,33.82439422607422,11228500
2017-06-13,45.0,45.11000061035156,44.79999923706055,45.029998779296875,33.87704849243164,10023400
2017-06-14,45.18000030517578,45.470001220703125,45.15999984741211,45.29999923706055,34.08018493652344,11497500
2017-06-15,45.18000030517578,45.34000015258789,45.040000915527344,45.25,34.042564392089844,9908700
2017-06-16,45.310001373291016,45.349998474121094,45.0099983215332,45.310001373291016,34.08770751953125,27025300
2017-06-19,45.349998474121094,45.380001068115234,45.099998474121094,45.380001068115234,34.14037322998047,7624700
2017-06-20,45.349998474121094,45.869998931884766,45.31999969482422,45.61000061035156,34.31339645385742,14920900
2017-06-21,45.619998931884766,45.68000030517578,45.16999816894531,45.220001220703125,34.019996643066406,9515800
2017-06-22,45.16999816894531,45.279998779296875,45.029998779296875,45.06999969482422,33.907142639160156,7446300
2017-06-23,45.04999923706055,45.380001068115234,45.029998779296875,45.25,34.042564392089844,9544800
2017-06-26,45.31999969482422,45.5099983215332,45.29999923706055,45.43000030517578,34.17798614501953,7747100
2017-06-27,45.34000015258789,45.400001525878906,45.0,45.04999923706055,33.89209747314453,11432200
2017-06-28,45.25,45.5,45.22999954223633,45.31999969482422,34.0952262878418,9218800
2017-06-29,45.130001068115234,45.2400016784668,44.650001525878906,44.83000183105469,33.726585388183594,9283500
2017-06-30,44.88999938964844,45.119998931884766,44.849998474121094,44.849998474121094,33.74163055419922,9352800
2017-07-03,45.11000061035156,45.27000045776367,44.7599983215332,44.7599983215332,33.67392349243164,6434500
2017-07-05,44.790000915527344,44.9900016784668,44.72999954223633,44.81999969482422,33.71906280517578,6853600
2017-07-06,44.720001220703125,44.849998474121094,44.290000915527344,44.400001525878906,33.4030876159668,13113000
2017-07-07,44.470001220703125,44.52000045776367,44.2400016784668,44.38999938964844,33.39556121826172,9566000
2017-07-10,44.45000076293945,44.58000183105469,44.22999954223633,44.380001068115234,33.38804244995117,9672000
2017-07-11,44.31999969482422,44.47999954223633,44.150001525878906,44.33000183105469,33.35042190551758,10300700
2017-07-12,44.59000015258789,44.77000045776367,44.439998626708984,44.5099983215332,33.485843658447266,7737400
2017-07-13,44.4900016784668,44.529998779296875,44.369998931884766,44.43000030517578,33.42566680908203,6371900
2017-07-14,44.52000045776367,44.720001220703125,44.5,44.68000030517578,33.613746643066406,8558700
2017-07-17,44.65999984741211,44.790000915527344,44.61000061035156,44.72999954223633,33.65134811401367,7189200
2017-07-18,44.779998779296875,44.849998474121094,44.619998931884766,44.66999816894531,33.6062126159668,9037200
2017-07-19,44.66999816894531,44.84000015258789,44.54999923706055,44.83000183105469,33.726585388183594,6986900
2017-07-20,44.900001525878906,44.97999954223633,44.75,44.81999969482422,33.71906280517578,7430300
2017-07-21,44.779998779296875,45.06999969482422,44.66999816894531,45.029998779296875,33.87704849243164,8545600
2017-07-24,45.040000915527344,45.04999923706055,44.83000183105469,44.84000015258789,33.734107971191406,9103600
2017-07-25,45.02000045776367,45.290000915527344,44.939998626708984,45.2400016784668,34.0350341796875,14096300
2017-07-26,44.54999923706055,45.790000915527344,44.310001373291016,45.7400016784668,34.411197662353516,13608900
2017-07-27,45.79999923706055,46.43000030517578,45.70000076293945,46.119998931884766,34.69708251953125,15195200
2017-07-28,46.0,46.119998931884766,45.72999954223633,46.0099983215332,34.61432647705078,11945300
2017-07-31,46.0,46.08000183105469,45.790000915527344,45.84000015258789,34.486427307128906,13622900
2017-08-01,45.970001220703125,46.060001373291016,45.650001525878906,45.70000076293945,34.38111114501953,10306800
2017-08-02,45.599998474121094,46.0,45.380001068115234,45.59000015258789,34.29834747314453,10187900
2017-08-03,45.650001525878906,45.95000076293945,45.630001068115234,45.66999816894531,34.35853958129883,14261400
2017-08-04,45.66999816894531,45.7599983215332,45.470001220703125,45.5,34.230648040771484,9523600
2017-08-07,45.52000045776367,45.7599983215332,45.5,45.63999938964844,34.335975646972656,6226300
2017-08-08,45.63999938964844,45.81999969482422,45.54999923706055,45.599998474121094,34.30587387084961,5747900
2017-08-09,45.560001373291016,45.65999984741211,45.33000183105469,45.59000015258789,34.29834747314453,9635300
2017-08-10,45.560001373291016,45.84000015258789,45.459999084472656,45.7400016784668,34.411197662353516,8901600
2017-08-11,45.86000061035156,45.900001525878906,45.56999969482422,45.59000015258789,34.29834747314453,8357600
2017-08-14,45.66999816894531,45.939998626708984,45.619998931884766,45.79999923706055,34.45634078979492,8421200
2017-08-15,45.79999923706055,46.25,45.79999923706055,46.189998626708984,34.749752044677734,9638100
2017-08-16,46.150001525878906,46.34000015258789,46.119998931884766,46.20000076293945,34.75727462768555,8087300
2017-08-17,46.119998931884766,46.33000183105469,45.849998474121094,45.86000061035156,34.50148010253906,8477000
2017-08-18,45.79999923706055,45.900001525878906,45.630001068115234,45.66999816894531,34.35853958129883,10879800
2017-08-21,45.66999816894531,45.79999923706055,45.560001373291016,45.68000030517578,34.366058349609375,9429700
2017-08-22,45.70000076293945,45.75,45.540000915527344,45.599998474121094,34.30587387084961,10536700
2017-08-23,45.630001068115234,45.65999984741211,45.439998626708984,45.540000915527344,34.2607421875,6528400
2017-08-24,45.540000915527344,45.61000061035156,45.310001373291016,45.40999984741211,34.162933349609375,7534400
2017-08-25,45.599998474121094,45.7599983215332,45.560001373291016,45.56999969482422,34.28329849243164,8807100
2017-08-28,45.630001068115234,45.689998626708984,45.380001068115234,45.41999816894531,34.17045593261719,8024000
2017-08-29,45.400001525878906,45.56999969482422,45.25,45.45000076293945,34.193016052246094,7762200
2017-08-30,45.36000061035156,45.540000915527344,45.290000915527344,45.38999938964844,34.14789962768555,7134900
2017-08-31,45.400001525878906,45.650001525878906,45.34000015258789,45.54999923706055,34.268253326416016,14264600
2017-09-01,45.63999938964844,45.79999923706055,45.540000915527344,45.779998779296875,34.44129180908203,7391200
2017-09-05,45.75,45.93000030517578,45.650001525878906,45.91999816894531,34.5466194152832,9916700
2017-09-06,45.97999954223633,46.040000915527344,45.790000915527344,45.959999084472656,34.57670974731445,9238900
2017-09-07,46.0099983215332,46.31999969482422,45.959999084472656,46.279998779296875,34.81746292114258,9418400
2017-09-08,46.189998626708984,46.369998931884766,46.02000045776367,46.29999923706055,34.83251190185547,10534900
2017-09-11,46.349998474121094,46.59000015258789,46.220001220703125,46.52000045776367,34.998016357421875,10430300
2017-09-12,46.5,46.75,46.45000076293945,46.720001220703125,35.14848327636719,8567600
2017-09-13,46.68000030517578,46.97999954223633,46.650001525878906,46.869998931884766,35.26131820678711,10218000
2017-09-14,46.400001525878906,46.470001220703125,45.939998626708984,46.11000061035156,34.965579986572266,13768800
2017-09-15,46.29999923706055,46.36000061035156,46.0,46.18000030517578,35.01866149902344,16141400
2017-09-18,46.150001525878906,46.2400016784668,45.90999984741211,46.11000061035156,34.965579986572266,8535300
2017-09-19,46.13999938964844,46.189998626708984,45.88999938964844,45.97999954223633,34.867008209228516,7297900
2017-09-20,45.7599983215332,46.150001525878906,45.54999923706055,45.779998779296875,34.7153434753418,11026600
2017-09-21,45.709999084472656,45.790000915527344,45.36000061035156,45.400001525878906,34.42717361450195,7555300
2017-09-22,45.45000076293945,45.630001068115234,45.369998931884766,45.4900016784668,34.495426177978516,8024800
2017-09-25,45.5,45.7599983215332,45.349998474121094,45.689998626708984,34.6470947265625,9215300
2017-09-26,45.689998626708984,45.869998931884766,45.560001373291016,45.56999969482422,34.556087493896484,6480100
2017-09-27,45.470001220703125,45.5,44.380001068115234,44.63999938964844,33.85086441040039,14816200
2017-09-28,44.66999816894531,45.0,44.650001525878906,44.90999984741211,34.05561065673828,8789500
2017-09-29,44.86000061035156,45.11000061035156,44.790000915527344,45.0099983215332,34.131439208984375,10082200
2017-10-02,45.04999923706055,45.27000045776367,44.75,44.79999923706055,33.972190856933594,10707800
2017-10-03,44.86000061035156,45.2599983215332,44.7599983215332,45.189998626708984,34.267940521240234,12038100
2017-10-04,45.11000061035156,45.560001373291016,44.939998626708984,45.5,34.50301742553711,14060300
2017-10-05,45.5099983215332,45.75,45.5,45.52000045776367,34.518192291259766,10215300
2017-10-06,45.38999938964844,45.52000045776367,45.279998779296875,45.4900016784668,34.495426177978516,5437900
2017-10-09,45.54999923706055,45.650001525878906,45.34000015258789,45.40999984741211,34.43476867675781,5268300
2017-10-10,45.599998474121094,45.900001525878906,45.529998779296875,45.869998931884766,34.7835807800293,6310400
2017-10-11,45.880001068115234,46.099998474121094,45.869998931884766,46.099998474121094,34.95800018310547,6638200
2017-10-12,45.97999954223633,46.13999938964844,45.939998626708984,46.11000061035156,34.965579986572266,7710200
2017-10-13,46.25,46.380001068115234,46.150001525878906,46.18000030517578,35.01866149902344,7126000
2017-10-16,46.119998931884766,46.75,46.099998474121094,46.619998931884766,35.35232162475586,12708600
2017-10-17,46.529998779296875,46.630001068115234,46.310001373291016,46.52000045776367,35.27649688720703,7699400
2017-10-18,46.40999984741211,46.540000915527344,46.2400016784668,46.400001525878906,35.185489654541016,6272200
2017-10-19,46.369998931884766,46.790000915527344,46.31999969482422,46.59000015258789,35.3295783996582,7515500
2017-10-20,46.58000183105469,46.59000015258789,46.279998779296875,46.380001068115234,35.170318603515625,9646800
2017-10-23,46.380001068115234,46.650001525878906,46.22999954223633,46.31999969482422,35.12482833862305,7153600
2017-10-24,46.2599983215332,46.290000915527344,45.95000076293945,46.18000030517578,35.01866149902344,9539500
2017-10-25,46.369998931884766,46.7599983215332,45.93000030517578,46.04999923706055,34.920082092285156,11994200
2017-10-26,46.31999969482422,46.75,46.220001220703125,46.22999954223633,35.05657958984375,10569100
2017-10-27,46.130001068115234,46.33000183105469,45.90999984741211,46.06999969482422,34.93525314331055,9988000
2017-10-30,46.0,46.06999969482422,45.81999969482422,45.86000061035156,34.77600860595703,7201900
2017-10-31,45.91999816894531,46.16999816894531,45.84000015258789,45.97999954223633,34.867008209228516,6560500
2017-11-01,45.75,46.09000015258789,45.630001068115234,45.79999923706055,34.73050308227539,7067600
2017-11-02,45.810001373291016,45.95000076293945,45.75,45.880001068115234,34.79117202758789,8317800
2017-11-03,45.970001220703125,46.15999984741211,45.91999816894531,45.970001220703125,34.85942077636719,4730400
2017-11-06,45.90999984741211,45.91999816894531,45.41999816894531,45.470001220703125,34.48026657104492,7451300
2017-11-07,45.40999984741211,45.95000076293945,45.310001373291016,45.939998626708984,34.836666107177734,9868000
2017-11-08,45.97999954223633,46.189998626708984,45.869998931884766,46.18000030517578,35.01866149902344,7586900
2017-11-09,46.119998931884766,46.38999938964844,46.02000045776367,46.22999954223633,35.05657958984375,6532400
2017-11-10,46.20000076293945,46.63999938964844,46.13999938964844,46.540000915527344,35.29165267944336,8022900
2017-11-13,46.599998474121094,46.81999969482422,46.540000915527344,46.720001220703125,35.42815399169922,7653600
2017-11-14,46.709999084472656,47.47999954223633,46.619998931884766,47.43000030517578,35.966556549072266,17200700
2017-11-15,47.31999969482422,47.459999084472656,46.779998779296875,46.810001373291016,35.49639892578125,12419100
2017-11-16,46.95000076293945,46.97999954223633,46.5099983215332,46.54999923706055,35.29924011230469,12506400
2017-11-17,46.34000015258789,46.380001068115234,45.25,45.709999084472656,34.662261962890625,19720700
2017-11-20,45.650001525878906,45.880001068115234,45.41999816894531,45.459999084472656,34.472679138183594,19160900
2017-11-21,45.560001373291016,45.95000076293945,45.540000915527344,45.779998779296875,34.7153434753418,10280800
2017-11-22,45.88999938964844,45.93000030517578,45.540000915527344,45.84000015258789,34.760841369628906,8434400
2017-11-24,45.88999938964844,46.04999923706055,45.86000061035156,45.880001068115234,34.79117202758789,2996300
2017-11-27,45.880001068115234,45.9900016784668,45.810001373291016,45.900001525878906,34.806339263916016,5649200
2017-11-28,45.9900016784668,46.150001525878906,45.779998779296875,45.83000183105469,34.75325012207031,8432800
2017-11-29,45.77000045776367,45.81999969482422,45.209999084472656,45.5,34.50301742553711,16502100
2017-11-30,45.13999938964844,45.84000015258789,45.029998779296875,45.77000045776367,34.992305755615234,17147600
2017-12-01,45.79999923706055,46.02000045776367,45.209999084472656,45.970001220703125,35.14522171020508,12468800
2017-12-04,45.9900016784668,46.380001068115234,45.77000045776367,46.22999954223633,35.343997955322266,17523600
2017-12-05,46.25,46.439998626708984,46.060001373291016,46.2599983215332,35.36691665649414,13670800
2017-12-06,46.36000061035156,46.47999954223633,46.2599983215332,46.45000076293945,35.5121955871582,8154000
2017-12-07,46.290000915527344,46.31999969482422,45.720001220703125,45.779998779296875,34.999961853027344,9106500
2017-12-08,45.70000076293945,45.72999954223633,45.04999923706055,45.310001373291016,34.640628814697266,13238600
2017-12-11,45.310001373291016,45.40999984741211,44.91999816894531,45.33000183105469,34.65591812133789,9698700
2017-12-12,45.25,45.52000045776367,45.060001373291016,45.290000915527344,34.62533950805664,13999300
2017-12-13,45.45000076293945,46.04999923706055,45.400001525878906,45.900001525878906,35.09170150756836,12418700
2017-12-14,45.810001373291016,46.16999816894531,45.79999923706055,46.029998779296875,35.191097259521484,9029000
2017-12-15,46.290000915527344,46.41999816894531,46.040000915527344,46.189998626708984,35.31340789794922,21181600
2017-12-18,46.20000076293945,46.380001068115234,45.90999984741211,45.93000030517578,35.114627838134766,10156800
2017-12-19,46.040000915527344,46.380001068115234,45.90999984741211,46.130001068115234,35.26753234863281,8253200
2017-12-20,46.209999084472656,46.29999923706055,45.959999084472656,46.08000183105469,35.229312896728516,7311000
2017-12-21,46.13999938964844,46.220001220703125,45.560001373291016,45.599998474121094,34.86233901977539,9657100
2017-12-22,45.689998626708984,45.72999954223633,45.54999923706055,45.59000015258789,34.85469055175781,5406300
2017-12-26,45.70000076293945,45.86000061035156,45.61000061035156,45.810001373291016,35.02288055419922,6100400
2017-12-27,45.900001525878906,45.939998626708984,45.720001220703125,45.93000030517578,35.114627838134766,5660600
2017-12-28,45.90999984741211,45.9900016784668,45.63999938964844,45.720001220703125,34.95407485961914,6538900
2017-12-29,45.70000076293945,46.18000030517578,45.689998626708984,45.880001068115234,35.076412200927734,8371500
2018-01-02,45.90999984741211,45.939998626708984,45.5099983215332,45.540000915527344,34.81647491455078,10872200
2018-01-03,45.4900016784668,45.689998626708984,45.34000015258789,45.439998626708984,34.740028381347656,12635600
2018-01-04,45.560001373291016,46.220001220703125,45.45000076293945,46.08000183105469,35.229312896728516,12709400
2018-01-05,46.02000045776367,46.20000076293945,45.790000915527344,46.06999969482422,35.22167205810547,13113100
2018-01-08,45.95000076293945,46.099998474121094,45.880001068115234,46.0,35.16816329956055,7068600
2018-01-09,46.0,46.36000061035156,45.939998626708984,46.22999954223633,35.343997955322266,9962400
2018-01-10,46.22999954223633,46.2599983215332,45.93000030517578,46.06999969482422,35.22167205810547,10700700
2018-01-11,46.22999954223633,46.22999954223633,45.86000061035156,46.040000915527344,35.19874572753906,7583200
2018-01-12,46.279998779296875,46.38999938964844,46.029998779296875,46.150001525878906,35.2828369140625,14570100
2018-01-16,46.150001525878906,46.619998931884766,46.13999938964844,46.529998779296875,35.57334899902344,16459300
2018-01-17,46.58000183105469,47.0,46.54999923706055,46.81999969482422,35.795066833496094,12143100
2018-01-18,46.75,47.06999969482422,46.61000061035156,46.880001068115234,35.840938568115234,11952900
2018-01-19,46.9900016784668,47.25,46.869998931884766,47.15999984741211,36.05500793457031,16187400
2018-01-22,47.13999938964844,47.5,47.09000015258789,47.380001068115234,36.22319793701172,9577400
2018-01-23,47.209999084472656,47.70000076293945,47.130001068115234,47.45000076293945,36.27670669555664,11463700
2018-01-24,47.529998779296875,47.95000076293945,47.47999954223633,47.83000183105469,36.567237854003906,15964500
2018-01-25,47.70000076293945,48.0,47.70000076293945,47.84000015258789,36.57487106323242,11755000
2018-01-26,47.779998779296875,48.619998931884766,47.7400016784668,48.529998779296875,37.10239791870117,16671200
2018-01-29,48.209999084472656,48.459999084472656,47.58000183105469,47.70000076293945,36.46784591674805,11662600
2018-01-30,47.72999954223633,48.15999984741211,47.400001525878906,47.40999984741211,36.246131896972656,12404800
2018-01-31,47.45000076293945,47.900001525878906,47.369998931884766,47.59000015258789,36.383750915527344,10960100
2018-02-01,47.40999984741211,47.72999954223633,47.11000061035156,47.45000076293945,36.27670669555664,10279400
2018-02-02,47.349998474121094,47.40999984741211,46.630001068115234,46.72999954223633,35.72625732421875,12912300
2018-02-05,46.650001525878906,46.91999816894531,44.40999984741211,44.88999938964844,34.31952667236328,23261500
2018-02-06,43.869998931884766,44.7400016784668,43.439998626708984,44.66999816894531,34.15132522583008,25184300
2018-02-07,44.58000183105469,45.5,44.279998779296875,44.560001373291016,34.067230224609375,18041600
2018-02-08,44.619998931884766,44.619998931884766,43.06999969482422,43.099998474121094,32.951026916503906,23295300
2018-02-09,43.36000061035156,43.459999084472656,42.189998626708984,43.130001068115234,32.97396469116211,22853100
2018-02-12,43.560001373291016,44.22999954223633,43.369998931884766,43.970001220703125,33.616153717041016,14689000
2018-02-13,43.91999816894531,44.40999984741211,43.689998626708984,44.189998626708984,33.784358978271484,13163200
2018-02-14,44.02000045776367,44.189998626708984,43.630001068115234,44.099998474121094,33.71556091308594,13457900
2018-02-15,44.25,44.83000183105469,44.119998931884766,44.779998779296875,34.23543167114258,13467300
2018-02-16,45.56999969482422,45.63999938964844,44.720001220703125,44.97999954223633,34.38833999633789,17202300
2018-02-20,44.75,44.83000183105469,43.939998626708984,43.9900016784668,33.63145065307617,14137300
2018-02-21,44.11000061035156,44.2599983215332,43.33000183105469,43.34000015258789,33.13450622558594,12792900
2018-02-22,43.43000030517578,43.81999969482422,43.220001220703125,43.52000045776367,33.27212142944336,12377800
2018-02-23,43.58000183105469,44.060001373291016,43.41999816894531,44.040000915527344,33.6696891784668,8277200
2018-02-26,44.22999954223633,44.38999938964844,43.810001373291016,44.029998779296875,33.66202926635742,12713300
2018-02-27,44.150001525878906,44.310001373291016,43.619998931884766,43.619998931884766,33.34857940673828,12774400
2018-02-28,43.83000183105469,43.90999984741211,43.220001220703125,43.220001220703125,33.04277420043945,11929400
2018-03-01,43.099998474121094,43.63999938964844,42.81999969482422,43.43000030517578,33.203330993652344,17746800
2018-03-02,43.25,43.79999923706055,43.2400016784668,43.720001220703125,33.4250373840332,14050100
2018-03-05,43.56999969482422,43.939998626708984,43.5,43.88999938964844,33.55500411987305,11992700
2018-03-06,43.95000076293945,44.04999923706055,43.59000015258789,43.93000030517578,33.585575103759766,10010500
2018-03-07,43.59000015258789,43.91999816894531,43.470001220703125,43.81999969482422,33.501495361328125,10881700
2018-03-08,43.900001525878906,44.459999084472656,43.79999923706055,44.45000076293945,33.98313903808594,12361100
2018-03-09,44.56999969482422,44.81999969482422,44.38999938964844,44.81999969482422,34.26600646972656,9778600
2018-03-12,44.95000076293945,45.09000015258789,44.33000183105469,44.529998779296875,34.04430389404297,11857700
2018-03-13,44.66999816894531,44.83000183105469,44.400001525878906,44.56999969482422,34.07488250732422,11342100
2018-03-14,44.380001068115234,44.43000030517578,43.72999954223633,43.779998779296875,33.76637268066406,15321200
2018-03-15,43.880001068115234,44.0,43.54999923706055,43.66999816894531,33.6815299987793,12456700
2018-03-16,43.70000076293945,44.02000045776367,43.45000076293945,43.459999084472656,33.51955795288086,26603300
2018-03-19,43.459999084472656,43.709999084472656,43.18000030517578,43.2599983215332,33.365299224853516,12380300
2018-03-20,43.31999969482422,43.47999954223633,43.0099983215332,43.15999984741211,33.28817367553711,13559800
2018-03-21,43.130001068115234,43.45000076293945,42.790000915527344,43.0,33.1647834777832,13054000
2018-03-22,42.880001068115234,43.369998931884766,42.70000076293945,42.7599983215332,32.97968292236328,12274100
2018-03-23,42.81999969482422,43.15999984741211,42.290000915527344,42.33000183105469,32.64802169799805,13475200
2018-03-26,42.61000061035156,42.810001373291016,42.25,42.689998626708984,32.925682067871094,11276100
2018-03-27,42.70000076293945,43.310001373291016,42.529998779296875,42.88999938964844,33.07993698120117,11627000
2018-03-28,43.0,43.70000076293945,43.0,43.31999969482422,33.41157531738281,16277400
2018-03-29,43.540000915527344,43.91999816894531,43.290000915527344,43.43000030517578,33.49643325805664,10450500
2018-04-02,43.439998626708984,43.5,42.470001220703125,42.66999816894531,32.91026306152344,14207900
2018-04-03,42.97999954223633,43.540000915527344,42.84000015258789,43.380001068115234,33.45786666870117,15484600
2018-04-04,43.13999938964844,44.400001525878906,43.11000061035156,44.2400016784668,34.12116622924805,13563300
2018-04-05,44.279998779296875,44.61000061035156,43.939998626708984,44.400001525878906,34.24455261230469,11707800
2018-04-06,44.279998779296875,44.52000045776367,43.709999084472656,43.91999816894531,33.874351501464844,11495100
2018-04-09,44.029998779296875,44.310001373291016,43.779998779296875,43.83000183105469,33.80492401123047,11913400
2018-04-10,44.06999969482422,44.18000030517578,43.720001220703125,43.9900016784668,33.92832946777344,10379500
2018-04-11,43.810001373291016,44.13999938964844,43.7599983215332,43.9900016784668,33.92832946777344,8424300
2018-04-12,44.08000183105469,44.40999984741211,43.95000076293945,44.029998779296875,33.95918273925781,8476400
2018-04-13,44.189998626708984,44.689998626708984,44.13999938964844,44.5099983215332,34.329402923583984,10774200
2018-04-16,44.650001525878906,44.88999938964844,44.400001525878906,44.68000030517578,34.46052169799805,8962100
2018-04-17,44.95000076293945,45.029998779296875,44.650001525878906,44.880001068115234,34.614776611328125,8406400
2018-04-18,44.900001525878906,44.970001220703125,44.33000183105469,44.5099983215332,34.329402923583984,7429000
2018-04-19,44.34000015258789,44.470001220703125,44.02000045776367,44.310001373291016,34.17513656616211,10370400
2018-04-20,44.310001373291016,44.40999984741211,43.58000183105469,43.7400016784668,33.73551559448242,14690700
2018-04-23,43.7400016784668,43.9900016784668,43.560001373291016,43.97999954223633,33.920623779296875,11878500
2018-04-24,43.97999954223633,44.099998474121094,42.72999954223633,43.06999969482422,33.2187614440918,18523900
2018-04-25,42.7400016784668,42.88999938964844,41.90999984741211,42.43000030517578,32.725154876708984,20774700
2018-04-26,42.400001525878906,43.099998474121094,42.2599983215332,42.75,32.97195816040039,13561000
2018-04-27,42.72999954223633,43.34000015258789,42.709999084472656,43.310001373291016,33.40386962890625,9777900
2018-04-30,43.5,43.689998626708984,42.970001220703125,43.209999084472656,33.326744079589844,16037700
2018-05-01,42.959999084472656,42.9900016784668,42.18000030517578,42.59000015258789,32.84855651855469,11514200
2018-05-02,42.400001525878906,42.59000015258789,41.939998626708984,42.060001373291016,32.439781188964844,13736400
2018-05-03,42.220001220703125,42.400001525878906,41.52000045776367,41.88999938964844,32.308658599853516,18352200
2018-05-04,41.790000915527344,42.5,41.77000045776367,42.36000061035156,32.67116928100586,10946200
2018-05-07,42.34000015258789,42.4900016784668,41.959999084472656,42.13999938964844,32.501487731933594,9336000
2018-05-08,41.970001220703125,42.09000015258789,41.689998626708984,41.810001373291016,32.246971130371094,15062200
2018-05-09,41.970001220703125,42.22999954223633,41.66999816894531,41.779998779296875,32.223819732666016,9295200
2018-05-10,41.9900016784668,42.36000061035156,41.939998626708984,42.18000030517578,32.53233337402344,7924200
2018-05-11,42.2400016784668,42.470001220703125,42.040000915527344,42.13999938964844,32.501487731933594,6331900
2018-05-14,42.25,42.31999969482422,41.900001525878906,42.040000915527344,32.42435836791992,10715500
2018-05-15,41.779998779296875,41.91999816894531,41.45000076293945,41.720001220703125,32.17755126953125,16449700
2018-05-16,41.7400016784668,41.939998626708984,41.540000915527344,41.54999923706055,32.04643630981445,11590500
2018-05-17,42.0099983215332,42.349998474121094,41.869998931884766,42.29999923706055,32.62488555908203,14857400
2018-05-18,42.29999923706055,42.380001068115234,42.08000183105469,42.18000030517578,32.53233337402344,11950200
2018-05-21,42.310001373291016,42.52000045776367,42.27000045776367,42.40999984741211,32.7097282409668,9110200
2018-05-22,42.5,42.599998474121094,42.209999084472656,42.25,32.5863151550293,8222900
2018-05-23,42.25,42.45000076293945,41.93000030517578,42.400001525878906,32.7020149230957,8971400
2018-05-24,42.400001525878906,42.470001220703125,42.189998626708984,42.31999969482422,32.64031982421875,9269600
2018-05-25,42.34000015258789,42.58000183105469,42.20000076293945,42.400001525878906,32.7020149230957,8806500
2018-05-29,42.119998931884766,42.849998474121094,42.099998474121094,42.68000030517578,32.91796875,14826900
2018-05-30,42.77000045776367,43.279998779296875,42.70000076293945,43.130001068115234,33.26504135131836,10114200
2018-05-31,43.20000076293945,43.209999084472656,42.68000030517578,43.0,33.1647834777832,15571300
2018-06-01,43.099998474121094,43.31999969482422,43.040000915527344,43.119998931884766,33.25731658935547,10664700
2018-06-04,43.36000061035156,43.59000015258789,43.290000915527344,43.4900016784668,33.54270553588867,11727600
2018-06-05,43.5,43.540000915527344,43.099998474121094,43.11000061035156,33.249610900878906,9975900
2018-06-06,43.060001373291016,43.459999084472656,43.040000915527344,43.459999084472656,33.51955795288086,9202900
2018-06-07,43.33000183105469,43.72999954223633,43.33000183105469,43.439998626708984,33.50414276123047,11948100
2018-06-08,43.56999969482422,44.0,43.560001373291016,43.95000076293945,33.897491455078125,12078800
2018-06-11,43.95000076293945,44.25,43.88999938964844,44.130001068115234,34.036319732666016,7526100
2018-06-12,44.130001068115234,44.41999816894531,44.08000183105469,44.40999984741211,34.252281188964844,8243300
2018-06-13,44.349998474121094,44.52000045776367,44.150001525878906,44.18000030517578,34.074886322021484,16745000
2018-06-14,43.75,43.849998474121094,43.52000045776367,43.58000183105469,33.91146469116211,12696200
2018-06-15,43.560001373291016,44.150001525878906,43.45000076293945,44.119998931884766,34.331668853759766,21562500
2018-06-18,43.880001068115234,43.959999084472656,43.400001525878906,43.54999923706055,33.88813018798828,12161900
2018-06-19,43.29999923706055,43.75,43.20000076293945,43.599998474121094,33.92702865600586,12936400
2018-06-20,43.619998931884766,43.779998779296875,43.22999954223633,43.2599983215332,33.66245651245117,10893700
2018-06-21,43.27000045776367,43.29999923706055,42.959999084472656,43.09000015258789,33.53017807006836,10465200
2018-06-22,43.150001525878906,43.40999984741211,43.08000183105469,43.25,33.65468978881836,14924400
2018-06-25,43.15999984741211,43.75,43.15999984741211,43.58000183105469,33.91146469116211,12092400
2018-06-26,43.560001373291016,43.84000015258789,43.279998779296875,43.33000183105469,33.7169303894043,13974700
2018-06-27,43.33000183105469,43.61000061035156,42.9900016784668,43.06999969482422,33.51461410522461,15332600
2018-06-28,43.2400016784668,43.68000030517578,43.16999816894531,43.470001220703125,33.82587814331055,12668900
2018-06-29,43.56999969482422,44.099998474121094,43.310001373291016,43.86000061035156,34.12934112548828,11485600
2018-07-02,43.779998779296875,44.15999984741211,43.58000183105469,43.75,34.04376220703125,9232500
2018-07-03,44.060001373291016,44.33000183105469,43.9900016784668,43.9900016784668,34.23051071166992,8214300
2018-07-05,44.15999984741211,44.66999816894531,44.130001068115234,44.65999984741211,34.75186538696289,11653000
2018-07-06,44.66999816894531,44.939998626708984,44.58000183105469,44.63999938964844,34.73630905151367,8733900
2018-07-09,44.540000915527344,44.72999954223633,44.34000015258789,44.400001525878906,34.5495491027832,7373100
2018-07-10,44.5099983215332,45.0,44.5,44.970001220703125,34.99308776855469,10606100
2018-07-11,44.9900016784668,45.0,44.63999938964844,44.790000915527344,34.853023529052734,7715600
2018-07-12,44.83000183105469,44.959999084472656,44.4900016784668,44.66999816894531,34.759639739990234,6331600
2018-07-13,44.70000076293945,44.779998779296875,44.470001220703125,44.7400016784668,34.81412124633789,5585900
2018-07-16,44.72999954223633,44.79999923706055,44.529998779296875,44.72999954223633,34.80632400512695,5831400
2018-07-17,44.75,45.38999938964844,44.68000030517578,45.25,35.21096420288086,11592200
2018-07-18,45.189998626708984,45.290000915527344,44.84000015258789,45.119998931884766,35.10979461669922,7351600
2018-07-19,44.9900016784668,45.43000030517578,44.91999816894531,45.11000061035156,35.102027893066406,10097500
2018-07-20,45.02000045776367,45.279998779296875,44.900001525878906,45.279998779296875,35.234317779541016,8588400
2018-07-23,45.279998779296875,45.36000061035156,44.77000045776367,44.95000076293945,34.97752380371094,9055700
2018-07-24,44.779998779296875,45.27000045776367,44.61000061035156,45.2599983215332,35.218746185302734,13786100
2018-07-25,46.0,46.58000183105469,45.75,46.09000015258789,35.86460494995117,21330600
2018-07-26,46.36000061035156,46.59000015258789,46.20000076293945,46.2400016784668,35.98133087158203,12673100
2018-07-27,46.31999969482422,46.5,46.060001373291016,46.209999084472656,35.95798873901367,10516900
2018-07-30,46.099998474121094,46.439998626708984,46.04999923706055,46.22999954223633,35.97356033325195,8967900
2018-07-31,46.400001525878906,46.66999816894531,46.310001373291016,46.630001068115234,36.28480529785156,12438800
2018-08-01,46.45000076293945,46.4900016784668,46.16999816894531,46.38999938964844,36.09805679321289,9904100
2018-08-02,46.47999954223633,46.630001068115234,46.18000030517578,46.18000030517578,35.934635162353516,12009700
2018-08-03,46.22999954223633,46.7599983215332,46.13999938964844,46.619998931884766,36.27702331542969,11462800
2018-08-06,46.599998474121094,46.869998931884766,46.54999923706055,46.650001525878906,36.30036163330078,10056100
2018-08-07,46.52000045776367,46.61000061035156,46.130001068115234,46.5,36.18364715576172,8632900
2018-08-08,46.4900016784668,46.560001373291016,46.119998931884766,46.150001525878906,35.91130065917969,6810000
2018-08-09,46.25,46.41999816894531,46.08000183105469,46.349998474121094,36.066917419433594,8924100
2018-08-10,46.209999084472656,46.41999816894531,45.970001220703125,46.08000183105469,35.85683822631836,7535400
2018-08-13,46.04999923706055,46.130001068115234,45.70000076293945,45.83000183105469,35.66229248046875,8143400
2018-08-14,45.90999984741211,46.099998474121094,45.869998931884766,45.88999938964844,35.708980560302734,6846100
2018-08-15,45.77000045776367,46.150001525878906,45.650001525878906,46.08000183105469,35.85683822631836,9686400
2018-08-16,46.11000061035156,46.380001068115234,45.970001220703125,46.220001220703125,35.96577072143555,10600700
2018-08-17,46.290000915527344,46.72999954223633,46.2400016784668,46.599998474121094,36.26145935058594,8885700
2018-08-20,46.68000030517578,46.869998931884766,46.59000015258789,46.72999954223633,36.36262130737305,6392000
2018-08-21,46.72999954223633,46.75,46.209999084472656,46.220001220703125,35.96577072143555,13986300
2018-08-22,46.34000015258789,46.380001068115234,45.91999816894531,45.93000030517578,35.7401008605957,7159100
2018-08-23,45.88999938964844,46.08000183105469,45.689998626708984,45.70000076293945,35.56114196777344,13144900
2018-08-24,45.650001525878906,45.79999923706055,45.58000183105469,45.630001068115234,35.50667190551758,10952900
2018-08-27,46.04999923706055,46.04999923706055,45.560001373291016,45.689998626708984,35.553348541259766,9581200
2018-08-28,45.650001525878906,45.72999954223633,45.279998779296875,45.369998931884766,35.304351806640625,8476800
2018-08-29,45.25,45.41999816894531,45.220001220703125,45.33000183105469,35.273216247558594,12410900
2018-08-30,45.279998779296875,45.31999969482422,44.88999938964844,44.95000076293945,34.97752380371094,9716500
2018-08-31,45.0,45.06999969482422,44.38999938964844,44.56999969482422,34.681827545166016,19834100
2018-09-04,44.599998474121094,44.900001525878906,44.5099983215332,44.7599983215332,34.82967758178711,11138500
2018-09-05,44.65999984741211,45.41999816894531,44.65999984741211,45.380001068115234,35.312129974365234,10554900
2018-09-06,45.400001525878906,46.0,45.29999923706055,45.77000045776367,35.6156005859375,11439400
2018-09-07,45.599998474121094,45.81999969482422,45.279998779296875,45.720001220703125,35.57669448852539,10208100
2018-09-10,45.90999984741211,46.310001373291016,45.79999923706055,46.060001373291016,35.84125900268555,8568900
2018-09-11,46.099998474121094,46.150001525878906,45.880001068115234,46.02000045776367,35.81013488769531,9278300
2018-09-12,46.15999984741211,46.29999923706055,46.02000045776367,46.2400016784668,35.98133087158203,13216400
2018-09-13,46.0099983215332,46.119998931884766,45.709999084472656,45.83000183105469,35.96563720703125,8294800
2018-09-14,45.91999816894531,46.029998779296875,45.61000061035156,45.9900016784668,36.09119415283203,7612900
2018-09-17,46.0,46.33000183105469,45.90999984741211,46.31999969482422,36.35017013549805,8527300
2018-09-18,46.38999938964844,46.529998779296875,45.93000030517578,45.93000030517578,36.044105529785156,9847400
2018-09-19,46.0,46.11000061035156,45.869998931884766,45.959999084472656,36.06766128540039,7119000
2018-09-20,46.220001220703125,46.68000030517578,46.150001525878906,46.63999938964844,36.601295471191406,9736700
2018-09-21,46.63999938964844,46.689998626708984,46.380001068115234,46.58000183105469,36.55421447753906,19240300
2018-09-24,46.4900016784668,46.529998779296875,45.84000015258789,46.06999969482422,36.153987884521484,10778900
2018-09-25,46.060001373291016,46.18000030517578,45.61000061035156,45.68000030517578,35.8479118347168,7919100
2018-09-26,45.77000045776367,46.06999969482422,45.56999969482422,45.849998474121094,35.9813232421875,10162600
2018-09-27,45.72999954223633,46.18000030517578,45.68000030517578,46.0099983215332,36.10689163208008,10826900
2018-09-28,46.0,46.189998626708984,45.970001220703125,46.189998626708984,36.248146057128906,9071900
2018-10-01,46.16999816894531,46.349998474121094,46.04999923706055,46.22999954223633,36.279537200927734,9364700
2018-10-02,46.279998779296875,46.560001373291016,46.060001373291016,46.5099983215332,36.49927520751953,7462700
2018-10-03,46.459999084472656,46.54999923706055,45.79999923706055,45.869998931884766,35.99702072143555,10542300
2018-10-04,45.65999984741211,45.900001525878906,45.43000030517578,45.849998474121094,35.9813232421875,9582300
2018-10-05,45.939998626708984,46.15999984741211,45.689998626708984,45.880001068115234,36.0048828125,8734100
2018-10-08,45.9900016784668,46.58000183105469,45.970001220703125,46.47999954223633,36.47572708129883,9808100
2018-10-09,46.380001068115234,46.54999923706055,46.220001220703125,46.38999938964844,36.405094146728516,10824500
2018-10-10,46.29999923706055,46.70000076293945,45.66999816894531,45.68000030517578,35.8479118347168,13917000
2018-10-11,45.79999923706055,45.970001220703125,44.5,44.63999938964844,35.031768798828125,17677900
2018-10-12,44.47999954223633,44.880001068115234,44.25,44.68000030517578,35.06315994262695,12420100
2018-10-15,44.63999938964844,45.27000045776367,44.59000015258789,44.90999984741211,35.243648529052734,11608500
2018-10-16,45.02000045776367,45.599998474121094,44.86000061035156,45.4900016784668,35.69881820678711,10442500
2018-10-17,45.40999984741211,45.9900016784668,45.36000061035156,45.86000061035156,35.98917770385742,11055800
2018-10-18,45.900001525878906,46.08000183105469,45.459999084472656,45.61000061035156,35.79298400878906,12716900
2018-10-19,45.83000183105469,46.4900016784668,45.83000183105469,46.33000183105469,36.35801315307617,13989200
2018-10-22,46.369998931884766,46.459999084472656,45.810001373291016,45.970001220703125,36.07550048828125,14283600
2018-10-23,45.619998931884766,46.459999084472656,45.45000076293945,46.36000061035156,36.381561279296875,17483900
2018-10-24,46.33000183105469,47.38999938964844,46.2400016784668,46.72999954223633,36.67192459106445,21626000
2018-10-25,46.650001525878906,46.7400016784668,46.119998931884766,46.5099983215332,36.49927520751953,14220200
2018-10-26,46.369998931884766,46.47999954223633,45.43000030517578,45.91999816894531,36.036251068115234,21458000
2018-10-29,46.150001525878906,46.560001373291016,46.04999923706055,46.459999084472656,36.46003341674805,20932200
2018-10-30,46.619998931884766,47.7400016784668,46.040000915527344,47.630001068115234,37.378204345703125,20895400
2018-10-31,47.5,48.08000183105469,47.220001220703125,47.880001068115234,37.574398040771484,25309400
2018-11-01,47.810001373291016,48.150001525878906,47.29999923706055,47.7400016784668,37.464534759521484,16494500
2018-11-02,47.81999969482422,48.0,47.439998626708984,48.0,37.66857147216797,17584900
2018-11-05,48.0,48.779998779296875,47.91999816894531,48.689998626708984,38.21004867553711,16543500
2018-11-06,48.650001525878906,49.130001068115234,48.599998474121094,49.11000061035156,38.539649963378906,14373400
2018-11-07,49.38999938964844,49.54999923706055,49.029998779296875,49.369998931884766,38.74369812011719,12239700
2018-11-08,49.119998931884766,49.369998931884766,49.099998474121094,49.33000183105469,38.71229934692383,9762800
2018-11-09,49.38999938964844,49.88999938964844,49.36000061035156,49.68000030517578,38.986968994140625,12398100
2018-11-12,49.61000061035156,50.2400016784668,49.540000915527344,49.869998931884766,39.13606262207031,13918300
2018-11-13,49.810001373291016,50.0,49.58000183105469,49.86000061035156,39.128231048583984,13872900
2018-11-14,49.849998474121094,49.939998626708984,49.59000015258789,49.7599983215332,39.049747467041016,12106800
2018-11-15,49.65999984741211,49.75,49.27000045776367,49.7400016784668,39.0340576171875,12080100
2018-11-16,49.65999984741211,50.25,49.630001068115234,50.16999816894531,39.371498107910156,13405800
2018-11-19,50.310001373291016,50.7599983215332,50.25,50.5099983215332,39.63831329345703,13575800
2018-11-20,50.81999969482422,50.84000015258789,49.209999084472656,49.380001068115234,38.75154495239258,16255300
2018-11-21,49.22999954223633,49.439998626708984,48.59000015258789,48.72999954223633,38.2414436340332,13559200
2018-11-23,48.75,49.22999954223633,48.54999923706055,49.02000045776367,38.46902847290039,4792500
2018-11-26,49.0099983215332,49.22999954223633,48.66999816894531,48.869998931884766,38.35130310058594,9341900
2018-11-27,48.880001068115234,49.40999984741211,48.72999954223633,49.369998931884766,38.74369812011719,9180700
2018-11-28,49.209999084472656,49.720001220703125,49.209999084472656,49.709999084472656,39.01051330566406,11368700
2018-11-29,49.279998779296875,49.43000030517578,48.970001220703125,48.97999954223633,38.7415885925293,11564300
2018-11-30,49.0,50.4900016784668,48.9900016784668,50.400001525878906,39.86476516723633,25538200
2018-12-03,49.869998931884766,49.959999084472656,48.88999938964844,49.689998626708984,39.30316162109375,14877200
2018-12-04,49.970001220703125,50.5099983215332,49.5,49.58000183105469,39.21616744995117,19059900
2018-12-06,49.5099983215332,49.630001068115234,48.65999984741211,49.380001068115234,39.05797576904297,17674900
2018-12-07,49.56999969482422,49.68000030517578,48.880001068115234,49.09000015258789,38.82859420776367,15565700
2018-12-10,49.45000076293945,49.45000076293945,48.470001220703125,49.2400016784668,38.947242736816406,12331100
2018-12-11,49.59000015258789,50.0099983215332,49.18000030517578,49.540000915527344,39.18452835083008,18083600
2018-12-12,49.95000076293945,50.02000045776367,49.189998626708984,49.220001220703125,38.931419372558594,12316900
2018-12-13,48.720001220703125,49.61000061035156,48.56999969482422,49.470001220703125,39.12914276123047,13766200
2018-12-14,49.22999954223633,49.52000045776367,49.02000045776367,49.34000015258789,39.026336669921875,13835900
2018-12-17,49.34000015258789,49.529998779296875,48.02000045776367,48.33000183105469,38.22745132446289,18482700
2018-12-18,48.61000061035156,48.83000183105469,47.849998474121094,48.31999969482422,38.21953582763672,14765700
2018-12-19,48.2400016784668,48.7599983215332,47.619998931884766,47.900001525878906,37.887332916259766,17903800
2018-12-20,47.810001373291016,48.130001068115234,47.099998474121094,47.540000915527344,37.60259246826172,21130000
2018-12-21,47.2599983215332,48.75,47.22999954223633,47.56999969482422,37.626319885253906,32477700
2018-12-24,47.619998931884766,47.869998931884766,45.83000183105469,45.959999084472656,36.352867126464844,10733700
2018-12-26,45.880001068115234,46.959999084472656,45.65999984741211,46.939998626708984,37.12800979614258,14342600
2018-12-27,46.7400016784668,47.54999923706055,46.029998779296875,47.529998779296875,37.594669342041016,16966500
2018-12-28,47.88999938964844,48.0099983215332,47.029998779296875,47.20000076293945,37.33366012573242,13218200
2018-12-31,47.4900016784668,47.540000915527344,46.959999084472656,47.349998474121094,37.45230484008789,10576300
2019-01-02,46.939998626708984,47.220001220703125,46.560001373291016,46.93000030517578,37.12009811401367,11603700
2019-01-03,46.81999969482422,47.369998931884766,46.529998779296875,46.63999938964844,36.890724182128906,14714400
2019-01-04,46.75,47.56999969482422,46.63999938964844,47.56999969482422,37.626319885253906,13013700
2019-01-07,47.56999969482422,47.75,46.900001525878906,46.95000076293945,37.135921478271484,13135500
2019-01-08,47.25,47.56999969482422,47.040000915527344,47.47999954223633,37.555118560791016,15420700
2019-01-09,47.08000183105469,47.279998779296875,46.43000030517578,46.56999969482422,36.83534622192383,18032500
2019-01-10,46.65999984741211,47.09000015258789,46.34000015258789,47.06999969482422,37.230831146240234,15976600
2019-01-11,47.290000915527344,47.36000061035156,46.970001220703125,47.34000015258789,37.44438934326172,11088600
2019-01-14,47.25,47.400001525878906,46.9900016784668,47.150001525878906,37.29411697387695,11514300
2019-01-15,46.88999938964844,47.599998474121094,46.810001373291016,47.56999969482422,37.626319885253906,11342900
2019-01-16,47.400001525878906,47.470001220703125,46.86000061035156,46.91999816894531,37.112186431884766,16907800
2019-01-17,46.91999816894531,47.13999938964844,46.880001068115234,47.060001373291016,37.22293472290039,12044600
2019-01-18,47.25,47.689998626708984,47.119998931884766,47.61000061035156,37.6579475402832,12760700
2019-01-22,47.70000076293945,47.790000915527344,47.209999084472656,47.720001220703125,37.744956970214844,11700400
2019-01-23,47.81999969482422,48.290000915527344,47.650001525878906,48.27000045776367,38.17999267578125,12058300
2019-01-24,48.11000061035156,48.11000061035156,47.380001068115234,47.689998626708984,37.72124099731445,10272000
2019-01-25,47.880001068115234,48.029998779296875,47.2400016784668,47.369998931884766,37.46812057495117,12066500
2019-01-28,47.220001220703125,47.29999923706055,46.939998626708984,47.16999816894531,37.30992126464844,9966900
2019-01-29,47.20000076293945,47.630001068115234,47.130001068115234,47.400001525878906,37.491859436035156,11998600
2019-01-30,47.25,47.88999938964844,47.189998626708984,47.86000061035156,37.855709075927734,12952500
2019-01-31,47.849998474121094,48.779998779296875,47.470001220703125,48.130001068115234,38.06926345825195,32181500
2019-02-01,48.47999954223633,48.779998779296875,48.400001525878906,48.70000076293945,38.52010726928711,19130100
2019-02-04,48.70000076293945,49.45000076293945,48.540000915527344,49.25,38.95513153076172,15105700
2019-02-05,49.33000183105469,49.470001220703125,49.099998474121094,49.2599983215332,38.96304702758789,12651900
2019-02-06,49.209999084472656,49.36000061035156,49.02000045776367,49.2599983215332,38.96304702758789,8689100
2019-02-07,49.16999816894531,49.459999084472656,49.0,49.41999816894531,39.089603424072266,10047800
2019-02-08,49.369998931884766,49.5,49.11000061035156,49.5,39.15288543701172,9813300
2019-02-11,49.56999969482422,49.880001068115234,49.47999954223633,49.61000061035156,39.23988723754883,9369300
2019-02-12,49.689998626708984,49.79999923706055,49.459999084472656,49.65999984741211,39.279441833496094,10983300
2019-02-13,49.61000061035156,49.939998626708984,49.560001373291016,49.790000915527344,39.38226318359375,12748800
2019-02-14,46.70000076293945,46.959999084472656,45.5,45.59000015258789,36.06019973754883,58905400
2019-02-15,45.900001525878906,46.2599983215332,45.20000076293945,45.2400016784668,35.783363342285156,35701600
2019-02-19,45.31999969482422,45.59000015258789,44.77000045776367,44.83000183105469,35.459075927734375,25511300
2019-02-20,44.90999984741211,45.2400016784668,44.79999923706055,45.099998474121094,35.67263412475586,27464000
2019-02-21,45.0,45.90999984741211,44.959999084472656,45.86000061035156,36.273765563964844,23121200
2019-02-22,45.7599983215332,45.95000076293945,45.20000076293945,45.279998779296875,35.81500244140625,24728400
2019-02-25,45.439998626708984,45.56999969482422,44.84000015258789,44.939998626708984,35.54607391357422,23774400
2019-02-26,45.099998474121094,45.13999938964844,44.65999984741211,44.689998626708984,35.34832000732422,20463200
2019-02-27,44.599998474121094,45.02000045776367,44.41999816894531,44.939998626708984,35.54607391357422,17827500
2019-02-28,45.119998931884766,45.61000061035156,45.11000061035156,45.34000015258789,35.86246109008789,22533900
2019-03-01,45.470001220703125,45.63999938964844,45.20000076293945,45.380001068115234,35.89408874511719,16291600
2019-03-04,45.529998779296875,45.66999816894531,45.29999923706055,45.650001525878906,36.107662200927734,15973800
2019-03-05,45.650001525878906,45.70000076293945,45.400001525878906,45.599998474121094,36.06809997558594,13062300
2019-03-06,45.66999816894531,45.790000915527344,45.439998626708984,45.45000076293945,35.949462890625,14232100
2019-03-07,45.4900016784668,45.529998779296875,45.130001068115234,45.279998779296875,35.81500244140625,12084000
2019-03-08,45.150001525878906,45.25,44.61000061035156,44.84000015258789,35.46697998046875,15579100
2019-03-11,45.13999938964844,46.2400016784668,45.099998474121094,46.18000030517578,36.52686309814453,22126900
2019-03-12,45.95000076293945,46.25,45.900001525878906,46.04999923706055,36.42404556274414,19348500
2019-03-13,46.130001068115234,46.34000015258789,45.90999984741211,46.220001220703125,36.55851745605469,16222500
2019-03-14,45.84000015258789,46.11000061035156,45.630001068115234,45.70000076293945,36.462772369384766,18504100
2019-03-15,45.720001220703125,45.900001525878906,45.13999938964844,45.29999923706055,36.14361572265625,47254500
2019-03-18,45.43000030517578,45.68000030517578,45.36000061035156,45.40999984741211,36.23139190673828,24006400
2019-03-19,45.54999923706055,45.689998626708984,45.34000015258789,45.560001373291016,36.351070404052734,14987000
2019-03-20,45.400001525878906,45.900001525878906,45.18000030517578,45.529998779296875,36.327125549316406,13376100
2019-03-21,45.529998779296875,45.7599983215332,45.439998626708984,45.5099983215332,36.311161041259766,20043000
2019-03-22,45.459999084472656,46.11000061035156,45.459999084472656,45.93000030517578,36.64627456665039,19055900
2019-03-25,45.86000061035156,46.20000076293945,45.790000915527344,46.029998779296875,36.726070404052734,11668200
2019-03-26,46.16999816894531,46.790000915527344,46.16999816894531,46.63999938964844,37.2127685546875,11434900
2019-03-27,46.650001525878906,46.90999984741211,46.33000183105469,46.61000061035156,37.18883514404297,11543600
2019-03-28,46.68000030517578,46.91999816894531,46.47999954223633,46.58000183105469,37.16490173339844,11121100
2019-03-29,46.66999816894531,46.90999984741211,46.47999954223633,46.86000061035156,37.38829803466797,16045600
2019-04-01,46.9900016784668,47.16999816894531,46.59000015258789,46.720001220703125,37.2765998840332,11522700
2019-04-02,46.75,46.93000030517578,46.56999969482422,46.56999969482422,37.15691375732422,8495000
2019-04-03,46.41999816894531,46.59000015258789,46.040000915527344,46.18000030517578,36.845733642578125,12854500
2019-04-04,46.34000015258789,46.540000915527344,46.11000061035156,46.47999954223633,37.08509826660156,7814900
2019-04-05,46.4900016784668,46.58000183105469,46.20000076293945,46.470001220703125,37.077125549316406,7677600
2019-04-08,46.540000915527344,46.56999969482422,46.27000045776367,46.54999923706055,37.140953063964844,9421300
2019-04-09,46.45000076293945,46.720001220703125,46.27000045776367,46.66999816894531,37.23670959472656,8641800
2019-04-10,46.84000015258789,47.0,46.560001373291016,46.63999938964844,37.2127685546875,8059900
2019-04-11,46.720001220703125,46.75,46.540000915527344,46.709999084472656,37.26862335205078,7352400
2019-04-12,46.66999816894531,46.93000030517578,46.56999969482422,46.7400016784668,37.29256057739258,10690000
2019-04-15,46.880001068115234,47.040000915527344,46.70000076293945,47.0,37.49999237060547,10261300
2019-04-16,47.04999923706055,47.099998474121094,46.70000076293945,46.95000076293945,37.46010208129883,10804600
2019-04-17,47.20000076293945,47.54999923706055,47.150001525878906,47.279998779296875,37.72340393066406,11849300
2019-04-18,47.33000183105469,47.58000183105469,47.27000045776367,47.47999954223633,37.88298034667969,12167000
2019-04-22,47.400001525878906,47.61000061035156,47.02000045776367,47.400001525878906,37.81915283203125,9834700
2019-04-23,48.09000015258789,48.720001220703125,47.54999923706055,48.209999084472656,38.46542739868164,25327800
2019-04-24,48.029998779296875,48.22999954223633,47.91999816894531,47.97999954223633,38.281925201416016,15997300
2019-04-25,47.7400016784668,47.88999938964844,47.470001220703125,47.84000015258789,38.17021942138672,11444400
2019-04-26,47.9900016784668,48.45000076293945,47.97999954223633,48.2599983215332,38.50532150268555,10154300
2019-04-29,48.16999816894531,48.45000076293945,48.11000061035156,48.41999816894531,38.63298034667969,9731500
2019-04-30,48.529998779296875,49.18000030517578,48.38999938964844,49.060001373291016,39.14362335205078,17912900
2019-05-01,48.95000076293945,49.08000183105469,48.54999923706055,48.59000015258789,38.768611907958984,10551200
2019-05-02,48.529998779296875,48.77000045776367,48.27000045776367,48.38999938964844,38.60904312133789,8724600
2019-05-03,48.599998474121094,48.959999084472656,48.52000045776367,48.720001220703125,38.872352600097656,7076900
2019-05-06,48.33000183105469,48.61000061035156,48.2599983215332,48.470001220703125,38.67286682128906,8657800
2019-05-07,48.22999954223633,48.290000915527344,47.77000045776367,48.0,38.29787063598633,12487500
2019-05-08,48.04999923706055,48.22999954223633,47.81999969482422,47.849998474121094,38.178192138671875,9281400
2019-05-09,47.79999923706055,47.97999954223633,47.06999969482422,47.400001525878906,37.81915283203125,11450500
2019-05-10,47.40999984741211,48.29999923706055,47.400001525878906,48.189998626708984,38.449466705322266,9653800
2019-05-13,47.90999984741211,48.130001068115234,47.72999954223633,48.04999923706055,38.33776092529297,11911500
2019-05-14,48.529998779296875,49.31999969482422,48.349998474121094,48.689998626708984,38.8484001159668,16844200
2019-05-15,48.66999816894531,49.380001068115234,48.599998474121094,49.18000030517578,39.239356994628906,11422500
2019-05-16,49.27000045776367,49.65999984741211,49.209999084472656,49.58000183105469,39.55852127075195,17771300
2019-05-17,49.27000045776367,49.54999923706055,49.16999816894531,49.20000076293945,39.25532913208008,11257000
2019-05-20,49.040000915527344,49.13999938964844,48.7599983215332,48.849998474121094,38.97605895996094,13850500
2019-05-21,49.0,49.029998779296875,48.45000076293945,48.599998474121094,38.77659225463867,10587400
2019-05-22,48.779998779296875,49.709999084472656,48.720001220703125,49.650001525878906,39.61436462402344,16050400
2019-05-23,49.5,49.900001525878906,49.459999084472656,49.849998474121094,39.7739372253418,12199400
2019-05-24,49.81999969482422,49.88999938964844,49.529998779296875,49.61000061035156,39.58245086669922,6887600
2019-05-28,49.599998474121094,49.66999816894531,49.029998779296875,49.099998474121094,39.175537109375,18614000
2019-05-29,48.7400016784668,49.029998779296875,48.40999984741211,48.61000061035156,38.784568786621094,12534600
2019-05-30,48.720001220703125,49.310001373291016,48.66999816894531,49.25,39.29520797729492,9087200
2019-05-31,49.0,49.310001373291016,48.779998779296875,49.130001068115234,39.199466705322266,11368600
2019-06-03,49.15999984741211,49.97999954223633,49.02000045776367,49.97999954223633,39.877662658691406,14167200
2019-06-04,50.0,50.279998779296875,49.619998931884766,50.0,39.89362716674805,12010600
2019-06-05,50.0099983215332,51.13999938964844,49.689998626708984,50.779998779296875,40.515968322753906,15837600
2019-06-06,50.90999984741211,51.540000915527344,50.59000015258789,51.400001525878906,41.01063537597656,15190400
2019-06-07,51.470001220703125,52.189998626708984,51.45000076293945,51.4900016784668,41.08245086669922,15293600
2019-06-10,51.540000915527344,51.540000915527344,51.09000015258789,51.380001068115234,40.99467849731445,9737400
2019-06-11,51.45000076293945,51.59000015258789,51.18000030517578,51.33000183105469,40.954776763916016,9915600
2019-06-12,51.5,52.13999938964844,51.470001220703125,51.63999938964844,41.2021369934082,11088100
2019-06-13,51.459999084472656,51.70000076293945,50.779998779296875,51.130001068115234,41.113670349121094,10353600
2019-06-14,51.04999923706055,51.529998779296875,51.04999923706055,51.310001373291016,41.25841522216797,8694300
2019-06-17,51.25,51.47999954223633,50.61000061035156,50.869998931884766,40.90460205078125,12322400
2019-06-18,51.25,51.29999923706055,50.529998779296875,50.63999938964844,40.719669342041016,9221100
2019-06-19,50.540000915527344,51.2400016784668,50.470001220703125,51.119998931884766,41.10564041137695,9414100
2019-06-20,51.5,51.790000915527344,51.349998474121094,51.65999984741211,41.53984451293945,10656600
2019-06-21,51.529998779296875,51.88999938964844,51.40999984741211,51.54999923706055,41.45139694213867,21264400
2019-06-24,51.7400016784668,52.20000076293945,51.70000076293945,51.91999816894531,41.748905181884766,10780000
2019-06-25,52.0,52.099998474121094,51.63999938964844,51.7599983215332,41.62026596069336,11519900
2019-06-26,51.52000045776367,51.63999938964844,51.09000015258789,51.119998931884766,41.10564041137695,12405100
2019-06-27,51.290000915527344,51.400001525878906,50.970001220703125,51.08000183105469,41.0734748840332,12374900
2019-06-28,51.27000045776367,51.400001525878906,50.52000045776367,50.91999816894531,40.94481658935547,16339900
2019-07-01,51.06999969482422,51.630001068115234,50.779998779296875,51.599998474121094,41.491607666015625,14976400
2019-07-02,51.779998779296875,52.04999923706055,51.54999923706055,51.97999954223633,41.79716491699219,8569200
2019-07-03,52.0,52.33000183105469,52.0,52.099998474121094,41.89366149902344,7253700
2019-07-05,51.88999938964844,52.119998931884766,51.47999954223633,52.11000061035156,41.90170669555664,8916300
2019-07-08,52.20000076293945,52.33000183105469,51.88999938964844,52.0,41.81324768066406,9495100
2019-07-09,51.720001220703125,51.970001220703125,51.43000030517578,51.59000015258789,41.48356246948242,10584900
2019-07-10,51.79999923706055,51.970001220703125,51.65999984741211,51.81999969482422,41.66851043701172,7620900
2019-07-11,51.9900016784668,52.060001373291016,51.65999984741211,52.040000915527344,41.84541320800781,10376500
2019-07-12,52.25,52.290000915527344,51.90999984741211,52.119998931884766,41.90974426269531,7347400
2019-07-15,52.279998779296875,52.290000915527344,51.869998931884766,52.130001068115234,41.91777420043945,5876100
2019-07-16,51.959999084472656,52.470001220703125,51.810001373291016,52.13999938964844,41.92582321166992,7132500
2019-07-17,52.220001220703125,52.2599983215332,52.0099983215332,52.18000030517578,41.95798873901367,8264200
2019-07-18,52.040000915527344,52.16999816894531,51.66999816894531,52.029998779296875,41.837364196777344,11911800
2019-07-19,52.13999938964844,52.150001525878906,51.369998931884766,51.38999938964844,41.322731018066406,10355500
2019-07-22,51.52000045776367,51.52000045776367,51.130001068115234,51.220001220703125,41.18604278564453,12090700
2019-07-23,53.25,54.63999938964844,52.7599983215332,54.33000183105469,43.686798095703125,33417900
2019-07-24,54.119998931884766,54.81999969482422,53.619998931884766,53.779998779296875,43.24454116821289,15633400
2019-07-25,53.630001068115234,53.79999923706055,52.720001220703125,53.06999969482422,42.67362594604492,19135000
2019-07-26,53.34000015258789,54.310001373291016,53.189998626708984,54.16999816894531,43.55815505981445,11451900
2019-07-29,54.16999816894531,54.29999923706055,53.900001525878906,53.9900016784668,43.41340637207031,12283900
2019-07-30,53.959999084472656,54.29999923706055,53.56999969482422,53.720001220703125,43.19629669189453,8127100
2019-07-31,53.5099983215332,53.5099983215332,52.040000915527344,52.630001068115234,42.31983184814453,16865500
2019-08-01,52.779998779296875,53.20000076293945,52.0099983215332,52.029998779296875,41.837364196777344,19527200
2019-08-02,51.90999984741211,52.72999954223633,51.90999984741211,52.33000183105469,42.07860565185547,13102300
2019-08-05,52.38999938964844,52.65999984741211,51.400001525878906,51.650001525878906,41.531803131103516,19986500
2019-08-06,51.869998931884766,52.7599983215332,51.61000061035156,52.27000045776367,42.030357360839844,19903100
2019-08-07,52.27000045776367,53.38999938964844,51.77000045776367,53.18000030517578,42.7620849609375,17937000
2019-08-08,53.209999084472656,53.779998779296875,52.849998474121094,53.689998626708984,43.172176361083984,10799000
2019-08-09,53.790000915527344,53.900001525878906,53.08000183105469,53.41999816894531,42.955074310302734,9260900
2019-08-12,53.279998779296875,53.439998626708984,52.9900016784668,53.20000076293945,42.778160095214844,6588600
2019-08-13,52.900001525878906,53.61000061035156,52.869998931884766,53.5,43.01939392089844,8581200
2019-08-14,53.34000015258789,53.970001220703125,52.970001220703125,52.9900016784668,42.60930252075195,17088900
2019-08-15,53.43000030517578,54.0,53.22999954223633,53.869998931884766,43.31690216064453,12393200
2019-08-16,53.97999954223633,54.4900016784668,53.95000076293945,54.40999984741211,43.751121520996094,14288700
2019-08-19,54.439998626708984,54.779998779296875,54.310001373291016,54.689998626708984,43.976280212402344,10936200
2019-08-20,54.619998931884766,54.68000030517578,53.84000015258789,53.880001068115234,43.32494354248047,8176700
2019-08-21,54.25,54.40999984741211,53.849998474121094,54.099998474121094,43.501853942871094,10886500
2019-08-22,54.119998931884766,54.63999938964844,54.099998474121094,54.4900016784668,43.815460205078125,7467900
2019-08-23,54.41999816894531,54.709999084472656,53.38999938964844,53.7400016784668,43.212379455566406,14160400
2019-08-26,54.0,54.540000915527344,53.72999954223633,54.540000915527344,43.85566711425781,9226900
2019-08-27,54.70000076293945,54.95000076293945,54.40999984741211,54.720001220703125,44.000404357910156,13537000
2019-08-28,54.65999984741211,55.150001525878906,54.41999816894531,55.11000061035156,44.31400680541992,10046400
2019-08-29,55.2599983215332,55.34000015258789,54.599998474121094,55.04999923706055,44.2657585144043,9262800
2019-08-30,55.15999984741211,55.220001220703125,54.810001373291016,55.040000915527344,44.25771713256836,8746700
2019-09-03,54.97999954223633,55.33000183105469,54.869998931884766,55.29999923706055,44.466773986816406,12991400
2019-09-04,55.349998474121094,55.91999816894531,55.29999923706055,55.77000045776367,44.844696044921875,10718100
2019-09-05,55.75,55.77000045776367,55.029998779296875,55.119998931884766,44.32203674316406,13677000
2019-09-06,55.439998626708984,55.439998626708984,54.7599983215332,55.22999954223633,44.41048812866211,9093500
2019-09-09,55.029998779296875,55.08000183105469,54.36000061035156,54.52000045776367,43.839576721191406,10814900
2019-09-10,54.22999954223633,54.439998626708984,53.849998474121094,54.400001525878906,43.74308776855469,12038200
2019-09-11,54.290000915527344,54.79999923706055,53.970001220703125,54.77000045776367,44.040611267089844,9740400
2019-09-12,55.099998474121094,55.310001373291016,54.97999954223633,55.11000061035156,44.31400680541992,12357900
2019-09-13,54.47999954223633,54.790000915527344,54.06999969482422,54.2599983215332,43.94950485229492,11486100
2019-09-16,54.099998474121094,54.34000015258789,53.630001068115234,53.959999084472656,43.70650863647461,11172000
2019-09-17,54.099998474121094,54.70000076293945,53.959999084472656,54.2400016784668,43.93330001831055,11347400
2019-09-18,54.20000076293945,54.290000915527344,53.81999969482422,54.22999954223633,43.92520523071289,9700400
2019-09-19,54.22999954223633,54.599998474121094,54.130001068115234,54.52000045776367,44.16010665893555,7560300
2019-09-20,54.689998626708984,54.689998626708984,53.900001525878906,53.90999984741211,43.66602325439453,19211500
2019-09-23,53.90999984741211,54.36000061035156,53.880001068115234,54.13999938964844,43.85231018066406,6485300
2019-09-24,54.25,54.61000061035156,54.040000915527344,54.29999923706055,43.981903076171875,10093000
2019-09-25,54.439998626708984,54.47999954223633,54.0,54.16999816894531,43.87661361694336,10248400
2019-09-26,54.470001220703125,54.58000183105469,54.130001068115234,54.38999938964844,44.05480194091797,10031200
2019-09-27,54.560001373291016,54.63999938964844,54.0,54.310001373291016,43.99001693725586,7939900
2019-09-30,54.150001525878906,54.68000030517578,54.150001525878906,54.439998626708984,44.09530258178711,9808700
2019-10-01,54.529998779296875,54.779998779296875,54.0099983215332,54.650001525878906,44.26539993286133,14261500
2019-10-02,54.209999084472656,54.439998626708984,52.900001525878906,53.08000183105469,42.99372863769531,14343600
2019-10-03,53.5,53.97999954223633,52.81999969482422,53.84000015258789,43.60931396484375,13817500
2019-10-04,54.0,54.540000915527344,53.88999938964844,54.540000915527344,44.176307678222656,9295400
2019-10-07,54.33000183105469,54.36000061035156,53.77000045776367,53.869998931884766,43.63361358642578,5964900
2019-10-08,53.880001068115234,54.06999969482422,53.45000076293945,53.58000183105469,43.39873123168945,13301900
2019-10-09,54.060001373291016,54.06999969482422,53.540000915527344,53.83000183105469,43.60121536254883,7135000
2019-10-10,53.54999923706055,53.880001068115234,53.36000061035156,53.65999984741211,43.46351623535156,8942900
2019-10-11,53.650001525878906,53.70000076293945,53.20000076293945,53.29999923706055,43.17192840576172,8981700
2019-10-14,53.4900016784668,53.68000030517578,53.220001220703125,53.29999923706055,43.17192840576172,7306300
2019-10-15,53.43000030517578,53.68000030517578,53.27000045776367,53.5099983215332,43.34202575683594,9564300
2019-10-16,53.459999084472656,53.56999969482422,53.130001068115234,53.4900016784668,43.32582473754883,10454800
2019-10-17,53.689998626708984,54.119998931884766,53.58000183105469,53.790000915527344,43.56882095336914,13190300
2019-10-18,55.0,55.38999938964844,54.45000076293945,54.779998779296875,44.37070083618164,18122400
2019-10-21,54.45000076293945,54.560001373291016,53.68000030517578,54.22999954223633,43.92520523071289,12778900
2019-10-22,54.22999954223633,54.41999816894531,53.7400016784668,53.849998474121094,43.61742401123047,9533400
2019-10-23,54.060001373291016,54.65999984741211,54.0099983215332,54.63999938964844,44.25729751586914,8556600
2019-10-24,54.56999969482422,54.81999969482422,54.4900016784668,54.61000061035156,44.233001708984375,11051400
2019-10-25,54.54999923706055,54.560001373291016,53.66999816894531,53.75,43.53641128540039,9782400
2019-10-28,53.7400016784668,53.95000076293945,53.369998931884766,53.56999969482422,43.390628814697266,8866100
2019-10-29,53.38999938964844,53.65999984741211,53.2599983215332,53.40999984741211,43.26102828979492,7999700
2019-10-30,53.52000045776367,54.04999923706055,53.15999984741211,53.939998626708984,43.69031524658203,8620900
2019-10-31,53.959999084472656,54.470001220703125,53.849998474121094,54.43000030517578,44.08720016479492,13982000
2019-11-01,54.630001068115234,54.7400016784668,53.849998474121094,53.900001525878906,43.65791702270508,9889500
2019-11-04,53.959999084472656,54.0,52.970001220703125,53.13999938964844,43.042327880859375,17515100
2019-11-05,52.88999938964844,52.88999938964844,52.119998931884766,52.41999816894531,42.45914840698242,19284000
2019-11-06,52.529998779296875,52.79999923706055,52.40999984741211,52.79999923706055,42.766937255859375,13288900
2019-11-07,52.880001068115234,53.0,51.959999084472656,52.290000915527344,42.35384750366211,11725500
2019-11-08,52.459999084472656,52.599998474121094,52.09000015258789,52.209999084472656,42.28905487060547,7141800
2019-11-11,52.33000183105469,52.369998931884766,51.779998779296875,51.84000015258789,41.98935317993164,8198300
2019-11-12,51.90999984741211,51.90999984741211,51.58000183105469,51.709999084472656,41.884056091308594,12656900
2019-11-13,52.18000030517578,52.45000076293945,51.959999084472656,52.40999984741211,42.451045989990234,12257900
2019-11-14,52.529998779296875,52.66999816894531,52.349998474121094,52.630001068115234,42.629234313964844,8660300
2019-11-15,52.63999938964844,52.68000030517578,52.380001068115234,52.66999816894531,42.66164016723633,8982400
2019-11-18,52.68000030517578,53.439998626708984,52.66999816894531,53.029998779296875,42.95322799682617,13782000
2019-11-19,53.150001525878906,53.310001373291016,52.869998931884766,53.08000183105469,42.99372863769531,12679500
2019-11-20,53.099998474121094,53.400001525878906,53.0099983215332,53.220001220703125,43.10713577270508,11970300
2019-11-21,53.11000061035156,53.34000015258789,52.779998779296875,52.959999084472656,42.89653015136719,7856100
2019-11-22,52.959999084472656,53.189998626708984,52.75,53.029998779296875,42.95322799682617,9113300
2019-11-25,53.279998779296875,53.38999938964844,52.77000045776367,53.220001220703125,43.10713577270508,10963500
2019-11-26,53.310001373291016,53.939998626708984,53.220001220703125,53.900001525878906,43.65791702270508,13219800
2019-11-27,53.93000030517578,54.099998474121094,53.599998474121094,53.95000076293945,43.69841003417969,9595200
2019-11-29,53.70000076293945,53.72999954223633,53.220001220703125,53.400001525878906,43.57600402832031,7222300
2019-12-02,53.31999969482422,53.75,52.849998474121094,53.75,43.86162185668945,13173800
2019-12-03,53.709999084472656,53.84000015258789,53.400001525878906,53.79999923706055,43.90242004394531,14498300
2019-12-04,53.79999923706055,54.310001373291016,53.720001220703125,54.290000915527344,44.302268981933594,13624000
2019-12-05,54.209999084472656,54.290000915527344,53.83000183105469,54.189998626708984,44.22067642211914,14068100
2019-12-06,54.310001373291016,54.5,54.16999816894531,54.41999816894531,44.408355712890625,7843500
2019-12-09,54.29999923706055,54.5099983215332,54.02000045776367,54.06999969482422,44.12274932861328,13887200
2019-12-10,54.040000915527344,54.06999969482422,53.72999954223633,53.77000045776367,43.87793731689453,8993900
2019-12-11,53.939998626708984,54.150001525878906,53.65999984741211,53.95000076293945,44.02482223510742,8879100
2019-12-12,54.0099983215332,54.45000076293945,53.939998626708984,54.13999938964844,44.179866790771484,11233300
2019-12-13,53.939998626708984,54.54999923706055,53.84000015258789,54.41999816894531,44.408355712890625,13072200
2019-12-16,54.689998626708984,54.83000183105469,54.369998931884766,54.41999816894531,44.408355712890625,9538100
2019-12-17,54.400001525878906,54.58000183105469,54.290000915527344,54.41999816894531,44.408355712890625,9230000
2019-12-18,54.529998779296875,54.75,53.88999938964844,53.90999984741211,43.992191314697266,15132100
2019-12-19,54.040000915527344,54.34000015258789,53.91999816894531,54.31999969482422,44.326759338378906,13385900
2019-12-20,54.939998626708984,55.20000076293945,54.470001220703125,54.970001220703125,44.857177734375,23832800
2019-12-23,55.0,55.2400016784668,54.84000015258789,54.90999984741211,44.808223724365234,9300800
2019-12-24,54.79999923706055,55.0,54.63999938964844,54.709999084472656,44.64501190185547,3359300
2019-12-26,54.91999816894531,55.02000045776367,54.790000915527344,55.02000045776367,44.89797592163086,6228500
2019-12-27,55.0099983215332,55.45000076293945,55.0,55.349998474121094,45.16726303100586,6895500
2019-12-30,55.18000030517578,55.38999938964844,55.060001373291016,55.27000045776367,45.10198974609375,6431700
2019-12-31,55.20000076293945,55.380001068115234,54.97999954223633,55.349998474121094,45.16726303100586,7982600
2020-01-02,55.31999969482422,55.43000030517578,54.7599983215332,54.9900016784668,44.873497009277344,11867700
2020-01-03,54.31999969482422,54.9900016784668,54.09000015258789,54.689998626708984,44.62869644165039,11354500
2020-01-06,54.650001525878906,54.90999984741211,54.52000045776367,54.66999816894531,44.612361907958984,14698300
2020-01-07,54.45000076293945,54.599998474121094,54.150001525878906,54.25,44.26963424682617,9973900
2020-01-08,54.27000045776367,54.63999938964844,54.150001525878906,54.349998474121094,44.35124206542969,10676000
2020-01-09,55.0,55.400001525878906,54.84000015258789,55.34000015258789,45.15910720825195,15398000
2020-01-10,55.47999954223633,55.93000030517578,55.45000076293945,55.529998779296875,45.314151763916016,13040100
2020-01-13,55.529998779296875,56.22999954223633,55.41999816894531,56.130001068115234,45.803775787353516,14302900
2020-01-14,56.2400016784668,56.290000915527344,55.83000183105469,56.0,45.69769287109375,16345300
2020-01-15,56.0,56.97999954223633,56.0,56.70000076293945,46.26891326904297,17735400
2020-01-16,56.849998474121094,56.95000076293945,56.61000061035156,56.81999969482422,46.366825103759766,10234100
2020-01-17,56.869998931884766,57.150001525878906,56.79999923706055,56.939998626708984,46.464759826660156,14264300
2020-01-21,56.849998474121094,57.25,56.56999969482422,57.16999816894531,46.65244674682617,11968900
2020-01-22,57.25,57.63999938964844,57.18000030517578,57.61000061035156,47.01150131225586,12869600
2020-01-23,57.380001068115234,57.849998474121094,57.2400016784668,57.83000183105469,47.19102478027344,12858900
2020-01-24,57.849998474121094,57.869998931884766,57.459999084472656,57.68000030517578,47.0686149597168,8594300
2020-01-27,57.209999084472656,57.849998474121094,57.130001068115234,57.47999954223633,46.90541076660156,14359900
2020-01-28,57.45000076293945,57.75,56.970001220703125,57.0099983215332,46.521881103515625,15240200
2020-01-29,57.0,57.2599983215332,56.65999984741211,57.0099983215332,46.521881103515625,13163600
2020-01-30,57.93000030517578,58.97999954223633,57.7599983215332,58.86000061035156,48.03153991699219,20225600
2020-01-31,58.970001220703125,59.08000183105469,58.150001525878906,58.400001525878906,47.656158447265625,17685200
2020-02-03,58.75,58.970001220703125,58.52000045776367,58.58000183105469,47.803043365478516,12333600
2020-02-04,58.75,59.45000076293945,58.619998931884766,58.84000015258789,48.015228271484375,15417900
2020-02-05,58.900001525878906,59.08000183105469,58.540000915527344,58.849998474121094,48.02336883544922,11414900
2020-02-06,58.97999954223633,59.34000015258789,58.84000015258789,58.9900016784668,48.13762664794922,9347000
2020-02-07,58.880001068115234,59.31999969482422,58.849998474121094,59.189998626708984,48.300819396972656,8757800
2020-02-10,59.31999969482422,59.84000015258789,59.290000915527344,59.75,48.7578010559082,7984900
2020-02-11,59.720001220703125,59.79999923706055,59.31999969482422,59.59000015258789,48.62724304199219,7431200
2020-02-12,59.47999954223633,59.77000045776367,59.31999969482422,59.40999984741211,48.480350494384766,9179100
2020-02-13,59.380001068115234,59.84000015258789,59.209999084472656,59.61000061035156,48.643550872802734,8173200
2020-02-14,59.630001068115234,60.06999969482422,59.619998931884766,59.95000076293945,48.92100524902344,9965500
2020-02-18,59.810001373291016,59.93000030517578,59.45000076293945,59.529998779296875,48.578277587890625,10075700
2020-02-19,59.5099983215332,60.0,59.470001220703125,59.77000045776367,48.774131774902344,6265700
2020-02-20,59.68000030517578,59.86000061035156,59.11000061035156,59.720001220703125,48.73332977294922,7597200
2020-02-21,59.5099983215332,60.130001068115234,59.43000030517578,60.130001068115234,49.067893981933594,10842400
2020-02-24,59.11000061035156,59.79999923706055,58.56999969482422,58.650001525878906,47.86016845703125,14415500
2020-02-25,58.70000076293945,59.20000076293945,57.619998931884766,57.81999969482422,47.18286895751953,15915100
2020-02-26,57.97999954223633,58.470001220703125,57.47999954223633,57.599998474121094,47.003334045410156,15837800
2020-02-27,57.150001525878906,57.88999938964844,54.880001068115234,54.93000030517578,44.82453536987305,23754000
2020-02-28,53.83000183105469,53.88999938964844,51.58000183105469,53.4900016784668,43.64946365356445,40890600
2020-03-02,53.93000030517578,55.959999084472656,53.70000076293945,55.91999816894531,45.63240432739258,25698600
2020-03-03,56.7599983215332,57.4900016784668,55.63999938964844,56.060001373291016,45.74664306640625,27099200
2020-03-04,56.40999984741211,59.0,56.40999984741211,58.91999816894531,48.08048629760742,20526100
2020-03-05,57.79999923706055,58.16999816894531,56.189998626708984,56.7400016784668,46.30154800415039,17948500
2020-03-06,54.939998626708984,55.90999984741211,53.97999954223633,55.2599983215332,45.09382629394531,22353900
2020-03-09,52.04999923706055,53.58000183105469,51.47999954223633,51.86000061035156,42.3193244934082,27898300
2020-03-10,53.220001220703125,53.79999923706055,51.16999816894531,53.65999984741211,43.78818130493164,27457400
2020-03-11,52.349998474121094,52.650001525878906,51.13999938964844,52.209999084472656,42.604942321777344,22653900
2020-03-12,48.540000915527344,49.93000030517578,46.689998626708984,47.15999984741211,38.483985900878906,31913100
2020-03-13,49.5099983215332,49.560001373291016,46.61000061035156,48.470001220703125,39.89985275268555,33697200
2020-03-16,42.2400016784668,47.880001068115234,41.16999816894531,45.2599983215332,37.25742721557617,28682300
2020-03-17,45.880001068115234,47.5,45.369998931884766,47.18000030517578,38.83795166015625,32106700
2020-03-18,44.7400016784668,45.150001525878906,41.59000015258789,44.849998474121094,36.91992950439453,35408300
2020-03-19,44.36000061035156,44.65999984741211,41.040000915527344,41.83000183105469,34.433902740478516,41956900
2020-03-20,41.95000076293945,42.06999969482422,37.5099983215332,38.29999923706055,31.52806282043457,51513500
2020-03-23,38.7599983215332,38.88999938964844,36.27000045776367,37.560001373291016,30.918893814086914,44978500
2020-03-24,41.220001220703125,41.400001525878906,38.83000183105469,39.45000076293945,32.4747200012207,49096200
2020-03-25,40.630001068115234,43.45000076293945,39.90999984741211,41.61000061035156,34.252803802490234,42511700
2020-03-26,42.84000015258789,45.27000045776367,42.45000076293945,44.290000915527344,36.45893859863281,37821700
2020-03-27,43.65999984741211,44.029998779296875,42.400001525878906,42.810001373291016,35.240623474121094,23297900
2020-03-30,43.040000915527344,45.560001373291016,43.040000915527344,45.0,37.043399810791016,23446000
2020-03-31,45.06999969482422,45.5099983215332,44.060001373291016,44.25,36.4260139465332,25373900
2020-04-01,42.47999954223633,43.650001525878906,41.79999923706055,42.119998931884766,34.672630310058594,21936400
2020-04-02,42.220001220703125,44.189998626708984,41.86000061035156,43.95000076293945,36.17906188964844,17621900
2020-04-03,43.58000183105469,44.34000015258789,43.310001373291016,43.83000183105469,36.08028030395508,14207100
2020-04-06,45.38999938964844,47.0099983215332,44.689998626708984,46.66999816894531,38.41813278198242,22850000
2020-04-07,48.5,48.599998474121094,46.47999954223633,46.5099983215332,38.28641891479492,21279600
2020-04-08,46.63999938964844,48.09000015258789,46.33000183105469,47.81999969482422,39.364803314208984,18937100
2020-04-09,48.439998626708984,49.72999954223633,48.349998474121094,49.0,40.33614730834961,19165300
2020-04-13,48.349998474121094,48.63999938964844,46.5,46.93000030517578,38.632164001464844,19586000
2020-04-14,47.939998626708984,49.25,46.93000030517578,48.91999816894531,40.27029800415039,21801900
2020-04-15,47.709999084472656,48.400001525878906,47.40999984741211,47.61000061035156,39.191925048828125,12893200
2020-04-16,47.400001525878906,47.849998474121094,46.7599983215332,47.099998474121094,38.7721061706543,17606800
2020-04-17,48.29999923706055,48.29999923706055,47.369998931884766,48.060001373291016,39.56235885620117,19844600
2020-04-20,47.790000915527344,48.0,46.310001373291016,46.529998779296875,38.302886962890625,18957900
2020-04-21,45.880001068115234,46.900001525878906,44.2599983215332,45.380001068115234,37.35622024536133,26863700
2020-04-22,46.04999923706055,46.150001525878906,45.5,45.68000030517578,37.60316467285156,15811600
2020-04-23,45.95000076293945,46.099998474121094,44.970001220703125,45.06999969482422,37.10102462768555,17668200
2020-04-24,45.5,45.75,45.119998931884766,45.43000030517578,37.39738082885742,15175000
2020-04-27,46.0,46.97999954223633,45.709999084472656,46.779998779296875,38.50868225097656,19175500
2020-04-28,47.900001525878906,48.0,46.56999969482422,46.7400016784668,38.475746154785156,17246700
2020-04-29,47.27000045776367,47.86000061035156,46.880001068115234,47.119998931884766,38.78856658935547,15780000
2020-04-30,47.0,47.0,45.70000076293945,45.88999938964844,37.776039123535156,20801100
2020-05-01,45.619998931884766,46.38999938964844,45.209999084472656,45.599998474121094,37.53731155395508,14290400
2020-05-04,45.31999969482422,45.47999954223633,44.599998474121094,45.13999938964844,37.15864944458008,22544200
2020-05-05,45.36000061035156,46.099998474121094,45.150001525878906,45.400001525878906,37.3726806640625,13370500
2020-05-06,45.400001525878906,45.630001068115234,44.720001220703125,44.75,36.83761215209961,11892900
2020-05-07,45.150001525878906,45.2400016784668,44.5,44.599998474121094,36.71412658691406,16466000
2020-05-08,45.08000183105469,46.220001220703125,44.880001068115234,46.11000061035156,37.95713806152344,13985100
2020-05-11,45.689998626708984,46.11000061035156,45.52000045776367,45.540000915527344,37.4879264831543,10874600
2020-05-12,45.599998474121094,45.849998474121094,44.79999923706055,44.81999969482422,36.895225524902344,13424400
2020-05-13,44.709999084472656,44.779998779296875,43.52000045776367,43.939998626708984,36.17082595825195,15854800
2020-05-14,43.380001068115234,44.060001373291016,43.22999954223633,43.70000076293945,35.973262786865234,18000800
2020-05-15,43.959999084472656,44.689998626708984,43.20000076293945,43.2599983215332,35.61104965209961,31579400
2020-05-18,44.81999969482422,45.38999938964844,44.130001068115234,44.970001220703125,37.01871871948242,26118500
2020-05-19,45.0099983215332,45.33000183105469,44.25,44.540000915527344,36.66474151611328,17839900
2020-05-20,45.20000076293945,46.16999816894531,45.02000045776367,45.88999938964844,37.776039123535156,22295900
2020-05-21,46.08000183105469,46.09000015258789,45.029998779296875,45.16999816894531,37.183349609375,13193500
2020-05-22,45.220001220703125,45.310001373291016,44.650001525878906,45.029998779296875,37.068092346191406,13008400
2020-05-26,46.91999816894531,46.93000030517578,45.93000030517578,46.09000015258789,37.940670013427734,22223100
2020-05-27,47.0,47.09000015258789,46.16999816894531,46.72999954223633,38.46752166748047,18447600
2020-05-28,47.29999923706055,47.459999084472656,46.81999969482422,47.09000015258789,38.763858795166016,16230600
2020-05-29,46.68000030517578,47.189998626708984,46.13999938964844,46.68000030517578,38.426353454589844,51125000
2020-06-01,46.65999984741211,47.22999954223633,46.59000015258789,46.9900016784668,38.68154525756836,17010700
2020-06-02,47.15999984741211,47.279998779296875,46.560001373291016,46.900001525878906,38.60745620727539,15255100
2020-06-03,47.27000045776367,48.119998931884766,47.119998931884766,47.900001525878906,39.4306526184082,15508300
2020-06-04,47.939998626708984,48.27000045776367,47.380001068115234,47.91999816894531,39.447113037109375,13604700
2020-06-05,48.540000915527344,49.4900016784668,48.459999084472656,49.09000015258789,40.41024398803711,20504800
2020-06-08,49.540000915527344,49.970001220703125,49.470001220703125,49.849998474121094,41.035865783691406,19896700
2020-06-09,49.59000015258789,49.59000015258789,48.68000030517578,49.0,40.33614730834961,16713700
2020-06-10,49.15999984741211,49.27000045776367,48.56999969482422,48.619998931884766,40.023345947265625,15716600
2020-06-11,47.810001373291016,47.91999816894531,45.459999084472656,45.540000915527344,37.4879264831543,26070400
2020-06-12,46.209999084472656,46.25,45.0099983215332,45.599998474121094,37.87834167480469,21822700
2020-06-15,44.56999969482422,46.45000076293945,44.470001220703125,46.29999923706055,38.45980453491211,15622300
2020-06-16,47.560001373291016,47.689998626708984,46.189998626708984,46.77000045776367,38.85021209716797,18803500
2020-06-17,46.779998779296875,47.060001373291016,46.439998626708984,46.58000183105469,38.69239807128906,12602800
2020-06-18,46.29999923706055,47.040000915527344,46.06999969482422,46.9900016784668,39.032962799072266,9380800
2020-06-19,47.77000045776367,47.790000915527344,46.02000045776367,46.02000045776367,38.22722244262695,30464600
2020-06-22,46.029998779296875,46.150001525878906,45.380001068115234,45.7400016784668,37.994632720947266,20876200
2020-06-23,46.0,46.290000915527344,45.58000183105469,45.63999938964844,37.91156768798828,14675300
2020-06-24,45.369998931884766,45.439998626708984,44.5,44.650001525878906,37.08920669555664,17631800
2020-06-25,44.470001220703125,44.97999954223633,44.029998779296875,44.93000030517578,37.32179641723633,13829700
2020-06-26,44.91999816894531,45.0099983215332,43.5099983215332,43.56999969482422,36.19209289550781,21955100
2020-06-29,44.0,44.56999969482422,43.54999923706055,44.36000061035156,36.848323822021484,17603900
2020-06-30,44.25,44.83000183105469,44.040000915527344,44.68000030517578,37.114131927490234,23679800
2020-07-01,44.93000030517578,45.529998779296875,44.709999084472656,44.81999969482422,37.23042297363281,14316500
2020-07-02,45.290000915527344,45.43000030517578,44.79999923706055,44.880001068115234,37.2802619934082,15111900
2020-07-06,45.13999938964844,45.27000045776367,44.61000061035156,45.22999954223633,37.57099151611328,15146000
2020-07-07,45.0,45.5,44.79999923706055,45.209999084472656,37.554386138916016,13043600
2020-07-08,45.13999938964844,45.18000030517578,44.470001220703125,45.06999969482422,37.43809127807617,13851200
2020-07-09,45.04999923706055,45.04999923706055,43.83000183105469,43.90999984741211,36.47452163696289,16087100
2020-07-10,43.880001068115234,45.25,43.86000061035156,45.150001525878906,37.50453186035156,15627800
2020-07-13,45.529998779296875,45.68000030517578,44.959999084472656,45.25,37.58760452270508,16705300
2020-07-14,44.90999984741211,45.939998626708984,44.66999816894531,45.869998931884766,38.10260772705078,17080100
2020-07-15,46.29999923706055,47.189998626708984,46.20000076293945,46.400001525878906,38.542877197265625,23738000
2020-07-16,46.2599983215332,46.689998626708984,45.939998626708984,46.150001525878906,38.335208892822266,13306100
2020-07-17,46.470001220703125,46.90999984741211,46.130001068115234,46.81999969482422,38.891746520996094,13899800
2020-07-20,46.720001220703125,46.83000183105469,45.849998474121094,46.119998931884766,38.31028747558594,16633200
2020-07-21,47.52000045776367,47.9900016784668,46.93000030517578,47.20000076293945,39.20740509033203,25681500
2020-07-22,47.93000030517578,48.52000045776367,47.029998779296875,48.47999954223633,40.27065658569336,29831200
2020-07-23,48.470001220703125,48.56999969482422,48.029998779296875,48.279998779296875,40.104522705078125,15935000
2020-07-24,48.400001525878906,48.79999923706055,48.06999969482422,48.4900016784668,40.27895736694336,16196800
2020-07-27,48.18000030517578,48.5099983215332,48.18000030517578,48.47999954223633,40.27065658569336,17346500
2020-07-28,48.34000015258789,49.279998779296875,48.099998474121094,48.18000030517578,40.021453857421875,13872700
2020-07-29,48.13999938964844,48.5,47.81999969482422,48.02000045776367,39.888553619384766,13758100
2020-07-30,47.66999816894531,48.22999954223633,47.20000076293945,47.689998626708984,39.61443328857422,17276500
2020-07-31,47.439998626708984,47.77000045776367,46.72999954223633,47.2400016784668,39.24064254760742,14849200
2020-08-03,47.13999938964844,47.36000061035156,46.22999954223633,46.29999923706055,38.45980453491211,14137500
2020-08-04,46.290000915527344,46.86000061035156,46.220001220703125,46.689998626708984,38.78376388549805,11717200
2020-08-05,46.900001525878906,47.27000045776367,46.810001373291016,47.220001220703125,39.22401809692383,10498700
2020-08-06,46.65999984741211,47.529998779296875,46.599998474121094,47.47999954223633,39.43999481201172,10745000
2020-08-07,47.470001220703125,48.08000183105469,47.209999084472656,47.79999923706055,39.70579147338867,11669700
2020-08-10,48.060001373291016,48.279998779296875,47.65999984741211,47.720001220703125,39.63935852050781,11888000
2020-08-11,48.459999084472656,48.650001525878906,47.70000076293945,47.93000030517578,39.81378936767578,16531600
2020-08-12,48.29999923706055,48.689998626708984,48.119998931884766,48.43000030517578,40.229122161865234,9562200
2020-08-13,48.2599983215332,48.72999954223633,48.060001373291016,48.380001068115234,40.18758773803711,9882900
2020-08-14,48.34000015258789,48.689998626708984,48.029998779296875,48.45000076293945,40.24574279785156,10075800
2020-08-17,48.31999969482422,48.75,48.20000076293945,48.209999084472656,40.0463752746582,9102400
2020-08-18,48.20000076293945,48.5,47.959999084472656,48.41999816894531,40.22080993652344,9829000
2020-08-19,48.119998931884766,48.380001068115234,47.220001220703125,47.369998931884766,39.34861373901367,17371000
2020-08-20,47.27000045776367,47.599998474121094,47.09000015258789,47.349998474121094,39.332008361816406,11308700
2020-08-21,47.34000015258789,47.5,46.970001220703125,47.279998779296875,39.27386474609375,14734100
2020-08-24,47.43000030517578,47.97999954223633,47.18000030517578,47.970001220703125,39.847023010253906,9257700
2020-08-25,48.0,48.04999923706055,47.650001525878906,47.90999984741211,39.797176361083984,7827800
2020-08-26,47.7599983215332,48.18000030517578,47.470001220703125,48.15999984741211,40.00484848022461,10124200
2020-08-27,48.25,48.81999969482422,48.20000076293945,48.22999954223633,40.062992095947266,10931600
2020-08-28,48.75,49.849998474121094,48.529998779296875,49.83000183105469,41.39205551147461,16420300
2020-08-31,49.79999923706055,50.06999969482422,49.349998474121094,49.529998779296875,41.14285659790039,18510800
2020-09-01,49.310001373291016,49.349998474121094,48.83000183105469,49.119998931884766,40.802284240722656,12588400
2020-09-02,49.36000061035156,51.36000061035156,49.36000061035156,51.189998626708984,42.521759033203125,26332600
2020-09-03,51.400001525878906,52.13999938964844,50.099998474121094,50.47999954223633,41.931983947753906,22289400
2020-09-04,50.939998626708984,51.470001220703125,50.279998779296875,51.040000915527344,42.39716339111328,21019500
2020-09-08,50.93000030517578,51.040000915527344,49.36000061035156,49.810001373291016,41.37543869018555,17776700
2020-09-09,49.599998474121094,50.7599983215332,49.54999923706055,50.189998626708984,41.69109344482422,15252300
2020-09-10,50.349998474121094,50.68000030517578,49.95000076293945,50.0,41.53327178955078,15439500
2020-09-11,50.400001525878906,51.20000076293945,50.099998474121094,51.060001373291016,42.41376876831055,18272300
2020-09-14,50.970001220703125,51.22999954223633,50.56999969482422,50.709999084472656,42.464019775390625,10911700
2020-09-15,51.0,51.380001068115234,50.84000015258789,51.04999923706055,42.74872589111328,12838400
2020-09-16,50.95000076293945,51.45000076293945,50.7400016784668,50.790000915527344,42.531005859375,15353900
2020-09-17,50.220001220703125,50.630001068115234,49.939998626708984,50.54999923706055,42.33003234863281,13287100
2020-09-18,50.75,51.15999984741211,50.209999084472656,50.45000076293945,42.246299743652344,23816600
2020-09-21,49.75,50.02000045776367,48.61000061035156,49.09000015258789,41.10743713378906,17514800
2020-09-22,49.11000061035156,50.040000915527344,49.06999969482422,49.65999984741211,41.58476257324219,13034600
2020-09-23,49.72999954223633,49.91999816894531,48.16999816894531,48.209999084472656,40.370540618896484,17121200
2020-09-24,48.209999084472656,49.099998474121094,47.560001373291016,48.70000076293945,40.780853271484375,16788100
2020-09-25,48.20000076293945,48.7599983215332,47.97999954223633,48.720001220703125,40.797611236572266,12603400
2020-09-28,49.310001373291016,49.709999084472656,49.13999938964844,49.279998779296875,41.266544342041016,11215700
2020-09-29,49.38999938964844,49.560001373291016,48.90999984741211,48.91999816894531,40.965084075927734,12426600
2020-09-30,49.27000045776367,49.619998931884766,48.88999938964844,49.369998931884766,41.34191131591797,15755900
2020-10-01,49.439998626708984,49.65999984741211,48.59000015258789,49.18000030517578,41.18280792236328,17577300
2020-10-02,48.7599983215332,49.58000183105469,48.54999923706055,49.36000061035156,41.33354187011719,13610100
2020-10-05,49.43000030517578,49.54999923706055,49.119998931884766,49.380001068115234,41.35028839111328,10628700
2020-10-06,49.54999923706055,49.72999954223633,48.83000183105469,48.939998626708984,40.981834411621094,10077400
2020-10-07,49.02000045776367,49.7599983215332,48.95000076293945,49.560001373291016,41.50102233886719,10135600
2020-10-08,49.709999084472656,50.540000915527344,49.540000915527344,50.459999084472656,42.254661560058594,12143900
2020-10-09,50.66999816894531,51.22999954223633,50.599998474121094,50.810001373291016,42.547767639160156,11407800
2020-10-12,50.84000015258789,51.529998779296875,50.83000183105469,51.09000015258789,42.7822151184082,11386500
2020-10-13,50.9900016784668,50.9900016784668,49.900001525878906,50.220001220703125,42.05370330810547,14365300
2020-10-14,50.04999923706055,50.4900016784668,49.650001525878906,50.119998931884766,41.9699592590332,10582100
2020-10-15,49.400001525878906,50.130001068115234,49.29999923706055,49.9900016784668,41.8610954284668,9961700
2020-10-16,49.9900016784668,50.349998474121094,49.869998931884766,50.029998779296875,41.894596099853516,13569800
2020-10-19,50.029998779296875,50.47999954223633,49.459999084472656,49.619998931884766,41.55126953125,9930400
2020-10-20,49.88999938964844,50.619998931884766,49.790000915527344,50.25,42.07881546020508,10970700
2020-10-21,49.959999084472656,50.43000030517578,49.77000045776367,49.9900016784668,41.8610954284668,12517400
2020-10-22,51.16999816894531,51.20000076293945,50.380001068115234,50.68000030517578,42.43889236450195,20189200
2020-10-23,51.0,51.18000030517578,50.470001220703125,50.52000045776367,42.30491256713867,13491300
2020-10-26,50.34000015258789,50.5099983215332,49.20000076293945,49.79999923706055,41.70199203491211,14696400
2020-10-27,49.810001373291016,50.290000915527344,49.54999923706055,49.900001525878906,41.78573226928711,13892100
2020-10-28,49.0,49.150001525878906,47.779998779296875,47.959999084472656,40.161197662353516,19886200
2020-10-29,47.72999954223633,48.47999954223633,47.29999923706055,48.02000045776367,40.21144485473633,15369900
2020-10-30,47.810001373291016,48.119998931884766,47.369998931884766,48.060001373291016,40.24494171142578,15804000
2020-11-02,48.75,48.95000076293945,48.2400016784668,48.619998931884766,40.71387481689453,15156100
2020-11-03,49.220001220703125,49.959999084472656,49.0,49.349998474121094,41.32515335083008,15285100
2020-11-04,49.43000030517578,50.209999084472656,49.08000183105469,49.16999816894531,41.17443084716797,12930800
2020-11-05,49.7599983215332,50.209999084472656,49.34000015258789,49.439998626708984,41.40052795410156,12452400
2020-11-06,49.650001525878906,49.9900016784668,49.25,49.45000076293945,41.408905029296875,9294900
2020-11-09,52.5,53.2599983215332,52.06999969482422,52.56999969482422,44.02155685424805,33442000
2020-11-10,52.56999969482422,54.279998779296875,52.45000076293945,53.97999954223633,45.2022819519043,29706700
2020-11-11,53.93000030517578,54.29999923706055,53.33000183105469,53.58000183105469,44.86732482910156,17399900
2020-11-12,53.04999923706055,53.209999084472656,52.61000061035156,53.0099983215332,44.3900032043457,15024400
2020-11-13,53.25,53.5,52.88999938964844,53.45000076293945,44.758453369140625,12447900
2020-11-16,54.5,54.619998931884766,53.279998779296875,53.849998474121094,45.09342575073242,14908200
2020-11-17,53.65999984741211,53.75,53.029998779296875,53.68000030517578,44.95106506347656,14248400
2020-11-18,53.75,54.02000045776367,52.560001373291016,52.61000061035156,44.055057525634766,15278200
2020-11-19,52.4900016784668,53.22999954223633,51.95000076293945,53.130001068115234,44.49050521850586,17189500
2020-11-20,53.189998626708984,53.25,52.59000015258789,52.66999816894531,44.10529327392578,15645600
2020-11-23,52.95000076293945,53.16999816894531,52.20000076293945,52.68000030517578,44.11367416381836,13191900
2020-11-24,53.13999938964844,53.59000015258789,53.02000045776367,53.220001220703125,44.56587219238281,13827600
2020-11-25,53.06999969482422,53.279998779296875,52.790000915527344,52.93000030517578,44.323020935058594,10194800
2020-11-27,53.11000061035156,53.189998626708984,52.61000061035156,52.70000076293945,44.13042068481445,8499300
2020-11-30,52.09000015258789,52.189998626708984,51.08000183105469,51.599998474121094,43.548091888427734,43203600
2020-12-01,52.13999938964844,52.33000183105469,51.790000915527344,52.040000915527344,43.919429779052734,18968800
2020-12-02,51.900001525878906,52.130001068115234,51.63999938964844,52.11000061035156,43.978515625,14913100
2020-12-03,51.900001525878906,52.939998626708984,51.900001525878906,52.779998779296875,44.54395294189453,17318900
2020-12-04,52.779998779296875,53.869998931884766,52.7599983215332,53.849998474121094,45.446990966796875,18122400
2020-12-07,53.7599983215332,53.779998779296875,52.70000076293945,52.9900016784668,44.721195220947266,16210900
2020-12-08,52.939998626708984,53.47999954223633,52.790000915527344,53.18000030517578,44.88154220581055,12485800
2020-12-09,53.369998931884766,53.599998474121094,53.0,53.33000183105469,45.00813674926758,11508400
2020-12-10,53.400001525878906,53.5099983215332,52.97999954223633,53.04999923706055,44.771827697753906,12097300
2020-12-11,52.79999923706055,53.540000915527344,52.779998779296875,53.349998474121094,45.02500915527344,10638100
2020-12-14,53.650001525878906,53.84000015258789,53.18000030517578,53.27000045776367,44.95750045776367,22292000
2020-12-15,53.790000915527344,54.220001220703125,53.599998474121094,53.84000015258789,45.43854904174805,16193700
2020-12-16,53.599998474121094,53.79999923706055,52.939998626708984,53.060001373291016,44.780269622802734,15679600
2020-12-17,53.29999923706055,53.709999084472656,53.150001525878906,53.27000045776367,44.95750045776367,12677300
2020-12-18,53.08000183105469,53.84000015258789,52.619998931884766,53.7400016784668,45.35415267944336,35480100
2020-12-21,52.68000030517578,53.0,51.97999954223633,52.810001373291016,44.569278717041016,14926600
2020-12-22,52.810001373291016,53.18000030517578,52.38999938964844,52.7599983215332,44.52708053588867,9689500
2020-12-23,52.95000076293945,53.38999938964844,52.939998626708984,53.08000183105469,44.797142028808594,7040300
2020-12-24,53.02000045776367,53.54999923706055,53.02000045776367,53.439998626708984,45.10096740722656,3265500
2020-12-28,53.849998474121094,54.439998626708984,53.72999954223633,54.15999984741211,45.708614349365234,9020500
2020-12-29,54.45000076293945,54.4900016784668,54.02000045776367,54.130001068115234,45.68329620361328,8320600
2020-12-30,54.04999923706055,54.630001068115234,54.029998779296875,54.439998626708984,45.94492721557617,8142700
2020-12-31,54.45000076293945,54.93000030517578,54.27000045776367,54.84000015258789,46.28251266479492,8495000
2021-01-04,54.27000045776367,54.630001068115234,52.029998779296875,52.7599983215332,44.52708053588867,25611100
2021-01-05,52.33000183105469,52.619998931884766,52.029998779296875,52.18000030517578,44.03758239746094,20323800
2021-01-06,51.970001220703125,52.02000045776367,50.189998626708984,50.52000045776367,42.63661575317383,38724500
2021-01-07,50.09000015258789,50.2599983215332,49.52000045776367,49.959999084472656,42.164005279541016,53225700
2021-01-08,50.029998779296875,51.130001068115234,49.84000015258789,51.08000183105469,43.1092414855957,29674000
2021-01-11,50.619998931884766,50.86000061035156,49.95000076293945,50.20000076293945,42.366554260253906,19304400
2021-01-12,50.040000915527344,50.369998931884766,49.7599983215332,50.11000061035156,42.29059982299805,18538700
2021-01-13,49.97999954223633,50.36000061035156,49.95000076293945,50.15999984741211,42.332794189453125,18864100
2021-01-14,50.15999984741211,50.18000030517578,49.220001220703125,49.22999954223633,41.54792022705078,34303600
2021-01-15,49.15999984741211,49.18000030517578,48.529998779296875,48.70000076293945,41.10062026977539,24366800
2021-01-19,48.7400016784668,49.040000915527344,48.2400016784668,48.5099983215332,40.94027328491211,29114500
2021-01-20,48.540000915527344,48.81999969482422,48.310001373291016,48.68000030517578,41.0837516784668,23115800
2021-01-21,48.779998779296875,49.09000015258789,48.459999084472656,48.95000076293945,41.31161117553711,19702500
2021-01-22,48.810001373291016,48.939998626708984,48.4900016784668,48.4900016784668,40.92339324951172,15400300
2021-01-25,48.41999816894531,48.84000015258789,48.2400016784668,48.779998779296875,41.16814041137695,16604200
2021-01-26,48.90999984741211,49.400001525878906,48.61000061035156,49.290000915527344,41.59855651855469,12922600
2021-01-27,48.88999938964844,49.31999969482422,48.22999954223633,48.529998779296875,40.957149505615234,21242400
2021-01-28,48.689998626708984,49.5,48.61000061035156,49.150001525878906,41.48040771484375,17498900
2021-01-29,49.029998779296875,49.119998931884766,48.11000061035156,48.150001525878906,40.63644790649414,18670300
2021-02-01,48.27000045776367,48.689998626708984,48.18000030517578,48.47999954223633,40.914955139160156,12183600
2021-02-02,48.79999923706055,49.349998474121094,48.630001068115234,48.959999084472656,41.320045471191406,13319800
2021-02-03,48.95000076293945,49.09000015258789,48.66999816894531,48.77000045776367,41.159698486328125,12274100
2021-02-04,48.959999084472656,49.06999969482422,48.650001525878906,49.0099983215332,41.362247467041016,20597400
2021-02-05,49.5,49.779998779296875,49.27000045776367,49.650001525878906,41.902381896972656,12742000
2021-02-08,49.959999084472656,50.16999816894531,49.4900016784668,49.91999816894531,42.1302490234375,17833200
2021-02-09,49.849998474121094,50.02000045776367,49.630001068115234,49.70000076293945,41.944576263427734,14592900
2021-02-10,50.40999984741211,50.58000183105469,49.529998779296875,49.599998474121094,41.86017990112305,22965400
2021-02-11,49.810001373291016,50.59000015258789,49.79999923706055,50.29999923706055,42.450950622558594,21928600
2021-02-12,50.56999969482422,50.849998474121094,50.38999938964844,50.689998626708984,42.780094146728516,13137100
2021-02-16,50.619998931884766,50.720001220703125,50.15999984741211,50.27000045776367,42.42563247680664,15093400
2021-02-17,50.0,50.4900016784668,49.88999938964844,50.130001068115234,42.3074836730957,12794300
2021-02-18,50.15999984741211,50.849998474121094,50.029998779296875,50.77000045776367,42.84760665893555,12747100
2021-02-19,50.790000915527344,50.83000183105469,49.970001220703125,50.11000061035156,42.29059982299805,15968800
2021-02-22,49.849998474121094,50.880001068115234,49.66999816894531,50.630001068115234,42.72944641113281,14370900
2021-02-23,51.0,51.5099983215332,50.41999816894531,50.540000915527344,42.65351104736328,16222300
2021-02-24,50.38999938964844,50.900001525878906,50.130001068115234,50.709999084472656,42.796974182128906,14442000
2021-02-25,50.470001220703125,50.75,49.97999954223633,50.16999816894531,42.34123229980469,14211100
2021-02-26,50.20000076293945,50.209999084472656,48.970001220703125,48.9900016784668,41.34536361694336,23638400
2021-03-01,49.439998626708984,50.439998626708984,49.400001525878906,49.900001525878906,42.11336898803711,13901200
2021-03-02,49.84000015258789,50.560001373291016,49.70000076293945,50.099998474121094,42.28215789794922,11755100
2021-03-03,49.720001220703125,50.560001373291016,49.709999084472656,49.97999954223633,42.18089294433594,15410700
2021-03-04,50.310001373291016,51.09000015258789,49.619998931884766,49.939998626708984,42.147117614746094,22036400
2021-03-05,50.04999923706055,50.95000076293945,49.900001525878906,50.790000915527344,42.864498138427734,21310800
2021-03-08,51.470001220703125,52.4900016784668,51.15999984741211,51.63999938964844,43.581851959228516,25084900
2021-03-09,51.720001220703125,51.880001068115234,50.81999969482422,50.86000061035156,42.92356491088867,23082700
2021-03-10,51.18000030517578,51.630001068115234,50.720001220703125,51.439998626708984,43.413063049316406,21331600
2021-03-11,51.40999984741211,51.43000030517578,50.810001373291016,50.880001068115234,42.9404411315918,17417700
2021-03-12,50.59000015258789,50.68000030517578,50.20000076293945,50.36000061035156,42.85535430908203,17598600
2021-03-15,50.5,51.119998931884766,50.470001220703125,51.029998779296875,43.42550277709961,13411900
2021-03-16,51.20000076293945,51.52000045776367,51.040000915527344,51.220001220703125,43.587188720703125,14214200
2021-03-17,51.25,51.619998931884766,51.150001525878906,51.2400016784668,43.604217529296875,17502700
2021-03-18,51.060001373291016,51.189998626708984,50.4900016784668,50.56999969482422,43.034053802490234,18007300
2021-03-19,50.459999084472656,51.08000183105469,50.16999816894531,50.810001373291016,43.23829650878906,67845700
2021-03-22,50.31999969482422,51.08000183105469,50.31999969482422,51.0,43.399967193603516,17911400
2021-03-23,50.9900016784668,51.650001525878906,50.83000183105469,51.38999938964844,43.731849670410156,16936700
2021-03-24,51.16999816894531,51.88999938964844,51.150001525878906,51.52000045776367,43.84247970581055,14997400
2021-03-25,51.70000076293945,52.060001373291016,51.16999816894531,52.02000045776367,44.267967224121094,17091900
2021-03-26,52.13999938964844,53.11000061035156,51.7599983215332,53.040000915527344,45.13597869873047,17126700
2021-03-29,52.72999954223633,53.939998626708984,52.709999084472656,53.849998474121094,45.82526779174805,17514100
2021-03-30,53.75,53.790000915527344,52.93000030517578,53.150001525878906,45.22957992553711,14871800
2021-03-31,53.029998779296875,53.16999816894531,52.5,52.709999084472656,44.85515594482422,15826500
2021-04-01,52.959999084472656,53.150001525878906,52.459999084472656,52.5099983215332,44.68494415283203,15834700
2021-04-05,52.349998474121094,53.220001220703125,52.290000915527344,52.810001373291016,44.94024658203125,16368700
2021-04-06,53.040000915527344,53.650001525878906,52.900001525878906,53.189998626708984,45.26361083984375,15614300
2021-04-07,53.279998779296875,53.5,53.119998931884766,53.279998779296875,45.34020233154297,10062700
2021-04-08,53.16999816894531,53.380001068115234,52.970001220703125,53.119998931884766,45.20405578613281,9695600
2021-04-09,53.16999816894531,53.279998779296875,52.810001373291016,53.18000030517578,45.25510787963867,10828200
2021-04-12,53.33000183105469,53.54999923706055,53.099998474121094,53.349998474121094,45.39977264404297,8565300
2021-04-13,53.040000915527344,53.290000915527344,52.810001373291016,53.09000015258789,45.17851638793945,11071700
2021-04-14,52.97999954223633,53.189998626708984,52.650001525878906,53.08000183105469,45.17001724243164,9787600
2021-04-15,53.130001068115234,53.65999984741211,53.119998931884766,53.33000183105469,45.38275909423828,13078100
2021-04-16,53.7400016784668,53.79999923706055,53.380001068115234,53.68000030517578,45.68060302734375,17974100
2021-04-19,54.0,54.36000061035156,53.29999923706055,54.0,45.952911376953125,19352900
2021-04-20,53.84000015258789,54.59000015258789,53.810001373291016,54.16999816894531,46.09757995605469,14419200
2021-04-21,54.2400016784668,54.7400016784668,54.2400016784668,54.61000061035156,46.472007751464844,13866500
2021-04-22,54.470001220703125,54.869998931884766,54.31999969482422,54.439998626708984,46.32735061645508,12558900
2021-04-23,54.400001525878906,54.59000015258789,54.16999816894531,54.470001220703125,46.352874755859375,9020500
2021-04-26,54.470001220703125,54.5099983215332,53.58000183105469,53.65999984741211,45.6635856628418,11684600
2021-04-27,53.560001373291016,53.70000076293945,53.31999969482422,53.58000183105469,45.59550857543945,9852400
2021-04-28,53.97999954223633,54.04999923706055,53.439998626708984,53.59000015258789,45.6040153503418,10868100
2021-04-29,53.540000915527344,54.36000061035156,53.43000030517578,54.2599983215332,46.174156188964844,15391000
2021-04-30,54.25,54.27000045776367,53.689998626708984,53.97999954223633,45.93589401245117,14912600
2021-05-03,54.27000045776367,54.79999923706055,54.15999984741211,54.47999954223633,46.36137771606445,10417900
2021-05-04,54.56999969482422,54.619998931884766,53.939998626708984,54.13999938964844,46.07204818725586,14151000
2021-05-05,54.13999938964844,54.2400016784668,53.709999084472656,54.0,45.952911376953125,9665900
2021-05-06,54.119998931884766,54.61000061035156,54.04999923706055,54.540000915527344,46.41244888305664,11572700
2021-05-07,54.439998626708984,54.77000045776367,54.15999984741211,54.5099983215332,46.386905670166016,10637500
2021-05-10,54.880001068115234,55.5,54.83000183105469,54.90999984741211,46.72730255126953,15545800
2021-05-11,55.029998779296875,55.13999938964844,54.04999923706055,54.31999969482422,46.2252311706543,12986700
2021-05-12,54.36000061035156,54.560001373291016,53.880001068115234,54.040000915527344,45.9869499206543,15836500
2021-05-13,53.970001220703125,54.779998779296875,53.83000183105469,54.5099983215332,46.386905670166016,15475800
2021-05-14,54.900001525878906,55.099998474121094,54.689998626708984,54.72999954223633,46.57412338256836,11725300
2021-05-17,54.84000015258789,55.02000045776367,54.5,54.63999938964844,46.4975471496582,12119800
2021-05-18,54.38999938964844,54.560001373291016,54.099998474121094,54.34000015258789,46.24224853515625,13232500
2021-05-19,54.119998931884766,54.18000030517578,53.61000061035156,54.16999816894531,46.09757995605469,15126100
2021-05-20,54.119998931884766,54.79999923706055,54.119998931884766,54.650001525878906,46.506046295166016,10948400
2021-05-21,54.79999923706055,55.119998931884766,54.220001220703125,54.619998931884766,46.48052215576172,16033200
2021-05-24,54.630001068115234,54.93000030517578,54.4900016784668,54.79999923706055,46.63369369506836,10326100
2021-05-25,54.81999969482422,54.81999969482422,54.349998474121094,54.790000915527344,46.62518310546875,11916500
2021-05-26,54.97999954223633,55.04999923706055,54.59000015258789,55.029998779296875,46.82941818237305,16064300
2021-05-27,55.209999084472656,55.56999969482422,54.779998779296875,55.4900016784668,47.22087478637695,59109600
2021-05-28,55.349998474121094,55.709999084472656,55.20000076293945,55.290000915527344,47.05067825317383,17011600
2021-06-01,55.34000015258789,55.650001525878906,55.099998474121094,55.279998779296875,47.04216384887695,13304000
2021-06-02,55.5,55.560001373291016,55.2599983215332,55.5,47.22938919067383,11328500
2021-06-03,55.18000030517578,55.7400016784668,55.099998474121094,55.63999938964844,47.3485221862793,17364300
2021-06-04,55.900001525878906,56.47999954223633,55.779998779296875,56.2400016784668,47.859107971191406,18935100
2021-06-07,56.310001373291016,56.34000015258789,55.810001373291016,56.040000915527344,47.68891143798828,14010800
2021-06-08,56.25,56.25,55.54999923706055,55.650001525878906,47.357032775878906,10968300
2021-06-09,55.75,55.91999816894531,55.47999954223633,55.47999954223633,47.21236801147461,9838800
2021-06-10,55.90999984741211,56.119998931884766,55.7599983215332,55.90999984741211,47.578285217285156,12444400
2021-06-11,55.9900016784668,56.209999084472656,55.65999984741211,56.15999984741211,47.791038513183594,11825800
2021-06-14,55.689998626708984,55.709999084472656,55.20000076293945,55.54999923706055,47.628135681152344,9710800
2021-06-15,55.779998779296875,55.790000915527344,55.189998626708984,55.40999984741211,47.50809860229492,11154200
2021-06-16,55.439998626708984,55.459999084472656,54.63999938964844,54.66999816894531,46.873619079589844,15211700
2021-06-17,54.66999816894531,55.150001525878906,54.650001525878906,54.95000076293945,47.11368179321289,10658400
2021-06-18,54.5099983215332,54.619998931884766,53.720001220703125,53.77000045776367,46.10197067260742,31445600
2021-06-21,54.220001220703125,54.43000030517578,54.0,54.36000061035156,46.607826232910156,14404300
2021-06-22,54.34000015258789,54.849998474121094,54.2599983215332,54.560001373291016,46.77930450439453,13072800
2021-06-23,54.560001373291016,54.599998474121094,54.11000061035156,54.119998931884766,46.40205383300781,12339200
2021-06-24,54.2599983215332,54.41999816894531,54.0,54.38999938964844,46.633544921875,11488400
2021-06-25,54.2400016784668,54.470001220703125,54.0099983215332,54.31999969482422,46.573543548583984,18880300
2021-06-28,54.25,54.369998931884766,54.0,54.2599983215332,46.5220832824707,10556900
2021-06-29,54.130001068115234,54.34000015258789,53.720001220703125,53.86000061035156,46.17913818359375,12300900
2021-06-30,53.79999923706055,54.18000030517578,53.75,54.11000061035156,46.393470764160156,14614200
2021-07-01,54.34000015258789,54.47999954223633,53.86000061035156,53.959999084472656,46.26487350463867,13214700
2021-07-02,54.0,54.45000076293945,54.0,54.18000030517578,46.45350646972656,10604600
2021-07-06,53.9900016784668,54.09000015258789,53.54999923706055,53.880001068115234,46.196285247802734,15278200
2021-07-07,53.720001220703125,54.380001068115234,53.720001220703125,54.31999969482422,46.573543548583984,14377700
2021-07-08,54.0099983215332,54.16999816894531,53.7400016784668,54.130001068115234,46.41062927246094,11943900
2021-07-09,54.25,54.52000045776367,54.18000030517578,54.459999084472656,46.693565368652344,10847000
2021-07-12,54.31999969482422,54.599998474121094,54.27000045776367,54.47999954223633,46.7107048034668,15107600
2021-07-13,54.95000076293945,55.29999923706055,54.75,55.02000045776367,47.173702239990234,15170800
2021-07-14,55.02000045776367,56.349998474121094,54.959999084472656,56.2599983215332,48.236881256103516,22002700
2021-07-15,56.2400016784668,56.470001220703125,55.90999984741211,56.439998626708984,48.39120101928711,15068200
2021-07-16,56.459999084472656,56.68000030517578,56.2599983215332,56.400001525878906,48.35690689086914,14860500
2021-07-19,56.08000183105469,56.349998474121094,55.15999984741211,55.72999954223633,47.78246307373047,19527000
2021-07-20,55.72999954223633,56.33000183105469,55.52000045776367,55.83000183105469,47.868194580078125,16257900
2021-07-21,57.33000183105469,57.560001373291016,56.43000030517578,56.54999923706055,48.48551940917969,20918200
2021-07-22,56.619998931884766,56.7400016784668,56.04999923706055,56.470001220703125,48.416934967041016,13402700
2021-07-23,56.59000015258789,57.33000183105469,56.45000076293945,57.0099983215332,48.87991714477539,12144000
2021-07-26,56.88999938964844,57.119998931884766,56.560001373291016,57.060001373291016,48.92277908325195,8681100
2021-07-27,57.11000061035156,57.540000915527344,56.91999816894531,57.2599983215332,49.09425735473633,12794400
2021-07-28,56.9900016784668,57.15999984741211,56.630001068115234,56.7400016784668,48.64842224121094,9858000
2021-07-29,57.06999969482422,57.25,56.86000061035156,57.04999923706055,48.91421890258789,9599100
2021-07-30,57.150001525878906,57.25,56.900001525878906,57.029998779296875,48.897064208984375,11727000
2021-08-02,57.20000076293945,57.2400016784668,56.709999084472656,56.880001068115234,48.768455505371094,9778000
2021-08-03,57.0,57.0,56.75,56.91999816894531,48.80275344848633,8825500
2021-08-04,56.75,56.95000076293945,56.0099983215332,56.099998474121094,48.09968948364258,11888400
2021-08-05,56.439998626708984,56.59000015258789,56.290000915527344,56.5,48.44265365600586,9806800
2021-08-06,56.599998474121094,56.7400016784668,56.439998626708984,56.63999938964844,48.56267547607422,10409300
2021-08-09,56.79999923706055,56.880001068115234,56.43000030517578,56.650001525878906,48.57126235961914,8859900
2021-08-10,56.84000015258789,57.16999816894531,56.65999984741211,56.79999923706055,48.69986343383789,10906900
2021-08-11,56.88999938964844,57.18000030517578,56.709999084472656,56.72999954223633,48.63984680175781,8370700
2021-08-12,56.72999954223633,56.97999954223633,56.72999954223633,56.84000015258789,48.73415756225586,6169200
2021-08-13,56.810001373291016,57.29999923706055,56.77000045776367,57.22999954223633,49.06854248046875,7714200
2021-08-16,57.20000076293945,57.4900016784668,57.029998779296875,57.47999954223633,49.282894134521484,7972000
2021-08-17,57.459999084472656,57.560001373291016,57.0099983215332,57.279998779296875,49.11141586303711,10346400
2021-08-18,57.189998626708984,57.22999954223633,56.41999816894531,56.5,48.44265365600586,13873700
2021-08-19,56.060001373291016,56.97999954223633,55.95000076293945,56.86000061035156,48.751304626464844,9223700
2021-08-20,56.84000015258789,57.029998779296875,56.58000183105469,56.63999938964844,48.56267547607422,10543600
2021-08-23,56.66999816894531,56.75,56.380001068115234,56.439998626708984,48.39120101928711,8912800
2021-08-24,56.63999938964844,56.63999938964844,55.900001525878906,56.0099983215332,48.02252197265625,12067200
2021-08-25,56.060001373291016,56.16999816894531,55.72999954223633,56.06999969482422,48.073970794677734,11270700
2021-08-26,55.95000076293945,55.97999954223633,55.5099983215332,55.540000915527344,47.61954879760742,10331500
2021-08-27,55.65999984741211,55.790000915527344,55.45000076293945,55.650001525878906,47.7138671875,8844100
2021-08-30,55.689998626708984,56.20000076293945,55.63999938964844,56.18000030517578,48.16828536987305,10034700
2021-08-31,56.15999984741211,56.52000045776367,56.0,56.310001373291016,48.27974319458008,14185700
2021-09-01,56.380001068115234,56.79999923706055,56.279998779296875,56.689998626708984,48.60554885864258,9518900
2021-09-02,56.77000045776367,57.029998779296875,56.40999984741211,56.77000045776367,48.67413330078125,11653200
2021-09-03,56.459999084472656,56.77000045776367,56.25,56.72999954223633,48.63984680175781,13220400
2021-09-07,56.599998474121094,56.689998626708984,55.5099983215332,55.66999816894531,47.73100662231445,20035300
2021-09-08,55.61000061035156,56.47999954223633,55.61000061035156,56.41999816894531,48.37405776977539,12040100
2021-09-09,56.18000030517578,56.41999816894531,55.79999923706055,55.86000061035156,47.893917083740234,12545400
2021-09-10,56.0099983215332,56.130001068115234,55.52000045776367,55.61000061035156,47.67957305908203,10573700
2021-09-13,55.7400016784668,56.400001525878906,55.7400016784668,56.06999969482422,48.073970794677734,20274300
2021-09-14,55.91999816894531,55.97999954223633,55.54999923706055,55.689998626708984,48.108516693115234,13918900
2021-09-15,55.68000030517578,56.0,55.41999816894531,55.880001068115234,48.272647857666016,15746000
2021-09-16,55.720001220703125,55.9900016784668,54.81999969482422,55.349998474121094,47.814815521240234,17430400
2021-09-17,55.02000045776367,55.189998626708984,54.369998931884766,54.439998626708984,47.0286979675293,33370200
2021-09-20,54.11000061035156,54.400001525878906,53.72999954223633,54.060001373291016,46.70042037963867,27542500
2021-09-21,54.38999938964844,54.81999969482422,53.939998626708984,54.04999923706055,46.69178771972656,16418200
2021-09-22,54.5099983215332,54.560001373291016,54.060001373291016,54.130001068115234,46.76089859008789,12719700
2021-09-23,54.2599983215332,54.619998931884766,54.0,54.040000915527344,46.68315505981445,13836200
2021-09-24,54.0,54.2400016784668,53.86000061035156,53.88999938964844,46.55356979370117,9682200
2021-09-27,53.849998474121094,54.25,53.56999969482422,53.61000061035156,46.31169128417969,12429500
2021-09-28,53.459999084472656,53.459999084472656,52.43000030517578,52.63999938964844,45.4737434387207,19926100
2021-09-29,52.63999938964844,53.15999984741211,52.560001373291016,52.959999084472656,45.75018310546875,13941500
2021-09-30,53.16999816894531,53.33000183105469,52.43000030517578,52.470001220703125,45.32687759399414,17672000
2021-10-01,52.779998779296875,53.20000076293945,52.56999969482422,53.02000045776367,45.80201721191406,16277400
2021-10-04,53.060001373291016,53.529998779296875,52.400001525878906,52.9900016784668,45.77610778808594,18973400
2021-10-05,53.02000045776367,53.470001220703125,52.93000030517578,53.08000183105469,45.85384750366211,17173100
2021-10-06,52.77000045776367,53.77000045776367,52.5099983215332,53.709999084472656,46.398067474365234,21284500
2021-10-07,53.9900016784668,54.279998779296875,53.810001373291016,53.880001068115234,46.54493713378906,13774400
2021-10-08,54.0,54.38999938964844,53.900001525878906,54.119998931884766,46.75225830078125,13786800
2021-10-11,54.209999084472656,54.38999938964844,54.0099983215332,54.22999954223633,46.847293853759766,12378500
2021-10-12,54.41999816894531,54.83000183105469,54.220001220703125,54.22999954223633,46.847293853759766,19474400
2021-10-13,54.16999816894531,54.43000030517578,53.790000915527344,54.2400016784668,46.85592269897461,12143300
2021-10-14,54.38999938964844,54.810001373291016,54.310001373291016,54.61000061035156,47.17555236816406,13704000
2021-10-15,54.63999938964844,54.880001068115234,54.290000915527344,54.47999954223633,47.06324005126953,17867000
2021-10-18,54.349998474121094,54.38999938964844,53.86000061035156,53.939998626708984,46.596763610839844,15861800
2021-10-19,54.040000915527344,54.20000076293945,53.77000045776367,54.150001525878906,46.77818298339844,11068500
2021-10-20,54.18000030517578,54.7599983215332,54.11000061035156,54.630001068115234,47.192832946777344,12474800
2021-10-21,54.599998474121094,54.66999816894531,54.209999084472656,54.349998474121094,46.95094299316406,14388300
2021-10-22,54.38999938964844,54.529998779296875,54.06999969482422,54.45000076293945,47.037330627441406,12828600
2021-10-25,54.380001068115234,54.470001220703125,54.02000045776367,54.22999954223633,46.847293853759766,11855000
2021-10-26,54.31999969482422,54.58000183105469,54.22999954223633,54.470001220703125,47.05461120605469,12086700
2021-10-27,55.970001220703125,56.08000183105469,55.27000045776367,55.52000045776367,47.961669921875,24019800
2021-10-28,55.75,56.11000061035156,55.619998931884766,56.040000915527344,48.4108772277832,15928000
2021-10-29,55.869998931884766,56.470001220703125,55.779998779296875,56.369998931884766,48.69595718383789,24463700
2021-11-01,56.38999938964844,56.400001525878906,55.900001525878906,56.16999816894531,48.523170471191406,11651100
2021-11-02,56.470001220703125,56.5,55.970001220703125,56.099998474121094,48.46270751953125,11498900
2021-11-03,56.0,56.33000183105469,55.779998779296875,56.290000915527344,48.6268424987793,10788300
2021-11-04,56.11000061035156,56.630001068115234,56.029998779296875,56.599998474121094,48.89463806152344,10820200
2021-11-05,56.84000015258789,57.15999984741211,56.59000015258789,56.84000015258789,49.10196304321289,12886700
2021-11-08,56.75,56.88999938964844,56.130001068115234,56.33000183105469,48.66140365600586,12828000
2021-11-09,56.40999984741211,56.52000045776367,56.09000015258789,56.4900016784668,48.79962158203125,10155800
2021-11-10,56.540000915527344,56.91999816894531,56.290000915527344,56.720001220703125,48.99829864501953,8813600
2021-11-11,56.83000183105469,56.880001068115234,56.56999969482422,56.7400016784668,49.01557922363281,7257700
2021-11-12,56.75,56.9900016784668,56.54999923706055,56.61000061035156,48.90328598022461,10162500
2021-11-15,56.529998779296875,56.68000030517578,56.27000045776367,56.619998931884766,48.91191482543945,10289200
2021-11-16,56.619998931884766,56.939998626708984,56.189998626708984,56.220001220703125,48.56637191772461,13756500
2021-11-17,56.040000915527344,56.04999923706055,55.650001525878906,55.90999984741211,48.2985725402832,13288700
2021-11-18,55.83000183105469,55.93000030517578,55.13999938964844,55.40999984741211,47.86664962768555,15380100
2021-11-19,55.439998626708984,55.4900016784668,54.900001525878906,55.130001068115234,47.6247673034668,15813700
2021-11-22,55.099998474121094,56.02000045776367,55.08000183105469,55.470001220703125,47.918487548828125,16905600
2021-11-23,55.65999984741211,56.11000061035156,55.5,55.880001068115234,48.272647857666016,13835900
2021-11-24,55.709999084472656,55.84000015258789,55.029998779296875,55.43000030517578,47.8839225769043,12598900
2021-11-26,54.59000015258789,54.75,53.58000183105469,53.72999954223633,46.41535568237305,14754300
2021-11-29,54.04999923706055,54.72999954223633,53.93000030517578,54.58000183105469,47.149635314941406,22712500
2021-11-30,53.599998474121094,53.630001068115234,52.439998626708984,52.45000076293945,45.660980224609375,30485200
2021-12-01,52.97999954223633,53.52000045776367,52.279998779296875,52.29999923706055,45.53038787841797,18719600
2021-12-02,52.599998474121094,53.34000015258789,52.5099983215332,53.06999969482422,46.200721740722656,17074200
2021-12-03,53.33000183105469,53.61000061035156,52.97999954223633,53.540000915527344,46.60988998413086,21064400
2021-12-06,54.310001373291016,55.25,54.13999938964844,54.90999984741211,47.80255889892578,26624100
2021-12-07,55.02000045776367,55.41999816894531,54.849998474121094,55.209999084472656,48.06372833251953,23832700
2021-12-08,55.119998931884766,55.349998474121094,54.36000061035156,55.0,47.88091278076172,18026300
2021-12-09,54.75,55.130001068115234,54.59000015258789,54.86000061035156,47.759037017822266,13846400
2021-12-10,55.25,56.31999969482422,55.06999969482422,56.279998779296875,48.9952278137207,23153600
2021-12-13,56.97999954223633,57.93000030517578,56.959999084472656,57.7599983215332,50.28364944458008,31362800
2021-12-14,57.400001525878906,58.16999816894531,57.400001525878906,57.79999923706055,50.318485260009766,24806600
2021-12-15,57.93000030517578,58.25,57.650001525878906,58.060001373291016,50.544830322265625,24923800
2021-12-16,57.97999954223633,58.880001068115234,57.900001525878906,58.650001525878906,51.05845642089844,24696900
2021-12-17,58.4900016784668,58.91999816894531,57.70000076293945,57.72999954223633,50.25754928588867,51874400
2021-12-20,57.20000076293945,57.779998779296875,57.0,57.540000915527344,50.09213638305664,20879500
2021-12-21,57.61000061035156,57.970001220703125,57.529998779296875,57.77000045776367,50.2923698425293,15864900
2021-12-22,57.709999084472656,58.189998626708984,57.4900016784668,58.18000030517578,50.649295806884766,12447400
2021-12-23,58.52000045776367,58.61000061035156,57.939998626708984,58.220001220703125,50.68411636352539,11027300
2021-12-27,58.0,58.689998626708984,58.0,58.650001525878906,51.05845642089844,9860000
2021-12-28,58.400001525878906,58.939998626708984,58.29999923706055,58.880001068115234,51.25869369506836,8979900
2021-12-29,58.95000076293945,59.099998474121094,58.65999984741211,58.95000076293945,51.31963348388672,9996000
2021-12-30,59.060001373291016,59.22999954223633,58.7599983215332,58.779998779296875,51.17162322998047,7703900
2021-12-31,58.75,59.349998474121094,58.70000076293945,59.209999084472656,51.54596710205078,10021300
2022-01-03,58.81999969482422,59.310001373291016,58.380001068115234,59.29999923706055,51.624332427978516,20187300
2022-01-04,59.72999954223633,60.540000915527344,59.59000015258789,60.290000915527344,52.48618698120117,26141600
2022-01-05,60.09000015258789,61.20000076293945,60.04999923706055,60.790000915527344,52.92146301269531,22507300
2022-01-06,60.470001220703125,61.119998931884766,60.439998626708984,60.470001220703125,52.642887115478516,17902300
2022-01-07,60.279998779296875,60.720001220703125,60.060001373291016,60.33000183105469,52.52099609375,12307900
2022-01-10,60.54999923706055,60.81999969482422,60.18000030517578,60.43000030517578,52.608062744140625,20954300
2022-01-11,60.43000030517578,60.4900016784668,59.84000015258789,60.45000076293945,52.62547302246094,19369600
2022-01-12,60.529998779296875,60.689998626708984,60.189998626708984,60.540000915527344,52.703826904296875,15753800
2022-01-13,60.540000915527344,61.040000915527344,60.38999938964844,60.900001525878906,53.01723098754883,14318000
2022-01-14,60.939998626708984,61.45000076293945,60.36000061035156,61.38999938964844,53.44379806518555,19729600
2022-01-18,61.060001373291016,61.189998626708984,60.45000076293945,60.900001525878906,53.01723098754883,21976700
2022-01-19,60.65999984741211,61.18000030517578,60.560001373291016,61.0,53.104278564453125,18654700
2022-01-20,61.0,61.439998626708984,60.720001220703125,60.75,52.88663864135742,23002400
2022-01-21,61.08000183105469,61.29999923706055,60.400001525878906,60.45000076293945,52.62547302246094,26643200
2022-01-24,59.900001525878906,60.349998474121094,58.56999969482422,59.959999084472656,52.198890686035156,30185100
2022-01-25,59.36000061035156,60.04999923706055,58.689998626708984,59.81999969482422,52.077030181884766,19027100
2022-01-26,59.790000915527344,60.349998474121094,59.209999084472656,59.599998474121094,51.88549041748047,19190200
2022-01-27,59.880001068115234,60.93000030517578,59.5,59.650001525878906,51.92903137207031,18893800
2022-01-28,59.38999938964844,60.88999938964844,58.939998626708984,60.84000015258789,52.96499252319336,19101500
2022-01-31,60.29999923706055,61.13999938964844,60.150001525878906,61.0099983215332,53.112979888916016,22045300
2022-02-01,60.90999984741211,61.13999938964844,60.15999984741211,60.560001373291016,52.72123718261719,20841700
2022-02-02,60.619998931884766,61.27000045776367,60.560001373291016,61.18000030517578,53.260990142822266,20225600
2022-02-03,60.939998626708984,61.779998779296875,60.59000015258789,61.61000061035156,53.63532638549805,19440500
2022-02-04,61.4900016784668,61.68000030517578,60.56999969482422,60.959999084472656,53.0694580078125,17403700
2022-02-07,61.380001068115234,61.720001220703125,60.86000061035156,61.599998474121094,53.626617431640625,17846400
2022-02-08,61.83000183105469,62.33000183105469,61.7400016784668,62.0,53.974849700927734,18771700
2022-02-09,62.16999816894531,62.31999969482422,60.900001525878906,61.040000915527344,53.139102935791016,23595600
2022-02-10,60.36000061035156,62.29999923706055,60.20000076293945,61.380001068115234,53.435089111328125,23561500
2022-02-11,61.77000045776367,61.97999954223633,60.150001525878906,60.290000915527344,52.48618698120117,22781400
2022-02-14,60.15999984741211,60.790000915527344,59.279998779296875,60.68000030517578,52.82570266723633,23641300
2022-02-15,60.959999084472656,61.779998779296875,60.630001068115234,60.90999984741211,53.02592849731445,13408700
2022-02-16,60.86000061035156,61.400001525878906,60.560001373291016,60.900001525878906,53.01723098754883,15484700
2022-02-17,60.54999923706055,62.279998779296875,60.40999984741211,62.119998931884766,54.079307556152344,21468700
2022-02-18,62.119998931884766,62.81999969482422,61.9900016784668,62.540000915527344,54.4449462890625,21975000
2022-02-22,62.43000030517578,62.63999938964844,61.720001220703125,62.279998779296875,54.218597412109375,21731400
2022-02-23,62.2400016784668,62.33000183105469,61.34000015258789,61.59000015258789,53.61791229248047,19248500
2022-02-24,59.970001220703125,60.619998931884766,59.220001220703125,60.5099983215332,52.67770767211914,27207400
2022-02-25,60.939998626708984,62.900001525878906,60.91999816894531,62.849998474121094,54.714813232421875,21487800
2022-02-28,61.650001525878906,62.34000015258789,61.40999984741211,62.2400016784668,54.183773040771484,25879100
2022-03-01,62.13999938964844,62.75,61.5099983215332,61.970001220703125,53.948734283447266,15871100
2022-03-02,62.22999954223633,62.880001068115234,61.779998779296875,62.43000030517578,54.34919357299805,17319100
2022-03-03,62.61000061035156,63.02000045776367,62.290000915527344,62.470001220703125,54.38400650024414,21262800
2022-03-04,61.459999084472656,62.59000015258789,61.20000076293945,62.56999969482422,54.4710693359375,17163000
2022-03-07,62.0099983215332,62.06999969482422,60.720001220703125,61.08000183105469,53.173919677734375,29151400
2022-03-08,61.45000076293945,61.540000915527344,58.59000015258789,58.65999984741211,51.06715774536133,30242100
2022-03-09,59.81999969482422,59.84000015258789,58.65999984741211,58.959999084472656,51.328338623046875,23022700
2022-03-10,58.47999954223633,58.65999984741211,57.5,57.880001068115234,50.38813018798828,20887300
2022-03-11,57.959999084472656,58.849998474121094,57.86000061035156,57.91999816894531,50.422943115234375,19855600
2022-03-14,57.970001220703125,59.040000915527344,57.970001220703125,58.540000915527344,51.35280227661133,17799400
2022-03-15,59.08000183105469,59.88999938964844,58.97999954223633,59.619998931884766,52.30021667480469,18607200
2022-03-16,59.779998779296875,59.939998626708984,58.61000061035156,59.459999084472656,52.159854888916016,17347300
2022-03-17,59.459999084472656,60.13999938964844,59.22999954223633,60.09000015258789,52.7125129699707,15586200
2022-03-18,60.29999923706055,60.29999923706055,59.709999084472656,60.099998474121094,52.72127914428711,30197800
2022-03-21,60.5,61.099998474121094,60.25,60.58000183105469,53.14235305786133,17440100
2022-03-22,60.93000030517578,60.95000076293945,60.060001373291016,60.79999923706055,53.33533477783203,17559500
2022-03-23,60.75,60.97999954223633,60.0,60.400001525878906,52.98445129394531,15529200
2022-03-24,60.63999938964844,61.02000045776367,60.459999084472656,60.97999954223633,53.49323654174805,13151300
2022-03-25,61.119998931884766,61.61000061035156,61.04999923706055,61.529998779296875,53.97571563720703,12259800
2022-03-28,61.529998779296875,61.939998626708984,61.209999084472656,61.91999816894531,54.317832946777344,11485200
2022-03-29,62.209999084472656,62.529998779296875,61.7400016784668,62.15999984741211,54.52836990356445,14720600
2022-03-30,62.0099983215332,62.209999084472656,61.560001373291016,62.209999084472656,54.57222366333008,13641000
2022-03-31,62.220001220703125,62.63999938964844,62.0,62.0,54.38800811767578,16822900
2022-04-01,62.33000183105469,62.95000076293945,62.09000015258789,62.869998931884766,55.15120315551758,12644900
2022-04-04,62.599998474121094,62.790000915527344,61.720001220703125,62.540000915527344,54.86172103881836,11505800
2022-04-05,62.400001525878906,63.2400016784668,62.369998931884766,62.470001220703125,54.80030822753906,15721200
2022-04-06,62.77000045776367,63.2599983215332,62.29999923706055,63.099998474121094,55.35295486450195,19267400
2022-04-07,63.130001068115234,63.66999816894531,62.709999084472656,63.439998626708984,55.651214599609375,13960800
2022-04-08,63.47999954223633,64.04000091552734,63.15999984741211,63.83000183105469,55.99333572387695,12703500
2022-04-11,63.90999984741211,64.30000305175781,63.63999938964844,63.810001373291016,55.97578811645508,12720100
2022-04-12,64.37999725341797,64.80999755859375,63.88999938964844,64.55999755859375,56.63370895385742,18089900
2022-04-13,64.44000244140625,64.87000274658203,64.2300033569336,64.7300033569336,56.78284454345703,11883000
2022-04-14,64.95999908447266,65.56999969482422,64.81999969482422,65.0199966430664,57.037227630615234,16388400
2022-04-18,64.7699966430664,65.18000030517578,64.18000030517578,64.44000244140625,56.528446197509766,11679400
2022-04-19,64.5,65.25,64.44000244140625,65.06999969482422,57.081092834472656,11993800
2022-04-20,65.44000244140625,66.23999786376953,65.4000015258789,65.95999908447266,57.8618278503418,14827100
2022-04-21,65.9800033569336,67.0,65.72000122070312,66.20999908447266,58.08113098144531,15120400
2022-04-22,66.08000183105469,66.33999633789062,65.18000030517578,65.25,57.23899841308594,14902200
2022-04-25,67.0,67.19999694824219,64.77999877929688,65.94000244140625,57.84428787231445,25082000
2022-04-26,65.5199966430664,66.37000274658203,65.04000091552734,65.05000305175781,57.06354904174805,21982600
2022-04-27,65.0,66.27999877929688,65.0,65.55999755859375,57.51094055175781,16971000
2022-04-28,64.66000366210938,66.27999877929688,64.5,66.19000244140625,58.06357955932617,22010600
2022-04-29,65.87000274658203,66.02999877929688,64.48999786376953,64.61000061035156,56.677574157714844,20137100
2022-05-02,65.27999877929688,65.30999755859375,62.58000183105469,63.439998626708984,55.651214599609375,24970300
2022-05-03,63.720001220703125,63.939998626708984,62.66999816894531,63.08000183105469,55.335411071777344,21686300
2022-05-04,63.0,65.12000274658203,62.939998626708984,65.02999877929688,57.04600524902344,19780200
2022-05-05,64.69000244140625,65.02999877929688,64.01000213623047,64.51000213623047,56.5898551940918,20155200
2022-05-06,64.19999694824219,65.30999755859375,64.06999969482422,64.73999786376953,56.791603088378906,18984000
2022-05-09,64.47000122070312,65.36000061035156,64.04000091552734,64.61000061035156,56.677574157714844,20055300
2022-05-10,64.5,65.31999969482422,63.849998474121094,64.01000213623047,56.1512336730957,21322200
2022-05-11,64.33000183105469,65.19999694824219,63.959999084472656,64.30999755859375,56.414398193359375,19648400
2022-05-12,64.16000366210938,64.52999877929688,63.209999084472656,64.51000213623047,56.5898551940918,22574700
2022-05-13,64.80999755859375,65.80000305175781,64.12000274658203,65.72000122070312,57.65128707885742,16167000
2022-05-16,65.44000244140625,66.37999725341797,65.44000244140625,65.95999908447266,57.8618278503418,13223200
2022-05-17,66.0999984741211,66.0999984741211,65.01000213623047,65.77999877929688,57.70392608642578,21300600
2022-05-18,65.41999816894531,65.5199966430664,60.959999084472656,61.20000076293945,53.68623352050781,31437300
2022-05-19,60.959999084472656,60.959999084472656,59.65999984741211,60.0,52.63356399536133,31493900
2022-05-20,60.4900016784668,61.2400016784668,59.65999984741211,60.97999954223633,53.49323654174805,29133800
2022-05-23,61.650001525878906,63.099998474121094,61.59000015258789,62.86000061035156,55.142425537109375,19406900
2022-05-24,62.880001068115234,64.19000244140625,62.75,64.0199966430664,56.160011291503906,16154200
2022-05-25,64.0,64.47000122070312,63.599998474121094,64.06999969482422,56.20387649536133,15360500
2022-05-26,64.06999969482422,65.0999984741211,63.959999084472656,64.30000305175781,56.405635833740234,16159800
2022-05-27,64.26000213623047,64.83000183105469,64.13999938964844,64.68000030517578,56.73897171020508,17709000
2022-05-31,64.08000183105469,64.31999969482422,63.04999923706055,63.380001068115234,55.59858322143555,43159000
2022-06-01,63.41999816894531,63.68000030517578,62.130001068115234,63.06999969482422,55.3266487121582,15408300
2022-06-02,63.18000030517578,63.7400016784668,62.11000061035156,63.72999954223633,55.905609130859375,14586000
2022-06-03,63.56999969482422,63.630001068115234,62.810001373291016,62.970001220703125,55.23891830444336,13539900
2022-06-06,63.33000183105469,63.77000045776367,62.65999984741211,62.869998931884766,55.15120315551758,15112800
2022-06-07,62.380001068115234,63.369998931884766,62.220001220703125,63.25,55.48454666137695,17886300
2022-06-08,62.9900016784668,63.209999084472656,62.560001373291016,62.88999938964844,55.16874313354492,10211500
2022-06-09,62.869998931884766,63.349998474121094,61.779998779296875,61.79999923706055,54.21256637573242,13382200
2022-06-10,61.0099983215332,61.88999938964844,60.459999084472656,61.40999984741211,53.87045669555664,14967600
2022-06-13,60.75,62.290000915527344,60.66999816894531,61.34000015258789,53.80904769897461,23064200
2022-06-14,60.72999954223633,60.88999938964844,58.65999984741211,59.22999954223633,52.3334846496582,24620000
2022-06-15,60.0,60.63999938964844,58.970001220703125,59.66999816894531,52.722259521484375,19684700
2022-06-16,58.63999938964844,59.52000045776367,58.25,59.06999969482422,52.19212341308594,15053800
2022-06-17,59.70000076293945,60.130001068115234,59.130001068115234,59.43000030517578,52.51020050048828,34781900
2022-06-21,59.4900016784668,60.880001068115234,59.0099983215332,60.70000076293945,53.632328033447266,17705000
2022-06-22,60.599998474121094,61.45000076293945,60.31999969482422,61.150001525878906,54.029930114746094,15207100
2022-06-23,61.29999923706055,61.90999984741211,61.22999954223633,61.880001068115234,54.67493438720703,17190900
2022-06-24,62.11000061035156,63.060001373291016,62.11000061035156,63.040000915527344,55.69987487792969,18147100
2022-06-27,62.97999954223633,63.290000915527344,62.630001068115234,62.90999984741211,55.58499526977539,12142100
2022-06-28,63.08000183105469,63.7599983215332,62.11000061035156,62.279998779296875,55.02835464477539,13150100
2022-06-29,62.540000915527344,63.11000061035156,62.43000030517578,62.72999954223633,55.425960540771484,11795500
2022-06-30,62.31999969482422,63.11000061035156,62.15999984741211,62.90999984741211,55.58499526977539,15514200
2022-07-01,63.119998931884766,64.44999694824219,62.81999969482422,64.37999725341797,56.88383865356445,15143200
2022-07-05,64.18000030517578,64.18000030517578,62.41999816894531,63.279998779296875,55.911922454833984,15921200
2022-07-06,63.599998474121094,64.08999633789062,63.189998626708984,63.40999984741211,56.026790618896484,13450500
2022-07-07,63.2599983215332,63.58000183105469,62.70000076293945,62.90999984741211,55.58499526977539,14828400
2022-07-08,63.029998779296875,63.41999816894531,62.880001068115234,63.13999938964844,55.7882194519043,11311500
2022-07-11,62.9900016784668,63.459999084472656,62.59000015258789,62.939998626708984,55.611515045166016,12702100
2022-07-12,63.0,63.45000076293945,62.470001220703125,62.66999816894531,55.37294387817383,14731100
2022-07-13,62.33000183105469,63.0,61.97999954223633,62.380001068115234,55.116722106933594,13145300
2022-07-14,61.33000183105469,62.25,61.29999923706055,62.18000030517578,54.94000244140625,14433000
2022-07-15,62.75,62.970001220703125,62.06999969482422,62.5,55.222740173339844,21968400
2022-07-18,62.52000045776367,62.560001373291016,61.5099983215332,61.650001525878906,54.471717834472656,10780800
2022-07-19,62.09000015258789,62.650001525878906,61.93000030517578,62.529998779296875,55.2492561340332,10998200
2022-07-20,62.400001525878906,62.58000183105469,61.150001525878906,61.5,54.339176177978516,11010500
2022-07-21,61.2599983215332,61.880001068115234,60.790000915527344,61.36000061035156,54.215476989746094,11959600
2022-07-22,61.380001068115234,61.869998931884766,61.31999969482422,61.59000015258789,54.418701171875,11644700
2022-07-25,61.54999923706055,62.29999923706055,61.310001373291016,62.189998626708984,54.94883728027344,14941700
2022-07-26,62.75,63.79999923706055,62.529998779296875,63.209999084472656,55.85007095336914,20118000
2022-07-27,62.880001068115234,63.189998626708984,61.790000915527344,63.0099983215332,55.67335510253906,12142900
2022-07-28,62.91999816894531,64.25,62.88999938964844,64.05999755859375,56.601104736328125,10837000
2022-07-29,63.709999084472656,64.29000091552734,63.630001068115234,64.16999816894531,56.69829177856445,13734200
2022-08-01,64.08999633789062,65.04000091552734,64.02999877929688,64.5199966430664,57.007537841796875,12831500
2022-08-02,64.58999633789062,64.5999984741211,63.43000030517578,63.63999938964844,56.230003356933594,15241900
2022-08-03,63.54999923706055,64.0999984741211,63.310001373291016,63.91999816894531,56.477413177490234,11317000
2022-08-04,63.63999938964844,63.72999954223633,62.91999816894531,63.66999816894531,56.25651550292969,11795600
2022-08-05,63.630001068115234,63.630001068115234,62.66999816894531,63.380001068115234,56.000282287597656,10445400
2022-08-08,63.5,63.810001373291016,62.75,62.970001220703125,55.63802719116211,9165200
2022-08-09,63.18000030517578,63.310001373291016,62.849998474121094,63.04999923706055,55.70869445800781,7910900
2022-08-10,63.630001068115234,63.790000915527344,63.099998474121094,63.650001525878906,56.23885726928711,8857300
2022-08-11,63.689998626708984,63.9900016784668,63.08000183105469,63.220001220703125,55.85891342163086,8507800
2022-08-12,63.43000030517578,63.7599983215332,63.09000015258789,63.70000076293945,56.283023834228516,9489300
2022-08-15,63.63999938964844,64.69000244140625,63.56999969482422,64.5,56.989871978759766,9863300
2022-08-16,64.56999969482422,65.2300033569336,64.33000183105469,65.02999877929688,57.458160400390625,9569600
2022-08-17,64.83000183105469,65.22000122070312,64.76000213623047,64.87999725341797,57.32562255859375,8144000
2022-08-18,64.95999908447266,65.3499984741211,64.70999908447266,65.22000122070312,57.62603759765625,6532000
2022-08-19,65.20999908447266,65.47000122070312,64.95999908447266,65.16999816894531,57.58186721801758,8921100
2022-08-22,64.83999633789062,64.91999816894531,63.9900016784668,64.19999694824219,56.72480392456055,9087900
2022-08-23,63.81999969482422,64.37000274658203,63.68000030517578,64.2699966430664,56.786651611328125,8443800
2022-08-24,64.23999786376953,64.58000183105469,64.05000305175781,64.36000061035156,56.866172790527344,6844700
2022-08-25,64.36000061035156,64.70999908447266,63.900001525878906,64.66999816894531,57.140071868896484,7913900
2022-08-26,64.7300033569336,64.80000305175781,62.97999954223633,63.11000061035156,55.761722564697266,10089500
2022-08-29,62.689998626708984,63.029998779296875,62.40999984741211,62.72999954223633,55.425960540771484,9115900
2022-08-30,62.90999984741211,62.90999984741211,61.9900016784668,62.150001525878906,54.91350173950195,8456800
2022-08-31,62.380001068115234,62.529998779296875,61.70000076293945,61.709999084472656,54.52473068237305,14633600
2022-09-01,61.58000183105469,62.040000915527344,61.290000915527344,62.0,54.78096008300781,14939700
2022-09-02,62.38999938964844,62.77000045776367,60.900001525878906,61.150001525878906,54.029930114746094,11809800
2022-09-06,61.290000915527344,61.970001220703125,60.9900016784668,61.18000030517578,54.05643081665039,12181800
2022-09-07,61.31999969482422,62.4900016784668,61.31999969482422,62.310001373291016,55.05487060546875,13290700
2022-09-08,62.08000183105469,62.29999923706055,61.34000015258789,62.119998931884766,54.886993408203125,17193500
2022-09-09,62.16999816894531,62.880001068115234,61.86000061035156,62.31999969482422,55.063697814941406,11855900
2022-09-12,62.43000030517578,62.810001373291016,62.27000045776367,62.5,55.222740173339844,13026900
2022-09-13,62.20000076293945,62.220001220703125,60.279998779296875,60.470001220703125,53.42911148071289,18532800
2022-09-14,60.63999938964844,61.08000183105469,60.439998626708984,60.790000915527344,53.711856842041016,12881600
2022-09-15,60.400001525878906,60.400001525878906,59.36000061035156,59.529998779296875,52.98203659057617,11451900
2022-09-16,59.65999984741211,59.79999923706055,59.11000061035156,59.540000915527344,52.99094009399414,20493500
2022-09-19,59.38999938964844,60.099998474121094,59.22999954223633,59.9900016784668,53.391448974609375,12596200
2022-09-20,59.68000030517578,60.029998779296875,59.31999969482422,59.900001525878906,53.31134796142578,11984600
2022-09-21,60.13999938964844,60.70000076293945,59.38999938964844,59.400001525878906,52.8663444519043,14165300
2022-09-22,59.54999923706055,59.72999954223633,59.20000076293945,59.2599983215332,52.74174118041992,11657600
2022-09-23,58.959999084472656,59.099998474121094,58.0,58.599998474121094,52.15434646606445,14824000
2022-09-26,58.4900016784668,58.56999969482422,57.689998626708984,57.869998931884766,51.504634857177734,18670100
2022-09-27,58.08000183105469,58.369998931884766,56.310001373291016,56.380001068115234,50.178524017333984,23829300
2022-09-28,56.65999984741211,57.25,55.90999984741211,56.97999954223633,50.712528228759766,21480100
2022-09-29,57.09000015258789,57.290000915527344,56.0,56.56999969482422,50.347633361816406,14570700
2022-09-30,56.869998931884766,57.130001068115234,56.0,56.02000045776367,49.85811996459961,16124600
2022-10-03,56.36000061035156,56.849998474121094,56.060001373291016,56.650001525878906,50.4188346862793,16277600
2022-10-04,56.95000076293945,57.810001373291016,56.459999084472656,56.779998779296875,50.53452682495117,18861400
2022-10-05,56.5,56.650001525878906,55.5099983215332,56.2400016784668,50.05392837524414,14324900
2022-10-06,56.0,56.099998474121094,54.869998931884766,55.029998779296875,48.977020263671875,17192800
2022-10-07,54.9900016784668,55.09000015258789,54.25,54.5099983215332,48.51421356201172,11479800
2022-10-10,54.599998474121094,54.959999084472656,54.02000045776367,54.38999938964844,48.40741729736328,10239100
2022-10-11,54.459999084472656,55.220001220703125,54.2400016784668,54.47999954223633,48.48751449584961,14303900
2022-10-12,55.22999954223633,56.040000915527344,55.040000915527344,55.13999938964844,49.07491683959961,18377400
2022-10-13,54.47999954223633,56.08000183105469,54.2599983215332,55.869998931884766,49.724613189697266,16220700
2022-10-14,56.290000915527344,56.470001220703125,54.939998626708984,54.97999954223633,48.932518005371094,15997900
2022-10-17,55.630001068115234,56.220001220703125,55.56999969482422,55.689998626708984,49.564414978027344,13721400
2022-10-18,56.310001373291016,56.779998779296875,56.099998474121094,56.439998626708984,50.2319221496582,11823100
2022-10-19,56.310001373291016,56.540000915527344,55.72999954223633,55.959999084472656,49.80472183227539,10182300
2022-10-20,55.77000045776367,55.91999816894531,54.959999084472656,55.08000183105469,49.021514892578125,16905100
2022-10-21,55.0,56.11000061035156,54.9900016784668,55.959999084472656,49.80472183227539,15034100
2022-10-24,56.63999938964844,57.72999954223633,56.56999969482422,57.56999969482422,51.23763656616211,17416700
2022-10-25,59.040000915527344,59.11000061035156,57.75,58.95000076293945,52.46583938598633,28829900
2022-10-26,59.0099983215332,59.779998779296875,58.86000061035156,59.38999938964844,52.85744857788086,15831400
2022-10-27,59.77000045776367,59.84000015258789,59.380001068115234,59.529998779296875,52.98203659057617,16026100
2022-10-28,59.56999969482422,60.90999984741211,59.470001220703125,60.7599983215332,54.076744079589844,12888900
2022-10-31,60.5099983215332,60.56999969482422,59.66999816894531,59.849998474121094,53.266845703125,14016400
2022-11-01,60.029998779296875,60.290000915527344,59.369998931884766,59.63999938964844,53.07994079589844,10659500
2022-11-02,59.63999938964844,60.22999954223633,58.77000045776367,58.810001373291016,52.34123992919922,14549200
2022-11-03,58.11000061035156,59.0,58.099998474121094,58.779998779296875,52.314544677734375,9194000
2022-11-04,59.29999923706055,59.59000015258789,58.560001373291016,59.2599983215332,52.74174118041992,9725900
2022-11-07,59.2599983215332,59.77000045776367,59.2400016784668,59.4900016784668,52.946441650390625,8849700
2022-11-08,59.75,59.790000915527344,58.939998626708984,59.599998474121094,53.04433822631836,10081600
2022-11-09,59.59000015258789,59.63999938964844,58.75,58.77000045776367,52.30564880371094,10115200
2022-11-10,60.25,61.040000915527344,59.68000030517578,60.880001068115234,54.18354797363281,16804800
2022-11-11,61.369998931884766,61.45000076293945,60.209999084472656,61.31999969482422,54.575157165527344,18972100
2022-11-14,61.31999969482422,61.720001220703125,60.709999084472656,60.72999954223633,54.05005645751953,16361000
2022-11-15,61.130001068115234,61.45000076293945,60.0,60.630001068115234,53.9610481262207,13295800
2022-11-16,60.790000915527344,61.029998779296875,60.290000915527344,60.52000045776367,53.8631477355957,14199500
2022-11-17,60.189998626708984,60.7400016784668,60.130001068115234,60.709999084472656,54.03224563598633,11212600
2022-11-18,60.9900016784668,61.369998931884766,60.79999923706055,61.13999938964844,54.41495132446289,10415600
2022-11-21,61.40999984741211,62.209999084472656,61.20000076293945,62.08000183105469,55.25156021118164,15399400
2022-11-22,62.470001220703125,62.5,62.04999923706055,62.349998474121094,55.491851806640625,12319600
2022-11-23,62.4900016784668,62.790000915527344,62.29999923706055,62.630001068115234,55.74106216430664,8990400
2022-11-25,62.72999954223633,62.810001373291016,62.380001068115234,62.689998626708984,55.79446029663086,5165500
2022-11-28,62.689998626708984,63.099998474121094,62.560001373291016,62.70000076293945,55.80337142944336,12267500
2022-11-29,62.52000045776367,62.56999969482422,61.97999954223633,62.47999954223633,55.6075553894043,10969600
2022-11-30,62.0099983215332,63.68000030517578,61.75,63.61000061035156,57.01477813720703,30433900
2022-12-01,63.61000061035156,64.11000061035156,63.43000030517578,63.790000915527344,57.176116943359375,12001400
2022-12-02,63.61000061035156,64.5199966430664,63.400001525878906,64.3499984741211,57.67805862426758,13643500
2022-12-05,63.40999984741211,63.79999923706055,63.2599983215332,63.470001220703125,56.8892936706543,9185100
2022-12-06,63.52000045776367,63.880001068115234,63.22999954223633,63.439998626708984,56.86240768432617,10099500
2022-12-07,63.45000076293945,63.720001220703125,63.25,63.540000915527344,56.95204162597656,12307600
2022-12-08,63.599998474121094,63.849998474121094,63.349998474121094,63.810001373291016,57.19404220581055,9946200
2022-12-09,63.61000061035156,63.84000015258789,63.09000015258789,63.13999938964844,56.593509674072266,13914900
2022-12-12,63.29999923706055,64.01000213623047,63.0099983215332,63.970001220703125,57.33745193481445,11647900
2022-12-13,64.58999633789062,64.69999694824219,63.79999923706055,63.9900016784668,57.355377197265625,17521600
2022-12-14,64.19000244140625,64.6500015258789,63.56999969482422,63.9900016784668,57.355377197265625,12826700
2022-12-15,63.59000015258789,63.88999938964844,62.4900016784668,63.11000061035156,56.566619873046875,12212300
2022-12-16,62.75,63.13999938964844,62.33000183105469,62.75,56.24394607543945,33631500
2022-12-19,62.83000183105469,63.40999984741211,62.470001220703125,62.84000015258789,56.324615478515625,10919700
2022-12-20,62.81999969482422,63.150001525878906,62.75,62.790000915527344,56.2797966003418,10286500
2022-12-21,63.06999969482422,64.05000305175781,63.06999969482422,63.79999923706055,57.18507385253906,10411300
2022-12-22,63.41999816894531,63.59000015258789,62.650001525878906,63.34000015258789,56.77276611328125,9666700
2022-12-23,63.5,63.869998931884766,63.20000076293945,63.81999969482422,57.202999114990234,6463300
2022-12-27,63.93000030517578,64.29000091552734,63.709999084472656,64.20999908447266,57.55256652832031,7320700
2022-12-28,64.45999908447266,64.6500015258789,63.4900016784668,63.56999969482422,56.97892761230469,7159400
2022-12-29,63.79999923706055,64.1500015258789,63.70000076293945,63.95000076293945,57.31953048706055,7169300
2022-12-30,63.91999816894531,63.91999816894531,63.16999816894531,63.61000061035156,57.01477813720703,7650200
2023-01-03,63.560001373291016,63.560001373291016,62.18000030517578,62.95000076293945,56.423213958740234,12180500
2023-01-04,63.150001525878906,63.33000183105469,62.5099983215332,62.91999816894531,56.39631652832031,13387900
2023-01-05,62.599998474121094,62.79999923706055,62.08000183105469,62.20000076293945,55.75096893310547,9814700
2023-01-06,62.90999984741211,63.66999816894531,62.58000183105469,63.400001525878906,56.82655715942383,9990000
2023-01-09,63.29999923706055,63.720001220703125,62.58000183105469,62.61000061035156,56.11846160888672,9442600
2023-01-10,62.599998474121094,62.72999954223633,61.91999816894531,62.130001068115234,55.688228607177734,10134600
2023-01-11,62.380001068115234,62.560001373291016,61.40999984741211,62.0099983215332,55.580665588378906,10823000
2023-01-12,62.11000061035156,62.18000030517578,60.970001220703125,61.209999084472656,54.86361312866211,13907300
2023-01-13,60.70000076293945,61.459999084472656,60.59000015258789,61.43000030517578,55.06081008911133,13986400
2023-01-17,61.72999954223633,62.380001068115234,61.560001373291016,61.68000030517578,55.284889221191406,18327800
2023-01-18,61.5099983215332,61.59000015258789,59.68000030517578,59.810001373291016,53.6087760925293,19679400
2023-01-19,59.72999954223633,60.63999938964844,59.709999084472656,59.720001220703125,53.528106689453125,14894500
2023-01-20,59.720001220703125,60.09000015258789,59.400001525878906,60.08000183105469,53.85078048706055,14237700
2023-01-23,60.279998779296875,60.56999969482422,60.04999923706055,60.22999954223633,53.9852180480957,12613400
2023-01-24,60.08000183105469,61.849998474121094,59.79999923706055,60.54999923706055,54.27204895019531,10103300
2023-01-25,60.20000076293945,60.939998626708984,59.88999938964844,60.93000030517578,54.61264419555664,11265800
2023-01-26,60.810001373291016,61.099998474121094,60.56999969482422,60.810001373291016,54.50508499145508,11884800
2023-01-27,60.84000015258789,60.959999084472656,60.369998931884766,60.4900016784668,54.21826934814453,14087000
2023-01-30,60.540000915527344,61.16999816894531,60.459999084472656,60.63999938964844,54.35271072387695,15632000
2023-01-31,60.97999954223633,61.34000015258789,60.5099983215332,61.31999969482422,54.96221160888672,14344400
2023-02-01,61.13999938964844,61.58000183105469,60.619998931884766,61.33000183105469,54.97117233276367,12535400
2023-02-02,60.79999923706055,61.02000045776367,59.90999984741211,60.279998779296875,54.03003692626953,16947200
2023-02-03,60.349998474121094,60.41999816894531,59.22999954223633,59.83000183105469,53.62668991088867,15404400
2023-02-06,59.790000915527344,60.34000015258789,59.720001220703125,60.16999816894531,53.93144989013672,11330900
2023-02-07,59.66999816894531,60.2400016784668,59.540000915527344,60.06999969482422,53.841819763183594,14922700
2023-02-08,59.91999816894531,59.91999816894531,59.59000015258789,59.720001220703125,53.528106689453125,11012000
2023-02-09,60.150001525878906,60.31999969482422,59.599998474121094,59.619998931884766,53.4384651184082,12515300
2023-02-10,59.720001220703125,59.900001525878906,58.880001068115234,59.619998931884766,53.4384651184082,14420700
2023-02-13,59.900001525878906,60.7599983215332,59.72999954223633,60.599998474121094,54.316864013671875,16191800
2023-02-14,60.209999084472656,60.900001525878906,59.560001373291016,59.59000015258789,53.41158676147461,20505700
2023-02-15,59.900001525878906,59.93000030517578,59.22999954223633,59.59000015258789,53.41158676147461,13171400
2023-02-16,59.22999954223633,59.81999969482422,58.95000076293945,59.220001220703125,53.07994842529297,16538300
2023-02-17,59.5,60.22999954223633,59.380001068115234,60.119998931884766,53.886627197265625,16814700
2023-02-21,59.9900016784668,60.22999954223633,59.720001220703125,59.79999923706055,53.59980773925781,14278300
2023-02-22,59.849998474121094,60.36000061035156,59.75,59.97999954223633,53.761138916015625,12409600
2023-02-23,60.0099983215332,60.41999816894531,59.810001373291016,60.09000015258789,53.859745025634766,12222800
2023-02-24,59.68000030517578,59.90999984741211,59.38999938964844,59.84000015258789,53.63566207885742,9736200
2023-02-27,60.18000030517578,60.29999923706055,59.7400016784668,59.81999969482422,53.61772918701172,8849800
2023-02-28,59.70000076293945,59.70000076293945,59.13999938964844,59.5099983215332,53.33987808227539,16082200
2023-03-01,59.130001068115234,59.18000030517578,58.369998931884766,58.86000061035156,52.75727081298828,13275800
2023-03-02,58.84000015258789,59.779998779296875,58.79999923706055,59.720001220703125,53.528106689453125,11758300
2023-03-03,59.54999923706055,59.68000030517578,59.209999084472656,59.439998626708984,53.27713394165039,13101800
2023-03-06,59.2599983215332,60.380001068115234,59.220001220703125,60.36000061035156,54.10174560546875,16282700
2023-03-07,60.4900016784668,60.56999969482422,59.75,60.0099983215332,53.788028717041016,13961200
2023-03-08,60.040000915527344,60.33000183105469,59.72999954223633,60.040000915527344,53.81492614746094,10851600
2023-03-09,60.540000915527344,60.540000915527344,59.279998779296875,59.459999084472656,53.2950553894043,13900900
2023-03-10,59.70000076293945,60.13999938964844,58.9900016784668,59.209999084472656,53.07097625732422,13745800
2023-03-13,59.290000915527344,60.869998931884766,59.25,59.810001373291016,53.6087760925293,21956000
2023-03-14,60.0,60.459999084472656,59.349998474121094,60.029998779296875,53.80595779418945,19496900
2023-03-15,59.43000030517578,60.47999954223633,59.2400016784668,60.43000030517578,54.16448974609375,21089900
2023-03-16,60.09000015258789,60.34000015258789,59.70000076293945,60.29999923706055,54.4625358581543,15658300
2023-03-17,60.310001373291016,60.349998474121094,59.63999938964844,60.02000045776367,54.20964813232422,27351200
2023-03-20,60.15999984741211,60.599998474121094,59.970001220703125,60.599998474121094,54.73350143432617,12904100
2023-03-21,60.56999969482422,60.75,59.880001068115234,60.31999969482422,54.48060989379883,13716500
2023-03-22,60.400001525878906,60.869998931884766,60.029998779296875,60.04999923706055,54.23674011230469,10494200
2023-03-23,60.09000015258789,60.38999938964844,59.720001220703125,59.91999816894531,54.11933517456055,15479000
2023-03-24,60.25,61.02000045776367,59.90999984741211,60.900001525878906,55.00446319580078,12975600
2023-03-27,61.13999938964844,61.47999954223633,60.95000076293945,61.349998474121094,55.410892486572266,12777400
2023-03-28,61.38999938964844,61.7400016784668,61.27000045776367,61.41999816894531,55.474117279052734,10925700
2023-03-29,61.720001220703125,61.95000076293945,61.59000015258789,61.86000061035156,55.87152099609375,9441000
2023-03-30,61.880001068115234,62.09000015258789,61.65999984741211,61.849998474121094,55.86248779296875,9870700
2023-03-31,62.060001373291016,62.25,61.869998931884766,62.029998779296875,56.02506637573242,14440900
2023-04-03,62.29999923706055,62.52000045776367,61.86000061035156,62.400001525878906,56.3592414855957,12300700
2023-04-04,62.38999938964844,62.7400016784668,62.08000183105469,62.209999084472656,56.18764114379883,11433400
2023-04-05,62.529998779296875,63.02000045776367,62.5,62.79999923706055,56.720523834228516,12789600
2023-04-06,62.86000061035156,63.040000915527344,62.380001068115234,62.84000015258789,56.756649017333984,9644200
2023-04-10,62.4900016784668,62.689998626708984,62.02000045776367,62.689998626708984,56.62117004394531,7952600
2023-04-11,62.650001525878906,62.709999084472656,62.400001525878906,62.58000183105469,56.52181625366211,9913000
2023-04-12,62.47999954223633,63.029998779296875,62.310001373291016,62.689998626708984,56.62117004394531,9593700
2023-04-13,62.7599983215332,63.15999984741211,62.47999954223633,63.150001525878906,57.036643981933594,9871400
2023-04-14,63.04999923706055,63.150001525878906,62.779998779296875,63.04999923706055,56.946319580078125,8946000
2023-04-17,63.31999969482422,63.529998779296875,63.13999938964844,63.459999084472656,57.316627502441406,9452400
2023-04-18,63.5099983215332,63.599998474121094,63.189998626708984,63.560001373291016,57.406951904296875,9035700
2023-04-19,63.72999954223633,63.83000183105469,63.43000030517578,63.68000030517578,57.51533126831055,9769500
2023-04-20,63.630001068115234,64.0,63.439998626708984,63.959999084472656,57.76823043823242,10706400
2023-04-21,64.0,64.2699966430664,63.79999923706055,64.05000305175781,57.849517822265625,12931100
2023-04-24,64.75,64.98999786376953,63.619998931884766,63.95000076293945,57.75919723510742,15532300
2023-04-25,64.16999816894531,64.16999816894531,63.630001068115234,63.849998474121094,57.668880462646484,12818900
2023-04-26,63.560001373291016,63.77000045776367,63.38999938964844,63.54999923706055,57.39792251586914,13179600
2023-04-27,63.529998779296875,63.7599983215332,63.11000061035156,63.68000030517578,57.51533126831055,13795800
2023-04-28,63.61000061035156,64.16000366210938,63.47999954223633,64.1500015258789,57.9398307800293,13687600
2023-05-01,64.1500015258789,64.69000244140625,64.05999755859375,64.30000305175781,58.0753173828125,9091500
2023-05-02,64.13999938964844,64.13999938964844,63.27000045776367,64.01000213623047,57.81338882446289,10948400
2023-05-03,64.0199966430664,64.18000030517578,63.58000183105469,63.650001525878906,57.48824691772461,11084600
2023-05-04,63.7400016784668,63.93000030517578,63.5099983215332,63.720001220703125,57.55146026611328,11938300
2023-05-05,63.63999938964844,64.20999908447266,63.630001068115234,64.0199966430664,57.822418212890625,9039000
2023-05-08,63.810001373291016,64.05999755859375,63.61000061035156,63.91999816894531,57.73210525512695,7240700
2023-05-09,63.63999938964844,63.75,63.279998779296875,63.38999938964844,57.25341033935547,9067700
2023-05-10,63.31999969482422,63.63999938964844,62.9900016784668,63.5,57.35276412963867,10134000
2023-05-11,63.58000183105469,63.93000030517578,63.0099983215332,63.86000061035156,57.67789840698242,9581500
2023-05-12,63.86000061035156,64.19000244140625,63.70000076293945,64.11000061035156,57.90370559692383,8740800
2023-05-15,64.22000122070312,64.25,63.709999084472656,63.939998626708984,57.750160217285156,8150000
2023-05-16,63.900001525878906,63.900001525878906,63.15999984741211,63.220001220703125,57.0998649597168,9129600
2023-05-17,63.400001525878906,63.41999816894531,62.72999954223633,63.150001525878906,57.036643981933594,11583000
2023-05-18,63.0099983215332,63.040000915527344,62.56999969482422,62.79999923706055,56.720523834228516,13595100
2023-05-19,63.040000915527344,63.099998474121094,62.61000061035156,62.83000183105469,56.74761962890625,14251400
2023-05-22,62.790000915527344,62.869998931884766,61.439998626708984,61.5099983215332,55.55540084838867,15055400
2023-05-23,61.5099983215332,61.66999816894531,61.16999816894531,61.400001525878906,55.4560546875,13932700
2023-05-24,61.380001068115234,61.43000030517578,60.720001220703125,60.880001068115234,54.98639678955078,11090100
2023-05-25,60.470001220703125,60.72999954223633,60.150001525878906,60.40999984741211,54.561893463134766,14463600
2023-05-26,60.45000076293945,60.63999938964844,60.11000061035156,60.2599983215332,54.4264030456543,12570300
2023-05-30,60.09000015258789,60.20000076293945,59.52000045776367,59.779998779296875,53.99287796020508,15634200
2023-05-31,59.91999816894531,60.279998779296875,59.369998931884766,59.65999984741211,53.884498596191406,59432200
2023-06-01,59.939998626708984,60.16999816894531,59.77000045776367,60.0,54.19158935546875,13402700
2023-06-02,60.27000045776367,61.31999969482422,60.08000183105469,61.15999984741211,55.239288330078125,15259800
2023-06-05,61.0,61.439998626708984,60.54999923706055,60.75,54.86897659301758,12915600
2023-06-06,60.95000076293945,60.9900016784668,60.119998931884766,60.310001373291016,54.47157287597656,10943500
2023-06-07,60.0099983215332,60.36000061035156,59.81999969482422,60.220001220703125,54.390281677246094,16817900
2023-06-08,60.130001068115234,60.40999984741211,59.97999954223633,60.369998931884766,54.5257568359375,15585900
2023-06-09,60.27000045776367,60.66999816894531,60.16999816894531,60.470001220703125,54.616085052490234,12581500
2023-06-12,60.59000015258789,60.650001525878906,60.02000045776367,60.209999084472656,54.38125991821289,14208900
2023-06-13,60.209999084472656,60.66999816894531,60.040000915527344,60.45000076293945,54.59801483154297,13397800
2023-06-14,60.72999954223633,61.08000183105469,60.599998474121094,60.86000061035156,54.96832275390625,14099700
2023-06-15,60.61000061035156,61.29999923706055,60.34000015258789,61.22999954223633,55.723697662353516,15271400
2023-06-16,61.599998474121094,62.16999816894531,61.47999954223633,61.66999816894531,56.124122619628906,26738000
2023-06-20,61.59000015258789,61.959999084472656,61.2400016784668,61.2599983215332,55.75098419189453,13971800
2023-06-21,61.310001373291016,61.720001220703125,60.97999954223633,61.43000030517578,55.90570831298828,13948700
2023-06-22,61.810001373291016,62.099998474121094,61.59000015258789,61.849998474121094,56.287925720214844,15193400
2023-06-23,61.939998626708984,61.970001220703125,61.18000030517578,61.20000076293945,55.696388244628906,25112100
2023-06-26,61.209999084472656,61.290000915527344,60.38999938964844,61.220001220703125,55.7145881652832,12856100
2023-06-27,61.220001220703125,61.36000061035156,60.97999954223633,61.09000015258789,55.596275329589844,9068500
2023-06-28,60.880001068115234,61.040000915527344,60.400001525878906,60.52000045776367,55.077545166015625,11173200
2023-06-29,60.220001220703125,60.349998474121094,59.77000045776367,60.02000045776367,54.62250518798828,17142300
2023-06-30,60.0,60.349998474121094,59.869998931884766,60.220001220703125,54.80451583862305,19739200
2023-07-03,60.20000076293945,60.630001068115234,60.029998779296875,60.58000183105469,55.13214111328125,9694500
2023-07-05,60.279998779296875,61.099998474121094,60.15999984741211,61.029998779296875,55.54167938232422,14716600
2023-07-06,60.72999954223633,61.02000045776367,60.5,60.560001373291016,55.11393737792969,12603900
2023-07-07,60.310001373291016,60.5,59.72999954223633,59.7599983215332,54.38587951660156,14574000
2023-07-10,59.970001220703125,60.150001525878906,59.13999938964844,59.310001373291016,53.97635269165039,15480600
2023-07-11,59.459999084472656,59.560001373291016,58.84000015258789,59.52000045776367,54.1674690246582,15967700
2023-07-12,59.75,60.04999923706055,59.45000076293945,59.84000015258789,54.45869445800781,14241300
2023-07-13,60.119998931884766,60.459999084472656,59.97999954223633,60.349998474121094,54.922821044921875,11269800
2023-07-14,60.13999938964844,61.040000915527344,60.09000015258789,60.900001525878906,55.42337417602539,11634200
2023-07-17,60.7599983215332,61.099998474121094,60.4900016784668,60.810001373291016,55.341461181640625,10014300
2023-07-18,60.959999084472656,61.25,60.40999984741211,60.56999969482422,55.12303924560547,11152900
2023-07-19,60.77000045776367,61.790000915527344,60.68000030517578,61.63999938964844,56.09681701660156,12936000
2023-07-20,61.68000030517578,62.40999984741211,61.66999816894531,62.38999938964844,56.779361724853516,11563000
2023-07-21,62.459999084472656,62.68000030517578,62.2400016784668,62.439998626708984,56.82488250732422,12815100
2023-07-24,62.41999816894531,62.810001373291016,62.400001525878906,62.459999084472656,56.843074798583984,10251100
2023-07-25,62.29999923706055,62.38999938964844,62.04999923706055,62.25,56.65195846557617,13422700
2023-07-26,61.86000061035156,63.16999816894531,61.38999938964844,63.04999923706055,57.3800163269043,17145500
2023-07-27,63.04999923706055,63.27000045776367,62.380001068115234,62.439998626708984,56.82488250732422,11517100
2023-07-28,62.59000015258789,62.77000045776367,62.220001220703125,62.47999954223633,56.86127853393555,9721800
2023-07-31,62.45000076293945,62.45000076293945,61.72999954223633,61.93000030517578,56.360740661621094,15577900
2023-08-01,62.09000015258789,62.36000061035156,61.619998931884766,61.77000045776367,56.215126037597656,9281600
2023-08-02,61.560001373291016,62.59000015258789,61.560001373291016,61.959999084472656,56.388031005859375,11059400
2023-08-03,61.869998931884766,62.119998931884766,61.529998779296875,61.63999938964844,56.09681701660156,8037400
2023-08-04,61.68000030517578,61.88999938964844,60.619998931884766,60.709999084472656,55.25045394897461,9359300
2023-08-07,60.790000915527344,61.33000183105469,60.7400016784668,61.189998626708984,55.68728256225586,6982600
2023-08-08,61.189998626708984,61.349998474121094,60.619998931884766,60.91999816894531,55.44157028198242,7956100
2023-08-09,60.90999984741211,61.630001068115234,60.75,61.060001373291016,55.56897735595703,7904100
2023-08-10,61.349998474121094,61.72999954223633,60.790000915527344,60.91999816894531,55.44157028198242,7870300
2023-08-11,60.84000015258789,61.20000076293945,60.689998626708984,61.16999816894531,55.66908645629883,8483900
2023-08-14,61.31999969482422,61.47999954223633,60.75,60.880001068115234,55.40516662597656,7176300
2023-08-15,60.689998626708984,60.900001525878906,60.369998931884766,60.470001220703125,55.03203201293945,7187400
2023-08-16,60.540000915527344,60.81999969482422,60.400001525878906,60.47999954223633,55.04113006591797,8372300
2023-08-17,60.58000183105469,61.02000045776367,60.45000076293945,60.61000061035156,55.159446716308594,12873500
2023-08-18,60.540000915527344,61.09000015258789,60.369998931884766,60.95000076293945,55.4688720703125,11083800
2023-08-21,60.86000061035156,60.93000030517578,60.31999969482422,60.43000030517578,54.995635986328125,8648500
2023-08-22,60.34000015258789,60.58000183105469,59.97999954223633,60.060001373291016,54.658905029296875,9411500
2023-08-23,60.20000076293945,60.439998626708984,60.15999984741211,60.27000045776367,54.85001754760742,7749500
2023-08-24,60.27000045776367,60.880001068115234,60.09000015258789,60.11000061035156,54.70440673828125,8955100
2023-08-25,60.40999984741211,60.56999969482422,60.0099983215332,60.38999938964844,54.959232330322266,7629200
2023-08-28,60.54999923706055,60.72999954223633,60.369998931884766,60.560001373291016,55.11393737792969,6254300
2023-08-29,60.560001373291016,60.630001068115234,60.150001525878906,60.5,55.05934524536133,8189600
2023-08-30,60.63999938964844,60.7400016784668,60.290000915527344,60.470001220703125,55.03203201293945,9447900
2023-08-31,60.29999923706055,60.470001220703125,59.810001373291016,59.83000183105469,54.4495849609375,14663500
2023-09-01,60.0,60.130001068115234,59.119998931884766,59.310001373291016,53.97635269165039,11262300
2023-09-05,59.25,59.31999969482422,58.66999816894531,58.81999969482422,53.53041458129883,12474600
2023-09-06,58.619998931884766,58.83000183105469,58.41999816894531,58.779998779296875,53.49401092529297,13923500
2023-09-07,58.95000076293945,59.15999984741211,58.29999923706055,58.33000183105469,53.0844841003418,17628600
2023-09-08,58.29999923706055,58.40999984741211,58.0099983215332,58.33000183105469,53.0844841003418,14312300
2023-09-11,58.400001525878906,58.9900016784668,58.22999954223633,58.880001068115234,53.585025787353516,14767400
2023-09-12,58.9900016784668,59.0,58.189998626708984,58.29999923706055,53.057186126708984,12292700
2023-09-13,58.400001525878906,58.68000030517578,58.34000015258789,58.439998626708984,53.184593200683594,12641400
2023-09-14,58.2400016784668,58.59000015258789,58.189998626708984,58.459999084472656,53.62489318847656,12311600
2023-09-15,58.40999984741211,58.63999938964844,57.75,57.939998626708984,53.14789962768555,55727500
2023-09-18,57.97999954223633,58.349998474121094,57.630001068115234,58.29999923706055,53.478126525878906,13617400
2023-09-19,58.2599983215332,58.38999938964844,57.91999816894531,58.18000030517578,53.36804962158203,11998900
2023-09-20,58.29999923706055,58.83000183105469,58.08000183105469,58.439998626708984,53.60654830932617,14766600
2023-09-21,58.369998931884766,58.41999816894531,57.41999816894531,57.540000915527344,52.78098678588867,15941800
2023-09-22,57.849998474121094,57.970001220703125,57.5,57.599998474121094,52.836021423339844,14644100
2023-09-25,57.400001525878906,57.4900016784668,56.7400016784668,57.0,52.285640716552734,12358800
2023-09-26,56.72999954223633,56.900001525878906,56.400001525878906,56.529998779296875,51.854515075683594,11194700
2023-09-27,56.41999816894531,56.529998779296875,55.68000030517578,55.95000076293945,51.322486877441406,13766300
2023-09-28,56.22999954223633,56.31999969482422,55.70000076293945,55.810001373291016,51.19407272338867,12484800
2023-09-29,56.13999938964844,56.27000045776367,55.619998931884766,55.97999954223633,51.349998474121094,12271600
2023-10-02,55.90999984741211,56.0099983215332,55.08000183105469,55.47999954223633,50.89134979248047,11792500
2023-10-03,55.15999984741211,55.43000030517578,54.779998779296875,54.880001068115234,50.34098434448242,13604200
2023-10-04,54.88999938964844,55.279998779296875,54.709999084472656,55.040000915527344,50.487754821777344,12100500
2023-10-05,54.7400016784668,54.95000076293945,52.2400016784668,52.380001068115234,48.04775619506836,29878100
2023-10-06,52.040000915527344,53.290000915527344,51.54999923706055,53.13999938964844,48.74489212036133,30298900
2023-10-09,52.959999084472656,53.150001525878906,52.11000061035156,52.880001068115234,48.50639724731445,15704700
2023-10-10,54.130001068115234,54.33000183105469,53.560001373291016,54.029998779296875,49.561283111572266,20909700
2023-10-11,54.220001220703125,54.279998779296875,53.02000045776367,53.709999084472656,49.26775360107422,21138900
2023-10-12,53.7599983215332,53.83000183105469,52.43000030517578,52.810001373291016,48.44218826293945,19330400
2023-10-13,52.7400016784668,53.41999816894531,52.63999938964844,52.88999938964844,48.51557159423828,14494600
2023-10-16,53.02000045776367,53.560001373291016,52.84000015258789,53.43000030517578,49.01091384887695,12816800
2023-10-17,53.310001373291016,54.099998474121094,53.209999084472656,54.06999969482422,49.59797668457031,16457200
2023-10-18,54.099998474121094,54.529998779296875,53.91999816894531,54.04999923706055,49.57963180541992,12809500
2023-10-19,54.15999984741211,54.7599983215332,53.86000061035156,54.349998474121094,49.85481643676758,16202200
2023-10-20,54.529998779296875,55.02000045776367,54.439998626708984,54.56999969482422,50.05662536621094,15686400
2023-10-23,54.380001068115234,54.88999938964844,54.04999923706055,54.08000183105469,49.60715866088867,21212700
2023-10-24,55.650001525878906,56.16999816894531,55.29999923706055,55.63999938964844,51.03812026977539,25290800
2023-10-25,55.7599983215332,56.220001220703125,55.560001373291016,56.119998931884766,51.47842788696289,16701000
2023-10-26,56.369998931884766,56.630001068115234,55.720001220703125,55.779998779296875,51.166542053222656,16228400
2023-10-27,55.54999923706055,56.13999938964844,55.099998474121094,55.2400016784668,50.67121124267578,13626500
2023-10-30,55.43000030517578,56.279998779296875,55.41999816894531,56.150001525878906,51.50594711303711,15014300
2023-10-31,56.56999969482422,56.720001220703125,56.150001525878906,56.4900016784668,51.81782150268555,16639400
2023-11-01,56.79999923706055,56.880001068115234,56.2599983215332,56.439998626708984,51.7719612121582,14110800
2023-11-02,56.5,57.150001525878906,56.36000061035156,57.09000015258789,52.368202209472656,13087200
2023-11-03,57.400001525878906,57.59000015258789,56.70000076293945,56.7400016784668,52.04715347290039,13958700
2023-11-06,56.779998779296875,57.279998779296875,56.7400016784668,56.970001220703125,52.258121490478516,12673200
2023-11-07,56.91999816894531,57.400001525878906,56.72999954223633,57.18000030517578,52.45075607299805,10449300
2023-11-08,57.31999969482422,57.470001220703125,56.91999816894531,57.09000015258789,52.368202209472656,13744000
2023-11-09,57.029998779296875,57.13999938964844,56.369998931884766,56.65999984741211,51.97377014160156,12021100
2023-11-10,56.869998931884766,56.93000030517578,56.060001373291016,56.720001220703125,52.028804779052734,11678900
2023-11-13,56.619998931884766,57.099998474121094,56.599998474121094,56.93000030517578,52.221439361572266,12798200
2023-11-14,57.02000045776367,57.2400016784668,56.810001373291016,57.099998474121094,52.37737274169922,12697100
2023-11-15,57.29999923706055,57.34000015258789,56.75,57.209999084472656,52.478267669677734,10201900
2023-11-16,57.25,57.529998779296875,56.810001373291016,57.150001525878906,52.423240661621094,16010400
2023-11-17,57.189998626708984,57.34000015258789,56.70000076293945,57.2599983215332,52.52413558959961,14475800
2023-11-20,57.04999923706055,57.58000183105469,56.959999084472656,57.400001525878906,52.652557373046875,13051000
2023-11-21,57.459999084472656,58.040000915527344,57.33000183105469,58.029998779296875,53.2304573059082,13891600
2023-11-22,58.2599983215332,58.540000915527344,58.130001068115234,58.41999816894531,53.588199615478516,11320600
2023-11-24,58.459999084472656,58.75,58.34000015258789,58.56999969482422,53.725791931152344,4816000
2023-11-27,58.540000915527344,58.689998626708984,58.27000045776367,58.459999084472656,53.62489318847656,16246500
2023-11-28,58.400001525878906,58.83000183105469,58.36000061035156,58.58000183105469,53.73497009277344,13739600
2023-11-29,58.58000183105469,58.66999816894531,58.099998474121094,58.22999954223633,53.41391372680664,11263600
2023-11-30,57.959999084472656,58.459999084472656,57.599998474121094,58.439998626708984,54.033390045166016,22727500
2023-12-01,58.27000045776367,58.689998626708984,58.2400016784668,58.63999938964844,54.21830368041992,15371200
2023-12-04,58.59000015258789,58.959999084472656,58.439998626708984,58.56999969482422,54.15359115600586,14942200
2023-12-05,58.54999923706055,58.83000183105469,58.41999816894531,58.65999984741211,54.23680877685547,11891500
2023-12-06,58.560001373291016,58.72999954223633,58.209999084472656,58.599998474121094,54.18132400512695,14868500
2023-12-07,58.66999816894531,58.88999938964844,58.38999938964844,58.7400016784668,54.310768127441406,11587900
2023-12-08,58.7400016784668,58.75,58.369998931884766,58.61000061035156,54.19057083129883,11178700
2023-12-11,58.83000183105469,59.09000015258789,58.5,59.040000915527344,54.58815383911133,14524800
2023-12-12,59.20000076293945,59.41999816894531,58.900001525878906,59.41999816894531,54.93949508666992,12899000
2023-12-13,59.45000076293945,60.02000045776367,59.2599983215332,59.93000030517578,55.41103744506836,16196800
2023-12-14,59.970001220703125,60.040000915527344,58.77000045776367,59.040000915527344,54.58815383911133,22478300
2023-12-15,58.83000183105469,59.16999816894531,57.79999923706055,58.599998474121094,54.18132400512695,65177400
2023-12-18,58.79999923706055,59.4900016784668,58.619998931884766,59.02000045776367,54.56965637207031,16717700
2023-12-19,59.0,59.20000076293945,58.63999938964844,58.83000183105469,54.39398956298828,14612200
2023-12-20,58.5,58.66999816894531,57.56999969482422,57.61000061035156,53.26597595214844,17701000
2023-12-21,57.849998474121094,58.06999969482422,57.470001220703125,57.9900016784668,53.61732482910156,11725100
2023-12-22,58.119998931884766,58.459999084472656,58.02000045776367,58.31999969482422,53.92243957519531,9029400
2023-12-26,58.060001373291016,58.709999084472656,58.060001373291016,58.560001373291016,54.144351959228516,6422500
2023-12-27,58.63999938964844,58.77000045776367,58.400001525878906,58.709999084472656,54.28303527832031,8560100
2023-12-28,58.650001525878906,58.869998931884766,58.529998779296875,58.75,54.32001495361328,8400100
2023-12-29,58.7400016784668,58.97999954223633,58.630001068115234,58.93000030517578,54.48644256591797,9244300
2024-01-02,58.79999923706055,59.880001068115234,58.66999816894531,59.81999969482422,55.309329986572266,16322600
2024-01-03,59.93000030517578,60.20000076293945,59.7599983215332,59.959999084472656,55.43877410888672,14830600
2024-01-04,60.04999923706055,60.2599983215332,59.65999984741211,59.7599983215332,55.25385665893555,12912900
2024-01-05,59.79999923706055,59.95000076293945,59.09000015258789,59.66999816894531,55.170650482177734,10412800
2024-01-08,59.68000030517578,60.18000030517578,59.41999816894531,60.11000061035156,55.57746887207031,11554600
2024-01-09,59.9900016784668,60.13999938964844,59.619998931884766,60.0,55.475765228271484,10493700
2024-01-10,60.220001220703125,60.40999984741211,59.97999954223633,60.20000076293945,55.66067886352539,12258000
2024-01-11,60.25,60.2599983215332,59.689998626708984,59.810001373291016,55.30009460449219,13754200
2024-01-12,60.08000183105469,60.459999084472656,59.869998931884766,60.38999938964844,55.83635711669922,13218000
2024-01-16,60.38999938964844,60.43000030517578,59.849998474121094,59.9900016784668,55.466522216796875,11826900
2024-01-17,59.86000061035156,60.209999084472656,59.81999969482422,59.9900016784668,55.466522216796875,8982100
2024-01-18,59.689998626708984,60.22999954223633,59.529998779296875,60.15999984741211,55.62369918823242,10397700
2024-01-19,60.2599983215332,60.279998779296875,59.63999938964844,59.83000183105469,55.318580627441406,14392600
2024-01-22,59.7599983215332,60.06999969482422,59.439998626708984,59.56999969482422,55.07819366455078,14314300
2024-01-23,59.529998779296875,60.0,59.459999084472656,59.849998474121094,55.337066650390625,14481600
2024-01-24,59.79999923706055,59.810001373291016,58.88999938964844,58.90999984741211,54.467952728271484,16370500
2024-01-25,59.0099983215332,59.16999816894531,58.65999984741211,59.15999984741211,54.699100494384766,14899700
2024-01-26,59.25,59.4900016784668,59.130001068115234,59.369998931884766,54.89326477050781,13025100
2024-01-29,59.34000015258789,59.790000915527344,59.16999816894531,59.72999954223633,55.22611618041992,14547100
2024-01-30,59.849998474121094,60.02000045776367,59.45000076293945,59.900001525878906,55.383304595947266,22061500
2024-01-31,60.099998474121094,60.45000076293945,59.290000915527344,59.4900016784668,55.00421905517578,22837000
2024-02-01,59.56999969482422,61.0099983215332,59.36000061035156,60.97999954223633,56.38186264038086,15870900
2024-02-02,60.81999969482422,60.869998931884766,60.22999954223633,60.540000915527344,55.97504425048828,17544900
2024-02-05,60.380001068115234,60.380001068115234,59.880001068115234,60.040000915527344,55.51274871826172,12759600
2024-02-06,59.959999084472656,60.04999923706055,59.68000030517578,59.939998626708984,55.4202880859375,12775200
2024-02-07,60.06999969482422,60.209999084472656,59.939998626708984,59.9900016784668,55.466522216796875,10259900
2024-02-08,59.88999938964844,59.970001220703125,59.40999984741211,59.83000183105469,55.318580627441406,12874800
2024-02-09,59.470001220703125,59.58000183105469,59.029998779296875,59.560001373291016,55.068939208984375,15235300
2024-02-12,59.65999984741211,59.7599983215332,58.959999084472656,59.70000076293945,55.198387145996094,13516800
2024-02-13,59.5,60.65999984741211,58.790000915527344,59.349998474121094,54.87477493286133,24195700
2024-02-14,59.16999816894531,59.59000015258789,59.040000915527344,59.290000915527344,54.819297790527344,15872500
2024-02-15,59.41999816894531,59.59000015258789,59.130001068115234,59.400001525878906,54.9210090637207,13695800
2024-02-16,59.349998474121094,59.619998931884766,58.959999084472656,59.38999938964844,54.91175842285156,13947100
2024-02-20,59.599998474121094,60.84000015258789,59.5099983215332,60.70000076293945,56.122982025146484,18339300
2024-02-21,60.9900016784668,61.279998779296875,60.83000183105469,61.2400016784668,56.62226104736328,14373000
2024-02-22,60.9900016784668,61.25,60.5,61.150001525878906,56.53904724121094,12982800
2024-02-23,61.09000015258789,61.619998931884766,61.0,61.20000076293945,56.58527755737305,13612900
2024-02-26,61.2400016784668,61.27000045776367,60.65999984741211,60.709999084472656,56.13222122192383,10336100
2024-02-27,60.540000915527344,60.779998779296875,60.119998931884766,60.34000015258789,55.79011917114258,9931100
2024-02-28,60.369998931884766,60.4900016784668,60.060001373291016,60.400001525878906,55.84560012817383,8076500
2024-02-29,60.349998474121094,60.63999938964844,59.900001525878906,60.02000045776367,55.494258880615234,18152700
2024-03-01,59.900001525878906,59.900001525878906,59.34000015258789,59.529998779296875,55.04119873046875,10927600
2024-03-04,59.22999954223633,59.95000076293945,59.220001220703125,59.810001373291016,55.30009460449219,10150200
2024-03-05,59.90999984741211,60.11000061035156,59.41999816894531,59.52000045776367,55.03195571899414,12310000
2024-03-06,59.52000045776367,60.0,59.380001068115234,59.54999923706055,55.05968475341797,12378800
2024-03-07,59.689998626708984,59.77000045776367,59.2400016784668,59.439998626708984,54.95799255371094,13686900
2024-03-08,59.29999923706055,59.790000915527344,58.970001220703125,59.52000045776367,55.03195571899414,13239000
2024-03-11,59.779998779296875,60.290000915527344,59.58000183105469,60.2400016784668,55.697669982910156,14114300
2024-03-12,60.31999969482422,60.75,60.209999084472656,60.5,55.93806838989258,12684600
2024-03-13,60.880001068115234,61.209999084472656,60.79999923706055,61.119998931884766,56.511322021484375,13909500
2024-03-14,60.58000183105469,60.79999923706055,60.400001525878906,60.5,56.385498046875,13996600
2024-03-15,60.02000045776367,60.45000076293945,59.63999938964844,59.880001068115234,55.80765914916992,36849900
2024-03-18,59.88999938964844,60.400001525878906,59.79999923706055,60.130001068115234,56.0406608581543,15856700
2024-03-19,60.2400016784668,60.349998474121094,60.060001373291016,60.22999954223633,56.13385009765625,15030600
2024-03-20,60.18000030517578,60.810001373291016,60.15999984741211,60.75,56.61848068237305,15258800
2024-03-21,60.560001373291016,60.9900016784668,60.31999969482422,60.470001220703125,56.35753631591797,13067100
2024-03-22,60.52000045776367,60.790000915527344,60.43000030517578,60.4900016784668,56.37617492675781,11502800
2024-03-25,60.47999954223633,60.709999084472656,60.119998931884766,60.400001525878906,56.29229736328125,13144700
2024-03-26,60.5,60.709999084472656,60.380001068115234,60.540000915527344,56.42277145385742,13277400
2024-03-27,60.790000915527344,61.43000030517578,60.70000076293945,61.029998779296875,56.87944793701172,12551200
2024-03-28,61.13999938964844,61.2599983215332,61.0,61.18000030517578,57.019248962402344,13683500
2024-04-01,61.18000030517578,61.29999923706055,60.630001068115234,60.68000030517578,56.553253173828125,11668700
2024-04-02,60.45000076293945,60.72999954223633,60.11000061035156,60.150001525878906,56.059295654296875,13017300
2024-04-03,60.04999923706055,60.38999938964844,59.779998779296875,59.83000183105469,55.761051177978516,13672900
2024-04-04,60.09000015258789,60.150001525878906,59.16999816894531,59.29999923706055,55.26710510253906,14320700
2024-04-05,59.25,59.68000030517578,58.90999984741211,59.5099983215332,55.46281814575195,10157800
2024-04-08,59.400001525878906,59.470001220703125,59.06999969482422,59.27000045776367,55.2391471862793,10284500
2024-04-09,59.47999954223633,59.7400016784668,59.130001068115234,59.720001220703125,55.65853500366211,10779100
2024-04-10,59.31999969482422,59.38999938964844,58.689998626708984,58.91999816894531,54.91294479370117,11861900
2024-04-11,59.150001525878906,59.369998931884766,58.790000915527344,59.04999923706055,55.03409957885742,11109000
2024-04-12,58.95000076293945,59.0099983215332,58.130001068115234,58.279998779296875,54.316463470458984,12250900
2024-04-15,58.61000061035156,58.810001373291016,58.040000915527344,58.13999938964844,54.18598556518555,12425000
2024-04-16,58.25,58.380001068115234,57.93000030517578,58.060001373291016,54.11143112182617,11236800
2024-04-17,58.279998779296875,58.560001373291016,58.099998474121094,58.5099983215332,54.53082275390625,13805100
2024-04-18,58.619998931884766,58.97999954223633,58.540000915527344,58.90999984741211,54.90362548828125,11125900
2024-04-19,59.099998474121094,60.36000061035156,59.0,60.16999816894531,56.07793426513672,21207900
2024-04-22,60.13999938964844,60.630001068115234,59.720001220703125,60.54999923706055,56.432090759277344,15624500
2024-04-23,60.529998779296875,60.68000030517578,60.130001068115234,60.63999938964844,56.51596450805664,13689100
2024-04-24,60.31999969482422,61.650001525878906,59.84000015258789,61.54999923706055,57.36408233642578,19548300
2024-04-25,61.869998931884766,62.59000015258789,61.369998931884766,61.7400016784668,57.541160583496094,19048500
2024-04-26,61.54999923706055,61.93000030517578,61.349998474121094,61.7400016784668,57.541160583496094,10994300
2024-04-29,61.91999816894531,62.04999923706055,61.529998779296875,62.040000915527344,57.820762634277344,13409300
2024-04-30,62.13999938964844,62.83000183105469,61.470001220703125,61.77000045776367,57.56912612915039,19349200
2024-05-01,61.79999923706055,62.56999969482422,61.209999084472656,61.93000030517578,57.71824264526367,16729800
2024-05-02,62.18000030517578,62.400001525878906,61.720001220703125,61.9900016784668,57.77416229248047,10991300
2024-05-03,61.9900016784668,62.33000183105469,61.63999938964844,62.16999816894531,57.941917419433594,11628700
2024-05-06,62.29999923706055,62.380001068115234,61.900001525878906,62.349998474121094,58.109676361083984,9310700
2024-05-07,62.7599983215332,62.81999969482422,62.25,62.619998931884766,58.36131286621094,9807000
2024-05-08,62.849998474121094,62.970001220703125,62.47999954223633,62.849998474121094,58.5756721496582,10484400
2024-05-09,62.810001373291016,63.150001525878906,62.75,62.880001068115234,58.603633880615234,9113700
2024-05-10,62.91999816894531,63.36000061035156,62.790000915527344,63.2599983215332,58.957794189453125,8371700
2024-05-13,63.2400016784668,63.619998931884766,63.18000030517578,63.58000183105469,59.25603103637695,10137600
2024-05-14,63.58000183105469,63.7599983215332,62.79999923706055,63.099998474121094,58.80867004394531,10852200
2024-05-15,63.060001373291016,63.38999938964844,63.0,63.130001068115234,58.836631774902344,9838900
2024-05-16,63.2400016784668,63.72999954223633,63.06999969482422,63.31999969482422,59.013710021972656,10228000
2024-05-17,63.34000015258789,63.369998931884766,62.939998626708984,63.029998779296875,58.74342727661133,11539000
2024-05-20,62.93000030517578,63.0099983215332,62.459999084472656,62.56999969482422,58.31471633911133,11000900
2024-05-21,62.81999969482422,62.97999954223633,62.439998626708984,62.90999984741211,58.631587982177734,9796200
2024-05-22,62.709999084472656,63.02000045776367,62.65999984741211,63.0,58.71546936035156,7419400
2024-05-23,62.4900016784668,62.880001068115234,62.04999923706055,62.09000015258789,57.86735534667969,9834300
2024-05-24,62.220001220703125,62.41999816894531,61.970001220703125,62.0,57.783477783203125,8203100
2024-05-28,61.790000915527344,62.130001068115234,61.400001525878906,61.81999969482422,57.615718841552734,12347000
2024-05-29,61.470001220703125,61.880001068115234,61.06999969482422,61.70000076293945,57.50387954711914,11861800
2024-05-30,61.849998474121094,62.08000183105469,61.599998474121094,61.970001220703125,57.75551986694336,9433800
2024-05-31,61.9900016784668,63.029998779296875,61.689998626708984,62.93000030517578,58.65023422241211,19816600
2024-06-03,62.709999084472656,63.09000015258789,62.45000076293945,62.93000030517578,58.65023422241211,9369000
2024-06-04,63.20000076293945,63.970001220703125,62.939998626708984,63.939998626708984,59.59153747558594,11895600
2024-06-05,63.9900016784668,64.06999969482422,63.349998474121094,63.91999816894531,59.572898864746094,9632500
2024-06-06,63.91999816894531,64.36000061035156,63.84000015258789,64.1500015258789,59.787254333496094,8658500
2024-06-07,64.08999633789062,64.22000122070312,63.810001373291016,63.90999984741211,59.5635871887207,9523100
2024-06-10,63.939998626708984,63.9900016784668,63.369998931884766,63.59000015258789,59.26533889770508,15685300
2024-06-11,63.59000015258789,63.650001525878906,63.06999969482422,63.54999923706055,59.22806930541992,8396000
2024-06-12,63.689998626708984,63.689998626708984,62.689998626708984,62.880001068115234,58.603633880615234,9569600
2024-06-13,62.86000061035156,63.040000915527344,62.45000076293945,62.9900016784668,58.706153869628906,9668900
2024-06-14,62.380001068115234,62.689998626708984,62.09000015258789,62.54999923706055,58.7484130859375,8179200
2024-06-17,62.369998931884766,62.900001525878906,62.18000030517578,62.619998931884766,58.81414794921875,10532700
2024-06-18,62.529998779296875,62.81999969482422,62.439998626708984,62.630001068115234,58.82355499267578,10651700
2024-06-20,62.400001525878906,62.7400016784668,61.95000076293945,62.18000030517578,58.400901794433594,13306300
2024-06-21,62.18000030517578,63.099998474121094,62.18000030517578,62.77000045776367,58.95504379272461,28278100
2024-06-24,62.9900016784668,64.05999755859375,62.90999984741211,63.970001220703125,60.082115173339844,13212500
2024-06-25,63.939998626708984,64.06999969482422,63.5099983215332,63.84000015258789,59.96001052856445,10235300
2024-06-26,63.400001525878906,64.11000061035156,63.22999954223633,64.05000305175781,60.157249450683594,9402500
2024-06-27,64.05000305175781,64.2699966430664,63.619998931884766,63.90999984741211,60.0257568359375,8494100
2024-06-28,63.900001525878906,64.05999755859375,63.52000045776367,63.650001525878906,59.78156661987305,17358800
2024-07-01,64.02999877929688,64.30000305175781,63.119998931884766,63.279998779296875,59.434043884277344,10033400
2024-07-02,63.2599983215332,63.380001068115234,62.86000061035156,63.150001525878906,59.311954498291016,8878200
2024-07-03,63.189998626708984,63.66999816894531,62.93000030517578,63.33000183105469,59.48100662231445,9154200
2024-07-05,63.33000183105469,63.790000915527344,63.0,63.7599983215332,59.8848762512207,11735500
2024-07-08,63.59000015258789,63.59000015258789,62.84000015258789,62.959999084472656,59.13350296020508,11235100
2024-07-09,63.060001373291016,63.22999954223633,62.59000015258789,62.689998626708984,58.879905700683594,11657500
2024-07-10,62.720001220703125,62.86000061035156,62.290000915527344,62.83000183105469,59.01139831542969,11930400
2024-07-11,62.63999938964844,63.459999084472656,62.400001525878906,63.099998474121094,59.26498794555664,11431600
2024-07-12,63.459999084472656,64.11000061035156,63.38999938964844,63.70000076293945,59.828521728515625,9201500
2024-07-15,63.790000915527344,63.939998626708984,63.349998474121094,63.40999984741211,59.55614471435547,8207500
2024-07-16,63.43000030517578,64.30999755859375,63.38999938964844,64.2699966430664,60.363868713378906,9025100
2024-07-17,64.47000122070312,65.38999938964844,64.41000366210938,65.20999908447266,61.24674987792969,12508200
2024-07-18,64.80000305175781,65.80999755859375,64.72000122070312,65.19000244140625,61.22796630859375,11128200
2024-07-19,65.63999938964844,65.63999938964844,64.81999969482422,65.29000091552734,61.32188034057617,13775700
2024-07-22,65.25,65.29000091552734,64.31999969482422,64.7699966430664,60.833492279052734,11794200
2024-07-23,65.43000030517578,66.04000091552734,64.8499984741211,64.95999908447266,61.01194763183594,11810300
2024-07-24,65.08999633789062,65.97000122070312,64.83000183105469,65.80999755859375,61.810272216796875,13244600
2024-07-25,66.04000091552734,66.88999938964844,65.86000061035156,66.06999969482422,62.05448532104492,16328600
2024-07-26,66.06999969482422,67.11000061035156,66.01000213623047,67.05000305175781,62.97491455078125,13530100
2024-07-29,66.87999725341797,67.02999877929688,66.38999938964844,66.83000183105469,62.76829528808594,12140200
2024-07-30,66.4800033569336,67.83000183105469,66.36000061035156,67.68000030517578,63.56662368774414,13258000
2024-07-31,67.5,67.61000061035156,66.61000061035156,66.73999786376953,62.68375015258789,15576800
2024-08-01,67.0,68.11000061035156,66.69999694824219,67.95999908447266,63.829612731933594,16495900
2024-08-02,68.52999877929688,69.66999816894531,67.69000244140625,69.33000183105469,65.11634826660156,22514800
2024-08-05,68.98999786376953,69.55000305175781,67.7300033569336,68.0999984741211,63.96110153198242,25484300
2024-08-06,68.1500015258789,68.83999633789062,67.7699966430664,68.05000305175781,63.914154052734375,12969100
2024-08-07,68.05000305175781,69.18000030517578,67.83000183105469,68.45999908447266,64.2992172241211,13365300
2024-08-08,68.0,68.86000061035156,67.8499984741211,68.7300033569336,64.55281829833984,15240900
2024-08-09,68.69999694824219,68.79000091552734,68.25,68.68000030517578,64.50585174560547,12080400
2024-08-12,68.44999694824219,68.54000091552734,67.83000183105469,68.16999816894531,64.02684020996094,11012300
2024-08-13,68.08000183105469,68.61000061035156,68.01000213623047,68.45999908447266,64.2992172241211,9877600
2024-08-14,68.2300033569336,68.88999938964844,68.12999725341797,68.58000183105469,64.41193389892578,14328000
2024-08-15,68.62000274658203,68.91999816894531,68.5,68.6500015258789,64.47767639160156,11285100
2024-08-16,68.83999633789062,69.30000305175781,68.63999938964844,69.18000030517578,64.97545623779297,12651200
2024-08-19,69.3499984741211,69.41999816894531,68.8499984741211,68.9800033569336,64.7876205444336,9843900
2024-08-20,68.98999786376953,69.38999938964844,68.7699966430664,69.37999725341797,65.16329956054688,11957400
2024-08-21,69.4800033569336,70.12999725341797,69.33000183105469,69.56999969482422,65.34175109863281,8792400
2024-08-22,69.91999816894531,69.91999816894531,68.79000091552734,69.33000183105469,65.11634826660156,12509200
2024-08-23,69.4000015258789,69.8499984741211,68.94000244140625,69.79000091552734,65.54838562011719,11834700
2024-08-26,69.83000183105469,70.91999816894531,69.7300033569336,70.83999633789062,66.53457641601562,12912200
2024-08-27,71.31999969482422,71.52999877929688,71.05000305175781,71.5,67.15445709228516,16988400
2024-08-28,71.61000061035156,71.80999755859375,71.30000305175781,71.75,67.3892593383789,13272600
2024-08-29,71.9000015258789,72.22000122070312,71.2300033569336,72.05000305175781,67.67102813720703,17201700
2024-08-30,72.19999694824219,72.56999969482422,71.77999877929688,72.47000122070312,68.06551361083984,18624200
2024-09-03,72.44000244140625,73.29000091552734,72.25,73.01000213623047,68.57269287109375,14755800
2024-09-04,73.30000305175781,73.52999877929688,71.91000366210938,72.55999755859375,68.1500244140625,18140800
2024-09-05,72.62000274658203,72.68000030517578,70.9800033569336,71.16999816894531,66.84451293945312,23866100
2024-09-06,70.98999786376953,71.66999816894531,70.88999938964844,71.13999938964844,66.81634521484375,17485700
2024-09-09,71.2300033569336,72.30999755859375,70.9800033569336,71.8499984741211,67.48320007324219,12939300
2024-09-10,71.97000122070312,72.41999816894531,71.5199966430664,71.55000305175781,67.20142364501953,10277600
2024-09-11,71.36000061035156,71.37000274658203,70.56999969482422,71.08000183105469,66.7599868774414,11418200
2024-09-12,71.0,71.37999725341797,70.66000366210938,71.2300033569336,66.90087127685547,12337800
2024-09-13,70.83999633789062,71.47000122070312,70.4800033569336,71.41000366210938,67.52974700927734,11073800
2024-09-16,71.7699966430664,72.23999786376953,71.62000274658203,72.0999984741211,68.18223571777344,10786500
2024-09-17,71.9000015258789,72.3499984741211,71.72000122070312,71.80000305175781,67.8985366821289,12974400
2024-09-18,71.88999938964844,72.37999725341797,71.2699966430664,71.75,67.85125732421875,10719700
2024-09-19,71.55999755859375,71.94000244140625,70.5999984741211,70.62000274658203,66.78265380859375,13635600
2024-09-20,70.41000366210938,71.80000305175781,70.37999725341797,71.63999938964844,67.74724578857422,48578500
2024-09-23,71.55000305175781,72.19999694824219,71.18000030517578,71.7300033569336,67.83235168457031,11613000
2024-09-24,71.22000122070312,71.81999969482422,70.5999984741211,71.33000183105469,67.45409393310547,13330600
2024-09-25,71.70999908447266,71.91999816894531,71.30999755859375,71.44999694824219,67.56756591796875,12329100
2024-09-26,70.86000061035156,71.61000061035156,70.83999633789062,71.4000015258789,67.5202865600586,10815200
2024-09-27,71.54000091552734,72.19999694824219,71.45999908447266,71.79000091552734,67.88909149169922,11175700
2024-09-30,72.0,72.19999694824219,71.69000244140625,71.86000061035156,67.9552993774414,18015300
2024-10-01,72.0999984741211,72.75,71.62999725341797,71.70999908447266,67.81343078613281,13294500
2024-10-02,71.38999938964844,71.43000030517578,70.41000366210938,71.01000213623047,67.15147399902344,11155500
2024-10-03,70.86000061035156,70.98999786376953,70.19999694824219,70.5199966430664,66.68809509277344,9374800
2024-10-04,69.95999908447266,70.27999877929688,69.72000122070312,70.16999816894531,66.35711669921875,12684800
2024-10-07,70.05000305175781,70.0999984741211,68.87000274658203,69.01000213623047,65.26014709472656,14512000
2024-10-08,69.04000091552734,69.44000244140625,68.86000061035156,69.18000030517578,65.42091369628906,13549700
2024-10-09,69.19000244140625,69.73999786376953,69.06999969482422,69.56999969482422,65.78971862792969,9037700
2024-10-10,69.83000183105469,69.91000366210938,68.98999786376953,69.25,65.48711395263672,8635200
2024-10-11,69.45999908447266,69.58999633789062,69.0,69.56999969482422,65.78971862792969,8786300
2024-10-14,69.56999969482422,70.47000122070312,69.47000122070312,70.33999633789062,66.51787567138672,7659300
2024-10-15,70.45999908447266,71.20999908447266,70.16000366210938,70.33999633789062,66.51787567138672,10358700
2024-10-16,70.08999633789062,70.69999694824219,69.97000122070312,70.56999969482422,66.7353744506836,7937300
2024-10-17,70.62999725341797,70.69000244140625,69.58000183105469,69.9000015258789,66.10179138183594,14674600
2024-10-18,69.87000274658203,70.55000305175781,69.61000061035156,70.44000244140625,66.61245727539062,15087500
2024-10-21,70.0,70.33000183105469,69.30999755859375,69.44999694824219,65.67623138427734,11981200
2024-10-22,69.0,69.75,68.68000030517578,69.44999694824219,65.67623138427734,18603300
2024-10-23,66.98999786376953,68.69999694824219,66.58000183105469,68.01000213623047,64.31448364257812,24655200
2024-10-24,67.6500015258789,68.04000091552734,66.94999694824219,67.30000305175781,63.643070220947266,17568800
2024-10-25,67.06999969482422,67.69999694824219,66.79000091552734,66.91999816894531,63.283714294433594,11138100
2024-10-28,66.95999908447266,67.4000015258789,66.5999984741211,66.66999816894531,63.047298431396484,10761400
2024-10-29,66.29000091552734,66.33999633789062,65.5199966430664,65.55999755859375,61.99761199951172,16525900
2024-10-30,65.51000213623047,66.54000091552734,65.31999969482422,65.91999816894531,62.338043212890625,14177800
2024-10-31,65.80999755859375,65.98999786376953,65.26000213623047,65.30999755859375,61.761192321777344,13383700
2024-11-01,65.47000122070312,65.66000366210938,64.88999938964844,65.01000213623047,61.477500915527344,12163100
2024-11-04,65.08000183105469,65.41999816894531,64.6500015258789,65.11000061035156,61.57206726074219,10984500
2024-11-05,64.63999938964844,65.47000122070312,64.63999938964844,65.37000274658203,61.81794738769531,8780200
2024-11-06,64.41999816894531,64.86000061035156,63.18000030517578,63.70000076293945,60.23868942260742,22899300
2024-11-07,64.29000091552734,64.38999938964844,63.599998474121094,63.65999984741211,60.200862884521484,14856100
2024-11-08,63.90999984741211,64.23999786376953,63.7400016784668,63.91999816894531,60.44672775268555,14719300
2024-11-11,63.9900016784668,64.12000274658203,63.25,63.36000061035156,59.91716003417969,13980900
2024-11-12,63.68000030517578,63.75,63.119998931884766,63.20000076293945,59.76585006713867,15021000
2024-11-13,63.04999923706055,63.2599983215332,62.4900016784668,63.0,59.57671356201172,13177600
2024-11-14,63.11000061035156,63.11000061035156,62.43000030517578,62.54999923706055,59.15117645263672,15910800
2024-11-15,62.4900016784668,62.630001068115234,61.38999938964844,61.7400016784668,58.38518142700195,26284300
2024-11-18,61.849998474121094,62.13999938964844,61.560001373291016,61.86000061035156,58.4986686706543,16062100
2024-11-19,61.900001525878906,62.619998931884766,61.630001068115234,62.59000015258789,59.188995361328125,16254800
2024-11-20,62.70000076293945,63.0099983215332,62.02000045776367,62.9900016784668,59.5672607421875,18904900
2024-11-21,63.150001525878906,63.810001373291016,62.95000076293945,63.7599983215332,60.29541778564453,17292300
2024-11-22,64.23999786376953,64.4800033569336,63.650001525878906,63.91999816894531,60.44672775268555,19562200
2024-11-25,64.31999969482422,64.70999908447266,63.84000015258789,64.37999725341797,60.88173294067383,36805300
2024-11-26,64.30999755859375,64.63999938964844,64.05999755859375,64.55000305175781,61.042503356933594,14473300
2024-11-27,64.95999908447266,65.0999984741211,64.25,64.43000030517578,60.92901611328125,13263400
2024-11-29,64.0199966430664,64.25,63.77000045776367,64.08000183105469,61.057647705078125,10648400
2024-12-02,64.05000305175781,64.19000244140625,63.349998474121094,63.650001525878906,60.64793014526367,16500100
2024-12-03,63.720001220703125,64.08000183105469,63.029998779296875,63.52000045776367,60.52406311035156,24874500
2024-12-04,63.279998779296875,63.349998474121094,61.900001525878906,62.209999084472656,59.27584457397461,28137700
2024-12-05,62.470001220703125,63.119998931884766,62.099998474121094,62.91999816894531,59.95235824584961,21040400
2024-12-06,62.83000183105469,63.36000061035156,62.5099983215332,62.529998779296875,59.58075714111328,15581100
2024-12-09,62.689998626708984,62.93000030517578,61.900001525878906,62.599998474121094,59.6474494934082,22348300
2024-12-10,62.70000076293945,63.040000915527344,61.790000915527344,62.90999984741211,59.94282913208008,14949400
2024-12-11,63.0,63.630001068115234,62.400001525878906,62.63999938964844,59.685569763183594,32819000
2024-12-12,63.54999923706055,63.91999816894531,63.220001220703125,63.84000015258789,60.8289680480957,17542100
2024-12-13,63.56999969482422,63.84000015258789,63.11000061035156,63.119998931884766,60.14292907714844,13429000
2024-12-16,63.22999954223633,63.86000061035156,62.349998474121094,62.54999923706055,59.59980773925781,24559700
2024-12-17,62.45000076293945,63.54999923706055,62.31999969482422,63.400001525878906,60.40972137451172,21902400
2024-12-18,62.810001373291016,63.63999938964844,62.790000915527344,62.849998474121094,59.88566589355469,20946100
2024-12-19,62.70000076293945,63.16999816894531,62.400001525878906,62.45000076293945,59.50453186035156,21300600
2024-12-20,62.470001220703125,63.060001373291016,62.279998779296875,62.54999923706055,59.59980773925781,42458100
2024-12-23,62.5,62.7599983215332,61.529998779296875,62.380001068115234,59.43783187866211,13010800
2024-12-24,62.20000076293945,62.84000015258789,62.0099983215332,62.84000015258789,59.87613296508789,5019100
2024-12-26,62.619998931884766,62.7400016784668,62.400001525878906,62.56999969482422,59.618865966796875,7943800
2024-12-27,62.45000076293945,62.95000076293945,62.209999084472656,62.45000076293945,59.50453186035156,8542800
2024-12-30,62.34000015258789,62.34000015258789,61.68000030517578,62.029998779296875,59.104339599609375,8972200
2024-12-31,62.02000045776367,62.43000030517578,61.79999923706055,62.2599983215332,59.323486328125,9256700
