Date,Open,High,Low,Close,Adj Close,Volume
2013-01-02,27.25,27.729999542236328,27.149999618530273,27.6200008392334,22.102649688720703,52899300
2013-01-03,27.6299991607666,27.649999618530273,27.15999984741211,27.25,21.806570053100586,48294400
2013-01-04,27.270000457763672,27.34000015258789,26.729999542236328,26.739999771118164,21.398439407348633,52521100
2013-01-07,26.770000457763672,26.8799991607666,26.639999389648438,26.690000534057617,21.358442306518555,37110400
2013-01-08,26.75,26.790000915527344,26.459999084472656,26.549999237060547,21.24639129638672,44703100
2013-01-09,26.719999313354492,26.75,26.559999465942383,26.700000762939453,21.36643409729004,49047900
2013-01-10,26.649999618530273,26.979999542236328,26.290000915527344,26.459999084472656,21.17437744140625,71431300
2013-01-11,26.489999771118164,26.93000030517578,26.280000686645508,26.829999923706055,21.4704647064209,55512100
2013-01-14,26.899999618530273,27.079999923706055,26.760000228881836,26.889999389648438,21.518484115600586,48324400
2013-01-15,26.829999923706055,27.290000915527344,26.829999923706055,27.209999084472656,21.77455711364746,48244500
2013-01-16,27.149999618530273,27.229999542236328,27.010000228881836,27.040000915527344,21.638521194458008,41077400
2013-01-17,27.190000534057617,27.469999313354492,27.059999465942383,27.25,21.806570053100586,51685900
2013-01-18,27.100000381469727,27.290000915527344,27.040000915527344,27.25,21.806570053100586,52167700
2013-01-22,27.299999237060547,27.450000762939453,27.0,27.149999618530273,21.726539611816406,58650600
2013-01-23,27.200000762939453,27.639999389648438,27.200000762939453,27.610000610351562,22.09465217590332,50387700
2013-01-24,27.700000762939453,28.06999969482422,27.469999313354492,27.6299991607666,22.110666275024414,101739300
2013-01-25,27.579999923706055,28.229999542236328,27.389999389648438,27.8799991607666,22.310718536376953,81847700
2013-01-28,28.010000228881836,28.229999542236328,27.760000228881836,27.90999984741211,22.33472442626953,56056500
2013-01-29,27.81999969482422,28.1299991607666,27.600000381469727,28.010000228881836,22.414749145507812,49242600
2013-01-30,28.010000228881836,28.190000534057617,27.760000228881836,27.850000381469727,22.286714553833008,43580500
2013-01-31,27.790000915527344,27.969999313354492,27.399999618530273,27.450000762939453,21.96661949157715,50530000
2013-02-01,27.670000076293945,28.049999237060547,27.549999237060547,27.93000030517578,22.350736618041992,55565900
2013-02-04,27.8700008392334,28.020000457763672,27.420000076293945,27.440000534057617,21.958614349365234,50540000
2013-02-05,27.6200008392334,27.65999984741211,27.360000610351562,27.5,22.006635665893555,35410400
2013-02-06,27.3799991607666,27.540000915527344,27.25,27.34000015258789,21.878591537475586,41889600
2013-02-07,27.350000381469727,27.389999389648438,27.100000381469727,27.280000686645508,21.830568313598633,38028300
2013-02-08,27.350000381469727,27.709999084472656,27.309999465942383,27.549999237060547,22.0466365814209,33318500
2013-02-11,27.649999618530273,27.920000076293945,27.5,27.860000610351562,22.29471778869629,32247700
2013-02-12,27.8799991607666,28.0,27.75,27.8799991607666,22.310718536376953,35990900
2013-02-13,27.93000030517578,28.110000610351562,27.8799991607666,28.030000686645508,22.430757522583008,41715600
2013-02-14,27.920000076293945,28.059999465942383,27.8700008392334,28.040000915527344,22.438762664794922,32663200
2013-02-15,28.040000915527344,28.15999984741211,27.8799991607666,28.010000228881836,22.414749145507812,49650900
2013-02-19,27.8799991607666,28.09000015258789,27.799999237060547,28.049999237060547,22.632604598999023,38781400
2013-02-20,28.1299991607666,28.200000762939453,27.829999923706055,27.8700008392334,22.487375259399414,44110200
2013-02-21,27.739999771118164,27.739999771118164,27.229999542236328,27.489999771118164,22.18076515197754,49078500
2013-02-22,27.68000030517578,27.760000228881836,27.479999542236328,27.760000228881836,22.39861488342285,31425900
2013-02-25,27.969999313354492,28.049999237060547,27.3700008392334,27.3700008392334,22.083934783935547,48011800
2013-02-26,27.3799991607666,27.600000381469727,27.34000015258789,27.3700008392334,22.083934783935547,49923300
2013-02-27,27.420000076293945,28.0,27.329999923706055,27.809999465942383,22.438955307006836,36394700
2013-02-28,27.8799991607666,27.969999313354492,27.739999771118164,27.799999237060547,22.430885314941406,35840200
2013-03-01,27.719999313354492,27.979999542236328,27.520000457763672,27.950000762939453,22.55191993713379,34849700
2013-03-04,27.850000381469727,28.149999618530273,27.700000762939453,28.149999618530273,22.71329116821289,38157500
2013-03-05,28.290000915527344,28.540000915527344,28.15999984741211,28.350000381469727,22.87466812133789,41432200
2013-03-06,28.209999084472656,28.229999542236328,27.780000686645508,28.09000015258789,22.664884567260742,51448500
2013-03-07,28.110000610351562,28.280000686645508,28.010000228881836,28.139999389648438,22.705224990844727,29196700
2013-03-08,28.25,28.329999923706055,27.959999084472656,28.0,22.59226417541504,37667800
2013-03-11,27.940000534057617,27.969999313354492,27.670000076293945,27.8700008392334,22.487375259399414,36627500
2013-03-12,27.84000015258789,27.950000762939453,27.639999389648438,27.90999984741211,22.519641876220703,39255200
2013-03-13,27.8700008392334,28.020000457763672,27.75,27.920000076293945,22.527713775634766,29093400
2013-03-14,28.0,28.15999984741211,27.93000030517578,28.139999389648438,22.705224990844727,55914800
2013-03-15,28.030000686645508,28.15999984741211,27.979999542236328,28.040000915527344,22.624540328979492,92710300
2013-03-18,27.8799991607666,28.280000686645508,27.809999465942383,28.100000381469727,22.67295265197754,44809400
2013-03-19,28.1200008392334,28.219999313354492,28.030000686645508,28.18000030517578,22.737499237060547,51901600
2013-03-20,28.34000015258789,28.489999771118164,28.18000030517578,28.31999969482422,22.850454330444336,35447800
2013-03-21,28.110000610351562,28.360000610351562,28.049999237060547,28.110000610351562,22.6810245513916,34233200
2013-03-22,28.190000534057617,28.34000015258789,28.100000381469727,28.25,22.793975830078125,28720900
2013-03-25,28.299999237060547,28.350000381469727,27.959999084472656,28.15999984741211,22.721359252929688,44154000
2013-03-26,28.239999771118164,28.34000015258789,28.110000610351562,28.15999984741211,22.721359252929688,27824300
2013-03-27,28.139999389648438,28.450000762939453,28.079999923706055,28.3700008392334,22.89080238342285,36047400
2013-03-28,28.31999969482422,28.65999984741211,28.260000228881836,28.610000610351562,23.084449768066406,55453800
2013-04-01,28.639999389648438,28.65999984741211,28.360000610351562,28.610000610351562,23.084449768066406,29201100
2013-04-02,28.59000015258789,28.850000381469727,28.520000457763672,28.799999237060547,23.237754821777344,28456500
2013-04-03,28.75,28.950000762939453,28.540000915527344,28.559999465942383,23.044109344482422,35062800
2013-04-04,28.389999389648438,28.610000610351562,28.270000457763672,28.600000381469727,23.076383590698242,45263200
2013-04-05,28.219999313354492,28.780000686645508,28.110000610351562,28.700000762939453,23.157073974609375,50927300
2013-04-08,28.729999542236328,28.729999542236328,28.469999313354492,28.59000015258789,23.068309783935547,34759500
2013-04-09,28.729999542236328,29.81999969482422,28.68000030517578,29.610000610351562,23.89131736755371,77733800
2013-04-10,29.56999969482422,30.31999969482422,29.520000457763672,30.280000686645508,24.43191909790039,71116700
2013-04-11,29.100000381469727,29.200000762939453,28.729999542236328,28.940000534057617,23.35072135925293,130923200
2013-04-12,28.850000381469727,29.020000457763672,28.65999984741211,28.790000915527344,23.229690551757812,62886300
2013-04-15,28.649999618530273,28.979999542236328,28.510000228881836,28.690000534057617,23.149005889892578,56332900
2013-04-16,28.899999618530273,29.139999389648438,28.700000762939453,28.969999313354492,23.37492561340332,52797300
2013-04-17,28.850000381469727,29.040000915527344,28.600000381469727,28.829999923706055,23.261962890625,52840700
2013-04-18,28.950000762939453,28.979999542236328,28.5,28.790000915527344,23.229690551757812,56906600
2013-04-19,29.6200008392334,30.239999771118164,29.610000610351562,29.770000457763672,24.02042007446289,99790700
2013-04-22,30.299999237060547,31.18000030517578,30.270000457763672,30.829999923706055,24.875694274902344,137904000
2013-04-23,30.700000762939453,30.899999618530273,30.3799991607666,30.600000381469727,24.69011116027832,59126900
2013-04-24,30.6200008392334,31.920000076293945,30.600000381469727,31.760000228881836,25.626081466674805,90946600
2013-04-25,31.709999084472656,32.84000015258789,31.540000915527344,31.940000534057617,25.771316528320312,110700200
2013-04-26,31.899999618530273,31.979999542236328,31.450000762939453,31.790000915527344,25.650287628173828,47799300
2013-04-29,31.799999237060547,32.68000030517578,31.770000457763672,32.61000061035156,26.311922073364258,59116400
2013-04-30,32.560001373291016,33.11000061035156,32.279998779296875,33.099998474121094,26.70728302001953,75165200
2013-05-01,32.93000030517578,33.08000183105469,32.599998474121094,32.720001220703125,26.400676727294922,54330900
2013-05-02,32.630001068115234,33.16999816894531,32.38999938964844,33.15999984741211,26.755701065063477,46059500
2013-05-03,33.22999954223633,33.52000045776367,33.08000183105469,33.4900016784668,27.021957397460938,46784600
2013-05-06,33.41999816894531,33.90999984741211,33.25,33.75,27.231740951538086,40978300
2013-05-07,33.650001525878906,33.790000915527344,33.2400016784668,33.310001373291016,26.876720428466797,43078300
2013-05-08,33.06999969482422,33.2400016784668,32.650001525878906,32.9900016784668,26.6185245513916,51595700
2013-05-09,32.849998474121094,33.0,32.59000015258789,32.65999984741211,26.35226058959961,46417800
2013-05-10,32.66999816894531,32.720001220703125,32.31999969482422,32.689998626708984,26.3764705657959,36394900
2013-05-13,32.61000061035156,33.06999969482422,32.54999923706055,33.029998779296875,26.65079689025879,36027600
2013-05-14,32.86000061035156,33.529998779296875,32.79999923706055,33.529998779296875,27.24394416809082,56870100
2013-05-15,33.45000076293945,33.900001525878906,33.43000030517578,33.849998474121094,27.503952026367188,46303900
2013-05-16,33.63999938964844,34.150001525878906,33.54999923706055,34.08000183105469,27.69083023071289,59382900
2013-05-17,34.130001068115234,34.869998931884766,34.099998474121094,34.869998931884766,28.332727432250977,60666700
2013-05-20,34.72999954223633,35.099998474121094,34.68000030517578,35.08000183105469,28.50336265563965,54020800
2013-05-21,35.099998474121094,35.27000045776367,34.720001220703125,34.849998474121094,28.316471099853516,48702400
2013-05-22,34.790000915527344,34.84000015258789,34.36000061035156,34.61000061035156,28.121475219726562,66047500
2013-05-23,34.22999954223633,34.54999923706055,33.900001525878906,34.150001525878906,27.747703552246094,51102700
2013-05-24,33.91999816894531,34.279998779296875,33.900001525878906,34.27000045776367,27.845216751098633,33174400
2013-05-28,34.41999816894531,35.18000030517578,34.40999984741211,35.02000045776367,28.454601287841797,48212100
2013-05-29,34.7400016784668,35.02000045776367,34.56999969482422,34.880001068115234,28.34084701538086,38412200
2013-05-30,34.849998474121094,35.25,34.810001373291016,35.029998779296875,28.462726593017578,51131000
2013-05-31,34.81999969482422,35.279998779296875,34.790000915527344,34.900001525878906,28.357107162475586,56165700
2013-06-03,34.91999816894531,35.630001068115234,34.83000183105469,35.59000015258789,28.917757034301758,51252600
2013-06-04,35.619998931884766,35.7400016784668,34.77000045776367,34.9900016784668,28.430233001708984,65529500
2013-06-05,34.599998474121094,34.88999938964844,34.43000030517578,34.779998779296875,28.259611129760742,46025100
2013-06-06,34.84000015258789,35.11000061035156,34.4900016784668,34.959999084472656,28.40585708618164,37618500
2013-06-07,35.25,35.779998779296875,35.060001373291016,35.66999816894531,28.98273277282715,40757300
2013-06-10,35.5099983215332,35.650001525878906,35.13999938964844,35.470001220703125,28.820241928100586,35994500
2013-06-11,35.04999923706055,35.18000030517578,34.68000030517578,34.84000015258789,28.308353424072266,39435900
2013-06-12,35.13999938964844,35.27000045776367,34.849998474121094,35.0,28.438356399536133,37372700
2013-06-13,34.9900016784668,35.02000045776367,34.59000015258789,34.720001220703125,28.210861206054688,45654900
2013-06-14,34.54999923706055,34.689998626708984,34.25,34.400001525878906,27.950841903686523,53192600
2013-06-17,34.689998626708984,35.15999984741211,34.630001068115234,35.0,28.438356399536133,49670100
2013-06-18,34.970001220703125,35.16999816894531,34.900001525878906,34.97999954223633,28.422094345092773,28616500
2013-06-19,34.959999084472656,35.09000015258789,34.59000015258789,34.59000015258789,28.105222702026367,30816200
2013-06-20,34.2599983215332,34.33000183105469,33.369998931884766,33.4900016784668,27.211441040039062,54493700
2013-06-21,33.65999984741211,33.72999954223633,33.04999923706055,33.27000045776367,27.032686233520508,85338500
2013-06-24,32.939998626708984,34.20000076293945,32.56999969482422,33.720001220703125,27.398334503173828,56109000
2013-06-25,34.08000183105469,34.380001068115234,33.459999084472656,33.66999816894531,27.35770606994629,44073400
2013-06-26,34.119998931884766,34.47999954223633,33.88999938964844,34.349998474121094,27.910205841064453,48665900
2013-06-27,34.52000045776367,34.779998779296875,34.5,34.619998931884766,28.129594802856445,28993100
2013-06-28,34.380001068115234,34.790000915527344,34.34000015258789,34.540000915527344,28.064594268798828,65545500
2013-07-01,34.75,34.9900016784668,34.33000183105469,34.36000061035156,27.918338775634766,31055400
2013-07-02,34.40999984741211,34.439998626708984,33.630001068115234,33.939998626708984,27.57707977294922,37630000
2013-07-03,33.65999984741211,34.369998931884766,33.599998474121094,34.0099983215332,27.633956909179688,15994400
2013-07-05,34.09000015258789,34.2400016784668,33.58000183105469,34.209999084472656,27.79644775390625,26085900
2013-07-08,34.349998474121094,34.59000015258789,33.97999954223633,34.33000183105469,27.89395523071289,32396900
2013-07-09,34.58000183105469,34.599998474121094,34.13999938964844,34.349998474121094,27.910205841064453,25318500
2013-07-10,34.34000015258789,34.810001373291016,34.31999969482422,34.70000076293945,28.194602966308594,29658800
2013-07-11,35.0,35.77000045776367,34.900001525878906,35.689998626708984,28.99898338317871,53638300
2013-07-12,35.58000183105469,35.72999954223633,35.279998779296875,35.66999816894531,28.98273277282715,35501200
2013-07-15,35.65999984741211,36.220001220703125,35.58000183105469,36.16999816894531,29.389005661010742,34142600
2013-07-16,36.0099983215332,36.43000030517578,35.959999084472656,36.27000045776367,29.470258712768555,36378500
2013-07-17,36.34000015258789,36.38999938964844,35.4900016784668,35.7400016784668,29.039630889892578,37285100
2013-07-18,35.720001220703125,35.88999938964844,35.220001220703125,35.439998626708984,28.79586410522461,49547100
2013-07-19,32.400001525878906,32.66999816894531,31.020000457763672,31.399999618530273,25.513263702392578,248428500
2013-07-22,31.700000762939453,32.0099983215332,31.600000381469727,32.0099983215332,26.008907318115234,79040700
2013-07-23,31.90999984741211,32.040000915527344,31.709999084472656,31.81999969482422,25.854530334472656,65810400
2013-07-24,32.040000915527344,32.189998626708984,31.889999389648438,31.959999084472656,25.968280792236328,52803100
2013-07-25,31.6200008392334,31.649999618530273,31.25,31.389999389648438,25.505144119262695,63213000
2013-07-26,31.260000228881836,31.6200008392334,31.209999084472656,31.6200008392334,25.692018508911133,38633600
2013-07-29,31.469999313354492,31.600000381469727,31.399999618530273,31.540000915527344,25.627012252807617,28870700
2013-07-30,31.780000686645508,32.119998931884766,31.549999237060547,31.850000381469727,25.878902435302734,45799500
2013-07-31,31.969999313354492,32.04999923706055,31.709999084472656,31.84000015258789,25.87078285217285,43898400
2013-08-01,32.060001373291016,32.09000015258789,31.600000381469727,31.670000076293945,25.732648849487305,42557900
2013-08-02,31.690000534057617,31.899999618530273,31.56999969482422,31.889999389648438,25.91139793395996,29199900
2013-08-05,31.899999618530273,32.0,31.639999389648438,31.700000762939453,25.75702667236328,30984000
2013-08-06,31.549999237060547,31.670000076293945,31.3799991607666,31.579999923706055,25.659521102905273,36331500
2013-08-07,31.540000915527344,32.099998474121094,31.25,32.060001373291016,26.049537658691406,38078600
2013-08-08,32.2400016784668,33.06999969482422,32.04999923706055,32.88999938964844,26.723928451538086,59034400
2013-08-09,32.77000045776367,32.900001525878906,32.470001220703125,32.70000076293945,26.569547653198242,26800700
2013-08-12,32.459999084472656,32.970001220703125,32.459999084472656,32.869998931884766,26.707670211791992,25493700
2013-08-13,32.5099983215332,32.54999923706055,32.209999084472656,32.22999954223633,26.372196197509766,39464100
2013-08-14,32.13999938964844,33.36000061035156,31.700000762939453,32.349998474121094,26.470380783081055,48519600
2013-08-15,32.0,32.18000030517578,30.84000015258789,31.790000915527344,26.012165069580078,33338000
2013-08-16,31.790000915527344,31.989999771118164,31.65999984741211,31.799999237060547,26.020347595214844,32866300
2013-08-19,31.760000228881836,31.969999313354492,31.3799991607666,31.389999389648438,25.684865951538086,27902500
2013-08-20,31.440000534057617,31.899999618530273,31.3700008392334,31.6200008392334,25.873058319091797,22979600
2013-08-21,31.610000610351562,32.0099983215332,31.540000915527344,31.610000610351562,25.864885330200195,37409100
2013-08-22,32.189998626708984,32.4900016784668,32.099998474121094,32.38999938964844,26.503116607666016,31169900
2013-08-23,35.16999816894531,35.20000076293945,34.0,34.75,28.434188842773438,225493800
2013-08-26,34.400001525878906,34.66999816894531,34.029998779296875,34.150001525878906,27.943227767944336,72786800
2013-08-27,33.52000045776367,34.099998474121094,33.150001525878906,33.2599983215332,27.214988708496094,58522300
2013-08-28,33.38999938964844,33.599998474121094,33.0,33.02000045776367,27.018611907958984,44257400
2013-08-29,32.93000030517578,33.599998474121094,32.79999923706055,33.54999923706055,27.452285766601562,45284700
2013-08-30,33.369998931884766,33.47999954223633,33.09000015258789,33.400001525878906,27.32954978942871,42790200
2013-09-03,31.75,32.06999969482422,31.290000915527344,31.8799991607666,26.0858097076416,154507000
2013-09-04,31.389999389648438,31.469999313354492,31.110000610351562,31.200000762939453,25.529396057128906,142320600
2013-09-05,31.100000381469727,31.440000534057617,30.950000762939453,31.229999542236328,25.55394172668457,71644900
2013-09-06,31.309999465942383,31.389999389648438,31.1299991607666,31.149999618530273,25.488489151000977,75434900
2013-09-09,31.219999313354492,31.790000915527344,31.200000762939453,31.65999984741211,25.905792236328125,49628500
2013-09-10,31.899999618530273,32.400001525878906,31.790000915527344,32.38999938964844,26.503116607666016,56881200
2013-09-11,32.56999969482422,32.93000030517578,32.529998779296875,32.7400016784668,26.789499282836914,39087500
2013-09-12,32.720001220703125,32.779998779296875,32.59000015258789,32.689998626708984,26.748592376708984,32860200
2013-09-13,32.77000045776367,33.06999969482422,32.5099983215332,33.029998779296875,27.02678680419922,40899000
2013-09-16,33.380001068115234,33.5,32.72999954223633,32.79999923706055,26.83859634399414,52839700
2013-09-17,33.41999816894531,33.470001220703125,32.900001525878906,32.93000030517578,26.944969177246094,84716500
2013-09-18,32.9900016784668,33.400001525878906,32.83000183105469,33.31999969482422,27.264097213745117,64099900
2013-09-19,33.47999954223633,33.68000030517578,33.31999969482422,33.63999938964844,27.52592658996582,42026600
2013-09-20,33.40999984741211,33.47999954223633,32.689998626708984,32.790000915527344,26.83041763305664,102904900
2013-09-23,32.540000915527344,32.970001220703125,32.5,32.7400016784668,26.789499282836914,39826100
2013-09-24,32.869998931884766,32.869998931884766,32.150001525878906,32.45000076293945,26.552209854125977,40685000
2013-09-25,32.4900016784668,32.79999923706055,32.400001525878906,32.5099983215332,26.601308822631836,28907500
2013-09-26,32.63999938964844,33.0,32.59000015258789,32.77000045776367,26.814048767089844,28504000
2013-09-27,32.880001068115234,33.75,32.869998931884766,33.27000045776367,27.223175048828125,55348000
2013-09-30,33.0,33.310001373291016,32.70000076293945,33.279998779296875,27.23135757446289,39839500
2013-10-01,33.349998474121094,33.61000061035156,33.29999923706055,33.58000183105469,27.47683334350586,36718700
2013-10-02,33.36000061035156,34.029998779296875,33.290000915527344,33.91999816894531,27.755035400390625,46946800
2013-10-03,33.880001068115234,34.0,33.41999816894531,33.86000061035156,27.705949783325195,38703800
2013-10-04,33.689998626708984,33.9900016784668,33.619998931884766,33.880001068115234,27.722312927246094,33008100
2013-10-07,33.599998474121094,33.709999084472656,33.20000076293945,33.29999923706055,27.247718811035156,35069300
2013-10-08,33.310001373291016,33.33000183105469,32.79999923706055,33.0099983215332,27.01042366027832,41017600
2013-10-09,33.06999969482422,33.349998474121094,32.959999084472656,33.06999969482422,27.059524536132812,35878600
2013-10-10,33.310001373291016,33.88999938964844,33.2599983215332,33.7599983215332,27.624114990234375,42875100
2013-10-11,33.68000030517578,34.13999938964844,33.68000030517578,34.130001068115234,27.926868438720703,30033300
2013-10-14,33.900001525878906,34.5,33.779998779296875,34.45000076293945,28.18870735168457,27757900
2013-10-15,34.66999816894531,34.9900016784668,34.470001220703125,34.4900016784668,28.221437454223633,47097800
2013-10-16,34.599998474121094,34.900001525878906,34.560001373291016,34.63999938964844,28.34416961669922,35111600
2013-10-17,34.45000076293945,34.9900016784668,34.369998931884766,34.91999816894531,28.573287963867188,31359200
2013-10-18,34.81999969482422,34.9900016784668,34.33000183105469,34.959999084472656,28.606019973754883,41811700
2013-10-21,34.97999954223633,35.20000076293945,34.90999984741211,34.9900016784668,28.630569458007812,27433500
2013-10-22,35.02000045776367,35.099998474121094,34.52000045776367,34.58000183105469,28.295089721679688,40438500
2013-10-23,34.349998474121094,34.4900016784668,33.66999816894531,33.7599983215332,27.624114990234375,58600500
2013-10-24,33.81999969482422,34.099998474121094,33.56999969482422,33.720001220703125,27.591398239135742,53209700
2013-10-25,35.880001068115234,36.290000915527344,35.470001220703125,35.72999954223633,29.236064910888672,113494000
2013-10-28,35.61000061035156,35.72999954223633,35.27000045776367,35.56999969482422,29.105148315429688,38383600
2013-10-29,35.630001068115234,35.720001220703125,35.2599983215332,35.52000045776367,29.064233779907227,31702200
2013-10-30,35.529998779296875,35.790000915527344,35.43000030517578,35.540000915527344,29.080604553222656,36997700
2013-10-31,35.65999984741211,35.689998626708984,35.34000015258789,35.40999984741211,28.974220275878906,41682300
2013-11-01,35.66999816894531,35.689998626708984,35.38999938964844,35.529998779296875,29.07242202758789,40264600
2013-11-04,35.59000015258789,35.97999954223633,35.54999923706055,35.939998626708984,29.407896041870117,28060700
2013-11-05,35.790000915527344,36.709999084472656,35.77000045776367,36.63999938964844,29.980670928955078,51681900
2013-11-06,37.2400016784668,38.220001220703125,37.060001373291016,38.18000030517578,31.240774154663086,88948800
2013-11-07,37.959999084472656,38.0099983215332,37.43000030517578,37.5,30.684371948242188,60437400
2013-11-08,37.66999816894531,37.779998779296875,37.34000015258789,37.779998779296875,30.913484573364258,36737800
2013-11-11,37.689998626708984,37.779998779296875,37.349998474121094,37.59000015258789,30.75802230834961,26872500
2013-11-12,37.380001068115234,37.599998474121094,37.20000076293945,37.36000061035156,30.56981658935547,31651600
2013-11-13,36.97999954223633,38.15999984741211,36.900001525878906,38.15999984741211,31.22442626953125,44957600
2013-11-14,37.869998931884766,38.130001068115234,37.720001220703125,38.02000045776367,31.109861373901367,46183700
2013-11-15,37.95000076293945,38.02000045776367,37.720001220703125,37.84000015258789,30.962570190429688,50601300
2013-11-18,37.349998474121094,37.58000183105469,37.06999969482422,37.20000076293945,30.438894271850586,53277500
2013-11-19,36.849998474121094,37.22999954223633,36.66999816894531,36.7400016784668,30.290494918823242,44275000
2013-11-20,36.91999816894531,37.40999984741211,36.86000061035156,37.08000183105469,30.570802688598633,32229900
2013-11-21,37.27000045776367,37.529998779296875,37.2599983215332,37.400001525878906,30.83464813232422,23064700
2013-11-22,37.529998779296875,37.68000030517578,37.33000183105469,37.56999969482422,30.97478485107422,27982000
2013-11-25,37.93000030517578,37.95000076293945,37.56999969482422,37.63999938964844,31.03249740600586,30646800
2013-11-26,37.56999969482422,37.650001525878906,37.349998474121094,37.349998474121094,30.79342269897461,34465300
2013-11-27,37.56999969482422,37.7599983215332,37.4900016784668,37.599998474121094,30.999521255493164,26002100
2013-11-29,37.81999969482422,38.290000915527344,37.81999969482422,38.130001068115234,31.43648910522461,22090400
2013-12-02,38.09000015258789,38.779998779296875,38.060001373291016,38.45000076293945,31.7003116607666,42950400
2013-12-03,38.13999938964844,38.4900016784668,38.08000183105469,38.310001373291016,31.584888458251953,52109800
2013-12-04,38.209999084472656,38.97999954223633,38.119998931884766,38.939998626708984,32.10430145263672,51983600
2013-12-05,38.849998474121094,38.880001068115234,37.18000030517578,38.0,31.329315185546875,116305000
2013-12-06,38.41999816894531,38.54999923706055,37.9900016784668,38.36000061035156,31.626134872436523,36457300
2013-12-09,38.560001373291016,38.869998931884766,38.369998931884766,38.709999084472656,31.914670944213867,30286000
2013-12-10,38.61000061035156,38.900001525878906,38.02000045776367,38.11000061035156,31.420013427734375,37828600
2013-12-11,38.060001373291016,38.29999923706055,37.38999938964844,37.61000061035156,31.00776481628418,39853400
2013-12-12,37.63999938964844,37.63999938964844,37.18000030517578,37.220001220703125,30.68622589111328,36012800
2013-12-13,37.41999816894531,37.45000076293945,36.619998931884766,36.689998626708984,30.249267578125,40066100
2013-12-16,36.72999954223633,37.0,36.540000915527344,36.88999938964844,30.414159774780273,31734200
2013-12-17,36.939998626708984,37.11000061035156,36.33000183105469,36.52000045776367,30.109106063842773,45687700
2013-12-18,36.36000061035156,36.599998474121094,35.529998779296875,36.58000183105469,30.15859603881836,63192100
2013-12-19,36.5099983215332,36.54999923706055,36.08000183105469,36.25,29.886499404907227,34160100
2013-12-20,36.20000076293945,36.93000030517578,36.189998626708984,36.79999923706055,30.3399600982666,62649100
2013-12-23,36.810001373291016,36.88999938964844,36.54999923706055,36.619998931884766,30.191556930541992,25128700
2013-12-24,36.720001220703125,37.16999816894531,36.63999938964844,37.08000183105469,30.570802688598633,14243000
2013-12-26,37.20000076293945,37.4900016784668,37.16999816894531,37.439998626708984,30.867626190185547,17612800
2013-12-27,37.58000183105469,37.619998931884766,37.16999816894531,37.290000915527344,30.743959426879883,14563000
2013-12-30,37.220001220703125,37.380001068115234,36.900001525878906,37.290000915527344,30.743959426879883,16290500
2013-12-31,37.400001525878906,37.58000183105469,37.220001220703125,37.40999984741211,30.842870712280273,17503500
2014-01-02,37.349998474121094,37.400001525878906,37.099998474121094,37.15999984741211,30.636764526367188,30632200
2014-01-03,37.20000076293945,37.220001220703125,36.599998474121094,36.90999984741211,30.4306583404541,31134800
2014-01-06,36.849998474121094,36.88999938964844,36.11000061035156,36.130001068115234,29.78757667541504,43603700
2014-01-07,36.33000183105469,36.4900016784668,36.209999084472656,36.40999984741211,30.01841926574707,35802800
2014-01-08,36.0,36.13999938964844,35.58000183105469,35.7599983215332,29.482528686523438,59971700
2014-01-09,35.880001068115234,35.90999984741211,35.400001525878906,35.529998779296875,29.292903900146484,36516300
2014-01-10,35.900001525878906,36.150001525878906,35.75,36.040000915527344,29.71339225769043,40548800
2014-01-13,35.9900016784668,36.02000045776367,34.83000183105469,34.97999954223633,28.83945083618164,45901900
2014-01-14,34.72999954223633,35.880001068115234,34.630001068115234,35.779998779296875,29.499019622802734,41623300
2014-01-15,35.900001525878906,36.790000915527344,35.849998474121094,36.7599983215332,30.306991577148438,44812600
2014-01-16,36.689998626708984,37.0,36.310001373291016,36.88999938964844,30.414159774780273,38018700
2014-01-17,36.83000183105469,36.83000183105469,36.150001525878906,36.380001068115234,29.99370002746582,46267500
2014-01-21,36.81999969482422,36.81999969482422,36.060001373291016,36.16999816894531,29.820552825927734,31567300
2014-01-22,36.2599983215332,36.31999969482422,35.75,35.93000030517578,29.6226863861084,21904300
2014-01-23,36.09000015258789,36.130001068115234,35.52000045776367,36.060001373291016,29.729881286621094,43954000
2014-01-24,37.45000076293945,37.54999923706055,36.529998779296875,36.810001373291016,30.34819793701172,76395500
2014-01-27,36.869998931884766,36.88999938964844,35.97999954223633,36.029998779296875,29.705141067504883,44420800
2014-01-28,36.119998931884766,36.38999938964844,35.75,36.27000045776367,29.902997970581055,36205500
2014-01-29,35.97999954223633,36.880001068115234,35.900001525878906,36.65999984741211,30.224536895751953,52745900
2014-01-30,36.790000915527344,36.880001068115234,36.22999954223633,36.86000061035156,30.389448165893555,35036300
2014-01-31,36.95000076293945,37.88999938964844,36.560001373291016,37.84000015258789,31.197391510009766,93162300
2014-02-03,37.7400016784668,37.9900016784668,36.43000030517578,36.47999954223633,30.076133728027344,64063100
2014-02-04,36.970001220703125,37.189998626708984,36.25,36.349998474121094,29.96895408630371,54697900
2014-02-05,36.290000915527344,36.470001220703125,35.79999923706055,35.81999969482422,29.531993865966797,55814400
2014-02-06,35.79999923706055,36.25,35.689998626708984,36.18000030517578,29.828805923461914,35351800
2014-02-07,36.31999969482422,36.59000015258789,36.0099983215332,36.560001373291016,30.142114639282227,33260500
2014-02-10,36.630001068115234,36.79999923706055,36.290000915527344,36.79999923706055,30.3399600982666,26767000
2014-02-11,36.880001068115234,37.2599983215332,36.86000061035156,37.16999816894531,30.645000457763672,32141400
2014-02-12,37.349998474121094,37.599998474121094,37.29999923706055,37.470001220703125,30.892351150512695,27051800
2014-02-13,37.33000183105469,37.86000061035156,37.33000183105469,37.61000061035156,31.00776481628418,37635500
2014-02-14,37.38999938964844,37.779998779296875,37.33000183105469,37.619998931884766,31.016019821166992,31407500
2014-02-18,37.630001068115234,37.779998779296875,37.40999984741211,37.41999816894531,31.08246421813965,32834000
2014-02-19,37.220001220703125,37.75,37.209999084472656,37.5099983215332,31.15721321105957,29750400
2014-02-20,37.56999969482422,37.869998931884766,37.400001525878906,37.75,31.356576919555664,27526100
2014-02-21,37.939998626708984,38.349998474121094,37.86000061035156,37.97999954223633,31.54762840270996,38021300
2014-02-24,37.689998626708984,37.97999954223633,37.540000915527344,37.689998626708984,31.306726455688477,32085100
2014-02-25,37.61000061035156,37.849998474121094,37.349998474121094,37.540000915527344,31.182140350341797,30736500
2014-02-26,37.58000183105469,37.7400016784668,37.189998626708984,37.470001220703125,31.12400245666504,41041800
2014-02-27,37.45000076293945,37.88999938964844,37.22999954223633,37.86000061035156,31.44794273376465,33903400
2014-02-28,37.97999954223633,38.459999084472656,37.81999969482422,38.310001373291016,31.821733474731445,41215000
2014-03-03,37.91999816894531,38.130001068115234,37.4900016784668,37.779998779296875,31.381494522094727,29717500
2014-03-04,38.20000076293945,38.47999954223633,38.06999969482422,38.40999984741211,31.90480613708496,26802400
2014-03-05,38.25,38.27000045776367,37.93000030517578,38.11000061035156,31.655620574951172,20520100
2014-03-06,38.13999938964844,38.2400016784668,37.88999938964844,38.150001525878906,31.68882942199707,23582200
2014-03-07,38.279998779296875,38.36000061035156,37.689998626708984,37.900001525878906,31.48118019104004,26591600
2014-03-10,37.9900016784668,38.0099983215332,37.720001220703125,37.81999969482422,31.414716720581055,19006600
2014-03-11,37.869998931884766,38.22999954223633,37.720001220703125,38.02000045776367,31.58084487915039,25216400
2014-03-12,37.79999923706055,38.43000030517578,37.790000915527344,38.27000045776367,31.78851890563965,30494100
2014-03-13,38.41999816894531,38.45000076293945,37.63999938964844,37.88999938964844,31.472871780395508,32169700
2014-03-14,37.650001525878906,38.13999938964844,37.5099983215332,37.70000076293945,31.31505012512207,27195600
2014-03-17,37.900001525878906,38.40999984741211,37.790000915527344,38.04999923706055,31.605775833129883,20479600
2014-03-18,38.2599983215332,39.900001525878906,38.220001220703125,39.54999923706055,32.851722717285156,64063900
2014-03-19,39.470001220703125,39.54999923706055,38.90999984741211,39.27000045776367,32.619144439697266,35597200
2014-03-20,39.25,40.650001525878906,39.2400016784668,40.33000183105469,33.499610900878906,59269800
2014-03-21,40.720001220703125,40.939998626708984,40.0099983215332,40.15999984741211,33.358428955078125,80721800
2014-03-24,40.34000015258789,40.63999938964844,39.86000061035156,40.5,33.64083480834961,46098400
2014-03-25,40.65999984741211,40.9900016784668,39.959999084472656,40.34000015258789,33.50794982910156,43193100
2014-03-26,40.47999954223633,40.709999084472656,39.599998474121094,39.790000915527344,33.05107116699219,41977500
2014-03-27,39.7400016784668,39.970001220703125,39.34000015258789,39.36000061035156,32.69388961791992,35369200
2014-03-28,39.790000915527344,40.63999938964844,39.68000030517578,40.29999923706055,33.474700927734375,43472700
2014-03-31,40.43000030517578,41.5,40.400001525878906,40.9900016784668,34.0478401184082,46886300
2014-04-01,41.150001525878906,41.59000015258789,41.06999969482422,41.41999816894531,34.40501022338867,32605000
2014-04-02,41.439998626708984,41.65999984741211,41.16999816894531,41.349998474121094,34.346866607666016,28666700
2014-04-03,41.290000915527344,41.290000915527344,40.709999084472656,41.0099983215332,34.06446838378906,30139600
2014-04-04,41.25,41.38999938964844,39.63999938964844,39.869998931884766,33.117530822753906,51409600
2014-04-07,39.959999084472656,40.27000045776367,39.7400016784668,39.79999923706055,33.05938720703125,37559600
2014-04-08,39.75,39.93000030517578,39.20000076293945,39.81999969482422,33.07600021362305,35918600
2014-04-09,39.93000030517578,40.54999923706055,39.880001068115234,40.470001220703125,33.61591339111328,27398700
2014-04-10,40.439998626708984,40.689998626708984,39.09000015258789,39.36000061035156,32.69388961791992,45960800
2014-04-11,39.0,39.790000915527344,39.0,39.209999084472656,32.56930923461914,34330200
2014-04-14,39.11000061035156,39.40999984741211,38.900001525878906,39.18000030517578,32.54438781738281,32006600
2014-04-15,39.34000015258789,39.959999084472656,39.04999923706055,39.75,33.017860412597656,33968700
2014-04-16,40.060001373291016,40.41999816894531,39.90999984741211,40.400001525878906,33.55779266357422,30615800
2014-04-17,40.0099983215332,40.20000076293945,39.5099983215332,40.0099983215332,33.233829498291016,36688400
2014-04-21,40.130001068115234,40.150001525878906,39.790000915527344,39.939998626708984,33.1756706237793,22221200
2014-04-22,39.959999084472656,40.13999938964844,39.83000183105469,39.9900016784668,33.21720504760742,27056700
2014-04-23,39.9900016784668,39.9900016784668,39.470001220703125,39.689998626708984,32.968013763427734,24602800
2014-04-24,39.7400016784668,39.970001220703125,39.29999923706055,39.86000061035156,33.10921859741211,42381600
2014-04-25,40.290000915527344,40.68000030517578,39.75,39.90999984741211,33.15074920654297,56876800
2014-04-28,40.13999938964844,41.290000915527344,40.09000015258789,40.869998931884766,33.94816970825195,50610200
2014-04-29,41.099998474121094,41.189998626708984,40.38999938964844,40.5099983215332,33.64913558959961,29636200
2014-04-30,40.400001525878906,40.5,40.16999816894531,40.400001525878906,33.55779266357422,35458700
2014-05-01,40.2400016784668,40.36000061035156,39.95000076293945,40.0,33.22550964355469,28787400
2014-05-02,40.310001373291016,40.34000015258789,39.65999984741211,39.689998626708984,32.968013763427734,43416600
2014-05-05,39.52000045776367,39.63999938964844,39.29999923706055,39.43000030517578,32.75205993652344,22460900
2014-05-06,39.290000915527344,39.349998474121094,38.95000076293945,39.060001373291016,32.44471740722656,27112400
2014-05-07,39.220001220703125,39.5099983215332,38.5099983215332,39.41999816894531,32.743743896484375,41744500
2014-05-08,39.34000015258789,39.900001525878906,38.970001220703125,39.63999938964844,32.926483154296875,32120400
2014-05-09,39.540000915527344,39.849998474121094,39.369998931884766,39.540000915527344,32.843421936035156,29647600
2014-05-12,39.7400016784668,40.02000045776367,39.650001525878906,39.970001220703125,33.200599670410156,22782600
2014-05-13,39.91999816894531,40.5,39.849998474121094,40.41999816894531,33.81122970581055,27004800
2014-05-14,40.29999923706055,40.45000076293945,40.04999923706055,40.2400016784668,33.660675048828125,18818700
2014-05-15,40.09000015258789,40.400001525878906,39.5099983215332,39.599998474121094,33.12531661987305,37793200
2014-05-16,39.66999816894531,39.84000015258789,39.27000045776367,39.83000183105469,33.31770324707031,29867100
2014-05-19,39.61000061035156,39.81999969482422,39.459999084472656,39.75,33.25079345703125,24537400
2014-05-20,39.68000030517578,39.939998626708984,39.459999084472656,39.68000030517578,33.192222595214844,21320900
2014-05-21,39.79999923706055,40.349998474121094,39.7400016784668,40.349998474121094,33.7526741027832,22398700
2014-05-22,40.290000915527344,40.349998474121094,39.849998474121094,40.099998474121094,33.54356384277344,20201800
2014-05-23,40.369998931884766,40.369998931884766,40.0,40.119998931884766,33.56028366088867,18020000
2014-05-27,40.2599983215332,40.2599983215332,39.810001373291016,40.189998626708984,33.61882400512695,26160600
2014-05-28,40.13999938964844,40.189998626708984,39.81999969482422,40.0099983215332,33.46826934814453,25711500
2014-05-29,40.150001525878906,40.349998474121094,39.90999984741211,40.34000015258789,33.74432373046875,19888200
2014-05-30,40.45000076293945,40.970001220703125,40.25,40.939998626708984,34.246212005615234,34567600
2014-06-02,40.95000076293945,41.09000015258789,40.68000030517578,40.790000915527344,34.1207389831543,18504300
2014-06-03,40.599998474121094,40.68000030517578,40.25,40.290000915527344,33.70249557495117,18068900
2014-06-04,40.209999084472656,40.369998931884766,39.86000061035156,40.31999969482422,33.727577209472656,23209000
2014-06-05,40.59000015258789,41.25,40.400001525878906,41.209999084472656,34.472076416015625,31865200
2014-06-06,41.47999954223633,41.65999984741211,41.2400016784668,41.47999954223633,34.69792938232422,24060500
2014-06-09,41.38999938964844,41.47999954223633,41.02000045776367,41.27000045776367,34.52225875854492,15019200
2014-06-10,41.029998779296875,41.15999984741211,40.86000061035156,41.11000061035156,34.388427734375,15117700
2014-06-11,40.93000030517578,41.06999969482422,40.77000045776367,40.86000061035156,34.179298400878906,18040000
2014-06-12,40.810001373291016,40.880001068115234,40.290000915527344,40.58000183105469,33.945072174072266,29818900
2014-06-13,41.099998474121094,41.56999969482422,40.86000061035156,41.22999954223633,34.48880386352539,26310000
2014-06-16,41.040000915527344,41.61000061035156,41.040000915527344,41.5,34.71466064453125,24205300
2014-06-17,41.290000915527344,41.90999984741211,40.34000015258789,41.68000030517578,34.865230560302734,22518600
2014-06-18,41.61000061035156,41.7400016784668,41.18000030517578,41.650001525878906,34.840118408203125,27097000
2014-06-19,41.56999969482422,41.77000045776367,41.33000183105469,41.5099983215332,34.723018646240234,19828200
2014-06-20,41.45000076293945,41.83000183105469,41.380001068115234,41.68000030517578,34.865230560302734,47764900
2014-06-23,41.72999954223633,42.0,41.689998626708984,41.9900016784668,35.12453079223633,18743900
2014-06-24,41.83000183105469,41.939998626708984,41.560001373291016,41.75,34.92378234863281,26509100
2014-06-25,41.70000076293945,42.04999923706055,41.459999084472656,42.029998779296875,35.157997131347656,20049100
2014-06-26,41.93000030517578,41.939998626708984,41.43000030517578,41.720001220703125,34.89868927001953,23604400
2014-06-27,41.61000061035156,42.290000915527344,41.5099983215332,42.25,35.3420295715332,74640000
2014-06-30,42.16999816894531,42.209999084472656,41.70000076293945,41.70000076293945,34.881954193115234,30793100
2014-07-01,41.86000061035156,42.150001525878906,41.689998626708984,41.869998931884766,35.0241584777832,26917000
2014-07-02,41.72999954223633,41.900001525878906,41.529998779296875,41.900001525878906,35.04926681518555,20208100
2014-07-03,41.90999984741211,41.9900016784668,41.560001373291016,41.79999923706055,34.96561813354492,15969300
2014-07-07,41.75,42.119998931884766,41.709999084472656,41.9900016784668,35.12453079223633,21952400
2014-07-08,41.869998931884766,42.0,41.61000061035156,41.779998779296875,34.948875427246094,31218200
2014-07-09,41.97999954223633,41.9900016784668,41.529998779296875,41.66999816894531,34.85685348510742,18445900
2014-07-10,41.369998931884766,42.0,41.04999923706055,41.689998626708984,34.87358856201172,21854700
2014-07-11,41.70000076293945,42.09000015258789,41.47999954223633,42.09000015258789,35.20818328857422,24083000
2014-07-14,42.220001220703125,42.45000076293945,42.040000915527344,42.13999938964844,35.25001525878906,21881100
2014-07-15,42.33000183105469,42.470001220703125,42.029998779296875,42.45000076293945,35.50933074951172,28748700
2014-07-16,42.5099983215332,44.310001373291016,42.47999954223633,44.08000183105469,36.87281799316406,63318000
2014-07-17,45.45000076293945,45.709999084472656,44.25,44.529998779296875,37.24924850463867,82180300
2014-07-18,44.650001525878906,44.84000015258789,44.25,44.689998626708984,37.38307571411133,43407500
2014-07-21,44.560001373291016,45.15999984741211,44.220001220703125,44.84000015258789,37.508548736572266,37604400
2014-07-22,45.0,45.150001525878906,44.59000015258789,44.83000183105469,37.50019454956055,43095800
2014-07-23,45.45000076293945,45.45000076293945,44.619998931884766,44.869998931884766,37.53364944458008,52362900
2014-07-24,44.93000030517578,45.0,44.31999969482422,44.400001525878906,37.14049530029297,30725300
2014-07-25,44.29999923706055,44.65999984741211,44.29999923706055,44.5,37.22414779663086,26737700
2014-07-28,44.36000061035156,44.5099983215332,43.93000030517578,43.970001220703125,36.78081130981445,29684200
2014-07-29,43.90999984741211,44.09000015258789,43.63999938964844,43.88999938964844,36.7138786315918,27763100
2014-07-30,44.06999969482422,44.099998474121094,43.290000915527344,43.58000183105469,36.454566955566406,31921400
2014-07-31,43.380001068115234,43.689998626708984,43.08000183105469,43.15999984741211,36.10323715209961,31537500
2014-08-01,43.209999084472656,43.25,42.599998474121094,42.86000061035156,35.852294921875,31170300
2014-08-04,42.970001220703125,43.470001220703125,42.810001373291016,43.369998931884766,36.27890396118164,34277400
2014-08-05,43.310001373291016,43.459999084472656,42.83000183105469,43.08000183105469,36.036312103271484,26266400
2014-08-06,42.7400016784668,43.16999816894531,42.209999084472656,42.7400016784668,35.75191879272461,24634000
2014-08-07,42.84000015258789,43.45000076293945,42.650001525878906,43.22999954223633,36.16181182861328,30314900
2014-08-08,43.22999954223633,43.31999969482422,42.90999984741211,43.20000076293945,36.13669204711914,28942700
2014-08-11,43.2599983215332,43.45000076293945,43.02000045776367,43.20000076293945,36.13669204711914,20351600
2014-08-12,43.040000915527344,43.59000015258789,43.0,43.52000045776367,36.40437698364258,21431100
2014-08-13,43.68000030517578,44.18000030517578,43.52000045776367,44.08000183105469,36.87281799316406,22889500
2014-08-14,44.08000183105469,44.41999816894531,44.0099983215332,44.27000045776367,37.03176498413086,19313200
2014-08-15,44.58000183105469,44.900001525878906,44.400001525878906,44.790000915527344,37.466739654541016,41611300
2014-08-18,44.939998626708984,45.11000061035156,44.68000030517578,45.11000061035156,37.73441696166992,26891100
2014-08-19,44.970001220703125,45.34000015258789,44.83000183105469,45.33000183105469,38.155277252197266,28139500
2014-08-20,45.34000015258789,45.400001525878906,44.900001525878906,44.95000076293945,37.835426330566406,24770500
2014-08-21,44.84000015258789,45.25,44.83000183105469,45.220001220703125,38.06267547607422,22285500
2014-08-22,45.349998474121094,45.470001220703125,45.06999969482422,45.150001525878906,38.00376892089844,18294500
2014-08-25,45.400001525878906,45.439998626708984,45.040000915527344,45.16999816894531,38.020591735839844,16910000
2014-08-26,45.310001373291016,45.400001525878906,44.939998626708984,45.0099983215332,37.88591766357422,14873100
2014-08-27,44.900001525878906,45.0,44.7599983215332,44.869998931884766,37.768070220947266,21287900
2014-08-28,44.75,44.97999954223633,44.61000061035156,44.880001068115234,37.7765007019043,17657600
2014-08-29,45.09000015258789,45.439998626708984,44.86000061035156,45.43000030517578,38.23944091796875,21607600
2014-09-02,45.43000030517578,45.459999084472656,44.849998474121094,45.09000015258789,37.95326232910156,22976800
2014-09-03,44.529998779296875,45.11000061035156,44.529998779296875,44.959999084472656,37.84383773803711,33684500
2014-09-04,44.7400016784668,45.27000045776367,44.720001220703125,45.2599983215332,38.096351623535156,26475500
2014-09-05,45.11000061035156,45.93000030517578,45.11000061035156,45.90999984741211,38.64347839355469,36939400
2014-09-08,46.02000045776367,46.79999923706055,45.9900016784668,46.470001220703125,39.11483383178711,45736700
2014-09-09,46.470001220703125,46.970001220703125,46.41999816894531,46.7599983215332,39.35894012451172,40302400
2014-09-10,46.81999969482422,46.939998626708984,46.279998779296875,46.84000015258789,39.42627716064453,27302400
2014-09-11,46.7400016784668,47.0,46.470001220703125,47.0,39.560935974121094,29216400
2014-09-12,46.90999984741211,47.02000045776367,46.599998474121094,46.70000076293945,39.30843734741211,38244700
2014-09-15,46.540000915527344,46.709999084472656,46.099998474121094,46.2400016784668,38.921234130859375,37667600
2014-09-16,46.38999938964844,46.849998474121094,46.290000915527344,46.7599983215332,39.35894012451172,27910600
2014-09-17,46.2599983215332,46.689998626708984,46.22999954223633,46.52000045776367,39.15692138671875,38311900
2014-09-18,46.59000015258789,46.83000183105469,46.459999084472656,46.68000030517578,39.291595458984375,35556600
2014-09-19,46.810001373291016,47.56999969482422,46.599998474121094,47.52000045776367,39.99863815307617,202522400
2014-09-22,47.29999923706055,47.380001068115234,46.97999954223633,47.060001373291016,39.61144256591797,38686100
2014-09-23,46.849998474121094,46.97999954223633,46.470001220703125,46.560001373291016,39.19059753417969,33430300
2014-09-24,46.630001068115234,47.11000061035156,46.34000015258789,47.08000183105469,39.628299713134766,26582700
2014-09-25,46.880001068115234,47.09000015258789,46.029998779296875,46.040000915527344,38.75288772583008,33077400
2014-09-26,45.93000030517578,46.619998931884766,45.7599983215332,46.40999984741211,39.064334869384766,27078800
2014-09-29,45.97999954223633,46.560001373291016,45.7599983215332,46.439998626708984,39.089576721191406,26091000
2014-09-30,46.369998931884766,46.47999954223633,46.0099983215332,46.36000061035156,39.02224349975586,33033100
2014-10-01,46.27000045776367,46.529998779296875,45.849998474121094,45.900001525878906,38.63505172729492,38088400
2014-10-02,45.83000183105469,46.099998474121094,45.63999938964844,45.7599983215332,38.517208099365234,25119400
2014-10-03,45.97999954223633,46.29999923706055,45.61000061035156,46.09000015258789,38.79497146606445,32453200
2014-10-06,46.119998931884766,46.29999923706055,45.91999816894531,46.09000015258789,38.79497146606445,20604000
2014-10-07,45.86000061035156,45.93000030517578,45.41999816894531,45.529998779296875,38.32362747192383,25723700
2014-10-08,45.47999954223633,46.88999938964844,45.34000015258789,46.779998779296875,39.375770568847656,33031000
2014-10-09,46.5,46.79999923706055,45.7400016784668,45.849998474121094,38.59296798706055,34422800
2014-10-10,45.599998474121094,46.119998931884766,43.95000076293945,44.029998779296875,37.06104278564453,51978100
2014-10-13,43.81999969482422,44.560001373291016,43.4900016784668,43.650001525878906,36.74116897583008,37100200
2014-10-14,43.869998931884766,44.380001068115234,43.560001373291016,43.72999954223633,36.808509826660156,38115700
2014-10-15,43.0,43.38999938964844,42.099998474121094,43.220001220703125,36.37923812866211,60218700
2014-10-16,42.529998779296875,43.08000183105469,42.220001220703125,42.7400016784668,35.9752197265625,49040400
2014-10-17,43.20000076293945,43.939998626708984,42.790000915527344,43.630001068115234,36.72434616088867,40683300
2014-10-20,43.060001373291016,44.13999938964844,42.810001373291016,44.08000183105469,37.10312271118164,34527900
2014-10-21,44.36000061035156,44.97999954223633,44.189998626708984,44.880001068115234,37.7765007019043,36433800
2014-10-22,45.0,45.06999969482422,44.22999954223633,44.380001068115234,37.355621337890625,33570900
2014-10-23,44.619998931884766,45.45000076293945,44.529998779296875,45.02000045776367,37.89433670043945,45451900
2014-10-24,46.83000183105469,46.900001525878906,45.18000030517578,46.130001068115234,38.82864761352539,61076700
2014-10-27,45.709999084472656,46.099998474121094,45.709999084472656,45.90999984741211,38.64347839355469,30371300
2014-10-28,45.86000061035156,46.5,45.77000045776367,46.4900016784668,39.131675720214844,29049800
2014-10-29,46.439998626708984,46.70000076293945,46.34000015258789,46.619998931884766,39.241085052490234,30276100
2014-10-30,46.31999969482422,46.31999969482422,45.77000045776367,46.04999923706055,38.76131820678711,30073900
2014-10-31,46.939998626708984,46.970001220703125,46.47999954223633,46.95000076293945,39.51885986328125,35849700
2014-11-03,46.88999938964844,47.459999084472656,46.72999954223633,47.439998626708984,39.93130111694336,23130400
2014-11-04,47.29999923706055,47.72999954223633,47.25,47.56999969482422,40.040740966796875,21530800
2014-11-05,47.79999923706055,47.900001525878906,47.2599983215332,47.86000061035156,40.284820556640625,22449600
2014-11-06,47.86000061035156,48.86000061035156,47.790000915527344,48.70000076293945,40.99187469482422,33037800
2014-11-07,48.91999816894531,48.91999816894531,48.290000915527344,48.68000030517578,40.975032806396484,28000600
2014-11-10,48.650001525878906,49.150001525878906,48.54999923706055,48.88999938964844,41.15180587768555,36370100
2014-11-11,48.849998474121094,48.95000076293945,48.650001525878906,48.869998931884766,41.13496780395508,23445200
2014-11-12,48.560001373291016,48.91999816894531,48.52000045776367,48.779998779296875,41.059200286865234,22722100
2014-11-13,48.810001373291016,49.650001525878906,48.709999084472656,49.61000061035156,41.75784683227539,26210400
2014-11-14,49.7400016784668,50.04999923706055,49.38999938964844,49.58000183105469,41.73259353637695,29081700
2014-11-17,49.40999984741211,49.709999084472656,49.13999938964844,49.459999084472656,41.6315803527832,30318600
2014-11-18,49.130001068115234,49.33000183105469,48.70000076293945,48.7400016784668,41.28430938720703,23995500
2014-11-19,48.65999984741211,48.75,47.93000030517578,48.220001220703125,40.84383773803711,26177500
2014-11-20,48.0,48.70000076293945,47.869998931884766,48.70000076293945,41.25041198730469,21510600
2014-11-21,49.02000045776367,49.04999923706055,47.56999969482422,47.97999954223633,40.64055252075195,42884800
2014-11-24,47.9900016784668,48.0,47.38999938964844,47.59000015258789,40.310218811035156,35434200
2014-11-25,47.65999984741211,47.970001220703125,47.45000076293945,47.470001220703125,40.208580017089844,28008000
2014-11-26,47.4900016784668,47.9900016784668,47.279998779296875,47.75,40.44574737548828,27163600
2014-11-28,47.95000076293945,48.20000076293945,47.61000061035156,47.810001373291016,40.496559143066406,21534400
2014-12-01,47.880001068115234,48.779998779296875,47.709999084472656,48.619998931884766,41.18265914916992,31191600
2014-12-02,48.84000015258789,49.04999923706055,48.20000076293945,48.459999084472656,41.047122955322266,25773500
2014-12-03,48.439998626708984,48.5,47.810001373291016,48.08000183105469,40.725250244140625,23534800
2014-12-04,48.38999938964844,49.060001373291016,48.20000076293945,48.84000015258789,41.369014739990234,30320400
2014-12-05,48.81999969482422,48.970001220703125,48.380001068115234,48.41999816894531,41.01326370239258,27313400
2014-12-08,48.2599983215332,48.349998474121094,47.45000076293945,47.70000076293945,40.40338897705078,26663100
2014-12-09,47.11000061035156,47.91999816894531,47.04999923706055,47.59000015258789,40.310218811035156,24330500
2014-12-10,47.58000183105469,47.65999984741211,46.70000076293945,46.900001525878906,39.72575759887695,30431800
2014-12-11,47.08000183105469,47.7400016784668,46.68000030517578,47.16999816894531,39.95447540283203,29060400
2014-12-12,46.779998779296875,47.72999954223633,46.66999816894531,46.95000076293945,39.76811981201172,34248400
2014-12-15,47.20000076293945,47.66999816894531,46.54999923706055,46.66999816894531,39.53093719482422,29247800
2014-12-16,45.900001525878906,46.34000015258789,45.130001068115234,45.15999984741211,38.25192642211914,47801400
2014-12-17,45.04999923706055,45.95000076293945,44.900001525878906,45.7400016784668,38.743202209472656,34970900
2014-12-18,46.58000183105469,47.52000045776367,46.34000015258789,47.52000045776367,40.25093078613281,40105600
2014-12-19,47.630001068115234,48.099998474121094,47.16999816894531,47.65999984741211,40.369503021240234,64551200
2014-12-22,47.779998779296875,48.119998931884766,47.709999084472656,47.97999954223633,40.64055252075195,26566000
2014-12-23,48.369998931884766,48.79999923706055,48.130001068115234,48.45000076293945,41.03866958618164,23648100
2014-12-24,48.63999938964844,48.63999938964844,48.08000183105469,48.13999938964844,40.77607345581055,11437800
2014-12-26,48.40999984741211,48.40999984741211,47.81999969482422,47.880001068115234,40.55584716796875,13197800
2014-12-29,47.70000076293945,47.779998779296875,47.2599983215332,47.45000076293945,40.1916389465332,14439500
2014-12-30,47.439998626708984,47.619998931884766,46.84000015258789,47.02000045776367,39.82741165161133,16384700
2014-12-31,46.72999954223633,47.439998626708984,46.45000076293945,46.45000076293945,39.3446044921875,21552500
2015-01-02,46.65999984741211,47.41999816894531,46.540000915527344,46.7599983215332,39.6071891784668,27913900
2015-01-05,46.369998931884766,46.72999954223633,46.25,46.33000183105469,39.24296188354492,39673900
2015-01-06,46.380001068115234,46.75,45.540000915527344,45.650001525878906,38.6669807434082,36447900
2015-01-07,45.97999954223633,46.459999084472656,45.4900016784668,46.22999954223633,39.15827178955078,29114100
2015-01-08,46.75,47.75,46.720001220703125,47.59000015258789,40.310218811035156,29645200
2015-01-09,47.61000061035156,47.81999969482422,46.900001525878906,47.189998626708984,39.971397399902344,23944200
2015-01-12,47.41999816894531,47.540000915527344,46.36000061035156,46.599998474121094,39.47165298461914,23651900
2015-01-13,46.970001220703125,47.90999984741211,46.060001373291016,46.36000061035156,39.26836013793945,35270600
2015-01-14,45.959999084472656,46.2400016784668,45.619998931884766,45.959999084472656,38.92955780029297,29719600
2015-01-15,46.220001220703125,46.380001068115234,45.40999984741211,45.47999954223633,38.52297592163086,32750800
2015-01-16,45.310001373291016,46.279998779296875,45.16999816894531,46.2400016784668,39.16673278808594,35695300
2015-01-20,46.29999923706055,46.650001525878906,45.56999969482422,46.38999938964844,39.29377365112305,36161900
2015-01-21,45.939998626708984,46.13999938964844,45.47999954223633,45.91999816894531,38.89568328857422,39081100
2015-01-22,46.380001068115234,47.13999938964844,46.08000183105469,47.130001068115234,39.92059326171875,35898000
2015-01-23,47.36000061035156,47.38999938964844,46.79999923706055,47.18000030517578,39.96294021606445,26211600
2015-01-26,47.0,47.130001068115234,46.2400016784668,47.0099983215332,39.818939208984375,42525500
2015-01-27,42.95000076293945,43.20000076293945,42.11000061035156,42.65999984741211,36.13435745239258,169164000
2015-01-28,42.7400016784668,42.790000915527344,41.15999984741211,41.189998626708984,34.88920974731445,84507100
2015-01-29,40.93000030517578,42.119998931884766,40.790000915527344,42.0099983215332,35.583778381347656,63585300
2015-01-30,41.54999923706055,41.58000183105469,40.349998474121094,40.400001525878906,34.22007369995117,78004900
2015-02-02,40.59000015258789,41.369998931884766,40.22999954223633,41.279998779296875,34.9654541015625,50352500
2015-02-03,41.630001068115234,41.93000030517578,41.04999923706055,41.599998474121094,35.23648452758789,52082400
2015-02-04,41.939998626708984,42.209999084472656,41.36000061035156,41.84000015258789,35.43977355957031,41614800
2015-02-05,42.220001220703125,42.63999938964844,41.86000061035156,42.45000076293945,35.95647430419922,36548200
2015-02-06,42.68000030517578,42.790000915527344,42.150001525878906,42.40999984741211,35.922584533691406,34616600
2015-02-09,42.2400016784668,42.7400016784668,42.209999084472656,42.36000061035156,35.8802490234375,31381100
2015-02-10,42.7400016784668,42.77000045776367,42.18000030517578,42.599998474121094,36.083534240722656,29670700
2015-02-11,42.650001525878906,42.650001525878906,42.209999084472656,42.380001068115234,35.897193908691406,38262500
2015-02-12,42.65999984741211,43.09000015258789,42.5099983215332,43.09000015258789,36.498558044433594,33268800
2015-02-13,43.380001068115234,43.869998931884766,43.150001525878906,43.869998931884766,37.15925216674805,40264900
2015-02-17,43.970001220703125,44.0,43.189998626708984,43.58000183105469,37.17632293701172,33695700
2015-02-18,43.630001068115234,43.70000076293945,43.38999938964844,43.529998779296875,37.133663177490234,27111700
2015-02-19,43.18000030517578,43.529998779296875,43.04999923706055,43.5,37.108089447021484,27603400
2015-02-20,43.5099983215332,43.880001068115234,43.290000915527344,43.86000061035156,37.4151725769043,29721100
2015-02-23,43.70000076293945,44.189998626708984,43.650001525878906,44.150001525878906,37.662574768066406,32518800
2015-02-24,44.150001525878906,44.29999923706055,43.91999816894531,44.09000015258789,37.61137771606445,25271700
2015-02-25,43.95000076293945,44.09000015258789,43.79999923706055,43.9900016784668,37.526092529296875,29759800
2015-02-26,43.9900016784668,44.22999954223633,43.88999938964844,44.060001373291016,37.58578872680664,28957300
2015-02-27,44.130001068115234,44.20000076293945,43.65999984741211,43.849998474121094,37.406646728515625,33807700
2015-03-02,43.66999816894531,44.189998626708984,43.54999923706055,43.880001068115234,37.43223571777344,31924000
2015-03-03,43.560001373291016,43.83000183105469,43.09000015258789,43.279998779296875,36.920406341552734,31748600
2015-03-04,43.0099983215332,43.209999084472656,42.880001068115234,43.060001373291016,36.732723236083984,25748700
2015-03-05,43.06999969482422,43.2400016784668,42.81999969482422,43.11000061035156,36.77538299560547,23193500
2015-03-06,43.0,43.11000061035156,42.150001525878906,42.36000061035156,36.13557815551758,36248800
2015-03-09,42.189998626708984,43.130001068115234,42.189998626708984,42.849998474121094,36.55359649658203,32108000
2015-03-10,42.349998474121094,42.709999084472656,42.029998779296875,42.029998779296875,35.85408020019531,39159700
2015-03-11,42.310001373291016,42.369998931884766,41.84000015258789,41.97999954223633,35.81141662597656,32215300
2015-03-12,41.33000183105469,41.650001525878906,40.86000061035156,41.02000045776367,34.99248504638672,59992500
2015-03-13,40.70000076293945,41.470001220703125,40.61000061035156,41.380001068115234,35.299591064453125,58007700
2015-03-16,41.470001220703125,41.63999938964844,41.279998779296875,41.560001373291016,35.4531364440918,35273500
2015-03-17,41.369998931884766,41.83000183105469,41.150001525878906,41.70000076293945,35.57255935668945,31673400
2015-03-18,41.43000030517578,42.83000183105469,41.33000183105469,42.5,36.25501251220703,44194800
2015-03-19,42.2599983215332,42.59000015258789,42.220001220703125,42.290000915527344,36.075862884521484,33879100
2015-03-20,42.560001373291016,42.97999954223633,42.4900016784668,42.880001068115234,36.57917785644531,71904500
2015-03-23,42.880001068115234,43.130001068115234,42.779998779296875,42.86000061035156,36.5621223449707,26246100
2015-03-24,42.779998779296875,43.16999816894531,42.75,42.900001525878906,36.59624481201172,25513300
2015-03-25,42.91999816894531,42.93000030517578,41.439998626708984,41.459999084472656,35.36783981323242,43469900
2015-03-26,41.220001220703125,41.61000061035156,40.91999816894531,41.209999084472656,35.15456771850586,37495600
2015-03-27,41.119998931884766,41.43000030517578,40.83000183105469,40.970001220703125,34.949825286865234,34401400
2015-03-30,41.099998474121094,41.540000915527344,40.90999984741211,40.959999084472656,34.94130325317383,35049700
2015-03-31,40.779998779296875,41.029998779296875,40.540000915527344,40.65999984741211,34.68539047241211,34887200
2015-04-01,40.599998474121094,40.7599983215332,40.310001373291016,40.720001220703125,34.73655700683594,36865300
2015-04-02,40.65999984741211,40.7400016784668,40.119998931884766,40.290000915527344,34.36975860595703,37487500
2015-04-06,40.34000015258789,41.779998779296875,40.18000030517578,41.54999923706055,35.444618225097656,39223700
2015-04-07,41.61000061035156,41.90999984741211,41.310001373291016,41.529998779296875,35.427555084228516,28809400
2015-04-08,41.459999084472656,41.689998626708984,41.040000915527344,41.41999816894531,35.33370590209961,24753400
2015-04-09,41.25,41.619998931884766,41.25,41.47999954223633,35.384910583496094,25723900
2015-04-10,41.630001068115234,41.95000076293945,41.40999984741211,41.720001220703125,35.58964157104492,28022000
2015-04-13,41.400001525878906,42.060001373291016,41.38999938964844,41.7599983215332,35.623756408691406,30276700
2015-04-14,41.79999923706055,42.029998779296875,41.38999938964844,41.650001525878906,35.52991485595703,24244400
2015-04-15,41.7599983215332,42.459999084472656,41.68000030517578,42.2599983215332,36.05027770996094,27343600
2015-04-16,41.95000076293945,42.34000015258789,41.81999969482422,42.15999984741211,35.9649658203125,22509700
2015-04-17,41.66999816894531,41.7400016784668,41.15999984741211,41.619998931884766,35.504329681396484,42387600
2015-04-20,41.72999954223633,43.16999816894531,41.68000030517578,42.90999984741211,36.60477066040039,46057700
2015-04-21,43.0,43.150001525878906,42.529998779296875,42.63999938964844,36.37445068359375,26013800
2015-04-22,42.66999816894531,43.130001068115234,42.54999923706055,42.9900016784668,36.67301940917969,25064300
2015-04-23,42.88999938964844,43.61000061035156,42.79999923706055,43.34000015258789,36.97158432006836,46309500
2015-04-24,45.65999984741211,48.13999938964844,45.650001525878906,47.869998931884766,40.8359260559082,130933700
2015-04-27,47.22999954223633,48.130001068115234,47.220001220703125,48.029998779296875,40.972442626953125,59248200
2015-04-28,47.779998779296875,49.209999084472656,47.70000076293945,49.15999984741211,41.93638610839844,60730800
2015-04-29,48.720001220703125,49.310001373291016,48.5,49.060001373291016,41.8510856628418,47804600
2015-04-30,48.70000076293945,49.540000915527344,48.599998474121094,48.63999938964844,41.492801666259766,64725500
2015-05-01,48.58000183105469,48.880001068115234,48.400001525878906,48.65999984741211,41.509864807128906,38937300
2015-05-04,48.369998931884766,48.869998931884766,48.18000030517578,48.2400016784668,41.151580810546875,34039500
2015-05-05,47.81999969482422,48.15999984741211,47.310001373291016,47.599998474121094,40.60561752319336,50369200
2015-05-06,47.56999969482422,47.77000045776367,46.02000045776367,46.279998779296875,39.47957992553711,52433000
2015-05-07,46.27000045776367,47.09000015258789,46.15999984741211,46.70000076293945,39.83785629272461,32971700
2015-05-08,47.54999923706055,47.97999954223633,47.52000045776367,47.75,40.73357391357422,35364900
2015-05-11,47.54999923706055,47.90999984741211,47.369998931884766,47.369998931884766,40.409427642822266,24609400
2015-05-12,46.849998474121094,47.68000030517578,46.41999816894531,47.349998474121094,40.39236068725586,29928300
2015-05-13,48.189998626708984,48.31999969482422,47.56999969482422,47.630001068115234,40.6312141418457,34184600
2015-05-14,48.029998779296875,48.81999969482422,48.029998779296875,48.720001220703125,41.56103515625,32980900
2015-05-15,48.869998931884766,48.90999984741211,48.04999923706055,48.29999923706055,41.202762603759766,28642700
2015-05-18,47.97999954223633,48.220001220703125,47.61000061035156,48.0099983215332,40.955360412597656,24136500
2015-05-19,47.560001373291016,47.810001373291016,47.18000030517578,47.58000183105469,40.85234069824219,28574800
2015-05-20,47.38999938964844,47.93000030517578,47.27000045776367,47.58000183105469,40.85234069824219,25047900
2015-05-21,47.279998779296875,47.599998474121094,47.0099983215332,47.41999816894531,40.714962005615234,22410700
2015-05-22,47.29999923706055,47.349998474121094,46.81999969482422,46.900001525878906,40.26849365234375,25720600
2015-05-26,46.83000183105469,46.880001068115234,46.189998626708984,46.59000015258789,40.0023193359375,29581900
2015-05-27,46.81999969482422,47.77000045776367,46.619998931884766,47.61000061035156,40.87810516357422,27335600
2015-05-28,47.5,48.02000045776367,47.38999938964844,47.45000076293945,40.740726470947266,19283700
2015-05-29,47.43000030517578,47.56999969482422,46.59000015258789,46.86000061035156,40.2341423034668,36519600
2015-06-01,47.060001373291016,47.77000045776367,46.619998931884766,47.22999954223633,40.551822662353516,28837300
2015-06-02,46.93000030517578,47.349998474121094,46.619998931884766,46.91999816894531,40.285667419433594,21498300
2015-06-03,47.369998931884766,47.7400016784668,46.81999969482422,46.849998474121094,40.225547790527344,28002200
2015-06-04,46.790000915527344,47.15999984741211,46.20000076293945,46.36000061035156,39.804832458496094,27745500
2015-06-05,46.310001373291016,46.52000045776367,45.84000015258789,46.13999938964844,39.61594772338867,25438100
2015-06-08,46.29999923706055,46.43000030517578,45.66999816894531,45.72999954223633,39.26392364501953,22121600
2015-06-09,45.7599983215332,45.939998626708984,45.459999084472656,45.650001525878906,39.19523620605469,24406100
2015-06-10,45.790000915527344,46.83000183105469,45.689998626708984,46.61000061035156,40.019493103027344,28417400
2015-06-11,46.65999984741211,46.91999816894531,46.130001068115234,46.439998626708984,39.87352752685547,27347800
2015-06-12,46.220001220703125,46.470001220703125,45.900001525878906,45.970001220703125,39.469993591308594,23931000
2015-06-15,45.45000076293945,45.650001525878906,45.02000045776367,45.47999954223633,39.04926681518555,33254500
2015-06-16,45.349998474121094,46.2400016784668,45.29999923706055,45.83000183105469,39.34978485107422,27070300
2015-06-17,45.72999954223633,46.06999969482422,45.36000061035156,45.970001220703125,39.469993591308594,28704100
2015-06-18,46.220001220703125,46.79999923706055,46.16999816894531,46.720001220703125,40.11395263671875,32658300
2015-06-19,46.790000915527344,46.83000183105469,45.9900016784668,46.099998474121094,39.581600189208984,63837000
2015-06-22,46.33000183105469,46.720001220703125,46.15999984741211,46.22999954223633,39.69321823120117,20318100
2015-06-23,46.130001068115234,46.279998779296875,45.619998931884766,45.90999984741211,39.4184684753418,25896500
2015-06-24,45.66999816894531,46.25,45.54999923706055,45.63999938964844,39.1866455078125,34890900
2015-06-25,46.029998779296875,46.060001373291016,45.5,45.650001525878906,39.19523620605469,20616000
2015-06-26,45.650001525878906,46.279998779296875,45.029998779296875,45.2599983215332,38.86037826538086,49835300
2015-06-29,45.040000915527344,45.22999954223633,44.36000061035156,44.369998931884766,38.09621047973633,34081700
2015-06-30,44.709999084472656,44.720001220703125,43.939998626708984,44.150001525878906,37.90734100341797,35945400
2015-07-01,44.459999084472656,45.22999954223633,44.099998474121094,44.45000076293945,38.16490936279297,28343900
2015-07-02,44.47999954223633,44.75,44.060001373291016,44.400001525878906,38.121986389160156,21752000
2015-07-06,43.959999084472656,44.47999954223633,43.95000076293945,44.38999938964844,38.113380432128906,23034000
2015-07-07,44.34000015258789,44.4900016784668,43.31999969482422,44.29999923706055,38.0361213684082,36435800
2015-07-08,44.439998626708984,44.900001525878906,44.029998779296875,44.2400016784668,37.984615325927734,39785900
2015-07-09,44.75,45.220001220703125,44.5,44.52000045776367,38.22501754760742,32424700
2015-07-10,45.0099983215332,45.13999938964844,44.56999969482422,44.61000061035156,38.30229568481445,25465800
2015-07-13,44.97999954223633,45.619998931884766,44.95000076293945,45.540000915527344,39.10080337524414,28178300
2015-07-14,45.45000076293945,45.959999084472656,45.310001373291016,45.619998931884766,39.16947555541992,22880300
2015-07-15,45.68000030517578,45.88999938964844,45.43000030517578,45.7599983215332,39.289676666259766,26629600
2015-07-16,46.0099983215332,46.689998626708984,45.970001220703125,46.65999984741211,40.06242370605469,26271700
2015-07-17,46.54999923706055,46.779998779296875,46.2599983215332,46.619998931884766,40.028076171875,29467100
2015-07-20,46.650001525878906,47.130001068115234,46.439998626708984,46.91999816894531,40.285667419433594,30631900
2015-07-21,46.779998779296875,47.33000183105469,46.47999954223633,47.279998779296875,40.594764709472656,42781900
2015-07-22,45.439998626708984,46.93000030517578,45.20000076293945,45.540000915527344,39.10080337524414,59152400
2015-07-23,45.27000045776367,46.22999954223633,45.099998474121094,46.11000061035156,39.590179443359375,33934000
2015-07-24,45.90999984741211,46.31999969482422,45.79999923706055,45.939998626708984,39.4442253112793,32333200
2015-07-27,45.939998626708984,46.0099983215332,45.25,45.349998474121094,38.937660217285156,39701400
2015-07-28,45.58000183105469,45.63999938964844,44.790000915527344,45.34000015258789,38.929080963134766,34328900
2015-07-29,45.400001525878906,46.779998779296875,45.2599983215332,46.290000915527344,39.74474334716797,40945900
2015-07-30,46.2599983215332,47.400001525878906,45.93000030517578,46.880001068115234,40.25131607055664,39777900
2015-07-31,47.290000915527344,47.369998931884766,46.5,46.70000076293945,40.096763610839844,31201500
2015-08-03,46.97999954223633,47.0,46.45000076293945,46.810001373291016,40.19121170043945,24125900
2015-08-04,46.75,47.709999084472656,46.68000030517578,47.540000915527344,40.8179931640625,33403900
2015-08-05,47.97999954223633,48.40999984741211,47.540000915527344,47.58000183105469,40.85234069824219,26959700
2015-08-06,47.709999084472656,47.77000045776367,46.33000183105469,46.619998931884766,40.028076171875,27368000
2015-08-07,46.38999938964844,46.779998779296875,46.2599983215332,46.7400016784668,40.131126403808594,19163000
2015-08-10,46.95000076293945,47.4900016784668,46.84000015258789,47.33000183105469,40.63768768310547,23079900
2015-08-11,46.81999969482422,46.939998626708984,45.900001525878906,46.40999984741211,39.847774505615234,29237400
2015-08-12,46.189998626708984,46.900001525878906,45.709999084472656,46.7400016784668,40.131126403808594,30181400
2015-08-13,47.060001373291016,47.099998474121094,46.4900016784668,46.72999954223633,40.12252426147461,22627200
2015-08-14,46.529998779296875,47.099998474121094,46.52000045776367,47.0,40.35435485839844,21473400
2015-08-17,46.810001373291016,47.45000076293945,46.56999969482422,47.31999969482422,40.62910461425781,21099700
2015-08-18,46.84000015258789,47.43000030517578,46.70000076293945,47.27000045776367,40.853816986083984,23574100
2015-08-19,46.779998779296875,47.08000183105469,46.29999923706055,46.61000061035156,40.28339385986328,31485500
2015-08-20,46.06999969482422,46.470001220703125,45.65999984741211,45.65999984741211,39.46234130859375,36238200
2015-08-21,45.29999923706055,45.47999954223633,43.06999969482422,43.06999969482422,37.22389221191406,70053100
2015-08-24,40.45000076293945,42.689998626708984,39.720001220703125,41.68000030517578,36.02256774902344,88753700
2015-08-25,42.56999969482422,43.2400016784668,40.38999938964844,40.470001220703125,34.976806640625,70616600
2015-08-26,42.0099983215332,42.84000015258789,41.060001373291016,42.709999084472656,36.91276168823242,63408000
2015-08-27,43.22999954223633,43.95000076293945,42.93000030517578,43.900001525878906,37.94124984741211,50943200
2015-08-28,43.400001525878906,44.150001525878906,43.38999938964844,43.93000030517578,37.9671745300293,28246700
2015-08-31,43.560001373291016,43.93000030517578,43.099998474121094,43.52000045776367,37.61281967163086,34441700
2015-09-01,42.16999816894531,42.59000015258789,41.65999984741211,41.81999969482422,36.1435546875,49688900
2015-09-02,42.36000061035156,43.380001068115234,41.880001068115234,43.36000061035156,37.47454071044922,37671500
2015-09-03,43.40999984741211,43.97999954223633,43.279998779296875,43.5,37.59553146362305,28285200
2015-09-04,42.810001373291016,43.040000915527344,42.20000076293945,42.61000061035156,36.82634735107422,37138800
2015-09-08,43.29999923706055,44.0,43.20000076293945,43.88999938964844,37.932579040527344,32469800
2015-09-09,44.209999084472656,44.400001525878906,42.90999984741211,43.06999969482422,37.22389221191406,33469500
2015-09-10,43.119998931884766,43.790000915527344,42.75,43.290000915527344,37.414039611816406,31366600
2015-09-11,43.13999938964844,43.59000015258789,42.939998626708984,43.47999954223633,37.578243255615234,27132500
2015-09-14,43.43000030517578,43.439998626708984,42.86000061035156,43.040000915527344,37.19797134399414,23656000
2015-09-15,43.189998626708984,44.290000915527344,43.08000183105469,43.97999954223633,38.010372161865234,28882200
2015-09-16,43.970001220703125,44.380001068115234,43.84000015258789,44.29999923706055,38.28694534301758,23372200
2015-09-17,44.290000915527344,45.0,44.08000183105469,44.25,38.24374008178711,32768200
2015-09-18,43.5,43.9900016784668,43.33000183105469,43.47999954223633,37.578243255615234,63143700
2015-09-21,43.619998931884766,44.470001220703125,43.599998474121094,44.11000061035156,38.12273406982422,26177200
2015-09-22,43.380001068115234,44.04999923706055,43.310001373291016,43.900001525878906,37.94124984741211,28085900
2015-09-23,43.93000030517578,44.16999816894531,43.5099983215332,43.869998931884766,37.91530227661133,17145200
2015-09-24,43.45000076293945,44.130001068115234,43.27000045776367,43.90999984741211,37.94987869262695,27905600
2015-09-25,44.47999954223633,44.72999954223633,43.7599983215332,43.939998626708984,37.97581100463867,29384600
2015-09-28,43.83000183105469,44.09000015258789,43.209999084472656,43.290000915527344,37.414039611816406,27613800
2015-09-29,43.369998931884766,43.56999969482422,43.04999923706055,43.439998626708984,37.54368591308594,32763600
2015-09-30,43.880001068115234,44.29999923706055,43.65999984741211,44.2599983215332,38.25237274169922,34958900
2015-10-01,44.75,44.75,43.75,44.61000061035156,38.55488204956055,28657900
2015-10-02,44.27000045776367,45.56999969482422,43.91999816894531,45.56999969482422,39.38456344604492,41839000
2015-10-05,45.75,46.88999938964844,45.70000076293945,46.630001068115234,40.300682067871094,34369300
2015-10-06,46.33000183105469,47.18000030517578,46.220001220703125,46.75,40.40439987182617,27017200
2015-10-07,47.099998474121094,47.349998474121094,45.95000076293945,46.79999923706055,40.44760513305664,27711500
2015-10-08,46.560001373291016,47.52000045776367,46.5,47.45000076293945,41.0093879699707,33772700
2015-10-09,47.45000076293945,47.540000915527344,46.91999816894531,47.11000061035156,40.71553039550781,28600600
2015-10-12,46.97999954223633,47.06999969482422,46.5,47.0,40.62045669555664,19769100
2015-10-13,46.560001373291016,47.130001068115234,46.560001373291016,46.88999938964844,40.52538299560547,19987800
2015-10-14,46.650001525878906,47.099998474121094,46.529998779296875,46.68000030517578,40.3438835144043,24697800
2015-10-15,47.0099983215332,47.029998779296875,46.529998779296875,47.0099983215332,40.62910461425781,27189400
2015-10-16,47.02000045776367,47.540000915527344,46.900001525878906,47.5099983215332,41.06123733520508,26450300
2015-10-19,47.41999816894531,47.880001068115234,47.02000045776367,47.619998931884766,41.15631866455078,29387600
2015-10-20,47.439998626708984,47.810001373291016,47.02000045776367,47.77000045776367,41.28594970703125,30802200
2015-10-21,47.91999816894531,47.9900016784668,47.11000061035156,47.20000076293945,40.79331588745117,25144300
2015-10-22,47.529998779296875,48.95000076293945,47.09000015258789,48.029998779296875,41.51064682006836,56637100
2015-10-23,52.29999923706055,54.06999969482422,52.25,52.869998931884766,45.69369888305664,135227100
2015-10-26,52.529998779296875,54.31999969482422,52.5,54.25,46.88637924194336,64633300
2015-10-27,53.9900016784668,54.369998931884766,53.58000183105469,53.689998626708984,46.40239715576172,50999900
2015-10-28,53.540000915527344,53.97999954223633,52.86000061035156,53.97999954223633,46.653038024902344,47000800
2015-10-29,53.540000915527344,53.83000183105469,53.220001220703125,53.36000061035156,46.117191314697266,30202100
2015-10-30,53.31999969482422,53.9900016784668,52.619998931884766,52.63999938964844,45.49491882324219,46619800
2015-11-02,52.849998474121094,53.36000061035156,52.619998931884766,53.2400016784668,46.01346969604492,30285000
2015-11-03,52.93000030517578,54.38999938964844,52.900001525878906,54.150001525878906,46.79995346069336,36596900
2015-11-04,54.18000030517578,54.880001068115234,54.060001373291016,54.400001525878906,47.01601028442383,37087800
2015-11-05,54.4900016784668,54.70000076293945,54.0,54.380001068115234,46.99873352050781,31468500
2015-11-06,54.09000015258789,54.97999954223633,53.959999084472656,54.91999816894531,47.4654426574707,32851200
2015-11-09,54.54999923706055,54.869998931884766,53.560001373291016,54.15999984741211,46.80859375,32513100
2015-11-10,54.06999969482422,54.130001068115234,53.27000045776367,53.5099983215332,46.246829986572266,55283700
2015-11-11,53.70000076293945,54.20000076293945,53.459999084472656,53.650001525878906,46.367835998535156,36516300
2015-11-12,53.47999954223633,53.97999954223633,53.189998626708984,53.31999969482422,46.08262252807617,35361100
2015-11-13,53.06999969482422,53.290000915527344,52.529998779296875,52.84000015258789,45.66777038574219,36848200
2015-11-16,53.08000183105469,53.88999938964844,52.849998474121094,53.77000045776367,46.47152328491211,32165200
2015-11-17,53.16999816894531,53.529998779296875,52.849998474121094,52.970001220703125,46.08870315551758,31551300
2015-11-18,53.0,53.97999954223633,52.97999954223633,53.849998474121094,46.85437774658203,29710000
2015-11-19,53.9900016784668,54.65999984741211,53.779998779296875,53.939998626708984,46.93268966674805,28149200
2015-11-20,54.25,54.29999923706055,53.27000045776367,54.189998626708984,47.15020751953125,37147600
2015-11-23,54.25,54.459999084472656,53.75,54.189998626708984,47.15020751953125,28235900
2015-11-24,53.91999816894531,54.439998626708984,53.58000183105469,54.25,47.20240783691406,24600000
2015-11-25,54.09000015258789,54.22999954223633,53.689998626708984,53.689998626708984,46.71516799926758,21005100
2015-11-27,53.79999923706055,54.08000183105469,53.790000915527344,53.93000030517578,46.92399215698242,9009100
2015-11-30,54.540000915527344,54.959999084472656,54.0,54.349998474121094,47.289424896240234,56241400
2015-12-01,54.40999984741211,55.22999954223633,54.29999923706055,55.220001220703125,48.04641342163086,39952800
2015-12-02,55.31999969482422,55.959999084472656,55.060001373291016,55.209999084472656,48.03769302368164,47274900
2015-12-03,55.4900016784668,55.77000045776367,53.93000030517578,54.20000076293945,47.15889358520508,38627800
2015-12-04,54.119998931884766,56.22999954223633,54.099998474121094,55.90999984741211,48.64677047729492,43963700
2015-12-07,55.790000915527344,55.970001220703125,55.290000915527344,55.810001373291016,48.55975341796875,30709800
2015-12-08,55.470001220703125,56.099998474121094,54.9900016784668,55.790000915527344,48.54234313964844,32878000
2015-12-09,55.369998931884766,55.869998931884766,54.5099983215332,54.97999954223633,47.837581634521484,36373200
2015-12-10,55.38999938964844,55.65999984741211,55.0099983215332,55.27000045776367,48.08992004394531,31775800
2015-12-11,54.709999084472656,55.099998474121094,54.0099983215332,54.060001373291016,47.0370979309082,39549500
2015-12-14,54.33000183105469,55.209999084472656,53.68000030517578,55.13999938964844,47.97679138183594,46768900
2015-12-15,55.65999984741211,55.900001525878906,55.09000015258789,55.20000076293945,48.02899932861328,39843000
2015-12-16,55.540000915527344,56.25,54.7599983215332,56.130001068115234,48.83818054199219,37503300
2015-12-17,56.36000061035156,56.790000915527344,55.529998779296875,55.70000076293945,48.46403884887695,41280900
2015-12-18,55.77000045776367,56.0,54.029998779296875,54.130001068115234,47.09800720214844,84684200
2015-12-21,54.880001068115234,55.349998474121094,54.22999954223633,54.83000183105469,47.70705795288086,37246300
2015-12-22,54.9900016784668,55.47999954223633,54.5,55.349998474121094,48.159507751464844,28322200
2015-12-23,55.70000076293945,55.880001068115234,55.439998626708984,55.81999969482422,48.56845474243164,27279800
2015-12-24,55.86000061035156,55.959999084472656,55.43000030517578,55.66999816894531,48.437950134277344,9558500
2015-12-28,55.349998474121094,55.95000076293945,54.97999954223633,55.95000076293945,48.68157958984375,22458300
2015-12-29,56.290000915527344,56.849998474121094,56.060001373291016,56.54999923706055,49.2036247253418,27731400
2015-12-30,56.470001220703125,56.779998779296875,56.290000915527344,56.310001373291016,48.99479675292969,21704500
2015-12-31,56.040000915527344,56.189998626708984,55.41999816894531,55.47999954223633,48.27262878417969,27334100
2016-01-04,54.31999969482422,54.79999923706055,53.38999938964844,54.79999923706055,47.680965423583984,53778000
2016-01-05,54.93000030517578,55.38999938964844,54.540000915527344,55.04999923706055,47.89848709106445,34079700
2016-01-06,54.31999969482422,54.400001525878906,53.63999938964844,54.04999923706055,47.028404235839844,39518900
2016-01-07,52.70000076293945,53.4900016784668,52.06999969482422,52.16999816894531,45.39262390136719,56564900
2016-01-08,52.369998931884766,53.279998779296875,52.150001525878906,52.33000183105469,45.531829833984375,48754000
2016-01-11,52.5099983215332,52.849998474121094,51.459999084472656,52.29999923706055,45.5057373046875,36943800
2016-01-12,52.7599983215332,53.099998474121094,52.060001373291016,52.779998779296875,45.92338180541992,36095500
2016-01-13,53.79999923706055,54.06999969482422,51.29999923706055,51.63999938964844,44.93147277832031,66883600
2016-01-14,52.0,53.41999816894531,51.56999969482422,53.11000061035156,46.21050262451172,52381900
2016-01-15,51.310001373291016,51.970001220703125,50.34000015258789,50.9900016784668,44.36592483520508,71820700
2016-01-19,51.47999954223633,51.68000030517578,50.060001373291016,50.560001373291016,43.99177932739258,43564500
2016-01-20,49.97999954223633,51.380001068115234,49.099998474121094,50.790000915527344,44.19189453125,63273000
2016-01-21,51.0,51.58000183105469,50.29999923706055,50.47999954223633,43.92216491699219,40191200
2016-01-22,51.40999984741211,52.33000183105469,51.2599983215332,52.290000915527344,45.49702835083008,37555800
2016-01-25,51.939998626708984,52.650001525878906,51.650001525878906,51.790000915527344,45.06197738647461,34707700
2016-01-26,51.790000915527344,52.439998626708984,51.54999923706055,52.16999816894531,45.39262390136719,28900800
2016-01-27,52.0099983215332,52.20000076293945,51.02000045776367,51.220001220703125,44.566036224365234,36775200
2016-01-28,51.86000061035156,52.209999084472656,51.25,52.060001373291016,45.296932220458984,62513800
2016-01-29,54.72999954223633,55.09000015258789,54.0,55.09000015258789,47.93330383300781,83611700
2016-02-01,54.880001068115234,55.09000015258789,54.5,54.709999084472656,47.6026496887207,44208500
2016-02-02,54.16999816894531,54.2599983215332,52.650001525878906,53.0,46.11478805541992,56313800
2016-02-03,53.25,53.38999938964844,51.2599983215332,52.15999984741211,45.383907318115234,57559800
2016-02-04,52.099998474121094,52.810001373291016,51.369998931884766,52.0,45.244720458984375,46987100
2016-02-05,51.939998626708984,52.0,49.560001373291016,50.15999984741211,43.643741607666016,62009000
2016-02-08,49.54999923706055,49.56999969482422,48.189998626708984,49.40999984741211,42.99117660522461,59290500
2016-02-09,49.02000045776367,50.2400016784668,48.66999816894531,49.279998779296875,42.8780517578125,46740500
2016-02-10,49.88999938964844,50.38999938964844,49.52000045776367,49.709999084472656,43.25221252441406,38237000
2016-02-11,48.68000030517578,50.11000061035156,48.5099983215332,49.689998626708984,43.23478698730469,48878600
2016-02-12,50.25,50.68000030517578,49.75,50.5,43.939579010009766,34243300
2016-02-16,50.900001525878906,51.09000015258789,50.130001068115234,51.09000015258789,44.772098541259766,37291200
2016-02-17,51.4900016784668,52.77000045776367,51.45000076293945,52.41999816894531,45.9376106262207,40789000
2016-02-18,52.33000183105469,52.95000076293945,52.099998474121094,52.189998626708984,45.736061096191406,27176000
2016-02-19,51.970001220703125,52.279998779296875,51.529998779296875,51.81999969482422,45.41181564331055,33559100
2016-02-22,52.279998779296875,53.0,52.279998779296875,52.650001525878906,46.139183044433594,25008300
2016-02-23,52.34000015258789,52.369998931884766,50.97999954223633,51.18000030517578,44.8509521484375,28895300
2016-02-24,50.689998626708984,51.5,50.20000076293945,51.36000061035156,45.008705139160156,33014500
2016-02-25,51.72999954223633,52.099998474121094,50.61000061035156,52.099998474121094,45.657188415527344,26939500
2016-02-26,52.599998474121094,52.68000030517578,51.099998474121094,51.29999923706055,44.95611572265625,35975900
2016-02-29,51.349998474121094,51.650001525878906,50.65999984741211,50.880001068115234,44.58806610107422,31654000
2016-03-01,50.970001220703125,52.59000015258789,50.91999816894531,52.58000183105469,46.07783126831055,33024500
2016-03-02,52.40999984741211,52.959999084472656,52.15999984741211,52.95000076293945,46.40208435058594,29289900
2016-03-03,52.970001220703125,52.970001220703125,51.779998779296875,52.349998474121094,45.87628936767578,24427800
2016-03-04,52.400001525878906,52.45000076293945,51.709999084472656,52.029998779296875,45.59585189819336,33034200
2016-03-07,51.560001373291016,51.79999923706055,50.58000183105469,51.029998779296875,44.719512939453125,38407800
2016-03-08,50.79999923706055,52.130001068115234,50.599998474121094,51.650001525878906,45.26284408569336,33835100
2016-03-09,51.88999938964844,52.849998474121094,51.86000061035156,52.84000015258789,46.305694580078125,28251600
2016-03-10,52.93000030517578,52.939998626708984,51.15999984741211,52.04999923706055,45.613380432128906,38387800
2016-03-11,53.0,53.06999969482422,52.380001068115234,53.06999969482422,46.50724411010742,32275700
2016-03-14,52.709999084472656,53.59000015258789,52.630001068115234,53.16999816894531,46.594871520996094,24083600
2016-03-15,52.75,53.59000015258789,52.7400016784668,53.59000015258789,46.96293640136719,21104800
2016-03-16,53.45000076293945,54.599998474121094,53.400001525878906,54.349998474121094,47.628963470458984,31691700
2016-03-17,54.209999084472656,55.0,54.0,54.65999984741211,47.90061950683594,28223900
2016-03-18,54.91999816894531,54.970001220703125,53.45000076293945,53.4900016784668,46.87530517578125,67625500
2016-03-21,53.25,53.93000030517578,52.93000030517578,53.86000061035156,47.19954299926758,23925700
2016-03-22,53.61000061035156,54.25,53.459999084472656,54.06999969482422,47.38357925415039,23124100
2016-03-23,54.11000061035156,54.2400016784668,53.7400016784668,53.970001220703125,47.295936584472656,20129000
2016-03-24,53.84000015258789,54.33000183105469,53.72999954223633,54.209999084472656,47.506282806396484,19950000
2016-03-28,54.209999084472656,54.290000915527344,53.33000183105469,53.540000915527344,46.91913604736328,17025100
2016-03-29,53.65999984741211,54.86000061035156,53.45000076293945,54.709999084472656,47.94442367553711,23924300
2016-03-30,54.93000030517578,55.63999938964844,54.900001525878906,55.04999923706055,48.24238586425781,23008300
2016-03-31,54.95000076293945,55.59000015258789,54.86000061035156,55.22999954223633,48.40013885498047,26360500
2016-04-01,55.04999923706055,55.61000061035156,54.56999969482422,55.56999969482422,48.698089599609375,24399200
2016-04-04,55.43000030517578,55.65999984741211,55.0,55.43000030517578,48.575401306152344,18928800
2016-04-05,55.189998626708984,55.29999923706055,54.459999084472656,54.560001373291016,47.81299591064453,19272300
2016-04-06,54.36000061035156,55.20000076293945,54.209999084472656,55.119998931884766,48.303741455078125,21188700
2016-04-07,54.869998931884766,54.90999984741211,54.22999954223633,54.459999084472656,47.7253532409668,19225100
2016-04-08,54.66999816894531,55.279998779296875,54.31999969482422,54.41999816894531,47.69029998779297,22167200
2016-04-11,54.4900016784668,55.150001525878906,54.29999923706055,54.310001373291016,47.59389114379883,21414200
2016-04-12,54.369998931884766,54.779998779296875,53.7599983215332,54.650001525878906,47.8918571472168,24944300
2016-04-13,55.119998931884766,55.439998626708984,54.88999938964844,55.349998474121094,48.50529479980469,20818000
2016-04-14,55.220001220703125,55.58000183105469,55.06999969482422,55.36000061035156,48.51405715942383,20877100
2016-04-15,55.29999923706055,55.91999816894531,55.11000061035156,55.650001525878906,48.76820373535156,28793800
2016-04-18,55.4900016784668,56.59000015258789,55.209999084472656,56.459999084472656,49.478023529052734,23786000
2016-04-19,56.630001068115234,56.77000045776367,55.68000030517578,56.38999938964844,49.41668701171875,29596800
2016-04-20,56.290000915527344,56.5,55.4900016784668,55.59000015258789,48.71562194824219,36195700
2016-04-21,55.79999923706055,56.22999954223633,55.41999816894531,55.779998779296875,48.88210678100586,38909100
2016-04-22,51.90999984741211,52.43000030517578,50.77000045776367,51.779998779296875,45.37678146362305,126834100
2016-04-25,51.779998779296875,52.130001068115234,51.630001068115234,52.11000061035156,45.66596603393555,33226900
2016-04-26,52.2599983215332,52.349998474121094,51.09000015258789,51.439998626708984,45.078819274902344,33532600
2016-04-27,51.47999954223633,51.5,50.54999923706055,50.939998626708984,44.64064407348633,43369300
2016-04-28,50.619998931884766,50.77000045776367,49.560001373291016,49.900001525878906,43.72925567626953,43134800
2016-04-29,49.349998474121094,50.25,49.349998474121094,49.869998931884766,43.70296096801758,48411700
2016-05-02,50.0,50.75,49.779998779296875,50.61000061035156,44.35145568847656,33114500
2016-05-03,50.34000015258789,50.40999984741211,49.599998474121094,49.779998779296875,43.62409973144531,26460200
2016-05-04,49.84000015258789,50.060001373291016,49.459999084472656,49.869998931884766,43.70296096801758,24257600
2016-05-05,49.869998931884766,50.29999923706055,49.72999954223633,49.939998626708984,43.76429748535156,25390700
2016-05-06,49.91999816894531,50.38999938964844,49.65999984741211,50.38999938964844,44.158653259277344,24787300
2016-05-09,50.4900016784668,50.59000015258789,50.0,50.06999969482422,43.87822341918945,17951600
2016-05-10,50.33000183105469,51.099998474121094,50.189998626708984,51.02000045776367,44.71075439453125,22891000
2016-05-11,51.130001068115234,51.779998779296875,51.0,51.04999923706055,44.7370491027832,24039100
2016-05-12,51.20000076293945,51.810001373291016,50.91999816894531,51.5099983215332,45.140140533447266,24102800
2016-05-13,51.439998626708984,51.900001525878906,51.040000915527344,51.08000183105469,44.763336181640625,22592300
2016-05-16,50.79999923706055,51.959999084472656,50.75,51.83000183105469,45.42058181762695,20032000
2016-05-17,51.720001220703125,51.72999954223633,50.36000061035156,50.5099983215332,44.57341003417969,27803500
2016-05-18,50.47999954223633,51.13999938964844,50.29999923706055,50.810001373291016,44.83815383911133,24907500
2016-05-19,50.470001220703125,50.619998931884766,49.81999969482422,50.31999969482422,44.405738830566406,23842400
2016-05-20,50.47999954223633,51.220001220703125,50.400001525878906,50.619998931884766,44.67049026489258,23905800
2016-05-23,50.599998474121094,50.68000030517578,49.97999954223633,50.029998779296875,44.14982223510742,26118700
2016-05-24,50.70000076293945,51.709999084472656,50.400001525878906,51.59000015258789,45.526466369628906,34757900
2016-05-25,51.91999816894531,52.4900016784668,51.790000915527344,52.119998931884766,45.99419021606445,24040200
2016-05-26,51.93000030517578,51.97999954223633,51.36000061035156,51.88999938964844,45.791221618652344,24335200
2016-05-27,51.91999816894531,52.31999969482422,51.77000045776367,52.31999969482422,46.17068099975586,17721400
2016-05-31,52.2599983215332,53.0,52.08000183105469,53.0,46.770755767822266,37653100
2016-06-01,52.439998626708984,52.95000076293945,52.439998626708984,52.849998474121094,46.63838577270508,25324800
2016-06-02,52.63999938964844,52.7400016784668,51.84000015258789,52.47999954223633,46.31187438964844,22840800
2016-06-03,52.380001068115234,52.41999816894531,51.599998474121094,51.790000915527344,45.702972412109375,23368300
2016-06-06,51.9900016784668,52.349998474121094,51.88999938964844,52.130001068115234,46.00301742553711,18243300
2016-06-07,52.2400016784668,52.72999954223633,52.099998474121094,52.099998474121094,45.976539611816406,20866800
2016-06-08,52.02000045776367,52.439998626708984,51.869998931884766,52.040000915527344,45.923587799072266,21149400
2016-06-09,52.0,52.0,51.4900016784668,51.619998931884766,45.552955627441406,20305700
2016-06-10,51.04999923706055,52.04999923706055,51.040000915527344,51.47999954223633,45.429405212402344,25833200
2016-06-13,49.58000183105469,50.720001220703125,49.060001373291016,50.13999938964844,44.24692153930664,83217800
2016-06-14,49.900001525878906,50.099998474121094,49.56999969482422,49.83000183105469,43.97333908081055,42577100
2016-06-15,49.779998779296875,50.119998931884766,49.689998626708984,49.689998626708984,43.84977722167969,33757600
2016-06-16,49.52000045776367,50.470001220703125,49.5099983215332,50.38999938964844,44.46751403808594,31188600
2016-06-17,50.40999984741211,50.43000030517578,49.81999969482422,50.130001068115234,44.23808288574219,45710500
2016-06-20,50.63999938964844,50.83000183105469,50.029998779296875,50.06999969482422,44.18513107299805,35607900
2016-06-21,50.20000076293945,51.43000030517578,50.15999984741211,51.189998626708984,45.17348861694336,34097800
2016-06-22,51.08000183105469,51.459999084472656,50.95000076293945,50.9900016784668,44.997013092041016,28816800
2016-06-23,51.279998779296875,52.060001373291016,51.150001525878906,51.90999984741211,45.808876037597656,29028800
2016-06-24,49.810001373291016,50.939998626708984,49.52000045776367,49.83000183105469,43.97333908081055,133503000
2016-06-27,49.099998474121094,49.150001525878906,48.040000915527344,48.43000030517578,42.73786926269531,50216300
2016-06-28,48.91999816894531,49.470001220703125,48.66999816894531,49.439998626708984,43.629173278808594,38140700
2016-06-29,49.90999984741211,50.720001220703125,49.79999923706055,50.540000915527344,44.599891662597656,31304000
2016-06-30,50.720001220703125,51.29999923706055,50.5,51.16999816894531,45.15584945678711,28527800
2016-07-01,51.130001068115234,51.720001220703125,51.06999969482422,51.15999984741211,45.14701843261719,21400400
2016-07-05,50.83000183105469,51.279998779296875,50.7400016784668,51.16999816894531,45.15584945678711,24806400
2016-07-06,50.779998779296875,51.540000915527344,50.38999938964844,51.380001068115234,45.34117126464844,28167500
2016-07-07,51.41999816894531,51.61000061035156,51.06999969482422,51.380001068115234,45.34117126464844,19585200
2016-07-08,51.72999954223633,52.36000061035156,51.54999923706055,52.29999923706055,46.15303039550781,28391000
2016-07-11,52.5,52.83000183105469,52.470001220703125,52.59000015258789,46.40894317626953,22269200
2016-07-12,52.939998626708984,53.400001525878906,52.790000915527344,53.209999084472656,46.95606994628906,27317600
2016-07-13,53.560001373291016,53.86000061035156,53.18000030517578,53.5099983215332,47.22081756591797,25356800
2016-07-14,53.84000015258789,53.9900016784668,53.58000183105469,53.7400016784668,47.423797607421875,24545500
2016-07-15,53.95000076293945,54.0,53.209999084472656,53.70000076293945,47.38848114013672,32024400
2016-07-18,53.70000076293945,54.34000015258789,53.54999923706055,53.959999084472656,47.617916107177734,31433900
2016-07-19,53.709999084472656,53.900001525878906,52.93000030517578,53.09000015258789,46.85018539428711,53336500
2016-07-20,56.150001525878906,56.84000015258789,55.529998779296875,55.90999984741211,49.338748931884766,89893300
2016-07-21,55.97999954223633,56.22999954223633,55.7599983215332,55.79999923706055,49.24165725708008,32776700
2016-07-22,56.08000183105469,56.630001068115234,55.779998779296875,56.56999969482422,49.92116928100586,32157200
2016-07-25,56.470001220703125,56.7400016784668,56.2599983215332,56.72999954223633,50.0623664855957,25610600
2016-07-26,56.52000045776367,57.290000915527344,56.5099983215332,56.7599983215332,50.08882141113281,28079000
2016-07-27,56.61000061035156,56.79999923706055,56.11000061035156,56.189998626708984,49.58582305908203,32327500
2016-07-28,56.0,56.369998931884766,55.720001220703125,56.209999084472656,49.60348129272461,37550400
2016-07-29,56.2599983215332,56.7599983215332,56.04999923706055,56.68000030517578,50.018226623535156,30558700
2016-08-01,56.599998474121094,56.75,56.13999938964844,56.58000183105469,49.93000030517578,26003400
2016-08-02,56.849998474121094,56.900001525878906,56.310001373291016,56.58000183105469,49.93000030517578,35122000
2016-08-03,56.68000030517578,57.11000061035156,56.4900016784668,56.970001220703125,50.274147033691406,22075600
2016-08-04,56.79999923706055,57.52000045776367,56.66999816894531,57.38999938964844,50.64479446411133,26587700
2016-08-05,57.650001525878906,58.209999084472656,57.45000076293945,57.959999084472656,51.14779281616211,29335200
2016-08-08,58.060001373291016,58.09000015258789,57.779998779296875,58.060001373291016,51.23604965209961,19473500
2016-08-09,58.16999816894531,58.5,58.02000045776367,58.20000076293945,51.35959243774414,16920700
2016-08-10,58.15999984741211,58.31999969482422,57.81999969482422,58.02000045776367,51.200740814208984,15756900
2016-08-11,58.029998779296875,58.45000076293945,58.029998779296875,58.29999923706055,51.44783401489258,18162300
2016-08-12,58.029998779296875,58.189998626708984,57.619998931884766,57.939998626708984,51.13015365600586,21655200
2016-08-15,58.0099983215332,58.5,57.959999084472656,58.119998931884766,51.28899383544922,19283900
2016-08-16,57.61000061035156,57.619998931884766,57.27000045776367,57.439998626708984,51.00483703613281,20523500
2016-08-17,57.540000915527344,57.68000030517578,57.22999954223633,57.560001373291016,51.11140060424805,18856400
2016-08-18,57.41999816894531,57.70000076293945,57.27000045776367,57.599998474121094,51.14691925048828,14214300
2016-08-19,57.43000030517578,57.72999954223633,57.20000076293945,57.619998931884766,51.164676666259766,17271000
2016-08-22,57.599998474121094,57.75,57.2599983215332,57.66999816894531,51.209068298339844,15221900
2016-08-23,57.900001525878906,58.18000030517578,57.849998474121094,57.88999938964844,51.40442657470703,18732400
2016-08-24,57.79999923706055,58.040000915527344,57.720001220703125,57.95000076293945,51.45770263671875,18151500
2016-08-25,57.880001068115234,58.290000915527344,57.779998779296875,58.16999816894531,51.653053283691406,18552600
2016-08-26,58.279998779296875,58.70000076293945,57.689998626708984,58.029998779296875,51.528743743896484,20971200
2016-08-29,58.18000030517578,58.599998474121094,58.099998474121094,58.099998474121094,51.59090042114258,16417200
2016-08-30,57.97999954223633,58.189998626708984,57.61000061035156,57.88999938964844,51.40442657470703,16930200
2016-08-31,57.650001525878906,57.79999923706055,57.29999923706055,57.459999084472656,51.0225944519043,20860300
2016-09-01,57.0099983215332,57.81999969482422,57.0099983215332,57.59000015258789,51.138038635253906,26075400
2016-09-02,57.66999816894531,58.189998626708984,57.41999816894531,57.66999816894531,51.209068298339844,18900500
2016-09-06,57.779998779296875,57.79999923706055,57.209999084472656,57.61000061035156,51.15580368041992,16278400
2016-09-07,57.470001220703125,57.84000015258789,57.40999984741211,57.65999984741211,51.200191497802734,17493400
2016-09-08,57.630001068115234,57.790000915527344,57.18000030517578,57.43000030517578,50.99596405029297,20146100
2016-09-09,56.790000915527344,57.52000045776367,56.209999084472656,56.209999084472656,49.912635803222656,35113900
2016-09-12,56.0,57.209999084472656,55.61000061035156,57.04999923706055,50.65852355957031,29303000
2016-09-13,56.5,56.650001525878906,56.04999923706055,56.529998779296875,50.196773529052734,30130200
2016-09-14,56.38999938964844,56.630001068115234,56.029998779296875,56.2599983215332,49.95703125,24062500
2016-09-15,56.150001525878906,57.349998474121094,55.97999954223633,57.189998626708984,50.782840728759766,26847000
2016-09-16,57.630001068115234,57.630001068115234,56.75,57.25,50.83613967895508,44607000
2016-09-19,57.27000045776367,57.75,56.849998474121094,56.93000030517578,50.5519905090332,20937100
2016-09-20,57.349998474121094,57.349998474121094,56.75,56.810001373291016,50.44541931152344,17384000
2016-09-21,57.5099983215332,57.849998474121094,57.08000183105469,57.7599983215332,51.28899383544922,33707300
2016-09-22,57.91999816894531,58.0,57.630001068115234,57.81999969482422,51.3422737121582,19822200
2016-09-23,57.869998931884766,57.90999984741211,57.380001068115234,57.43000030517578,50.99596405029297,19955300
2016-09-26,57.08000183105469,57.13999938964844,56.83000183105469,56.900001525878906,50.52534484863281,21688700
2016-09-27,56.93000030517578,58.060001373291016,56.68000030517578,57.95000076293945,51.45770263671875,28065100
2016-09-28,57.880001068115234,58.060001373291016,57.66999816894531,58.029998779296875,51.528743743896484,20536400
2016-09-29,57.810001373291016,58.16999816894531,57.209999084472656,57.400001525878906,50.96931838989258,25463500
2016-09-30,57.56999969482422,57.77000045776367,57.34000015258789,57.599998474121094,51.14691925048828,29910800
2016-10-03,57.40999984741211,57.54999923706055,57.060001373291016,57.41999816894531,50.98707962036133,19189500
2016-10-04,57.27000045776367,57.599998474121094,56.970001220703125,57.2400016784668,50.827239990234375,20085900
2016-10-05,57.290000915527344,57.959999084472656,57.2599983215332,57.63999938964844,51.18244934082031,16726400
2016-10-06,57.7400016784668,57.86000061035156,57.279998779296875,57.7400016784668,51.271236419677734,16212600
2016-10-07,57.849998474121094,57.97999954223633,57.41999816894531,57.79999923706055,51.32450866699219,20089000
2016-10-10,57.90999984741211,58.38999938964844,57.869998931884766,58.040000915527344,51.53761291503906,18196500
2016-10-11,57.88999938964844,58.02000045776367,56.88999938964844,57.189998626708984,50.782840728759766,26497400
2016-10-12,57.11000061035156,57.27000045776367,56.400001525878906,57.11000061035156,50.71180725097656,22177500
2016-10-13,56.70000076293945,57.29999923706055,56.31999969482422,56.91999816894531,50.54309844970703,25313700
2016-10-14,57.119998931884766,57.7400016784668,57.119998931884766,57.41999816894531,50.98707962036133,27402500
2016-10-17,57.36000061035156,57.459999084472656,56.869998931884766,57.220001220703125,50.80948257446289,23830000
2016-10-18,57.529998779296875,57.95000076293945,57.40999984741211,57.65999984741211,51.200191497802734,19149500
2016-10-19,57.470001220703125,57.84000015258789,57.400001525878906,57.529998779296875,51.084747314453125,22878400
2016-10-20,57.5,57.52000045776367,56.65999984741211,57.25,50.83613967895508,49455600
2016-10-21,60.279998779296875,60.45000076293945,59.4900016784668,59.65999984741211,52.97612762451172,80032200
2016-10-24,59.939998626708984,61.0,59.93000030517578,61.0,54.16599655151367,54067000
2016-10-25,60.849998474121094,61.369998931884766,60.79999923706055,60.9900016784668,54.1571159362793,35137200
2016-10-26,60.810001373291016,61.20000076293945,60.470001220703125,60.630001068115234,53.83746337890625,29911600
2016-10-27,60.61000061035156,60.83000183105469,60.09000015258789,60.099998474121094,53.36682891845703,28479900
2016-10-28,60.0099983215332,60.52000045776367,59.58000183105469,59.869998931884766,53.16259002685547,33574700
2016-10-31,60.15999984741211,60.41999816894531,59.91999816894531,59.91999816894531,53.20699691772461,26434700
2016-11-01,59.970001220703125,60.02000045776367,59.25,59.79999923706055,53.1004524230957,24533000
2016-11-02,59.81999969482422,59.93000030517578,59.29999923706055,59.43000030517578,52.771888732910156,22147000
2016-11-03,59.529998779296875,59.63999938964844,59.11000061035156,59.209999084472656,52.5765380859375,21600400
2016-11-04,58.650001525878906,59.279998779296875,58.52000045776367,58.709999084472656,52.1325569152832,28697000
2016-11-07,59.779998779296875,60.52000045776367,59.779998779296875,60.41999816894531,53.65098190307617,31664800
2016-11-08,60.54999923706055,60.779998779296875,60.150001525878906,60.470001220703125,53.69538497924805,22935400
2016-11-09,60.0,60.59000015258789,59.20000076293945,60.16999816894531,53.42898941040039,49632500
2016-11-10,60.47999954223633,60.4900016784668,57.630001068115234,58.70000076293945,52.12367630004883,57822400
2016-11-11,58.22999954223633,59.119998931884766,58.0099983215332,59.02000045776367,52.40782928466797,38767800
2016-11-14,59.02000045776367,59.08000183105469,57.279998779296875,58.119998931884766,51.60865783691406,41328400
2016-11-15,58.33000183105469,59.4900016784668,58.31999969482422,58.869998931884766,52.627777099609375,35904100
2016-11-16,58.939998626708984,59.65999984741211,58.810001373291016,59.650001525878906,53.32508087158203,27332500
2016-11-17,60.40999984741211,60.95000076293945,59.970001220703125,60.63999938964844,54.21009826660156,32132700
2016-11-18,60.779998779296875,61.13999938964844,60.29999923706055,60.349998474121094,53.95085525512695,27686300
2016-11-21,60.5,60.970001220703125,60.41999816894531,60.86000061035156,54.406761169433594,19652600
2016-11-22,60.97999954223633,61.2599983215332,60.810001373291016,61.119998931884766,54.63920211791992,23206700
2016-11-23,61.0099983215332,61.099998474121094,60.25,60.400001525878906,53.99555206298828,21848900
2016-11-25,60.29999923706055,60.529998779296875,60.130001068115234,60.529998779296875,54.11176300048828,8409600
2016-11-28,60.34000015258789,61.02000045776367,60.209999084472656,60.61000061035156,54.18327713012695,20732600
2016-11-29,60.650001525878906,61.40999984741211,60.52000045776367,61.09000015258789,54.61238479614258,22366700
2016-11-30,60.86000061035156,61.18000030517578,60.220001220703125,60.2599983215332,53.87038803100586,34655400
2016-12-01,60.11000061035156,60.150001525878906,58.939998626708984,59.20000076293945,52.92278289794922,34542100
2016-12-02,59.08000183105469,59.470001220703125,58.79999923706055,59.25,52.96748352050781,25515700
2016-12-05,59.70000076293945,60.59000015258789,59.560001373291016,60.220001220703125,53.83463668823242,23552700
2016-12-06,60.43000030517578,60.459999084472656,59.79999923706055,59.95000076293945,53.593265533447266,19907000
2016-12-07,60.0099983215332,61.380001068115234,59.79999923706055,61.369998931884766,54.862701416015625,30809000
2016-12-08,61.29999923706055,61.58000183105469,60.84000015258789,61.0099983215332,54.5408821105957,21220800
2016-12-09,61.18000030517578,61.9900016784668,61.130001068115234,61.970001220703125,55.399078369140625,27349400
2016-12-12,61.81999969482422,62.29999923706055,61.720001220703125,62.16999816894531,55.577857971191406,20198100
2016-12-13,62.5,63.41999816894531,62.2400016784668,62.97999954223633,56.301979064941406,35718900
2016-12-14,63.0,63.45000076293945,62.529998779296875,62.68000030517578,56.03379440307617,30352700
2016-12-15,62.70000076293945,63.150001525878906,62.29999923706055,62.58000183105469,55.94438552856445,27669900
2016-12-16,62.95000076293945,62.95000076293945,62.119998931884766,62.29999923706055,55.694087982177734,42453100
2016-12-19,62.560001373291016,63.77000045776367,62.41999816894531,63.619998931884766,56.874107360839844,34338200
2016-12-20,63.689998626708984,63.79999923706055,63.029998779296875,63.540000915527344,56.802608489990234,26028400
2016-12-21,63.43000030517578,63.70000076293945,63.119998931884766,63.540000915527344,56.802608489990234,17096300
2016-12-22,63.84000015258789,64.0999984741211,63.40999984741211,63.54999923706055,56.811546325683594,22176600
2016-12-23,63.45000076293945,63.540000915527344,62.79999923706055,63.2400016784668,56.53441619873047,12403800
2016-12-27,63.209999084472656,64.06999969482422,63.209999084472656,63.279998779296875,56.57016372680664,11763200
2016-12-28,63.400001525878906,63.400001525878906,62.83000183105469,62.9900016784668,56.310909271240234,14653300
2016-12-29,62.86000061035156,63.20000076293945,62.72999954223633,62.900001525878906,56.23045349121094,10250600
2016-12-30,62.959999084472656,62.9900016784668,62.029998779296875,62.13999938964844,55.551055908203125,25579900
2017-01-03,62.790000915527344,62.84000015258789,62.130001068115234,62.58000183105469,55.94438552856445,20694100
2017-01-04,62.47999954223633,62.75,62.119998931884766,62.29999923706055,55.694087982177734,21340000
2017-01-05,62.189998626708984,62.65999984741211,62.029998779296875,62.29999923706055,55.694087982177734,24876000
2017-01-06,62.29999923706055,63.150001525878906,62.040000915527344,62.84000015258789,56.17683029174805,19922900
2017-01-09,62.7599983215332,63.08000183105469,62.540000915527344,62.63999938964844,55.998016357421875,20382700
2017-01-10,62.72999954223633,63.06999969482422,62.279998779296875,62.619998931884766,55.98014450073242,18593000
2017-01-11,62.61000061035156,63.22999954223633,62.43000030517578,63.189998626708984,56.489707946777344,21517300
2017-01-12,63.060001373291016,63.400001525878906,61.95000076293945,62.61000061035156,55.97120666503906,20968200
2017-01-13,62.619998931884766,62.869998931884766,62.349998474121094,62.70000076293945,56.05167007446289,19422300
2017-01-17,62.68000030517578,62.70000076293945,62.029998779296875,62.529998779296875,55.89968490600586,20664000
2017-01-18,62.66999816894531,62.70000076293945,62.119998931884766,62.5,55.87287902832031,19670100
2017-01-19,62.2400016784668,62.97999954223633,62.20000076293945,62.29999923706055,55.694087982177734,18451700
2017-01-20,62.66999816894531,62.81999969482422,62.369998931884766,62.7400016784668,56.087432861328125,30213500
2017-01-23,62.70000076293945,63.119998931884766,62.56999969482422,62.959999084472656,56.284095764160156,23097600
2017-01-24,63.20000076293945,63.7400016784668,62.939998626708984,63.52000045776367,56.784725189208984,24672900
2017-01-25,63.95000076293945,64.0999984741211,63.45000076293945,63.68000030517578,56.9277458190918,23672700
2017-01-26,64.12000274658203,64.54000091552734,63.54999923706055,64.2699966430664,57.455196380615234,43554600
2017-01-27,65.38999938964844,65.91000366210938,64.88999938964844,65.77999877929688,58.805076599121094,44818000
2017-01-30,65.69000244140625,65.79000091552734,64.80000305175781,65.12999725341797,58.22398376464844,31651400
2017-01-31,64.86000061035156,65.1500015258789,64.26000213623047,64.6500015258789,57.79490280151367,25270500
2017-02-01,64.36000061035156,64.62000274658203,63.470001220703125,63.58000183105469,56.838348388671875,39671500
2017-02-02,63.25,63.40999984741211,62.75,63.16999816894531,56.47181701660156,45827000
2017-02-03,63.5,63.70000076293945,63.06999969482422,63.68000030517578,56.9277458190918,30301800
2017-02-06,63.5,63.650001525878906,63.13999938964844,63.63999938964844,56.891990661621094,19796400
2017-02-07,63.7400016784668,63.779998779296875,63.22999954223633,63.43000030517578,56.704254150390625,20277200
2017-02-08,63.56999969482422,63.810001373291016,63.220001220703125,63.34000015258789,56.62379837036133,18096400
2017-02-09,63.52000045776367,64.44000244140625,63.31999969482422,64.05999755859375,57.2674560546875,22644400
2017-02-10,64.25,64.30000305175781,63.97999954223633,64.0,57.21382522583008,18170700
2017-02-13,64.23999786376953,64.86000061035156,64.12999725341797,64.72000122070312,57.857479095458984,22920100
2017-02-14,64.41000366210938,64.72000122070312,64.0199966430664,64.56999969482422,58.073341369628906,23108400
2017-02-15,64.5,64.56999969482422,64.16000366210938,64.52999877929688,58.037353515625,17005200
2017-02-16,64.73999786376953,65.23999786376953,64.44000244140625,64.5199966430664,58.02836227416992,20546300
2017-02-17,64.47000122070312,64.69000244140625,64.30000305175781,64.62000274658203,58.11830139160156,21248800
2017-02-21,64.61000061035156,64.94999694824219,64.44999694824219,64.48999786376953,58.00137710571289,20655900
2017-02-22,64.33000183105469,64.38999938964844,64.05000305175781,64.36000061035156,57.884456634521484,19292700
2017-02-23,64.41999816894531,64.7300033569336,64.19000244140625,64.62000274658203,58.11830139160156,20273100
2017-02-24,64.52999877929688,64.80000305175781,64.13999938964844,64.62000274658203,58.11830139160156,21796800
2017-02-27,64.54000091552734,64.54000091552734,64.05000305175781,64.2300033569336,57.76754379272461,15871500
2017-02-28,64.08000183105469,64.19999694824219,63.7599983215332,63.97999954223633,57.542686462402344,23239800
2017-03-01,64.12999725341797,64.98999786376953,64.0199966430664,64.94000244140625,58.406105041503906,26937500
2017-03-02,64.69000244140625,64.75,63.880001068115234,64.01000213623047,57.56966781616211,24539600
2017-03-03,63.9900016784668,64.27999877929688,63.619998931884766,64.25,57.78553009033203,18135900
2017-03-06,63.970001220703125,64.55999755859375,63.810001373291016,64.2699966430664,57.80352020263672,18750300
2017-03-07,64.19000244140625,64.77999877929688,64.19000244140625,64.4000015258789,57.920440673828125,18521000
2017-03-08,64.26000213623047,65.08000183105469,64.25,64.98999786376953,58.451072692871094,21510900
2017-03-09,65.19000244140625,65.19999694824219,64.4800033569336,64.7300033569336,58.217227935791016,19846800
2017-03-10,65.11000061035156,65.26000213623047,64.75,64.93000030517578,58.3971061706543,19538200
2017-03-13,65.01000213623047,65.19000244140625,64.56999969482422,64.70999908447266,58.199249267578125,20100000
2017-03-14,64.52999877929688,64.55000305175781,64.1500015258789,64.41000366210938,57.92943572998047,14280200
2017-03-15,64.55000305175781,64.91999816894531,64.25,64.75,58.23521423339844,24833800
2017-03-16,64.75,64.76000213623047,64.30000305175781,64.63999938964844,58.13629150390625,20674300
2017-03-17,64.91000366210938,65.23999786376953,64.68000030517578,64.87000274658203,58.343143463134766,49219700
2017-03-20,64.91000366210938,65.18000030517578,64.72000122070312,64.93000030517578,58.3971061706543,14598100
2017-03-21,65.19000244140625,65.5,64.12999725341797,64.20999908447266,57.74955749511719,26640500
2017-03-22,64.12000274658203,65.13999938964844,64.12000274658203,65.02999877929688,58.487056732177734,20680000
2017-03-23,64.94000244140625,65.23999786376953,64.7699966430664,64.87000274658203,58.343143463134766,19269200
2017-03-24,65.36000061035156,65.44999694824219,64.76000213623047,64.9800033569336,58.44207763671875,22617100
2017-03-27,64.62999725341797,65.22000122070312,64.3499984741211,65.0999984741211,58.549991607666016,18614700
2017-03-28,64.95999908447266,65.47000122070312,64.6500015258789,65.29000091552734,58.720882415771484,20080400
2017-03-29,65.12000274658203,65.5,64.94999694824219,65.47000122070312,58.882781982421875,13618400
2017-03-30,65.41999816894531,65.9800033569336,65.36000061035156,65.70999908447266,59.09864044189453,15122800
2017-03-31,65.6500015258789,66.19000244140625,65.44999694824219,65.86000061035156,59.23353958129883,21040300
2017-04-03,65.80999755859375,65.94000244140625,65.19000244140625,65.55000305175781,58.954734802246094,20400900
2017-04-04,65.38999938964844,65.80999755859375,65.27999877929688,65.7300033569336,59.11662292480469,12997400
2017-04-05,66.30000305175781,66.3499984741211,65.44000244140625,65.55999755859375,58.963714599609375,21448600
2017-04-06,65.5999984741211,66.05999755859375,65.4800033569336,65.7300033569336,59.11662292480469,18103500
2017-04-07,65.8499984741211,65.95999908447266,65.44000244140625,65.68000030517578,59.0716438293457,14108500
2017-04-10,65.61000061035156,65.81999969482422,65.36000061035156,65.52999877929688,58.93671798706055,17952700
2017-04-11,65.5999984741211,65.61000061035156,64.8499984741211,65.4800033569336,58.89177703857422,18791500
2017-04-12,65.41999816894531,65.51000213623047,65.11000061035156,65.2300033569336,58.666934967041016,17108500
2017-04-13,65.29000091552734,65.86000061035156,64.94999694824219,64.94999694824219,58.415103912353516,17896500
2017-04-17,65.04000091552734,65.48999786376953,65.01000213623047,65.4800033569336,58.89177703857422,16689300
2017-04-18,65.33000183105469,65.70999908447266,65.16000366210938,65.38999938964844,58.810829162597656,15155600
2017-04-19,65.6500015258789,65.75,64.88999938964844,65.04000091552734,58.49604415893555,26992800
2017-04-20,65.45999908447266,65.75,65.13999938964844,65.5,58.909751892089844,22299500
2017-04-21,65.66999816894531,66.69999694824219,65.44999694824219,66.4000015258789,59.719200134277344,32522600
2017-04-24,67.4800033569336,67.66000366210938,67.0999984741211,67.52999877929688,60.73552322387695,29770000
2017-04-25,67.9000015258789,68.04000091552734,67.5999984741211,67.91999816894531,61.086273193359375,30242700
2017-04-26,68.08000183105469,68.30999755859375,67.62000274658203,67.83000183105469,61.00533676147461,26190800
2017-04-27,68.1500015258789,68.37999725341797,67.58000183105469,68.2699966430664,61.401031494140625,34971000
2017-04-28,68.91000366210938,69.13999938964844,67.69000244140625,68.45999908447266,61.57194900512695,39548800
2017-05-01,68.68000030517578,69.55000305175781,68.5,69.41000366210938,62.426361083984375,31954400
2017-05-02,69.70999908447266,69.70999908447266,69.12999725341797,69.30000305175781,62.327430725097656,23906100
2017-05-03,69.37999725341797,69.37999725341797,68.70999908447266,69.08000183105469,62.12955856323242,28928000
2017-05-04,69.02999877929688,69.08000183105469,68.63999938964844,68.80999755859375,61.88671112060547,21749400
2017-05-05,68.9000015258789,69.02999877929688,68.48999786376953,69.0,62.05762481689453,19128800
2017-05-08,68.97000122070312,69.05000305175781,68.41999816894531,68.94000244140625,62.00362777709961,18566100
2017-05-09,68.86000061035156,69.27999877929688,68.68000030517578,69.04000091552734,62.09359359741211,22858400
2017-05-10,68.98999786376953,69.55999755859375,68.91999816894531,69.30999755859375,62.33641815185547,17977800
2017-05-11,68.36000061035156,68.7300033569336,68.12000274658203,68.45999908447266,61.57194900512695,28789400
2017-05-12,68.61000061035156,68.61000061035156,68.04000091552734,68.37999725341797,61.49998474121094,18714100
2017-05-15,68.13999938964844,68.4800033569336,67.56999969482422,68.43000030517578,61.54497528076172,31530300
2017-05-16,68.2300033569336,69.44000244140625,68.16000366210938,69.41000366210938,62.784175872802734,34956000
2017-05-17,68.88999938964844,69.0999984741211,67.43000030517578,67.4800033569336,61.03839874267578,30548800
2017-05-18,67.4000015258789,68.12999725341797,67.13999938964844,67.70999908447266,61.24647521972656,25201300
2017-05-19,67.5,68.0999984741211,67.43000030517578,67.69000244140625,61.22838592529297,26961100
2017-05-22,67.88999938964844,68.5,67.5,68.44999694824219,61.91581726074219,16237600
2017-05-23,68.72000122070312,68.75,68.37999725341797,68.68000030517578,62.12386703491211,15425800
2017-05-24,68.87000274658203,68.87999725341797,68.44999694824219,68.7699966430664,62.20527648925781,14593900
2017-05-25,68.97000122070312,69.87999725341797,68.91000366210938,69.62000274658203,62.9741096496582,21854100
2017-05-26,69.80000305175781,70.22000122070312,69.5199966430664,69.95999908447266,63.28167724609375,19827900
2017-05-30,69.79000091552734,70.41000366210938,69.7699966430664,70.41000366210938,63.688724517822266,17072800
2017-05-31,70.52999877929688,70.73999786376953,69.80999755859375,69.83999633789062,63.17313766479492,30436400
2017-06-01,70.23999786376953,70.61000061035156,69.44999694824219,70.0999984741211,63.40833282470703,21603600
2017-06-02,70.44000244140625,71.86000061035156,70.23999786376953,71.76000213623047,64.90985870361328,34770300
2017-06-05,71.97000122070312,72.88999938964844,71.80999755859375,72.27999877929688,65.3802261352539,33316800
2017-06-06,72.30000305175781,72.62000274658203,72.2699966430664,72.5199966430664,65.5973129272461,31511100
2017-06-07,72.63999938964844,72.7699966430664,71.94999694824219,72.38999938964844,65.47970581054688,22301800
2017-06-08,72.51000213623047,72.5199966430664,71.5,71.94999694824219,65.08172607421875,24588300
2017-06-09,72.04000091552734,72.08000183105469,68.58999633789062,70.31999969482422,63.60731887817383,49187400
2017-06-12,69.25,69.94000244140625,68.12999725341797,69.77999877929688,63.11886978149414,47761700
2017-06-13,70.0199966430664,70.81999969482422,69.95999908447266,70.6500015258789,63.90583419799805,25258600
2017-06-14,70.91000366210938,71.0999984741211,69.43000030517578,70.2699966430664,63.56209182739258,25510700
2017-06-15,69.2699966430664,70.20999908447266,68.80000305175781,69.9000015258789,63.2274055480957,26068700
2017-06-16,69.7300033569336,70.02999877929688,69.22000122070312,70.0,63.31786346435547,48345100
2017-06-19,70.5,70.94000244140625,70.3499984741211,70.87000274658203,64.10484313964844,23798300
2017-06-20,70.81999969482422,70.87000274658203,69.87000274658203,69.91000366210938,63.23645782470703,21512200
2017-06-21,70.20999908447266,70.62000274658203,69.94000244140625,70.2699966430664,63.56209182739258,19891100
2017-06-22,70.54000091552734,70.58999633789062,69.70999908447266,70.26000213623047,63.55305099487305,22965700
2017-06-23,70.08999633789062,71.25,69.91999816894531,71.20999908447266,64.412353515625,27617300
2017-06-26,71.4000015258789,71.70999908447266,70.44000244140625,70.52999877929688,63.79726028442383,19607000
2017-06-27,70.11000061035156,70.18000030517578,69.18000030517578,69.20999908447266,62.60328674316406,25215100
2017-06-28,69.20999908447266,69.83999633789062,68.79000091552734,69.80000305175781,63.136966705322266,25806200
2017-06-29,69.37999725341797,69.48999786376953,68.08999633789062,68.48999786376953,61.95201110839844,28918700
2017-06-30,68.77999877929688,69.37999725341797,68.73999786376953,68.93000030517578,62.35002517700195,24161100
2017-07-03,69.33000183105469,69.5999984741211,68.0199966430664,68.16999816894531,61.66255569458008,16165500
2017-07-05,68.26000213623047,69.44000244140625,68.22000122070312,69.08000183105469,62.485679626464844,21176300
2017-07-06,68.2699966430664,68.77999877929688,68.12000274658203,68.56999969482422,62.02436447143555,21117600
2017-07-07,68.69999694824219,69.83999633789062,68.69999694824219,69.45999908447266,62.82939529418945,16878300
2017-07-10,69.45999908447266,70.25,69.19999694824219,69.9800033569336,63.299766540527344,15014500
2017-07-11,70.0,70.68000030517578,69.75,69.98999786376953,63.308815002441406,17460000
2017-07-12,70.69000244140625,71.27999877929688,70.55000305175781,71.1500015258789,64.35809326171875,17750900
2017-07-13,71.5,72.04000091552734,71.30999755859375,71.7699966430664,64.91890716552734,20269800
2017-07-14,72.23999786376953,73.2699966430664,71.95999908447266,72.77999877929688,65.83248901367188,25868100
2017-07-17,72.80000305175781,73.44999694824219,72.72000122070312,73.3499984741211,66.34805297851562,21803900
2017-07-18,73.08999633789062,73.38999938964844,72.66000366210938,73.30000305175781,66.30284118652344,26435300
2017-07-19,73.5,74.04000091552734,73.44999694824219,73.86000061035156,66.80940246582031,22416200
2017-07-20,74.18000030517578,74.30000305175781,73.27999877929688,74.22000122070312,67.1350326538086,42361000
2017-07-21,73.44999694824219,74.29000091552734,73.16999816894531,73.79000091552734,66.74605560302734,46717100
2017-07-24,73.52999877929688,73.75,73.12999725341797,73.5999984741211,66.57421875,21394800
2017-07-25,73.80000305175781,74.30999755859375,73.5,74.19000244140625,67.10790252685547,22018700
2017-07-26,74.33999633789062,74.37999725341797,73.80999755859375,74.05000305175781,66.98126220703125,16252200
2017-07-27,73.76000213623047,74.41999816894531,72.31999969482422,73.16000366210938,66.17623138427734,36844200
2017-07-28,72.66999816894531,73.30999755859375,72.54000091552734,73.04000091552734,66.06765747070312,18306700
2017-07-31,73.30000305175781,73.44000244140625,72.41000366210938,72.69999694824219,65.76010131835938,23600100
2017-08-01,73.0999984741211,73.41999816894531,72.48999786376953,72.58000183105469,65.6515884399414,22132300
2017-08-02,72.55000305175781,72.55999755859375,71.44000244140625,72.26000213623047,65.36212158203125,26499200
2017-08-03,72.19000244140625,72.44000244140625,71.8499984741211,72.1500015258789,65.26263427734375,18214400
2017-08-04,72.4000015258789,73.04000091552734,72.23999786376953,72.68000030517578,65.7420425415039,22579000
2017-08-07,72.80000305175781,72.9000015258789,72.26000213623047,72.4000015258789,65.48876190185547,18705700
2017-08-08,72.08999633789062,73.12999725341797,71.75,72.79000091552734,65.8415298461914,22044600
2017-08-09,72.25,72.51000213623047,72.05000305175781,72.47000122070312,65.55207061767578,22213400
2017-08-10,71.9000015258789,72.19000244140625,71.3499984741211,71.41000366210938,64.59326934814453,24734500
2017-08-11,71.61000061035156,72.69999694824219,71.27999877929688,72.5,65.57923126220703,21443700
2017-08-14,73.05999755859375,73.72000122070312,72.94999694824219,73.58999633789062,66.56515502929688,20096600
2017-08-15,73.58999633789062,73.58999633789062,73.04000091552734,73.22000122070312,66.5833511352539,19181400
2017-08-16,73.33999633789062,74.0999984741211,73.16999816894531,73.6500015258789,66.97437286376953,18150400
2017-08-17,73.58000183105469,73.87000274658203,72.4000015258789,72.4000015258789,65.83767700195312,22977500
2017-08-18,72.2699966430664,72.83999633789062,71.93000030517578,72.48999786376953,65.91950988769531,18761500
2017-08-21,72.47000122070312,72.4800033569336,71.69999694824219,72.1500015258789,65.6103515625,17734800
2017-08-22,72.3499984741211,73.23999786376953,72.3499984741211,73.16000366210938,66.52880859375,14343700
2017-08-23,72.95999908447266,73.1500015258789,72.52999877929688,72.72000122070312,66.12869262695312,13766500
2017-08-24,72.73999786376953,72.86000061035156,72.06999969482422,72.69000244140625,66.1014175415039,17098300
2017-08-25,72.86000061035156,73.3499984741211,72.4800033569336,72.81999969482422,66.2196044921875,12794300
2017-08-28,73.05999755859375,73.08999633789062,72.55000305175781,72.83000183105469,66.22869873046875,14569700
2017-08-29,72.25,73.16000366210938,72.05000305175781,73.05000305175781,66.42878723144531,11478400
2017-08-30,73.01000213623047,74.20999908447266,72.83000183105469,74.01000213623047,67.30175018310547,16897800
2017-08-31,74.02999877929688,74.95999908447266,73.80000305175781,74.7699966430664,67.99285125732422,27652800
2017-09-01,74.70999908447266,74.73999786376953,73.63999938964844,73.94000244140625,67.23809814453125,21736200
2017-09-05,73.33999633789062,73.88999938964844,72.9800033569336,73.61000061035156,66.93800354003906,21556000
2017-09-06,73.73999786376953,74.04000091552734,73.3499984741211,73.4000015258789,66.74703979492188,16535800
2017-09-07,73.68000030517578,74.5999984741211,73.5999984741211,74.33999633789062,67.6018295288086,17471200
2017-09-08,74.33000183105469,74.44000244140625,73.83999633789062,73.9800033569336,67.27447509765625,14703800
2017-09-11,74.30999755859375,74.94000244140625,74.30999755859375,74.76000213623047,67.9837646484375,17910400
2017-09-12,74.76000213623047,75.23999786376953,74.37000274658203,74.68000030517578,67.91102600097656,14394900
2017-09-13,74.93000030517578,75.2300033569336,74.55000305175781,75.20999908447266,68.3929672241211,13380800
2017-09-14,75.0,75.48999786376953,74.5199966430664,74.7699966430664,67.99285125732422,15733900
2017-09-15,74.83000183105469,75.38999938964844,74.06999969482422,75.30999755859375,68.48391723632812,38578400
2017-09-18,75.2300033569336,75.97000122070312,75.04000091552734,75.16000366210938,68.3475112915039,23307000
2017-09-19,75.20999908447266,75.70999908447266,75.01000213623047,75.44000244140625,68.60214233398438,16093300
2017-09-20,75.3499984741211,75.55000305175781,74.30999755859375,74.94000244140625,68.14747619628906,21587900
2017-09-21,75.11000061035156,75.23999786376953,74.11000061035156,74.20999908447266,67.48361206054688,19186100
2017-09-22,73.98999786376953,74.51000213623047,73.8499984741211,74.41000366210938,67.66549682617188,14111400
2017-09-25,74.08999633789062,74.25,72.91999816894531,73.26000213623047,66.6197280883789,24149200
2017-09-26,73.66999816894531,73.80999755859375,72.98999786376953,73.26000213623047,66.6197280883789,18019600
2017-09-27,73.55000305175781,74.16999816894531,73.16999816894531,73.8499984741211,67.15624237060547,19565100
2017-09-28,73.54000091552734,73.97000122070312,73.30999755859375,73.87000274658203,67.1744384765625,10883800
2017-09-29,73.94000244140625,74.54000091552734,73.87999725341797,74.48999786376953,67.73822784423828,17079100
2017-10-02,74.70999908447266,75.01000213623047,74.30000305175781,74.61000061035156,67.84732818603516,15304800
2017-10-03,74.66999816894531,74.87999725341797,74.19000244140625,74.26000213623047,67.52909851074219,12190400
2017-10-04,74.08999633789062,74.72000122070312,73.70999908447266,74.69000244140625,67.92012786865234,13317700
2017-10-05,75.22000122070312,76.12000274658203,74.95999908447266,75.97000122070312,69.08409118652344,21195300
2017-10-06,75.66999816894531,76.02999877929688,75.54000091552734,76.0,69.11138153076172,13959800
2017-10-09,75.97000122070312,76.55000305175781,75.86000061035156,76.29000091552734,69.37509155273438,11386500
2017-10-10,76.33000183105469,76.62999725341797,76.13999938964844,76.29000091552734,69.37509155273438,13944500
2017-10-11,76.36000061035156,76.45999908447266,75.94999694824219,76.41999816894531,69.49330139160156,15388900
2017-10-12,76.48999786376953,77.29000091552734,76.37000274658203,77.12000274658203,70.12987518310547,16876500
2017-10-13,77.58999633789062,77.87000274658203,77.29000091552734,77.48999786376953,70.46630859375,15335700
2017-10-16,77.41999816894531,77.80999755859375,77.3499984741211,77.6500015258789,70.61180877685547,12380100
2017-10-17,77.47000122070312,77.62000274658203,77.25,77.58999633789062,70.55724334716797,16824000
2017-10-18,77.66999816894531,77.8499984741211,77.37000274658203,77.61000061035156,70.575439453125,13300700
2017-10-19,77.56999969482422,77.93000030517578,77.3499984741211,77.91000366210938,70.84825897216797,15092800
2017-10-20,78.31999969482422,78.97000122070312,78.22000122070312,78.80999755859375,71.66667175292969,22866400
2017-10-23,78.98999786376953,79.33999633789062,78.76000213623047,78.83000183105469,71.68486785888672,20627200
2017-10-24,78.9000015258789,79.19999694824219,78.45999908447266,78.86000061035156,71.712158203125,17517200
2017-10-25,78.58000183105469,79.0999984741211,78.01000213623047,78.62999725341797,71.50300598144531,20410800
2017-10-26,79.19999694824219,79.41999816894531,78.75,78.76000213623047,71.62122344970703,32120700
2017-10-27,84.37000274658203,86.19999694824219,83.61000061035156,83.80999755859375,76.21344757080078,71066700
2017-10-30,83.69999694824219,84.33000183105469,83.11000061035156,83.88999938964844,76.28621673583984,31756700
2017-10-31,84.36000061035156,84.36000061035156,83.11000061035156,83.18000030517578,75.64057922363281,27086600
2017-11-01,83.68000030517578,83.76000213623047,82.87999725341797,83.18000030517578,75.64057922363281,22307400
2017-11-02,83.3499984741211,84.45999908447266,83.12000274658203,84.05000305175781,76.4317398071289,23992900
2017-11-03,84.08000183105469,84.54000091552734,83.4000015258789,84.13999938964844,76.51355743408203,17633500
2017-11-06,84.19999694824219,84.69999694824219,84.08000183105469,84.47000122070312,76.81365966796875,19860900
2017-11-07,84.7699966430664,84.9000015258789,83.93000030517578,84.2699966430664,76.63177490234375,17939700
2017-11-08,84.13999938964844,84.61000061035156,83.83000183105469,84.55999755859375,76.8954849243164,18034200
2017-11-09,84.11000061035156,84.2699966430664,82.9000015258789,84.08999633789062,76.46807861328125,21178400
2017-11-10,83.79000091552734,84.0999984741211,83.2300033569336,83.87000274658203,76.26803588867188,19397800
2017-11-13,83.66000366210938,83.94000244140625,83.45999908447266,83.93000030517578,76.32260131835938,14196900
2017-11-14,83.5,84.0999984741211,82.9800033569336,84.05000305175781,76.4317398071289,18801300
2017-11-15,83.47000122070312,83.69000244140625,82.69000244140625,82.9800033569336,75.837646484375,19383100
2017-11-16,83.0999984741211,83.41999816894531,82.94000244140625,83.19999694824219,76.03873443603516,20962800
2017-11-17,83.12000274658203,83.12000274658203,82.23999786376953,82.4000015258789,75.30760955810547,22079000
2017-11-20,82.4000015258789,82.58999633789062,82.25,82.52999877929688,75.42639923095703,16315000
2017-11-21,82.73999786376953,83.83999633789062,82.73999786376953,83.72000122070312,76.51396179199219,21237500
2017-11-22,83.83000183105469,83.9000015258789,83.04000091552734,83.11000061035156,75.95648956298828,20553100
2017-11-24,83.01000213623047,83.43000030517578,82.77999877929688,83.26000213623047,76.09358215332031,7425600
2017-11-27,83.30999755859375,83.9800033569336,83.30000305175781,83.87000274658203,76.65107727050781,18265200
2017-11-28,84.06999969482422,85.05999755859375,84.0199966430664,84.87999725341797,77.57412719726562,21926000
2017-11-29,84.70999908447266,84.91999816894531,83.18000030517578,83.33999633789062,76.16667938232422,27381100
2017-11-30,83.51000213623047,84.5199966430664,83.33999633789062,84.16999816894531,76.92525482177734,33054600
2017-12-01,83.5999984741211,84.80999755859375,83.22000122070312,84.26000213623047,77.00749969482422,29532100
2017-12-04,84.41999816894531,84.43000030517578,80.69999694824219,81.08000183105469,74.10120391845703,39094900
2017-12-05,81.33999633789062,82.68000030517578,80.9800033569336,81.58999633789062,74.56732177734375,26152300
2017-12-06,81.55000305175781,83.13999938964844,81.43000030517578,82.77999877929688,75.65486907958984,26162100
2017-12-07,82.54000091552734,82.80000305175781,82.0,82.48999786376953,75.38981628417969,23184500
2017-12-08,83.62999725341797,84.58000183105469,83.33000183105469,84.16000366210938,76.9161148071289,24489100
2017-12-11,84.29000091552734,85.37000274658203,84.12000274658203,85.2300033569336,77.89402770996094,22857900
2017-12-12,85.30999755859375,86.05000305175781,85.08000183105469,85.58000183105469,78.21388244628906,23924100
2017-12-13,85.73999786376953,86.0,85.16999816894531,85.3499984741211,78.00364685058594,22062700
2017-12-14,85.43000030517578,85.87000274658203,84.52999877929688,84.69000244140625,77.4004898071289,19306000
2017-12-15,85.26000213623047,87.08999633789062,84.87999725341797,86.8499984741211,79.37457275390625,53936700
2017-12-18,87.12000274658203,87.5,86.2300033569336,86.37999725341797,78.94501495361328,22283800
2017-12-19,86.3499984741211,86.3499984741211,85.2699966430664,85.83000183105469,78.44237518310547,23524800
2017-12-20,86.19999694824219,86.30000305175781,84.70999908447266,85.5199966430664,78.15904998779297,23674900
2017-12-21,86.05000305175781,86.0999984741211,85.4000015258789,85.5,78.14075469970703,17990700
2017-12-22,85.4000015258789,85.62999725341797,84.91999816894531,85.51000213623047,78.14990997314453,14145800
2017-12-26,85.30999755859375,85.52999877929688,85.02999877929688,85.4000015258789,78.04937744140625,9891200
2017-12-27,85.6500015258789,85.9800033569336,85.22000122070312,85.70999908447266,78.33271026611328,14678000
2017-12-28,85.9000015258789,85.93000030517578,85.55000305175781,85.72000122070312,78.3418197631836,10594300
2017-12-29,85.62999725341797,86.05000305175781,85.5,85.54000091552734,78.17729949951172,18717400
2018-01-02,86.12999725341797,86.30999755859375,85.5,85.94999694824219,78.5520248413086,22483800
2018-01-03,86.05999755859375,86.51000213623047,85.97000122070312,86.3499984741211,78.91761016845703,26061400
2018-01-04,86.58999633789062,87.66000366210938,86.56999969482422,87.11000061035156,79.61219024658203,21912000
2018-01-05,87.66000366210938,88.41000366210938,87.43000030517578,88.19000244140625,80.5992202758789,23407100
2018-01-08,88.19999694824219,88.58000183105469,87.5999984741211,88.27999877929688,80.68148040771484,22113000
2018-01-09,88.6500015258789,88.7300033569336,87.86000061035156,88.22000122070312,80.62665557861328,19484300
2018-01-10,87.86000061035156,88.19000244140625,87.41000366210938,87.81999969482422,80.2610855102539,18652200
2018-01-11,88.12999725341797,88.12999725341797,87.23999786376953,88.08000183105469,80.4986801147461,17808900
2018-01-12,88.66999816894531,89.77999877929688,88.44999694824219,89.5999984741211,81.88786315917969,24271500
2018-01-16,90.0999984741211,90.79000091552734,88.01000213623047,88.3499984741211,80.74544525146484,36599700
2018-01-17,89.08000183105469,90.27999877929688,88.75,90.13999938964844,82.38140869140625,25621200
2018-01-18,89.80000305175781,90.66999816894531,89.66000366210938,90.0999984741211,82.34485626220703,24159700
2018-01-19,90.13999938964844,90.61000061035156,89.66000366210938,90.0,82.25343322753906,36875000
2018-01-22,90.0,91.62000274658203,89.73999786376953,91.61000061035156,83.72486114501953,23601600
2018-01-23,91.9000015258789,92.30000305175781,91.54000091552734,91.9000015258789,83.9898910522461,23412800
2018-01-24,92.55000305175781,93.43000030517578,91.58000183105469,91.81999969482422,83.91678619384766,33277500
2018-01-25,92.47000122070312,93.23999786376953,91.93000030517578,92.33000183105469,84.38290405273438,26383200
2018-01-26,93.12000274658203,94.05999755859375,92.58000183105469,94.05999755859375,85.96398162841797,29172200
2018-01-29,95.13999938964844,95.44999694824219,93.72000122070312,93.91999816894531,85.83602905273438,31569900
2018-01-30,93.30000305175781,93.66000366210938,92.0999984741211,92.73999786376953,84.75759887695312,38635100
2018-01-31,93.75,95.4000015258789,93.51000213623047,95.01000213623047,86.83222198486328,48756300
2018-02-01,94.79000091552734,96.06999969482422,93.58000183105469,94.26000213623047,86.14676666259766,47227900
2018-02-02,93.63999938964844,93.97000122070312,91.5,91.77999877929688,83.88023376464844,47867800
2018-02-05,90.55999755859375,93.23999786376953,88.0,88.0,80.42557525634766,51031500
2018-02-06,86.88999938964844,91.4800033569336,85.25,91.33000183105469,83.46895599365234,67998600
2018-02-07,90.48999786376953,91.7699966430664,89.19999694824219,89.61000061035156,81.89701080322266,41107600
2018-02-08,89.70999908447266,89.87999725341797,84.76000213623047,85.01000213623047,77.69294738769531,55628700
2018-02-09,86.30000305175781,88.93000030517578,83.83000183105469,88.18000030517578,80.59009552001953,63499100
2018-02-12,88.73999786376953,89.77999877929688,87.93000030517578,89.12999725341797,81.45831298828125,35720300
2018-02-13,88.93000030517578,90.0,87.80000305175781,89.83000183105469,82.09807586669922,26407700
2018-02-14,88.51000213623047,90.98999786376953,88.41000366210938,90.80999755859375,83.38355255126953,34960900
2018-02-15,91.20999908447266,92.72000122070312,90.62000274658203,92.66000366210938,85.0822982788086,27823900
2018-02-16,92.44999694824219,93.5,91.80000305175781,92.0,84.47625732421875,30596900
2018-02-20,91.4800033569336,93.05999755859375,91.01000213623047,92.72000122070312,85.13737487792969,30911700
2018-02-21,92.9800033569336,93.36000061035156,91.48999786376953,91.48999786376953,84.00796508789062,26922500
2018-02-22,92.05000305175781,92.7300033569336,91.36000061035156,91.7300033569336,84.22833251953125,24392800
2018-02-23,93.5999984741211,94.06999969482422,92.36000061035156,94.05999755859375,86.3677749633789,26329200
2018-02-26,94.4000015258789,95.44999694824219,94.25,95.41999816894531,87.61656951904297,30199800
2018-02-27,95.73999786376953,95.83999633789062,94.19999694824219,94.19999694824219,86.496337890625,25869100
2018-02-28,94.83999633789062,95.70999908447266,93.62999725341797,93.7699966430664,86.10149383544922,31167300
2018-03-01,93.98999786376953,94.56999969482422,91.83999633789062,92.8499984741211,85.25674438476562,37135600
2018-03-02,91.58000183105469,93.1500015258789,90.86000061035156,93.05000305175781,85.44041442871094,32830400
2018-03-05,92.33999633789062,94.2699966430664,92.26000213623047,93.63999938964844,85.98212432861328,23901600
2018-03-06,94.33999633789062,94.48999786376953,92.94000244140625,93.31999969482422,85.68830108642578,22175800
2018-03-07,93.16000366210938,93.94000244140625,92.43000030517578,93.86000061035156,86.18414306640625,26716100
2018-03-08,94.2699966430664,95.0999984741211,93.7699966430664,94.43000030517578,86.7075424194336,25887800
2018-03-09,95.29000091552734,96.54000091552734,95.0,96.54000091552734,88.64498138427734,36937300
2018-03-12,96.5,97.20999908447266,96.04000091552734,96.7699966430664,88.85616302490234,26073700
2018-03-13,97.0,97.23999786376953,93.97000122070312,94.41000366210938,86.6891860961914,35387800
2018-03-14,95.12000274658203,95.41000366210938,93.5,93.8499984741211,86.17494201660156,32132000
2018-03-15,93.52999877929688,94.58000183105469,92.83000183105469,94.18000030517578,86.47797393798828,27611000
2018-03-16,94.68000030517578,95.37999725341797,93.91999816894531,94.5999984741211,86.86363983154297,49081300
2018-03-19,93.73999786376953,93.9000015258789,92.11000061035156,92.88999938964844,85.29346466064453,33344100
2018-03-20,93.05000305175781,93.7699966430664,93.0,93.12999725341797,85.51384735107422,23075200
2018-03-21,92.93000030517578,94.05000305175781,92.20999908447266,92.4800033569336,84.91700744628906,24457100
2018-03-22,91.2699966430664,91.75,89.66000366210938,89.79000091552734,82.4469985961914,38604700
2018-03-23,89.5,90.45999908447266,87.08000183105469,87.18000030517578,80.0504150390625,44068900
2018-03-26,90.61000061035156,94.0,90.4000015258789,93.77999877929688,86.11071014404297,56396800
2018-03-27,94.94000244140625,95.13999938964844,88.51000213623047,89.47000122070312,82.15315246582031,56569000
2018-03-28,89.81999969482422,91.2300033569336,88.87000274658203,89.38999938964844,82.0796890258789,52501100
2018-03-29,90.18000030517578,92.29000091552734,88.4000015258789,91.2699966430664,83.80598449707031,45867500
2018-04-02,90.47000122070312,90.87999725341797,87.51000213623047,88.5199966430664,81.28085327148438,48515400
2018-04-03,89.58000183105469,90.05000305175781,87.88999938964844,89.70999908447266,82.37353515625,37213800
2018-04-04,87.8499984741211,92.76000213623047,87.7300033569336,92.33000183105469,84.779296875,35560000
2018-04-05,92.44000244140625,93.06999969482422,91.4000015258789,92.37999725341797,84.82518768310547,29771900
2018-04-06,91.48999786376953,92.45999908447266,89.4800033569336,90.2300033569336,82.85100555419922,38026000
2018-04-09,91.04000091552734,93.16999816894531,90.62000274658203,90.7699966430664,83.34686279296875,31533900
2018-04-10,92.38999938964844,93.27999877929688,91.63999938964844,92.87999725341797,85.28428649902344,26812000
2018-04-11,92.01000213623047,93.29000091552734,91.4800033569336,91.86000061035156,84.34770965576172,24872100
2018-04-12,92.43000030517578,94.16000366210938,92.43000030517578,93.58000183105469,85.92703247070312,26758900
2018-04-13,94.05000305175781,94.18000030517578,92.44000244140625,93.08000183105469,85.46792602539062,23346100
2018-04-16,94.06999969482422,94.66000366210938,93.41999816894531,94.16999816894531,86.46879577636719,20288100
2018-04-17,95.0,96.54000091552734,94.87999725341797,96.06999969482422,88.21342468261719,26771000
2018-04-18,96.22000122070312,96.72000122070312,95.5199966430664,96.44000244140625,88.55318450927734,21043300
2018-04-19,96.44000244140625,97.06999969482422,95.33999633789062,96.11000061035156,88.25016021728516,23552500
2018-04-20,95.91000366210938,96.11000061035156,94.05000305175781,95.0,87.23091888427734,31154400
2018-04-23,95.73999786376953,96.29000091552734,94.62999725341797,95.3499984741211,87.55229187011719,22331800
2018-04-24,96.23999786376953,96.47000122070312,92.41000366210938,93.12000274658203,85.50465393066406,34524800
2018-04-25,93.30000305175781,93.30000305175781,90.27999877929688,92.30999755859375,84.76090240478516,33729300
2018-04-26,93.55000305175781,95.1500015258789,93.0999984741211,94.26000213623047,86.55142974853516,42529000
2018-04-27,97.5999984741211,97.9000015258789,93.91000366210938,95.81999969482422,87.9838638305664,48272800
2018-04-30,96.33000183105469,96.4000015258789,93.1500015258789,93.5199966430664,85.87194061279297,41523600
2018-05-01,93.20999908447266,95.29000091552734,92.79000091552734,95.0,87.23091888427734,31408900
2018-05-02,94.98999786376953,95.16999816894531,93.19000244140625,93.51000213623047,85.86279296875,27471000
2018-05-03,92.95999908447266,94.93000030517578,92.44999694824219,94.06999969482422,86.37696838378906,31142500
2018-05-04,93.31999969482422,95.37000274658203,92.91999816894531,95.16000366210938,87.3778305053711,22531300
2018-05-07,95.16999816894531,96.70999908447266,95.0999984741211,96.22000122070312,88.35116577148438,24242000
2018-05-08,95.8499984741211,96.16000366210938,95.05999755859375,95.80999755859375,87.97467041015625,23484600
2018-05-09,96.01000213623047,96.97000122070312,95.05000305175781,96.94000244140625,89.01226043701172,27327400
2018-05-10,97.45999908447266,97.94999694824219,97.05000305175781,97.91000366210938,89.90296173095703,22388100
2018-05-11,97.80000305175781,97.87000274658203,97.04000091552734,97.69999694824219,89.71012878417969,16778300
2018-05-14,97.91999816894531,98.69000244140625,97.30999755859375,98.02999877929688,90.01313781738281,19454100
2018-05-15,97.23999786376953,97.8499984741211,96.33999633789062,97.31999969482422,89.36117553710938,24594000
2018-05-16,97.36000061035156,97.4000015258789,96.62000274658203,97.1500015258789,89.59172821044922,17384700
2018-05-17,96.76000213623047,97.54000091552734,95.83000183105469,96.18000030517578,88.69720458984375,17246700
2018-05-18,96.01000213623047,96.93000030517578,96.01000213623047,96.36000061035156,88.86321258544922,17865800
2018-05-21,97.0,98.01000213623047,96.80000305175781,97.5999984741211,90.00672912597656,19422500
2018-05-22,97.68000030517578,98.16999816894531,97.19999694824219,97.5,89.91452026367188,15441200
2018-05-23,96.70999908447266,98.7300033569336,96.31999969482422,98.66000366210938,90.98426818847656,21251200
2018-05-24,98.7300033569336,98.94000244140625,96.80999755859375,98.30999755859375,90.66146850585938,26649300
2018-05-25,98.30000305175781,98.9800033569336,97.86000061035156,98.36000061035156,90.70760345458984,18363900
2018-05-29,97.83999633789062,98.87999725341797,97.2300033569336,98.01000213623047,90.38482666015625,28671000
2018-05-30,98.30999755859375,99.25,97.91000366210938,98.94999694824219,91.25167846679688,22158500
2018-05-31,99.29000091552734,99.98999786376953,98.61000061035156,98.83999633789062,91.15026092529297,34140900
2018-06-01,99.27999877929688,100.86000061035156,99.16999816894531,100.79000091552734,92.94855499267578,28655600
2018-06-04,101.26000213623047,101.86000061035156,100.8499984741211,101.66999816894531,93.76007843017578,27281600
2018-06-05,102.0,102.33000183105469,101.52999877929688,102.19000244140625,94.2396469116211,23514400
2018-06-06,102.4800033569336,102.5999984741211,101.9000015258789,102.48999786376953,94.51630401611328,21122900
2018-06-07,102.6500015258789,102.69000244140625,100.37999725341797,100.87999725341797,93.03153991699219,28232200
2018-06-08,101.08999633789062,101.94999694824219,100.54000091552734,101.62999725341797,93.72321319580078,22165100
2018-06-11,101.01000213623047,101.58999633789062,100.66999816894531,101.05000305175781,93.18831634521484,23490900
2018-06-12,101.0999984741211,101.44999694824219,100.75,101.30999755859375,93.42808532714844,18325200
2018-06-13,101.72000122070312,102.01000213623047,100.55999755859375,100.8499984741211,93.00389099121094,29492900
2018-06-14,101.6500015258789,102.02999877929688,101.0,101.41999816894531,93.52953338623047,25691800
2018-06-15,101.51000213623047,101.52999877929688,100.06999969482422,100.12999725341797,92.33991241455078,65738600
2018-06-18,100.01000213623047,101.11000061035156,99.41999816894531,100.86000061035156,93.01309204101562,23586000
2018-06-19,99.6500015258789,101.0,99.5,100.86000061035156,93.01309204101562,28653100
2018-06-20,101.37000274658203,102.5199966430664,101.12000274658203,101.87000274658203,93.94453430175781,26180800
2018-06-21,102.08000183105469,102.45999908447266,100.87999725341797,101.13999938964844,93.27131652832031,23198200
2018-06-22,100.41000366210938,100.7699966430664,99.62999725341797,100.41000366210938,92.59811401367188,38923100
2018-06-25,100.0,100.11000061035156,97.30000305175781,98.38999938964844,90.73527526855469,35433300
2018-06-26,98.81999969482422,100.08000183105469,98.75,99.08000183105469,91.37158203125,26897200
2018-06-27,99.58000183105469,100.0199966430664,97.4000015258789,97.54000091552734,89.9513931274414,31298400
2018-06-28,97.37999725341797,99.11000061035156,97.26000213623047,98.62999725341797,90.95658874511719,26650700
2018-06-29,98.93000030517578,99.91000366210938,98.33000183105469,98.61000061035156,90.93814849853516,28053200
2018-07-02,98.0999984741211,100.05999755859375,98.0,100.01000213623047,92.22924041748047,19564500
2018-07-03,100.4800033569336,100.62999725341797,98.94000244140625,99.05000305175781,91.34394073486328,14670300
2018-07-05,99.5,99.91999816894531,99.02999877929688,99.76000213623047,91.99868774414062,18977400
2018-07-06,99.88999938964844,101.43000030517578,99.66999816894531,101.16000366210938,93.28976440429688,19234600
2018-07-09,101.6500015258789,102.25,101.25,101.8499984741211,93.92606353759766,18212000
2018-07-10,102.0,102.51000213623047,101.86000061035156,102.12000274658203,94.17507934570312,19293100
2018-07-11,101.1500015258789,102.33999633789062,101.0999984741211,101.9800033569336,94.0459976196289,19644600
2018-07-12,102.7699966430664,104.41000366210938,102.7300033569336,104.19000244140625,96.08404541015625,24335900
2018-07-13,104.37000274658203,105.5999984741211,104.08999633789062,105.43000030517578,97.2275619506836,24635200
2018-07-16,105.4000015258789,105.81999969482422,104.5199966430664,104.91000366210938,96.74801635742188,21786900
2018-07-17,104.61000061035156,106.5,104.31999969482422,105.94999694824219,97.70710754394531,25901700
2018-07-18,105.94000244140625,106.05000305175781,104.72000122070312,105.12000274658203,96.94168853759766,29493900
2018-07-19,104.93000030517578,105.30999755859375,103.88999938964844,104.4000015258789,96.27769470214844,40171600
2018-07-20,108.08000183105469,108.19999694824219,106.08000183105469,106.2699966430664,98.00220489501953,56004000
2018-07-23,106.30000305175781,108.13999938964844,106.12999725341797,107.97000122070312,99.5699234008789,29707000
2018-07-24,108.56999969482422,108.81999969482422,107.26000213623047,107.66000366210938,99.28404998779297,26316600
2018-07-25,107.95999908447266,111.1500015258789,107.5999984741211,110.83000183105469,102.20743560791016,30702100
2018-07-26,110.73999786376953,111.0,109.5,109.62000274658203,101.09160614013672,31372100
2018-07-27,110.18000030517578,110.18000030517578,106.13999938964844,107.68000030517578,99.30253601074219,37005300
2018-07-30,107.19000244140625,107.52999877929688,104.76000213623047,105.37000274658203,97.17225646972656,34668300
2018-07-31,106.48999786376953,106.72000122070312,105.37999725341797,106.08000183105469,97.82701110839844,27655200
2018-08-01,106.02999877929688,106.44999694824219,105.41999816894531,106.27999877929688,98.01142883300781,23628700
2018-08-02,105.4000015258789,108.08999633789062,104.83999633789062,107.56999969482422,99.20106506347656,26104300
2018-08-03,107.80000305175781,108.05000305175781,106.81999969482422,108.04000091552734,99.63449096679688,18659600
2018-08-06,108.12000274658203,108.41999816894531,107.55999755859375,108.12999725341797,99.7175064086914,20265900
2018-08-07,108.55999755859375,109.0999984741211,108.16999816894531,108.87999725341797,100.40914916992188,16080200
2018-08-08,109.33000183105469,109.75,108.76000213623047,109.48999786376953,100.9717025756836,15487500
2018-08-09,109.70999908447266,110.16000366210938,109.5999984741211,109.66999816894531,101.1376953125,13677200
2018-08-10,109.41999816894531,109.69000244140625,108.37999725341797,109.0,100.51983642578125,18183700
2018-08-13,109.23999786376953,109.58000183105469,108.0999984741211,108.20999908447266,99.79125213623047,18472500
2018-08-14,108.55999755859375,109.75,108.04000091552734,109.55999755859375,101.03624725341797,16788300
2018-08-15,108.48999786376953,108.98999786376953,106.81999969482422,107.66000366210938,99.66612243652344,29982800
2018-08-16,108.30000305175781,108.86000061035156,107.30000305175781,107.63999938964844,99.64762115478516,21384300
2018-08-17,107.36000061035156,107.9000015258789,106.69000244140625,107.58000183105469,99.59207153320312,18061500
2018-08-20,107.51000213623047,107.9000015258789,106.4800033569336,106.87000274658203,98.93479919433594,17914200
2018-08-21,106.91999816894531,107.3499984741211,105.8499984741211,105.9800033569336,98.11089324951172,22881900
2018-08-22,105.8499984741211,107.33999633789062,105.77999877929688,107.05999755859375,99.11070251464844,18000600
2018-08-23,107.1500015258789,108.18000030517578,106.87000274658203,107.55999755859375,99.57356262207031,18167700
2018-08-24,107.66999816894531,108.55999755859375,107.55999755859375,108.4000015258789,100.35118103027344,17234000
2018-08-27,109.2699966430664,109.63999938964844,108.51000213623047,109.5999984741211,101.46208190917969,19662300
2018-08-28,109.94000244140625,110.5,109.79000091552734,110.26000213623047,102.07308959960938,19151500
2018-08-29,110.44999694824219,112.02999877929688,110.2699966430664,112.0199966430664,103.70240783691406,20818000
2018-08-30,111.66999816894531,112.61000061035156,111.44000244140625,111.94999694824219,103.63758850097656,22798700
2018-08-31,111.69000244140625,112.77999877929688,111.5199966430664,112.33000183105469,103.98941040039062,23222700
2018-09-04,110.8499984741211,111.95999908447266,110.22000122070312,111.70999908447266,103.4154281616211,22634600
2018-09-05,111.01000213623047,111.41999816894531,108.0999984741211,108.48999786376953,100.43449401855469,32872400
2018-09-06,108.25,108.98999786376953,107.51000213623047,108.73999786376953,100.66594696044922,23477600
2018-09-07,108.2300033569336,108.72000122070312,107.2300033569336,108.20999908447266,100.17527770996094,22498600
2018-09-10,108.83999633789062,109.63999938964844,108.36000061035156,109.37999725341797,101.25839233398438,20727900
2018-09-11,108.9000015258789,111.58999633789062,108.88999938964844,111.23999786376953,102.98029327392578,24301800
2018-09-12,111.43000030517578,111.8499984741211,110.51000213623047,111.70999908447266,103.4154281616211,18891100
2018-09-13,112.12000274658203,113.7300033569336,112.12000274658203,112.91000366210938,104.5263442993164,26055600
2018-09-14,113.36000061035156,113.7300033569336,112.44000244140625,113.37000274658203,104.9521713256836,19122300
2018-09-17,113.69000244140625,113.69999694824219,111.86000061035156,112.13999938964844,103.8134994506836,20736500
2018-09-18,112.19000244140625,113.69999694824219,111.72000122070312,113.20999908447266,104.80403137207031,22170900
2018-09-19,113.05000305175781,113.31999969482422,111.04000091552734,111.69999694824219,103.40617370605469,21728400
2018-09-20,112.27999877929688,113.80000305175781,111.93000030517578,113.56999969482422,105.1373062133789,23714500
2018-09-21,114.0,115.29000091552734,113.51000213623047,114.26000213623047,105.77608489990234,71229700
2018-09-24,113.02999877929688,114.9000015258789,112.22000122070312,114.66999816894531,106.15564727783203,27334500
2018-09-25,114.80000305175781,115.0999984741211,113.75,114.44999694824219,105.95196533203125,22668000
2018-09-26,114.47000122070312,115.05999755859375,113.73999786376953,113.9800033569336,105.51689147949219,19352000
2018-09-27,114.77999877929688,114.91000366210938,114.19999694824219,114.41000366210938,105.91495513916016,19091300
2018-09-28,114.19000244140625,114.56999969482422,113.68000030517578,114.37000274658203,105.87789916992188,21647800
2018-10-01,114.75,115.68000030517578,114.7300033569336,115.61000061035156,107.0258560180664,18883100
2018-10-02,115.30000305175781,115.83999633789062,114.44000244140625,115.1500015258789,106.60000610351562,20787200
2018-10-03,115.41999816894531,116.18000030517578,114.93000030517578,115.16999816894531,106.6185073852539,16648000
2018-10-04,114.61000061035156,114.76000213623047,111.62999725341797,112.79000091552734,104.41522979736328,34821700
2018-10-05,112.62999725341797,113.16999816894531,110.63999938964844,112.12999725341797,103.80422973632812,29068900
2018-10-08,111.66000366210938,112.02999877929688,109.33999633789062,110.8499984741211,102.6192855834961,29640600
2018-10-09,111.13999938964844,113.08000183105469,110.80000305175781,112.26000213623047,103.92457580566406,26198600
2018-10-10,111.23999786376953,111.5,105.79000091552734,106.16000366210938,98.27750396728516,61376300
2018-10-11,105.3499984741211,108.93000030517578,104.19999694824219,105.91000366210938,98.04607391357422,63904300
2018-10-12,109.01000213623047,111.23999786376953,107.12000274658203,109.56999969482422,101.43431091308594,47742100
2018-10-15,108.91000366210938,109.4800033569336,106.94999694824219,107.5999984741211,99.61058807373047,32068100
2018-10-16,109.54000091552734,111.41000366210938,108.94999694824219,111.0,102.75816345214844,31610200
2018-10-17,111.68000030517578,111.80999755859375,109.55000305175781,110.70999908447266,102.4896469116211,26548200
2018-10-18,110.0999984741211,110.52999877929688,107.83000183105469,108.5,100.44377136230469,32506200
2018-10-19,108.93000030517578,110.86000061035156,108.20999908447266,108.66000366210938,100.59188079833984,32785500
2018-10-22,109.31999969482422,110.54000091552734,108.23999786376953,109.62999725341797,101.48987579345703,26545600
2018-10-23,107.7699966430664,108.97000122070312,105.11000061035156,108.0999984741211,100.07347106933594,43770400
2018-10-24,108.41000366210938,108.48999786376953,101.58999633789062,102.31999969482422,94.72264862060547,63897800
2018-10-25,106.55000305175781,109.2699966430664,106.1500015258789,108.30000305175781,100.25861358642578,61646800
2018-10-26,105.69000244140625,108.75,104.76000213623047,106.95999908447266,99.01813507080078,55523100
2018-10-29,108.11000061035156,108.69999694824219,101.62999725341797,103.8499984741211,96.1390151977539,55162000
2018-10-30,103.66000366210938,104.37999725341797,100.11000061035156,103.7300033569336,96.0279541015625,65350900
2018-10-31,105.44000244140625,108.13999938964844,105.38999938964844,106.80999755859375,98.87924194335938,51062400
2018-11-01,107.05000305175781,107.31999969482422,105.52999877929688,105.91999816894531,98.05531311035156,33384200
2018-11-02,106.4800033569336,107.31999969482422,104.9800033569336,106.16000366210938,98.27750396728516,37680200
2018-11-05,106.37000274658203,107.73999786376953,105.9000015258789,107.51000213623047,99.52728271484375,27922100
2018-11-06,107.37999725341797,108.83999633789062,106.27999877929688,107.72000122070312,99.7216796875,24340200
2018-11-07,109.44000244140625,112.23999786376953,109.4000015258789,111.95999908447266,103.64686584472656,37901700
2018-11-08,111.80000305175781,112.20999908447266,110.91000366210938,111.75,103.45245361328125,25644100
2018-11-09,110.8499984741211,111.44999694824219,108.76000213623047,109.56999969482422,101.43431091308594,32039200
2018-11-12,109.41999816894531,109.95999908447266,106.0999984741211,106.87000274658203,98.93479919433594,33621800
2018-11-13,107.55000305175781,108.73999786376953,106.63999938964844,106.94000244140625,98.99959564208984,35374600
2018-11-14,108.0999984741211,108.26000213623047,104.47000122070312,104.97000122070312,97.59568786621094,39495100
2018-11-15,104.98999786376953,107.80000305175781,103.91000366210938,107.27999877929688,99.7434310913086,38505200
2018-11-16,107.08000183105469,108.87999725341797,106.80000305175781,108.29000091552734,100.68244934082031,33502100
2018-11-19,108.2699966430664,108.55999755859375,103.55000305175781,104.62000274658203,97.2702865600586,44773900
2018-11-20,101.80000305175781,102.97000122070312,99.3499984741211,101.70999908447266,94.56468963623047,64052500
2018-11-21,103.5999984741211,104.43000030517578,102.23999786376953,103.11000061035156,95.86634826660156,28130600
2018-11-23,102.16999816894531,103.80999755859375,102.0,103.06999969482422,95.82913208007812,13823100
2018-11-26,104.79000091552734,106.62999725341797,104.58000183105469,106.47000122070312,98.99030303955078,32336200
2018-11-27,106.2699966430664,107.33000183105469,105.36000061035156,107.13999938964844,99.61322021484375,29124500
2018-11-28,107.88999938964844,111.33000183105469,107.86000061035156,111.12000274658203,103.31365203857422,46788500
2018-11-29,110.33000183105469,111.12000274658203,109.02999877929688,110.19000244140625,102.44896697998047,28123200
2018-11-30,110.69999694824219,110.97000122070312,109.36000061035156,110.88999938964844,103.09979248046875,33665600
2018-12-03,113.0,113.41999816894531,110.7300033569336,112.08999633789062,104.21549224853516,34732800
2018-12-04,111.94000244140625,112.63999938964844,108.20999908447266,108.5199966430664,100.89627838134766,45197000
2018-12-06,105.81999969482422,109.23999786376953,105.0,109.19000244140625,101.51921844482422,49107400
2018-12-07,108.37999725341797,109.44999694824219,104.30000305175781,104.81999969482422,97.45623016357422,45044900
2018-12-10,104.80000305175781,107.9800033569336,103.88999938964844,107.58999633789062,100.0316162109375,40801500
2018-12-11,109.80000305175781,110.94999694824219,107.44000244140625,108.58999633789062,100.96137237548828,42381900
2018-12-12,110.88999938964844,111.2699966430664,109.04000091552734,109.08000183105469,101.41695404052734,36183000
2018-12-13,109.58000183105469,110.87000274658203,108.62999725341797,109.44999694824219,101.76093292236328,31333400
2018-12-14,108.25,109.26000213623047,105.5,106.02999877929688,98.58121490478516,47043100
2018-12-17,105.41000366210938,105.80000305175781,101.70999908447266,102.88999938964844,95.66180419921875,56957300
2018-12-18,103.75,104.51000213623047,102.5199966430664,103.97000122070312,96.66592407226562,49319200
2018-12-19,103.6500015258789,106.87999725341797,101.3499984741211,103.69000244140625,96.4056167602539,68198200
2018-12-20,103.05000305175781,104.30999755859375,98.77999877929688,101.51000213623047,94.37877655029297,70334200
2018-12-21,101.62999725341797,103.0,97.45999908447266,98.2300033569336,91.32917785644531,111242100
2018-12-24,97.68000030517578,97.97000122070312,93.9800033569336,94.12999725341797,87.5172119140625,43935200
2018-12-26,95.13999938964844,100.69000244140625,93.95999908447266,100.55999755859375,93.49549865722656,51634800
2018-12-27,99.30000305175781,101.19000244140625,96.4000015258789,101.18000030517578,94.07194519042969,49498500
2018-12-28,102.08999633789062,102.41000366210938,99.5199966430664,100.38999938964844,93.33744049072266,38196300
2018-12-31,101.29000091552734,102.4000015258789,100.44000244140625,101.56999969482422,94.43453979492188,33173800
2019-01-02,99.55000305175781,101.75,98.94000244140625,101.12000274658203,94.01617431640625,35329300
2019-01-03,100.0999984741211,100.19000244140625,97.19999694824219,97.4000015258789,90.5574722290039,42579100
2019-01-04,99.72000122070312,102.51000213623047,98.93000030517578,101.93000030517578,94.7692642211914,44060600
2019-01-07,101.63999938964844,103.2699966430664,100.9800033569336,102.05999755859375,94.8901138305664,35656100
2019-01-08,103.04000091552734,103.97000122070312,101.70999908447266,102.80000305175781,95.57811737060547,31514400
2019-01-09,103.86000061035156,104.87999725341797,103.23999786376953,104.2699966430664,96.9448471069336,32280800
2019-01-10,103.22000122070312,103.75,102.37999725341797,103.5999984741211,96.32190704345703,30067600
2019-01-11,103.19000244140625,103.44000244140625,101.63999938964844,102.80000305175781,95.57811737060547,28314200
2019-01-14,101.9000015258789,102.87000274658203,101.26000213623047,102.05000305175781,94.8808364868164,28437100
2019-01-15,102.51000213623047,105.05000305175781,101.87999725341797,105.01000213623047,97.63289642333984,31587600
2019-01-16,105.26000213623047,106.26000213623047,104.95999908447266,105.37999725341797,97.97687530517578,29853900
2019-01-17,105.0,106.62999725341797,104.76000213623047,106.12000274658203,98.6648941040039,28393000
2019-01-18,107.45999908447266,107.9000015258789,105.91000366210938,107.70999908447266,100.14317321777344,37427600
2019-01-22,106.75,107.0999984741211,104.86000061035156,105.68000030517578,98.25579833984375,32371300
2019-01-23,106.12000274658203,107.04000091552734,105.33999633789062,106.70999908447266,99.21345520019531,25874300
2019-01-24,106.86000061035156,107.0,105.33999633789062,106.19999694824219,98.73925018310547,23164800
2019-01-25,107.23999786376953,107.87999725341797,106.19999694824219,107.16999816894531,99.64112091064453,31225600
2019-01-28,106.26000213623047,106.4800033569336,104.66000366210938,105.08000183105469,97.69795227050781,29476700
2019-01-29,104.87999725341797,104.97000122070312,102.16999816894531,102.94000244140625,95.70830535888672,31490500
2019-01-30,104.62000274658203,106.37999725341797,104.33000183105469,106.37999725341797,98.9066162109375,49471900
2019-01-31,103.80000305175781,105.22000122070312,103.18000030517578,104.43000030517578,97.09361267089844,55636400
2019-02-01,103.77999877929688,104.0999984741211,102.3499984741211,102.77999877929688,95.55953216552734,35535700
2019-02-04,102.87000274658203,105.80000305175781,102.7699966430664,105.73999786376953,98.31156921386719,31315100
2019-02-05,106.05999755859375,107.2699966430664,105.95999908447266,107.22000122070312,99.68763732910156,27325400
2019-02-06,107.0,107.0,105.52999877929688,106.02999877929688,98.58121490478516,20609800
2019-02-07,105.19000244140625,105.58999633789062,104.29000091552734,105.2699966430664,97.87460327148438,29760700
2019-02-08,104.38999938964844,105.77999877929688,104.26000213623047,105.66999816894531,98.24651336669922,21461100
2019-02-11,106.19999694824219,106.58000183105469,104.97000122070312,105.25,97.85603332519531,18914100
2019-02-12,106.13999938964844,107.13999938964844,105.4800033569336,106.88999938964844,99.38079833984375,25056600
2019-02-13,107.5,107.77999877929688,106.70999908447266,106.80999755859375,99.30641174316406,18394900
2019-02-14,106.30999755859375,107.29000091552734,105.66000366210938,106.9000015258789,99.39009094238281,21784700
2019-02-15,107.91000366210938,108.30000305175781,107.36000061035156,108.22000122070312,100.61737060546875,26606900
2019-02-19,107.79000091552734,108.66000366210938,107.77999877929688,108.16999816894531,100.57087707519531,18038500
2019-02-20,107.86000061035156,107.94000244140625,106.29000091552734,107.1500015258789,100.0479965209961,21607700
2019-02-21,106.9000015258789,109.4800033569336,106.87000274658203,109.41000366210938,102.15821075439453,29063200
2019-02-22,110.05000305175781,111.19999694824219,109.81999969482422,110.97000122070312,103.61479187011719,27763200
2019-02-25,111.76000213623047,112.18000030517578,111.26000213623047,111.58999633789062,104.19371032714844,23750600
2019-02-26,111.26000213623047,113.23999786376953,111.16999816894531,112.36000061035156,104.91267395019531,21536700
2019-02-27,111.69000244140625,112.36000061035156,110.87999725341797,112.16999816894531,104.7352523803711,21487100
2019-02-28,112.04000091552734,112.87999725341797,111.7300033569336,112.02999877929688,104.60453033447266,29083900
2019-03-01,112.88999938964844,113.0199966430664,111.66999816894531,112.52999877929688,105.0714111328125,23501200
2019-03-04,113.0199966430664,113.25,110.80000305175781,112.26000213623047,104.81929779052734,26608000
2019-03-05,112.25,112.38999938964844,111.2300033569336,111.69999694824219,104.2964096069336,19538300
2019-03-06,111.87000274658203,112.66000366210938,111.43000030517578,111.75,104.34310150146484,17687000
2019-03-07,111.4000015258789,111.55000305175781,109.87000274658203,110.38999938964844,103.0732421875,25339000
2019-03-08,109.16000366210938,110.70999908447266,108.80000305175781,110.51000213623047,103.18529510498047,22818400
2019-03-11,110.98999786376953,112.94999694824219,110.9800033569336,112.83000183105469,105.35149383544922,26491600
2019-03-12,112.81999969482422,113.98999786376953,112.6500015258789,113.62000274658203,106.08916473388672,26132700
2019-03-13,114.12999725341797,115.0,113.77999877929688,114.5,106.91083526611328,35513800
2019-03-14,114.54000091552734,115.19999694824219,114.33000183105469,114.58999633789062,106.99485778808594,30763400
2019-03-15,115.33999633789062,117.25,114.58999633789062,115.91000366210938,108.22737121582031,54681100
2019-03-18,116.16999816894531,117.61000061035156,116.05000305175781,117.56999969482422,109.77735137939453,31207600
2019-03-19,118.08999633789062,118.44000244140625,116.98999786376953,117.6500015258789,109.85205078125,37588700
2019-03-20,117.38999938964844,118.75,116.70999908447266,117.5199966430664,109.73064422607422,28113300
2019-03-21,117.13999938964844,120.81999969482422,117.08999633789062,120.22000122070312,112.25169372558594,29854400
2019-03-22,119.5,119.58999633789062,117.04000091552734,117.05000305175781,109.29182434082031,33624500
2019-03-25,116.55999755859375,118.01000213623047,116.31999969482422,117.66000366210938,109.86138153076172,27067100
2019-03-26,118.62000274658203,118.70999908447266,116.8499984741211,117.91000366210938,110.09481048583984,26097700
2019-03-27,117.87999725341797,118.20999908447266,115.5199966430664,116.7699966430664,109.0303726196289,22733400
2019-03-28,117.44000244140625,117.58000183105469,116.12999725341797,116.93000030517578,109.17976379394531,18334800
2019-03-29,118.06999969482422,118.31999969482422,116.95999908447266,117.94000244140625,110.12283325195312,25399800
2019-04-01,118.94999694824219,119.11000061035156,118.0999984741211,119.0199966430664,111.13123321533203,22789100
2019-04-02,119.05999755859375,119.4800033569336,118.5199966430664,119.19000244140625,111.28995513916016,18142300
2019-04-03,119.86000061035156,120.43000030517578,119.1500015258789,119.97000122070312,112.01828002929688,22860700
2019-04-04,120.0999984741211,120.2300033569336,118.37999725341797,119.36000061035156,111.44872283935547,20112800
2019-04-05,119.38999938964844,120.2300033569336,119.37000274658203,119.88999938964844,111.94358825683594,15826200
2019-04-08,119.80999755859375,120.0199966430664,118.63999938964844,119.93000030517578,111.98091125488281,15116200
2019-04-09,118.62999725341797,119.54000091552734,118.58000183105469,119.27999877929688,111.37398529052734,17612000
2019-04-10,119.76000213623047,120.3499984741211,119.54000091552734,120.19000244140625,112.22369384765625,16477200
2019-04-11,120.54000091552734,120.8499984741211,119.91999816894531,120.33000183105469,112.35442352294922,14209100
2019-04-12,120.63999938964844,120.9800033569336,120.37000274658203,120.94999694824219,112.93331146240234,19745100
2019-04-15,120.94000244140625,121.58000183105469,120.56999969482422,121.05000305175781,113.02667999267578,15792600
2019-04-16,121.63999938964844,121.6500015258789,120.0999984741211,120.7699966430664,112.76524353027344,14071800
2019-04-17,121.23999786376953,121.8499984741211,120.54000091552734,121.7699966430664,113.69894409179688,19300900
2019-04-18,122.19000244140625,123.5199966430664,121.30000305175781,123.37000274658203,115.19290161132812,27991000
2019-04-22,122.62000274658203,124.0,122.56999969482422,123.76000213623047,115.55704498291016,15648700
2019-04-23,124.0999984741211,125.58000183105469,123.83000183105469,125.44000244140625,117.12572479248047,24025500
2019-04-24,125.79000091552734,125.8499984741211,124.5199966430664,125.01000213623047,116.72421264648438,31257000
2019-04-25,130.05999755859375,131.3699951171875,128.8300018310547,129.14999389648438,120.58981323242188,38033900
2019-04-26,129.6999969482422,130.52000427246094,129.02000427246094,129.88999938964844,121.28076171875,23654900
2019-04-29,129.89999389648438,130.17999267578125,129.35000610351562,129.77000427246094,121.16873168945312,16324200
2019-04-30,129.80999755859375,130.6999969482422,129.38999938964844,130.60000610351562,121.94371032714844,24166500
2019-05-01,130.52999877929688,130.64999389648438,127.69999694824219,127.87999725341797,119.40398406982422,26821700
2019-05-02,127.9800033569336,128.0,125.5199966430664,126.20999908447266,117.84468841552734,27350200
2019-05-03,127.36000061035156,129.42999267578125,127.25,128.89999389648438,120.35639190673828,24911100
2019-05-06,126.38999938964844,128.55999755859375,126.11000061035156,128.14999389648438,119.65608978271484,24239800
2019-05-07,126.45999908447266,127.18000030517578,124.22000122070312,125.5199966430664,117.200439453125,36017700
2019-05-08,125.44000244140625,126.37000274658203,124.75,125.51000213623047,117.19107818603516,28419000
2019-05-09,124.29000091552734,125.79000091552734,123.56999969482422,125.5,117.1817398071289,27235800
2019-05-10,124.91000366210938,127.93000030517578,123.81999969482422,127.12999725341797,118.70368957519531,30915100
2019-05-13,124.11000061035156,125.55000305175781,123.04000091552734,123.3499984741211,115.17424774169922,33944900
2019-05-14,123.87000274658203,125.87999725341797,123.69999694824219,124.7300033569336,116.46279907226562,25266300
2019-05-15,124.26000213623047,126.70999908447266,123.69999694824219,126.0199966430664,118.10283660888672,24722700
2019-05-16,126.75,129.3800048828125,126.45999908447266,128.92999267578125,120.82999420166016,30112200
2019-05-17,128.30999755859375,130.4600067138672,127.91999816894531,128.07000732421875,120.02407836914062,25770500
2019-05-20,126.5199966430664,127.58999633789062,125.76000213623047,126.22000122070312,118.2902603149414,23706900
2019-05-21,127.43000030517578,127.52999877929688,126.58000183105469,126.9000015258789,118.92754364013672,15293300
2019-05-22,126.62000274658203,128.24000549316406,126.5199966430664,127.66999816894531,119.6491928100586,15396500
2019-05-23,126.19999694824219,126.29000091552734,124.73999786376953,126.18000030517578,118.2527847290039,23603800
2019-05-24,126.91000366210938,127.41999816894531,125.97000122070312,126.23999786376953,118.30901336669922,14123400
2019-05-28,126.9800033569336,128.0,126.05000305175781,126.16000366210938,118.23402404785156,23128400
2019-05-29,125.37999725341797,125.38999938964844,124.04000091552734,124.94000244140625,117.09068298339844,22763100
2019-05-30,125.26000213623047,125.76000213623047,124.77999877929688,125.7300033569336,117.8310317993164,16829600
2019-05-31,124.2300033569336,124.62000274658203,123.31999969482422,123.68000030517578,115.90982055664062,26646800
2019-06-03,123.8499984741211,124.37000274658203,119.01000213623047,119.83999633789062,112.31108856201172,37983600
2019-06-04,121.27999877929688,123.27999877929688,120.6500015258789,123.16000366210938,115.4225082397461,29382600
2019-06-05,124.94999694824219,125.87000274658203,124.20999908447266,125.83000183105469,117.92477416992188,24926100
2019-06-06,126.44000244140625,127.97000122070312,125.5999984741211,127.81999969482422,119.78974151611328,21459000
2019-06-07,129.19000244140625,132.25,128.25999450683594,131.39999389648438,123.14480590820312,33885600
2019-06-10,132.39999389648438,134.0800018310547,132.0,132.60000610351562,124.26946258544922,26477100
2019-06-11,133.8800048828125,134.24000549316406,131.27999877929688,132.10000610351562,123.80087280273438,23913700
2019-06-12,131.39999389648438,131.97000122070312,130.7100067138672,131.49000549316406,123.22917175292969,17092500
2019-06-13,131.97999572753906,133.0,131.55999755859375,132.32000732421875,124.00704956054688,17200800
2019-06-14,132.25999450683594,133.7899932861328,131.63999938964844,132.4499969482422,124.12886810302734,17821700
2019-06-17,132.6300048828125,133.72999572753906,132.52999877929688,132.85000610351562,124.5037612915039,14517800
2019-06-18,134.19000244140625,135.24000549316406,133.57000732421875,135.16000366210938,126.66860961914062,25934500
2019-06-19,135.0,135.92999267578125,133.80999755859375,135.69000244140625,127.16532135009766,23744400
2019-06-20,137.4499969482422,137.66000366210938,135.72000122070312,136.9499969482422,128.34613037109375,33042600
2019-06-21,136.5800018310547,137.72999572753906,136.4600067138672,136.97000122070312,128.3649139404297,36727900
2019-06-24,137.0,138.39999389648438,137.0,137.77999877929688,129.12405395507812,20628800
2019-06-25,137.25,137.58999633789062,132.72999572753906,133.42999267578125,125.04727172851562,33327400
2019-06-26,134.35000610351562,135.74000549316406,133.60000610351562,133.92999267578125,125.51585388183594,23657700
2019-06-27,134.13999938964844,134.7100067138672,133.50999450683594,134.14999389648438,125.72206115722656,16557500
2019-06-28,134.57000732421875,134.60000610351562,133.16000366210938,133.9600067138672,125.54399871826172,30043000
2019-07-01,136.6300048828125,136.6999969482422,134.97000122070312,135.67999267578125,127.15592193603516,22613500
2019-07-02,136.1199951171875,136.58999633789062,135.33999633789062,136.5800018310547,127.99940490722656,15237800
2019-07-03,136.8000030517578,137.74000549316406,136.2899932861328,137.4600067138672,128.82411193847656,13629300
2019-07-05,135.94000244140625,137.3300018310547,135.72000122070312,137.05999755859375,128.4492645263672,18141100
2019-07-08,136.39999389648438,137.10000610351562,135.3699951171875,136.9600067138672,128.35549926757812,16779700
2019-07-09,136.0,136.97000122070312,135.8000030517578,136.4600067138672,127.88699340820312,19953100
2019-07-10,137.1300048828125,138.5800018310547,137.02000427246094,137.85000610351562,129.18963623046875,24204400
2019-07-11,138.1999969482422,139.22000122070312,137.8699951171875,138.39999389648438,129.705078125,22327900
2019-07-12,138.85000610351562,139.1300048828125,138.00999450683594,138.89999389648438,130.17364501953125,18936800
2019-07-15,139.44000244140625,139.5399932861328,138.4600067138672,138.89999389648438,130.17364501953125,16651500
2019-07-16,138.9600067138672,139.0500030517578,136.52000427246094,137.0800018310547,128.46800231933594,22726100
2019-07-17,137.6999969482422,137.92999267578125,136.22000122070312,136.27000427246094,127.70887756347656,20211000
2019-07-18,135.5500030517578,136.6199951171875,134.6699981689453,136.4199981689453,127.84944152832031,30381800
2019-07-19,140.22000122070312,140.6699981689453,136.4499969482422,136.6199951171875,128.03684997558594,48992400
2019-07-22,137.41000366210938,139.19000244140625,137.3300018310547,138.42999267578125,129.733154296875,25074900
2019-07-23,139.75999450683594,139.99000549316406,138.02999877929688,139.2899932861328,130.5391387939453,18034600
2019-07-24,138.89999389648438,140.74000549316406,138.85000610351562,140.72000122070312,131.8792724609375,20738300
2019-07-25,140.42999267578125,140.61000061035156,139.32000732421875,140.19000244140625,131.38255310058594,18356900
2019-07-26,140.3699951171875,141.67999267578125,140.3000030517578,141.33999633789062,132.46035766601562,19037600
2019-07-29,141.5,141.50999450683594,139.3699951171875,141.02999877929688,132.1698455810547,16605900
2019-07-30,140.13999938964844,141.22000122070312,139.8000030517578,140.35000610351562,131.53256225585938,16846500
2019-07-31,140.3300018310547,140.49000549316406,135.0800018310547,136.27000427246094,127.70887756347656,38598800
2019-08-01,137.0,140.94000244140625,136.92999267578125,138.05999755859375,129.3863983154297,40557500
2019-08-02,138.08999633789062,138.32000732421875,135.25999450683594,136.89999389648438,128.29930114746094,30791600
2019-08-05,133.3000030517578,133.92999267578125,130.77999877929688,132.2100067138672,123.9039306640625,42749600
2019-08-06,133.8000030517578,135.67999267578125,133.2100067138672,134.69000244140625,126.2281494140625,32696700
2019-08-07,133.7899932861328,135.64999389648438,131.8300018310547,135.27999877929688,126.78104400634766,33414500
2019-08-08,136.60000610351562,138.99000549316406,135.92999267578125,138.88999938964844,130.16429138183594,27496500
2019-08-09,138.61000061035156,139.3800048828125,136.4600067138672,137.7100067138672,129.05844116210938,23466700
2019-08-12,137.07000732421875,137.86000061035156,135.24000549316406,135.7899932861328,127.25902557373047,20484300
2019-08-13,136.0500030517578,138.8000030517578,135.0,138.60000610351562,129.89248657226562,25154600
2019-08-14,136.36000061035156,136.9199981689453,133.6699981689453,133.97999572753906,125.9808578491211,32527300
2019-08-15,134.38999938964844,134.5800018310547,132.25,133.67999267578125,125.69879913330078,28074400
2019-08-16,134.8800048828125,136.4600067138672,134.72000122070312,136.1300048828125,128.00250244140625,24449100
2019-08-19,137.85000610351562,138.5500030517578,136.88999938964844,138.41000366210938,130.1464080810547,24355700
2019-08-20,138.2100067138672,138.7100067138672,137.24000549316406,137.25999450683594,129.0650177001953,21170800
2019-08-21,138.5500030517578,139.49000549316406,138.0,138.7899932861328,130.50367736816406,14970300
2019-08-22,138.66000366210938,139.1999969482422,136.2899932861328,137.77999877929688,129.55397033691406,18697000
2019-08-23,137.19000244140625,138.35000610351562,132.8000030517578,133.38999938964844,125.42607116699219,38508600
2019-08-26,134.99000549316406,135.55999755859375,133.89999389648438,135.4499969482422,127.36312103271484,20312600
2019-08-27,136.38999938964844,136.72000122070312,134.66000366210938,135.74000549316406,127.63581085205078,23102100
2019-08-28,134.8800048828125,135.75999450683594,133.5500030517578,135.55999755859375,127.46651458740234,17393300
2019-08-29,137.25,138.44000244140625,136.91000366210938,138.1199951171875,129.87364196777344,20168700
2019-08-30,139.14999389648438,139.17999267578125,136.27000427246094,137.86000061035156,129.62916564941406,23940100
2019-09-03,136.61000061035156,137.1999969482422,135.6999969482422,136.0399932861328,127.91789245605469,18869300
2019-09-04,137.3000030517578,137.69000244140625,136.47999572753906,137.6300048828125,129.41293334960938,17995900
2019-09-05,139.11000061035156,140.3800048828125,138.75999450683594,140.0500030517578,131.68846130371094,26101800
2019-09-06,140.02999877929688,140.17999267578125,138.1999969482422,139.10000610351562,130.79519653320312,20824500
2019-09-09,139.58999633789062,139.75,136.4600067138672,137.52000427246094,129.30950927734375,25773900
2019-09-10,136.8000030517578,136.88999938964844,134.50999450683594,136.0800018310547,127.95549011230469,28903400
2019-09-11,135.91000366210938,136.27000427246094,135.08999633789062,136.1199951171875,127.99302673339844,24726100
2019-09-12,137.85000610351562,138.4199981689453,136.8699951171875,137.52000427246094,129.30950927734375,27010000
2019-09-13,137.77999877929688,138.05999755859375,136.57000732421875,137.32000732421875,129.12147521972656,23363100
2019-09-16,135.8300018310547,136.6999969482422,135.66000366210938,136.3300018310547,128.1905517578125,16731400
2019-09-17,136.9600067138672,137.52000427246094,136.42999267578125,137.38999938964844,129.18722534179688,17814200
2019-09-18,137.36000061035156,138.6699981689453,136.52999877929688,138.52000427246094,130.24984741210938,23982100
2019-09-19,140.3000030517578,142.3699951171875,140.07000732421875,141.07000732421875,132.64752197265625,35772100
2019-09-20,141.00999450683594,141.64999389648438,138.25,139.44000244140625,131.11489868164062,39167300
2019-09-23,139.22999572753906,139.6300048828125,138.44000244140625,139.13999938964844,130.83279418945312,17139300
2019-09-24,140.36000061035156,140.69000244140625,136.8800048828125,137.3800048828125,129.17787170410156,29773200
2019-09-25,137.5,139.9600067138672,136.02999877929688,139.36000061035156,131.03965759277344,21382000
2019-09-26,139.44000244140625,140.17999267578125,138.44000244140625,139.5399932861328,131.20892333984375,17456600
2019-09-27,140.14999389648438,140.36000061035156,136.64999389648438,137.72999572753906,129.50697326660156,22477700
2019-09-30,138.0500030517578,139.22000122070312,137.77999877929688,139.02999877929688,130.72938537597656,17280900
2019-10-01,139.66000366210938,140.25,137.0,137.07000732421875,128.88636779785156,21466600
2019-10-02,136.25,136.3699951171875,133.5800018310547,134.64999389648438,126.6108627319336,30521700
2019-10-03,134.9499969482422,136.75,133.22000122070312,136.27999877929688,128.14358520507812,24132900
2019-10-04,136.75,138.25,136.4199981689453,138.1199951171875,129.87364196777344,22897700
2019-10-07,137.13999938964844,138.17999267578125,137.02000427246094,137.1199951171875,128.93336486816406,15303700
2019-10-08,137.0800018310547,137.75999450683594,135.6199951171875,135.6699981689453,127.56995391845703,25550500
2019-10-09,137.4600067138672,138.6999969482422,136.97000122070312,138.24000549316406,129.9865264892578,19749900
2019-10-10,138.49000549316406,139.6699981689453,138.25,139.10000610351562,130.79519653320312,17654600
2019-10-11,140.1199951171875,141.02999877929688,139.5,139.67999267578125,131.340576171875,25446000
2019-10-14,139.69000244140625,140.2899932861328,139.52000427246094,139.5500030517578,131.21836853027344,13304300
2019-10-15,140.05999755859375,141.7899932861328,139.80999755859375,141.57000732421875,133.11767578125,19695700
2019-10-16,140.7899932861328,140.99000549316406,139.52999877929688,140.41000366210938,132.02696228027344,20751600
2019-10-17,140.9499969482422,141.4199981689453,139.02000427246094,139.69000244140625,131.3499755859375,21460600
2019-10-18,139.75999450683594,140.0,136.55999755859375,137.41000366210938,129.20608520507812,32273500
2019-10-21,138.4499969482422,138.5,137.00999450683594,138.42999267578125,130.16517639160156,20078200
2019-10-22,138.97000122070312,140.00999450683594,136.25999450683594,136.3699951171875,128.22816467285156,27431000
2019-10-23,136.8800048828125,137.4499969482422,135.61000061035156,137.24000549316406,129.04620361328125,29844600
2019-10-24,139.38999938964844,140.4199981689453,138.6699981689453,139.94000244140625,131.58505249023438,37029300
2019-10-25,139.33999633789062,141.13999938964844,139.1999969482422,140.72999572753906,132.32789611816406,25959700
2019-10-28,144.39999389648438,145.6699981689453,143.50999450683594,144.19000244140625,135.581298828125,35280100
2019-10-29,144.0800018310547,144.5,142.64999389648438,142.8300018310547,134.30247497558594,20589500
2019-10-30,143.52000427246094,145.0,142.7899932861328,144.61000061035156,135.97621154785156,18496600
2019-10-31,144.89999389648438,144.92999267578125,142.99000549316406,143.3699951171875,134.8102569580078,24605100
2019-11-01,144.25999450683594,144.4199981689453,142.97000122070312,143.72000122070312,135.1393280029297,33128400
2019-11-04,144.8300018310547,145.0,144.16000366210938,144.5500030517578,135.91981506347656,16912000
2019-11-05,144.97000122070312,145.02000427246094,143.91000366210938,144.4600067138672,135.8351593017578,18250200
2019-11-06,144.3699951171875,144.52000427246094,143.1999969482422,144.05999755859375,135.45904541015625,16575800
2019-11-07,143.83999633789062,144.8800048828125,143.77000427246094,144.25999450683594,135.6470947265625,17786700
2019-11-08,143.97999572753906,145.99000549316406,143.75999450683594,145.9600067138672,137.24560546875,16732700
2019-11-11,145.33999633789062,146.4199981689453,144.72999572753906,146.11000061035156,137.3866729736328,14362600
2019-11-12,146.27999877929688,147.57000732421875,146.05999755859375,147.07000732421875,138.28929138183594,18641600
2019-11-13,146.74000549316406,147.4600067138672,146.27999877929688,147.30999755859375,138.51499938964844,16919200
2019-11-14,147.02000427246094,148.41000366210938,147.0,148.05999755859375,139.2202606201172,19729800
2019-11-15,148.92999267578125,149.99000549316406,148.27000427246094,149.97000122070312,141.01617431640625,23485700
2019-11-18,150.07000732421875,150.5500030517578,148.97999572753906,150.33999633789062,141.36410522460938,21534000
2019-11-19,150.8800048828125,151.3300018310547,150.1999969482422,150.38999938964844,141.41110229492188,23935700
2019-11-20,150.30999755859375,150.83999633789062,148.4600067138672,149.6199951171875,141.16580200195312,25696800
2019-11-21,149.39999389648438,149.8000030517578,148.5,149.47999572753906,141.03372192382812,18576100
2019-11-22,150.07000732421875,150.3000030517578,148.82000732421875,149.58999633789062,141.1374969482422,15901800
2019-11-25,150.0,151.35000610351562,149.9199981689453,151.22999572753906,142.684814453125,22420900
2019-11-26,151.36000061035156,152.4199981689453,151.32000732421875,152.02999877929688,143.43963623046875,24620100
2019-11-27,152.3300018310547,152.5,151.52000427246094,152.32000732421875,143.71328735351562,15184400
2019-11-29,152.10000610351562,152.3000030517578,151.27999877929688,151.3800048828125,142.8263702392578,11977300
2019-12-02,151.80999755859375,151.8300018310547,148.32000732421875,149.5500030517578,141.09983825683594,27418400
2019-12-03,147.49000549316406,149.42999267578125,146.64999389648438,149.30999755859375,140.87330627441406,24066000
2019-12-04,150.13999938964844,150.17999267578125,149.1999969482422,149.85000610351562,141.38282775878906,17574700
2019-12-05,150.0500030517578,150.32000732421875,149.47999572753906,149.92999267578125,141.45826721191406,17869100
2019-12-06,150.99000549316406,151.8699951171875,150.27000427246094,151.75,143.1754913330078,16403500
2019-12-09,151.07000732421875,152.2100067138672,150.91000366210938,151.36000061035156,142.80747985839844,16687400
2019-12-10,151.2899932861328,151.88999938964844,150.75999450683594,151.1300048828125,142.5904998779297,16476100
2019-12-11,151.5399932861328,151.8699951171875,150.3300018310547,151.6999969482422,143.12831115722656,18856600
2019-12-12,151.64999389648438,153.44000244140625,151.02000427246094,153.24000549316406,144.5812530517578,24612100
2019-12-13,153.0,154.88999938964844,152.8300018310547,154.52999877929688,145.79833984375,23845400
2019-12-16,155.11000061035156,155.89999389648438,154.82000732421875,155.52999877929688,146.7418670654297,24144200
2019-12-17,155.4499969482422,155.7100067138672,154.4499969482422,154.69000244140625,145.94937133789062,25425600
2019-12-18,154.3000030517578,155.47999572753906,154.17999267578125,154.3699951171875,145.6474151611328,24129200
2019-12-19,154.0,155.77000427246094,153.75,155.7100067138672,146.91175842285156,24958900
2019-12-20,157.35000610351562,158.49000549316406,156.2899932861328,157.41000366210938,148.5156707763672,53477500
2019-12-23,158.1199951171875,158.1199951171875,157.27000427246094,157.41000366210938,148.5156707763672,17718200
2019-12-24,157.47999572753906,157.7100067138672,157.1199951171875,157.3800048828125,148.48733520507812,8989200
2019-12-26,157.55999755859375,158.72999572753906,157.39999389648438,158.6699981689453,149.70445251464844,14520600
2019-12-27,159.4499969482422,159.5500030517578,158.22000122070312,158.9600067138672,149.97804260253906,18412800
2019-12-30,158.99000549316406,159.02000427246094,156.72999572753906,157.58999633789062,148.68545532226562,16348400
2019-12-31,156.77000427246094,157.77000427246094,156.4499969482422,157.6999969482422,148.7892608642578,18369400
2020-01-02,158.77999877929688,160.72999572753906,158.3300018310547,160.6199951171875,151.54429626464844,22622100
2020-01-03,158.32000732421875,159.9499969482422,158.05999755859375,158.6199951171875,149.65731811523438,21116200
2020-01-06,157.0800018310547,159.10000610351562,156.50999450683594,159.02999877929688,150.04409790039062,20813700
2020-01-07,159.32000732421875,159.6699981689453,157.32000732421875,157.5800018310547,148.676025390625,21634100
2020-01-08,158.92999267578125,160.8000030517578,157.9499969482422,160.08999633789062,151.04420471191406,27746500
2020-01-09,161.83999633789062,162.22000122070312,161.02999877929688,162.08999633789062,152.9311981201172,21385000
2020-01-10,162.82000732421875,163.22000122070312,161.17999267578125,161.33999633789062,152.22361755371094,20725900
2020-01-13,161.75999450683594,163.30999755859375,161.25999450683594,163.27999877929688,154.05397033691406,21626500
2020-01-14,163.38999938964844,163.60000610351562,161.72000122070312,162.1300048828125,152.9689178466797,23477400
2020-01-15,162.6199951171875,163.94000244140625,162.57000732421875,163.17999267578125,153.95960998535156,21417900
2020-01-16,164.35000610351562,166.24000549316406,164.02999877929688,166.1699981689453,156.7806854248047,23865400
2020-01-17,167.4199981689453,167.47000122070312,165.42999267578125,167.10000610351562,157.6580810546875,34371700
2020-01-21,166.67999267578125,168.19000244140625,166.42999267578125,166.5,157.09201049804688,29517200
2020-01-22,167.39999389648438,167.49000549316406,165.67999267578125,165.6999969482422,156.33721923828125,24138800
2020-01-23,166.19000244140625,166.8000030517578,165.27000427246094,166.72000122070312,157.29957580566406,19680800
2020-01-24,167.50999450683594,167.52999877929688,164.4499969482422,165.0399932861328,155.71450805664062,24918100
2020-01-27,161.14999389648438,163.3800048828125,160.1999969482422,162.27999877929688,153.11048889160156,32078100
2020-01-28,163.77999877929688,165.75999450683594,163.07000732421875,165.4600067138672,156.11082458496094,24899900
2020-01-29,167.83999633789062,168.75,165.69000244140625,168.0399932861328,158.54501342773438,34754500
2020-01-30,174.0500030517578,174.0500030517578,170.7899932861328,172.77999877929688,163.01718139648438,51597500
2020-01-31,172.2100067138672,172.39999389648438,169.5800018310547,170.22999572753906,160.6112518310547,36142700
2020-02-03,170.42999267578125,174.5,170.39999389648438,174.3800048828125,164.5267791748047,30107000
2020-02-04,177.13999938964844,180.63999938964844,176.30999755859375,180.1199951171875,169.9424285888672,36433300
2020-02-05,184.02999877929688,184.1999969482422,178.41000366210938,179.89999389648438,169.73487854003906,39186300
2020-02-06,180.97000122070312,183.82000732421875,180.05999755859375,183.6300048828125,173.25408935546875,27751400
2020-02-07,182.85000610351562,185.6300048828125,182.47999572753906,183.88999938964844,173.49942016601562,33529100
2020-02-10,183.5800018310547,188.83999633789062,183.25,188.6999969482422,178.03762817382812,35844300
2020-02-11,190.64999389648438,190.6999969482422,183.5,184.44000244140625,174.018310546875,53159900
2020-02-12,185.5800018310547,185.85000610351562,181.85000610351562,184.7100067138672,174.27308654785156,47062900
2020-02-13,183.0800018310547,186.22999572753906,182.8699951171875,183.7100067138672,173.32960510253906,35295800
2020-02-14,183.25,185.41000366210938,182.64999389648438,185.35000610351562,174.87692260742188,23149500
2020-02-18,185.61000061035156,187.6999969482422,185.5,187.22999572753906,176.65069580078125,27792200
2020-02-19,188.05999755859375,188.17999267578125,186.47000122070312,187.27999877929688,177.18048095703125,29997500
2020-02-20,186.9499969482422,187.25,181.10000610351562,184.4199981689453,174.47471618652344,36862400
2020-02-21,183.1699981689453,183.5,177.25,178.58999633789062,168.95912170410156,48572600
2020-02-24,167.77000427246094,174.5500030517578,163.22999572753906,170.88999938964844,161.6743621826172,68311100
2020-02-25,174.1999969482422,174.83999633789062,167.64999389648438,168.07000732421875,159.00643920898438,68073300
2020-02-26,169.7100067138672,173.25999450683594,168.2100067138672,170.1699981689453,160.99317932128906,56206100
2020-02-27,163.32000732421875,167.02999877929688,157.97999572753906,158.17999267578125,149.64976501464844,93174900
2020-02-28,152.41000366210938,163.7100067138672,152.0,162.00999450683594,153.27322387695312,97012700
2020-03-02,165.30999755859375,172.9199981689453,162.30999755859375,172.7899932861328,163.47186279296875,71030800
2020-03-03,173.8000030517578,175.0,162.25999450683594,164.50999450683594,155.63839721679688,71677000
2020-03-04,168.49000549316406,170.6999969482422,165.6199951171875,170.5500030517578,161.35269165039062,49814400
2020-03-05,166.0500030517578,170.8699951171875,165.69000244140625,166.27000427246094,157.3035125732422,47817300
2020-03-06,162.61000061035156,163.11000061035156,156.0,161.57000732421875,152.85696411132812,72821100
2020-03-09,151.0,157.75,150.0,150.6199951171875,142.4974822998047,70419300
2020-03-10,158.16000366210938,161.02999877929688,152.5800018310547,160.9199981689453,152.24203491210938,65354400
2020-03-11,157.1300048828125,157.6999969482422,151.14999389648438,153.6300048828125,145.34512329101562,56371600
2020-03-12,145.3000030517578,153.47000122070312,138.5800018310547,139.05999755859375,131.5608367919922,93226400
2020-03-13,147.5,161.91000366210938,140.72999572753906,158.8300018310547,150.2646942138672,92727400
2020-03-16,140.0,149.35000610351562,135.0,135.4199981689453,128.1171875,87905900
2020-03-17,140.0,147.5,135.0,146.57000732421875,138.6658477783203,81059800
2020-03-18,138.0,146.0,135.02000427246094,140.39999389648438,132.82858276367188,81593200
2020-03-19,142.77000427246094,150.14999389648438,139.0,142.7100067138672,135.01405334472656,85922700
2020-03-20,146.0,147.10000610351562,135.86000061035156,137.35000610351562,129.94305419921875,84866200
2020-03-23,137.00999450683594,140.57000732421875,132.52000427246094,135.97999572753906,128.64694213867188,78975200
2020-03-24,143.75,149.60000610351562,141.27000427246094,148.33999633789062,140.3404541015625,82516700
2020-03-25,148.91000366210938,154.3300018310547,144.44000244140625,146.9199981689453,138.99697875976562,75638200
2020-03-26,148.39999389648438,156.66000366210938,148.3699951171875,156.11000061035156,147.69140625,64568100
2020-03-27,151.75,154.88999938964844,149.1999969482422,149.6999969482422,141.62705993652344,57042300
2020-03-30,152.44000244140625,160.60000610351562,150.00999450683594,160.22999572753906,151.58920288085938,63420300
2020-03-31,159.39999389648438,164.77999877929688,156.55999755859375,157.7100067138672,149.2051239013672,77927200
2020-04-01,153.0,157.75,150.82000732421875,152.11000061035156,143.90711975097656,57969900
2020-04-02,151.86000061035156,155.47999572753906,150.36000061035156,155.25999450683594,146.88726806640625,49630700
2020-04-03,155.10000610351562,157.3800048828125,152.19000244140625,153.8300018310547,145.5343780517578,41243300
2020-04-06,160.32000732421875,166.5,157.5800018310547,165.27000427246094,156.35745239257812,67111700
2020-04-07,169.58999633789062,170.0,163.25999450683594,163.49000549316406,154.67343139648438,62769000
2020-04-08,165.6699981689453,166.6699981689453,163.5,165.1300048828125,156.22496032714844,48318200
2020-04-09,166.36000061035156,167.3699951171875,163.3300018310547,165.13999938964844,156.2344512939453,51385100
2020-04-13,164.35000610351562,165.57000732421875,162.3000030517578,165.50999450683594,156.58450317382812,41905300
2020-04-14,169.0,173.75,168.0,173.6999969482422,164.33279418945312,52874300
2020-04-15,171.1999969482422,173.57000732421875,169.24000549316406,171.8800048828125,162.61099243164062,40940800
2020-04-16,174.3000030517578,177.27999877929688,172.89999389648438,177.0399932861328,167.49269104003906,50479600
2020-04-17,179.5,180.0,175.8699951171875,178.60000610351562,168.96859741210938,52765600
2020-04-20,176.6300048828125,178.75,174.99000549316406,175.05999755859375,165.6194610595703,36669600
2020-04-21,173.5,173.6699981689453,166.11000061035156,167.82000732421875,158.7698974609375,56203700
2020-04-22,171.38999938964844,174.0,170.82000732421875,173.52000427246094,164.16253662109375,34620200
2020-04-23,174.11000061035156,175.05999755859375,170.91000366210938,171.4199981689453,162.17576599121094,32790800
2020-04-24,172.05999755859375,174.55999755859375,170.7100067138672,174.5500030517578,165.1370086669922,34277600
2020-04-27,176.58999633789062,176.89999389648438,173.3000030517578,174.0500030517578,164.66397094726562,33194400
2020-04-28,175.58999633789062,175.6699981689453,169.38999938964844,169.80999755859375,160.65260314941406,34392700
2020-04-29,173.22000122070312,177.67999267578125,171.8800048828125,177.42999267578125,167.8616485595703,51286600
2020-04-30,180.0,180.39999389648438,176.22999572753906,179.2100067138672,169.54566955566406,53875900
2020-05-01,175.8000030517578,178.63999938964844,174.00999450683594,174.57000732421875,165.15591430664062,39370500
2020-05-04,174.49000549316406,179.0,173.8000030517578,178.83999633789062,169.19561767578125,30372900
2020-05-05,180.6199951171875,183.64999389648438,179.89999389648438,180.75999450683594,171.01211547851562,36839200
2020-05-06,182.0800018310547,184.1999969482422,181.6300048828125,182.5399932861328,172.69606018066406,32139300
2020-05-07,184.1699981689453,184.5500030517578,182.5800018310547,183.60000610351562,173.6989288330078,28316000
2020-05-08,184.97999572753906,185.0,183.36000061035156,184.67999267578125,174.720703125,30877800
2020-05-11,183.14999389648438,187.50999450683594,182.85000610351562,186.74000549316406,176.6696319580078,30892700
2020-05-12,186.8000030517578,187.0399932861328,182.3000030517578,182.50999450683594,172.66769409179688,32038200
2020-05-13,182.5500030517578,184.0500030517578,176.5399932861328,179.75,170.0565643310547,44711500
2020-05-14,177.5399932861328,180.69000244140625,175.67999267578125,180.52999877929688,170.79449462890625,41873900
2020-05-15,179.05999755859375,187.05999755859375,177.0,183.16000366210938,173.28262329101562,46610400
2020-05-18,185.75,186.1999969482422,183.9600067138672,184.91000366210938,174.9382781982422,35264500
2020-05-19,185.02999877929688,186.60000610351562,183.49000549316406,183.6300048828125,173.7273406982422,26799100
2020-05-20,184.80999755859375,185.85000610351562,183.94000244140625,185.66000366210938,176.1370391845703,31261300
2020-05-21,185.39999389648438,186.6699981689453,183.2899932861328,183.42999267578125,174.0214385986328,29119500
2020-05-22,183.19000244140625,184.4600067138672,182.5399932861328,183.50999450683594,174.09732055664062,20826900
2020-05-26,186.33999633789062,186.5,181.10000610351562,181.57000732421875,172.2568359375,36073600
2020-05-27,180.1999969482422,181.99000549316406,176.60000610351562,181.80999755859375,172.4844970703125,39517100
2020-05-28,180.74000549316406,184.14999389648438,180.3800048828125,181.39999389648438,172.0955352783203,33810200
2020-05-29,182.72999572753906,184.27000427246094,180.41000366210938,183.25,173.85067749023438,42130400
2020-06-01,182.5399932861328,183.0,181.4600067138672,182.8300018310547,173.4521942138672,22622400
2020-06-02,184.25,185.0,181.35000610351562,184.91000366210938,175.4254913330078,30794600
2020-06-03,184.82000732421875,185.94000244140625,183.5800018310547,185.36000061035156,175.85240173339844,27311000
2020-06-04,184.3000030517578,185.83999633789062,182.3000030517578,182.9199981689453,173.53759765625,28761800
2020-06-05,182.6199951171875,187.72999572753906,182.00999450683594,187.1999969482422,177.59805297851562,39893600
2020-06-08,185.94000244140625,188.5500030517578,184.44000244140625,188.36000061035156,178.69857788085938,33211600
2020-06-09,188.0,190.6999969482422,187.25999450683594,189.8000030517578,180.0646514892578,29783900
2020-06-10,191.1300048828125,198.52000427246094,191.00999450683594,196.83999633789062,186.7435760498047,43872300
2020-06-11,193.1300048828125,195.75999450683594,186.07000732421875,186.27000427246094,176.71572875976562,52854700
2020-06-12,190.5399932861328,191.72000122070312,185.17999267578125,187.74000549316406,178.1103515625,43373600
2020-06-15,184.5800018310547,190.82000732421875,184.00999450683594,188.94000244140625,179.2488250732422,32770200
2020-06-16,192.88999938964844,195.5800018310547,191.4600067138672,193.57000732421875,183.64129638671875,42556700
2020-06-17,195.02999877929688,196.32000732421875,193.69000244140625,194.24000549316406,184.2769775390625,25687800
2020-06-18,194.0,196.49000549316406,194.0,196.32000732421875,186.2502899169922,23061600
2020-06-19,198.58999633789062,199.2899932861328,194.3699951171875,195.14999389648438,185.1402587890625,44441100
2020-06-22,195.7899932861328,200.75999450683594,195.22999572753906,200.57000732421875,190.2823028564453,32818900
2020-06-23,202.08999633789062,203.9499969482422,201.42999267578125,201.91000366210938,191.55352783203125,30917400
2020-06-24,201.60000610351562,203.25,196.55999755859375,197.83999633789062,187.69232177734375,36740600
2020-06-25,197.8000030517578,200.61000061035156,195.47000122070312,200.33999633789062,190.06407165527344,27803900
2020-06-26,199.72999572753906,199.88999938964844,194.8800048828125,196.3300018310547,186.25973510742188,54675800
2020-06-29,195.77999877929688,198.52999877929688,193.5500030517578,198.44000244140625,188.2615203857422,26701600
2020-06-30,197.8800048828125,204.39999389648438,197.74000549316406,203.50999450683594,193.07147216796875,34310300
2020-07-01,203.13999938964844,206.35000610351562,201.77000427246094,204.6999969482422,194.200439453125,32061200
2020-07-02,205.67999267578125,208.02000427246094,205.0,206.25999450683594,195.68043518066406,29315800
2020-07-06,208.8300018310547,211.1300048828125,208.08999633789062,210.6999969482422,199.89266967773438,31897600
2020-07-07,210.4499969482422,214.6699981689453,207.99000549316406,208.25,197.56838989257812,33600700
2020-07-08,210.07000732421875,213.25999450683594,208.69000244140625,212.8300018310547,201.91342163085938,33600000
2020-07-09,216.3300018310547,216.3800048828125,211.47000122070312,214.32000732421875,203.3269805908203,33121700
2020-07-10,213.6199951171875,214.0800018310547,211.0800018310547,213.6699981689453,202.71034240722656,26177600
2020-07-13,214.47999572753906,215.8000030517578,206.5,207.07000732421875,196.44888305664062,38135600
2020-07-14,206.1300048828125,208.85000610351562,202.02999877929688,208.35000610351562,197.66323852539062,37591800
2020-07-15,209.55999755859375,211.3300018310547,205.02999877929688,208.0399932861328,197.36915588378906,32179400
2020-07-16,205.39999389648438,205.6999969482422,202.30999755859375,203.9199981689453,193.46043395996094,29940700
2020-07-17,204.47000122070312,205.0399932861328,201.38999938964844,202.8800048828125,192.4738006591797,31635300
2020-07-20,205.0,212.3000030517578,203.00999450683594,211.60000610351562,200.7465057373047,36884800
2020-07-21,213.66000366210938,213.94000244140625,208.02999877929688,208.75,198.042724609375,37990400
2020-07-22,209.1999969482422,212.3000030517578,208.38999938964844,211.75,200.88888549804688,49605700
2020-07-23,207.19000244140625,210.9199981689453,202.14999389648438,202.5399932861328,192.15122985839844,67457000
2020-07-24,200.4199981689453,202.86000061035156,197.50999450683594,201.3000030517578,190.97482299804688,39827000
2020-07-27,201.47000122070312,203.97000122070312,200.86000061035156,203.85000610351562,193.39404296875,30160900
2020-07-28,203.61000061035156,204.6999969482422,201.74000549316406,202.02000427246094,191.65789794921875,23251400
2020-07-29,202.5,204.64999389648438,202.00999450683594,204.05999755859375,193.59324645996094,19632600
2020-07-30,201.0,204.4600067138672,199.57000732421875,203.89999389648438,193.4414825439453,25079600
2020-07-31,204.39999389648438,205.10000610351562,199.00999450683594,205.00999450683594,194.49453735351562,51044000
2020-08-03,211.52000427246094,217.63999938964844,210.44000244140625,216.5399932861328,205.43312072753906,78983000
2020-08-04,214.1699981689453,214.77000427246094,210.30999755859375,213.2899932861328,202.34986877441406,49280100
2020-08-05,214.89999389648438,215.0,211.57000732421875,212.94000244140625,202.01780700683594,28806400
2020-08-06,212.33999633789062,216.3699951171875,211.5500030517578,216.35000610351562,205.25289916992188,32656800
2020-08-07,214.85000610351562,215.6999969482422,210.92999267578125,212.47999572753906,201.5813751220703,27820400
2020-08-10,211.6699981689453,211.8800048828125,206.35000610351562,208.25,197.56838989257812,36716500
2020-08-11,207.16000366210938,207.64999389648438,203.13999938964844,203.3800048828125,192.9481201171875,36446500
2020-08-12,205.2899932861328,210.27999877929688,204.75,209.19000244140625,198.46014404296875,28013100
2020-08-13,209.44000244140625,211.35000610351562,208.14999389648438,208.6999969482422,197.99530029296875,22588900
2020-08-14,208.75999450683594,209.58999633789062,207.50999450683594,208.89999389648438,198.1849822998047,17958900
2020-08-17,209.60000610351562,211.19000244140625,208.9199981689453,210.27999877929688,199.49423217773438,20184800
2020-08-18,210.52999877929688,212.36000061035156,209.2100067138672,211.49000549316406,200.64215087890625,21336200
2020-08-19,211.49000549316406,212.10000610351562,209.25,209.6999969482422,199.42486572265625,27627600
2020-08-20,209.5399932861328,215.0,208.91000366210938,214.5800018310547,204.06576538085938,26981500
2020-08-21,213.86000061035156,216.25,212.85000610351562,213.02000427246094,202.5821990966797,36249300
2020-08-24,214.7899932861328,215.52000427246094,212.42999267578125,213.69000244140625,203.21937561035156,25460100
2020-08-25,213.10000610351562,216.61000061035156,213.10000610351562,216.47000122070312,205.86312866210938,23043700
2020-08-26,217.8800048828125,222.08999633789062,217.36000061035156,221.14999389648438,210.3138427734375,39600800
2020-08-27,222.88999938964844,231.14999389648438,219.39999389648438,226.5800018310547,215.47775268554688,57602200
2020-08-28,228.17999267578125,230.63999938964844,226.5800018310547,228.91000366210938,217.69363403320312,26292900
2020-08-31,227.0,228.6999969482422,224.30999755859375,225.52999877929688,214.479248046875,28774200
2020-09-01,225.50999450683594,227.4499969482422,224.42999267578125,227.27000427246094,216.13401794433594,25725500
2020-09-02,227.97000122070312,232.86000061035156,227.35000610351562,231.64999389648438,220.2993621826172,34080800
2020-09-03,229.27000427246094,229.30999755859375,214.9600067138672,217.3000030517578,206.6524658203125,58400300
2020-09-04,215.10000610351562,218.36000061035156,205.19000244140625,214.25,203.75193786621094,59664100
2020-09-08,206.5,210.02999877929688,202.1999969482422,202.66000366210938,192.72979736328125,52924300
2020-09-09,207.60000610351562,214.83999633789062,206.6999969482422,211.2899932861328,200.93698120117188,45679000
2020-09-10,213.39999389648438,214.74000549316406,204.11000061035156,205.3699951171875,195.30706787109375,35461500
2020-09-11,207.1999969482422,208.6300048828125,201.24000549316406,204.02999877929688,194.0326690673828,33620100
2020-09-14,204.24000549316406,209.1999969482422,204.02999877929688,205.41000366210938,195.34506225585938,30375800
2020-09-15,208.4199981689453,209.77999877929688,206.92999267578125,208.77999877929688,198.54994201660156,21823900
2020-09-16,210.6199951171875,210.64999389648438,204.63999938964844,205.0500030517578,195.0027313232422,26328100
2020-09-17,200.0500030517578,204.3300018310547,199.9600067138672,202.91000366210938,192.96762084960938,34011300
2020-09-18,202.8000030517578,203.64999389648438,196.25,200.38999938964844,190.57106018066406,55225300
2020-09-21,197.19000244140625,202.7100067138672,196.3800048828125,202.5399932861328,192.61572265625,39839700
2020-09-22,205.05999755859375,208.10000610351562,202.0800018310547,207.4199981689453,197.256591796875,33517100
2020-09-23,207.89999389648438,208.10000610351562,200.02999877929688,200.58999633789062,190.76124572753906,30803800
2020-09-24,199.85000610351562,205.57000732421875,199.1999969482422,203.19000244140625,193.23390197753906,31202500
2020-09-25,203.5500030517578,209.0399932861328,202.5399932861328,207.82000732421875,197.63699340820312,29437300
2020-09-28,210.8800048828125,212.57000732421875,208.05999755859375,209.44000244140625,199.17762756347656,32004900
2020-09-29,209.35000610351562,210.07000732421875,206.80999755859375,207.25999450683594,197.1044464111328,24221900
2020-09-30,207.72999572753906,211.97999572753906,206.5399932861328,210.3300018310547,200.02403259277344,33829100
2020-10-01,213.49000549316406,213.99000549316406,211.32000732421875,212.4600067138672,202.04965209960938,27158400
2020-10-02,208.0,210.99000549316406,205.5399932861328,206.19000244140625,196.08685302734375,33154800
2020-10-05,207.22000122070312,210.41000366210938,206.97999572753906,210.3800048828125,200.0715789794922,21331600
2020-10-06,208.82000732421875,210.17999267578125,204.82000732421875,205.91000366210938,195.82058715820312,28554300
2020-10-07,207.05999755859375,210.11000061035156,206.72000122070312,209.8300018310547,199.5485076904297,25681100
2020-10-08,210.50999450683594,211.19000244140625,208.32000732421875,210.5800018310547,200.26177978515625,19925800
2020-10-09,211.22999572753906,215.86000061035156,211.22999572753906,215.80999755859375,205.23550415039062,26458000
2020-10-12,218.7899932861328,223.86000061035156,216.80999755859375,221.39999389648438,210.5515594482422,40461400
2020-10-13,222.72000122070312,225.2100067138672,220.42999267578125,222.86000061035156,211.94000244140625,28950800
2020-10-14,223.0,224.22000122070312,219.1300048828125,220.86000061035156,210.03807067871094,23421700
2020-10-15,217.10000610351562,220.36000061035156,216.00999450683594,219.66000366210938,208.89683532714844,22733100
2020-10-16,220.14999389648438,222.2899932861328,219.32000732421875,219.66000366210938,208.89683532714844,26057900
2020-10-19,220.4199981689453,222.3000030517578,213.72000122070312,214.22000122070312,203.72340393066406,27625800
2020-10-20,215.8000030517578,217.3699951171875,213.08999633789062,214.64999389648438,204.13230895996094,22753500
2020-10-21,213.1199951171875,216.9199981689453,213.1199951171875,214.8000030517578,204.27503967285156,22724900
2020-10-22,213.92999267578125,216.05999755859375,211.6999969482422,214.88999938964844,204.360595703125,22351500
2020-10-23,215.02999877929688,216.27999877929688,213.16000366210938,216.22999572753906,205.6349334716797,18879600
2020-10-26,213.85000610351562,216.33999633789062,208.10000610351562,210.0800018310547,199.78622436523438,37111600
2020-10-27,211.58999633789062,214.6699981689453,210.3300018310547,213.25,202.80088806152344,36700300
2020-10-28,207.6699981689453,208.83999633789062,202.10000610351562,202.67999267578125,192.7488555908203,51195600
2020-10-29,204.07000732421875,207.36000061035156,203.3699951171875,204.72000122070312,194.68894958496094,31432600
2020-10-30,203.5,204.2899932861328,199.6199951171875,202.47000122070312,192.5491180419922,36953700
2020-11-02,204.2899932861328,205.27999877929688,200.1199951171875,202.3300018310547,192.416015625,30842200
2020-11-03,203.88999938964844,208.1199951171875,203.1199951171875,206.42999267578125,196.31512451171875,27512000
2020-11-04,214.02000427246094,218.32000732421875,212.4199981689453,216.38999938964844,205.7870635986328,42311800
2020-11-05,222.0399932861328,224.1199951171875,221.14999389648438,223.2899932861328,212.34896850585938,36080100
2020-11-06,222.25999450683594,224.36000061035156,218.02999877929688,223.72000122070312,212.75790405273438,25231900
2020-11-09,224.44000244140625,228.1199951171875,217.8800048828125,218.38999938964844,207.68907165527344,44395000
2020-11-10,214.5,216.5,209.72000122070312,211.00999450683594,200.67068481445312,44045100
2020-11-11,212.38999938964844,218.0399932861328,212.1999969482422,216.5500030517578,205.9392547607422,29440800
2020-11-12,217.2100067138672,219.11000061035156,214.4600067138672,215.44000244140625,204.8836212158203,21593900
2020-11-13,216.36000061035156,217.4199981689453,214.16000366210938,216.50999450683594,205.9011993408203,18621100
2020-11-16,214.8699951171875,217.74000549316406,214.52000427246094,217.22999572753906,206.58587646484375,24953300
2020-11-17,216.10000610351562,217.67999267578125,214.0800018310547,214.4600067138672,203.95162963867188,24154100
2020-11-18,213.64999389648438,215.1699981689453,210.92999267578125,211.0800018310547,201.2628173828125,28372800
2020-11-19,211.3800048828125,213.02999877929688,209.92999267578125,212.4199981689453,202.5404510498047,24792700
2020-11-20,212.1999969482422,213.2899932861328,210.0,210.38999938964844,200.60484313964844,22843100
2020-11-23,210.9499969482422,212.2899932861328,208.16000366210938,210.11000061035156,200.33790588378906,25683500
2020-11-24,209.58999633789062,214.25,208.86000061035156,213.86000061035156,203.9135284423828,33979700
2020-11-25,215.11000061035156,215.2899932861328,212.4600067138672,213.8699951171875,203.9230194091797,21012900
2020-11-27,214.85000610351562,216.27000427246094,214.0399932861328,215.22999572753906,205.2198028564453,14512200
2020-11-30,214.10000610351562,214.75999450683594,210.83999633789062,214.07000732421875,204.11375427246094,33064800
2020-12-01,214.50999450683594,217.32000732421875,213.35000610351562,216.2100067138672,206.1542205810547,30904500
2020-12-02,214.8800048828125,215.47000122070312,212.8000030517578,215.3699951171875,205.35325622558594,23724500
2020-12-03,214.61000061035156,216.3800048828125,213.64999389648438,214.24000549316406,204.27586364746094,25120900
2020-12-04,214.22000122070312,215.3800048828125,213.17999267578125,214.36000061035156,204.3902130126953,24666000
2020-12-07,214.3699951171875,215.5399932861328,212.99000549316406,214.2899932861328,204.32351684570312,24620000
2020-12-08,213.97000122070312,216.9499969482422,212.88999938964844,216.00999450683594,205.9635009765625,23284100
2020-12-09,215.16000366210938,215.22999572753906,211.2100067138672,211.8000030517578,201.94937133789062,32440600
2020-12-10,211.77000427246094,213.0800018310547,210.36000061035156,210.52000427246094,200.72886657714844,26733300
2020-12-11,210.0500030517578,213.32000732421875,209.11000061035156,213.25999450683594,203.3413848876953,30979400
2020-12-14,213.10000610351562,216.2100067138672,212.8800048828125,214.1999969482422,204.23768615722656,28798400
2020-12-15,215.1699981689453,215.4199981689453,212.24000549316406,214.1300048828125,204.1709442138672,27000600
2020-12-16,214.75,220.11000061035156,214.72000122070312,219.27999877929688,209.0814666748047,35023300
2020-12-17,219.8699951171875,220.88999938964844,217.9199981689453,219.4199981689453,209.21493530273438,32515800
2020-12-18,218.58999633789062,219.69000244140625,216.02000427246094,218.58999633789062,208.4235076904297,63354900
2020-12-21,217.5500030517578,224.0,217.27999877929688,222.58999633789062,212.23745727539062,37181900
2020-12-22,222.69000244140625,225.6300048828125,221.85000610351562,223.94000244140625,213.5247039794922,22612200
2020-12-23,223.11000061035156,223.55999755859375,220.8000030517578,221.02000427246094,210.74050903320312,18699600
2020-12-24,221.4199981689453,223.61000061035156,221.1999969482422,222.75,212.39007568359375,10550600
2020-12-28,224.4499969482422,226.02999877929688,223.02000427246094,224.9600067138672,214.49728393554688,17933500
2020-12-29,226.30999755859375,227.17999267578125,223.5800018310547,224.14999389648438,213.7248992919922,17403200
2020-12-30,225.22999572753906,225.6300048828125,221.47000122070312,221.67999267578125,211.36981201171875,20272300
2020-12-31,221.6999969482422,223.0,219.67999267578125,222.4199981689453,212.07542419433594,20942100
2021-01-04,222.52999877929688,223.0,214.80999755859375,217.69000244140625,207.5653533935547,37130100
2021-01-05,217.25999450683594,218.52000427246094,215.6999969482422,217.89999389648438,207.765625,23823000
2021-01-06,212.1699981689453,216.49000549316406,211.94000244140625,212.25,202.37835693359375,35930700
2021-01-07,214.0399932861328,219.33999633789062,213.7100067138672,218.2899932861328,208.13746643066406,27694500
2021-01-08,218.67999267578125,220.5800018310547,217.02999877929688,219.6199951171875,209.40562438964844,22956200
2021-01-11,218.47000122070312,218.91000366210938,216.72999572753906,217.49000549316406,207.3746795654297,23031300
2021-01-12,216.5,217.10000610351562,213.32000732421875,214.92999267578125,204.93373107910156,23249300
2021-01-13,214.02000427246094,216.75999450683594,213.92999267578125,216.33999633789062,206.2781524658203,20087100
2021-01-14,215.91000366210938,217.4600067138672,212.74000549316406,213.02000427246094,203.11257934570312,29480800
2021-01-15,213.52000427246094,214.50999450683594,212.02999877929688,212.64999389648438,202.7598114013672,31746500
2021-01-19,213.75,216.97999572753906,212.6300048828125,216.44000244140625,206.37351989746094,30480900
2021-01-20,217.6999969482422,225.7899932861328,217.2899932861328,224.33999633789062,213.9060821533203,37777300
2021-01-21,224.6999969482422,226.3000030517578,222.4199981689453,224.97000122070312,214.5067596435547,30709400
2021-01-22,227.0800018310547,230.07000732421875,225.8000030517578,225.9499969482422,215.44122314453125,30172700
2021-01-25,229.1199951171875,229.77999877929688,224.22000122070312,229.52999877929688,218.8546905517578,33152100
2021-01-26,231.86000061035156,234.17999267578125,230.0800018310547,232.3300018310547,221.52452087402344,49169600
2021-01-27,238.0,240.44000244140625,230.13999938964844,232.89999389648438,222.06797790527344,69870600
2021-01-28,235.61000061035156,242.63999938964844,235.08999633789062,238.92999267578125,227.81753540039062,49111200
2021-01-29,235.99000549316406,238.02000427246094,231.35000610351562,231.9600067138672,221.17169189453125,42503100
2021-02-01,235.05999755859375,242.5,232.42999267578125,239.64999389648438,228.50405883789062,33314200
2021-02-02,241.3000030517578,242.30999755859375,238.69000244140625,239.50999450683594,228.37054443359375,25916300
2021-02-03,239.57000732421875,245.08999633789062,239.25999450683594,243.0,231.69822692871094,27158100
2021-02-04,242.66000366210938,243.24000549316406,240.3699951171875,242.00999450683594,230.75428771972656,25296100
2021-02-05,242.22999572753906,243.27999877929688,240.4199981689453,242.1999969482422,230.93544006347656,18054800
2021-02-08,243.14999389648438,243.67999267578125,240.80999755859375,242.47000122070312,231.19293212890625,22211900
2021-02-09,241.8699951171875,244.75999450683594,241.3800048828125,243.77000427246094,232.43243408203125,23565000
2021-02-10,245.0,245.9199981689453,240.88999938964844,242.82000732421875,231.526611328125,22186700
2021-02-11,244.77999877929688,245.14999389648438,242.14999389648438,244.49000549316406,233.11891174316406,15751100
2021-02-12,243.92999267578125,245.3000030517578,242.72999572753906,244.99000549316406,233.59564208984375,16561100
2021-02-16,245.02999877929688,246.1300048828125,242.9199981689453,243.6999969482422,232.3656768798828,26728500
2021-02-17,241.32000732421875,244.30999755859375,240.94000244140625,244.1999969482422,233.3787078857422,21653500
2021-02-18,241.8000030517578,243.92999267578125,240.86000061035156,243.7899932861328,232.98683166503906,16925600
2021-02-19,243.75,243.86000061035156,240.17999267578125,240.97000122070312,230.2918243408203,25262600
2021-02-22,237.4199981689453,237.92999267578125,232.39999389648438,234.50999450683594,224.1180877685547,36446900
2021-02-23,230.3300018310547,234.8300018310547,228.72999572753906,233.27000427246094,222.93309020996094,30228700
2021-02-24,230.00999450683594,235.1999969482422,229.0,234.5500030517578,224.15634155273438,26339700
2021-02-25,232.0800018310547,234.58999633789062,227.8800048828125,228.99000549316406,218.8426971435547,39542200
2021-02-26,231.52999877929688,235.3699951171875,229.5399932861328,232.3800048828125,222.08250427246094,37819200
2021-03-01,235.89999389648438,237.47000122070312,233.14999389648438,236.94000244140625,226.44041442871094,25324000
2021-03-02,237.00999450683594,237.3000030517578,233.4499969482422,233.8699951171875,223.5064239501953,22812500
2021-03-03,232.16000366210938,233.5800018310547,227.25999450683594,227.55999755859375,217.47607421875,34029500
2021-03-04,226.74000549316406,232.49000549316406,224.25999450683594,226.72999572753906,216.682861328125,44727800
2021-03-05,229.52000427246094,233.27000427246094,226.4600067138672,231.60000610351562,221.33702087402344,41872800
2021-03-08,231.3699951171875,233.3699951171875,227.1300048828125,227.38999938964844,217.31362915039062,35267400
2021-03-09,232.8800048828125,235.3800048828125,231.6699981689453,233.77999877929688,223.42042541503906,33080500
2021-03-10,237.0,237.0,232.0399932861328,232.4199981689453,222.1207275390625,29746800
2021-03-11,234.9600067138672,239.1699981689453,234.30999755859375,237.1300048828125,226.62197875976562,29907600
2021-03-12,234.00999450683594,235.82000732421875,233.22999572753906,235.75,225.3031768798828,22653700
2021-03-15,234.9600067138672,235.19000244140625,231.80999755859375,234.80999755859375,224.40478515625,26034900
2021-03-16,236.27999877929688,240.05999755859375,235.94000244140625,237.7100067138672,227.17630004882812,28092200
2021-03-17,236.14999389648438,238.5500030517578,233.22999572753906,237.0399932861328,226.5359649658203,29562100
2021-03-18,232.55999755859375,234.19000244140625,230.3300018310547,230.72000122070312,220.49603271484375,34833000
2021-03-19,231.02000427246094,232.47000122070312,229.35000610351562,230.35000610351562,220.14244079589844,46430700
2021-03-22,230.27000427246094,236.89999389648438,230.13999938964844,235.99000549316406,225.5325164794922,30127000
2021-03-23,237.49000549316406,241.0500030517578,237.07000732421875,237.5800018310547,227.05201721191406,31638400
2021-03-24,237.85000610351562,238.0,235.32000732421875,235.4600067138672,225.0260009765625,25620100
2021-03-25,235.3000030517578,236.94000244140625,231.57000732421875,232.33999633789062,222.0442352294922,34061900
2021-03-26,231.5500030517578,236.7100067138672,231.5500030517578,236.47999572753906,226.00074768066406,25479900
2021-03-29,236.58999633789062,236.8000030517578,231.8800048828125,235.24000549316406,224.8157501220703,25227500
2021-03-30,233.52999877929688,233.85000610351562,231.10000610351562,231.85000610351562,221.57595825195312,24792000
2021-03-31,232.91000366210938,239.10000610351562,232.38999938964844,235.77000427246094,225.32225036621094,43623500
2021-04-01,238.47000122070312,242.83999633789062,238.0500030517578,242.35000610351562,231.61070251464844,30338000
2021-04-05,242.75999450683594,249.9600067138672,242.6999969482422,249.07000732421875,238.0328826904297,36910600
2021-04-06,247.61000061035156,249.39999389648438,246.8800048828125,247.86000061035156,236.8765106201172,22931900
2021-04-07,247.80999755859375,250.92999267578125,247.19000244140625,249.89999389648438,238.8260955810547,22719800
2021-04-08,252.77000427246094,254.13999938964844,252.0,253.25,242.0276641845703,23625200
2021-04-09,252.8699951171875,255.99000549316406,252.44000244140625,255.85000610351562,244.51243591308594,24326800
2021-04-12,254.7100067138672,257.6700134277344,254.6199951171875,255.91000366210938,244.56980895996094,27148700
2021-04-13,257.260009765625,259.19000244140625,256.8299865722656,258.489990234375,247.03541564941406,23837500
2021-04-14,257.4800109863281,258.8299865722656,255.16000366210938,255.58999633789062,244.26394653320312,23070900
2021-04-15,257.92999267578125,259.92999267578125,257.7300109863281,259.5,248.00070190429688,25627500
2021-04-16,259.4700012207031,261.0,257.6000061035156,260.739990234375,249.18572998046875,24878600
2021-04-19,260.19000244140625,261.4800109863281,257.82000732421875,258.739990234375,247.27435302734375,23209300
2021-04-20,257.82000732421875,260.20001220703125,256.8399963378906,258.260009765625,246.815673828125,19722900
2021-04-21,258.94000244140625,260.67999267578125,257.25,260.5799865722656,249.03285217285156,24030400
2021-04-22,260.2099914550781,261.7799987792969,255.63999938964844,257.1700134277344,245.77394104003906,25606200
2021-04-23,257.8800048828125,261.510009765625,257.2699890136719,261.1499938964844,249.5775146484375,21462600
2021-04-26,261.6600036621094,262.44000244140625,260.1700134277344,261.54998779296875,249.95980834960938,19763300
2021-04-27,261.5799865722656,263.19000244140625,260.1199951171875,261.9700012207031,250.361328125,31014200
2021-04-28,256.0799865722656,256.5400085449219,252.9499969482422,254.55999755859375,243.2796173095703,46903100
2021-04-29,255.4600067138672,256.1000061035156,249.0,252.50999450683594,241.3204803466797,40589000
2021-04-30,249.74000549316406,253.0800018310547,249.60000610351562,252.17999267578125,241.00509643554688,30945100
2021-05-03,253.39999389648438,254.35000610351562,251.1199951171875,251.86000061035156,240.6992645263672,19626600
2021-05-04,250.97000122070312,251.2100067138672,245.75999450683594,247.7899932861328,236.80958557128906,32756100
2021-05-05,249.05999755859375,249.5,245.82000732421875,246.47000122070312,235.548095703125,21901300
2021-05-06,246.4499969482422,249.86000061035156,244.69000244140625,249.72999572753906,238.6636505126953,26491100
2021-05-07,252.14999389648438,254.3000030517578,251.1699981689453,252.4600067138672,241.2726593017578,27032900
2021-05-10,250.8699951171875,251.72999572753906,247.1199951171875,247.17999267578125,236.22662353515625,29299900
2021-05-11,244.5500030517578,246.60000610351562,242.57000732421875,246.22999572753906,235.31871032714844,33641600
2021-05-12,242.1699981689453,244.3800048828125,238.07000732421875,239.0,228.4091033935547,36684400
2021-05-13,241.8000030517578,245.60000610351562,241.4199981689453,243.02999877929688,232.2605743408203,29624300
2021-05-14,245.5800018310547,249.17999267578125,245.49000549316406,248.14999389648438,237.15367126464844,23901100
2021-05-17,246.5500030517578,246.58999633789062,243.52000427246094,245.17999267578125,234.31524658203125,24970200
2021-05-18,246.27000427246094,246.41000366210938,242.89999389648438,243.0800018310547,232.30831909179688,20168000
2021-05-19,239.30999755859375,243.22999572753906,238.60000610351562,243.1199951171875,232.883056640625,25739800
2021-05-20,243.9600067138672,247.9499969482422,243.86000061035156,246.47999572753906,236.10153198242188,21800700
2021-05-21,247.57000732421875,248.3300018310547,244.74000549316406,245.1699981689453,234.8467559814453,21863100
2021-05-24,247.7899932861328,251.16000366210938,247.50999450683594,250.77999877929688,240.22052001953125,21411500
2021-05-25,251.77000427246094,252.75,250.82000732421875,251.72000122070312,241.12094116210938,17704300
2021-05-26,251.42999267578125,252.94000244140625,250.75,251.49000549316406,240.90060424804688,17771600
2021-05-27,251.1699981689453,251.47999572753906,249.25,249.30999755859375,238.8124542236328,24426200
2021-05-28,251.0,252.0800018310547,249.55999755859375,249.67999267578125,239.16683959960938,18270200
2021-06-01,251.22999572753906,251.2899932861328,246.9600067138672,247.39999389648438,236.98281860351562,23213300
2021-06-02,248.1300048828125,249.27000427246094,245.83999633789062,247.3000030517578,236.88710021972656,19406700
2021-06-03,245.22000122070312,246.33999633789062,243.0,245.7100067138672,235.36399841308594,25307700
2021-06-04,247.75999450683594,251.64999389648438,247.50999450683594,250.7899932861328,240.2301025390625,25281100
2021-06-07,249.97999572753906,254.08999633789062,249.80999755859375,253.80999755859375,243.12295532226562,23079200
2021-06-08,255.16000366210938,256.010009765625,252.50999450683594,252.57000732421875,241.93516540527344,22455000
2021-06-09,253.80999755859375,255.52999877929688,253.2100067138672,253.58999633789062,242.91221618652344,17937600
2021-06-10,254.2899932861328,257.4599914550781,253.6699981689453,257.239990234375,246.40847778320312,24563600
2021-06-11,257.989990234375,258.489990234375,256.6099853515625,257.8900146484375,247.03115844726562,18999700
2021-06-14,257.8999938964844,259.95001220703125,256.79998779296875,259.8900146484375,248.94691467285156,19150500
2021-06-15,259.7699890136719,259.989990234375,257.67999267578125,258.3599853515625,247.4812774658203,18038900
2021-06-16,259.3999938964844,260.5799865722656,254.4199981689453,257.3800048828125,246.5426025390625,27220000
2021-06-17,256.07000732421875,261.75,256.010009765625,260.8999938964844,249.91445922851562,27565500
2021-06-18,259.6300048828125,262.29998779296875,258.75,259.42999267578125,248.5063018798828,37202200
2021-06-21,259.82000732421875,263.5199890136719,257.9200134277344,262.6300048828125,251.57159423828125,26696100
2021-06-22,262.7200012207031,265.7900085449219,262.3999938964844,265.510009765625,254.33029174804688,24694100
2021-06-23,265.989990234375,266.8299865722656,264.42999267578125,265.2699890136719,254.10040283203125,19518700
2021-06-24,266.1600036621094,267.8500061035156,265.4700012207031,266.69000244140625,255.4606170654297,21446900
2021-06-25,266.2300109863281,267.25,264.760009765625,265.0199890136719,253.8608856201172,25611100
2021-06-28,266.19000244140625,268.8999938964844,265.9100036621094,268.7200012207031,257.4051208496094,19590000
2021-06-29,268.8699951171875,271.6499938964844,267.9800109863281,271.3999938964844,259.9721984863281,19937800
2021-06-30,270.69000244140625,271.3599853515625,269.6000061035156,270.8999938964844,259.4933776855469,21656500
2021-07-01,269.6099853515625,271.8399963378906,269.6000061035156,271.6000061035156,260.16387939453125,16725300
2021-07-02,272.82000732421875,278.0,272.5,277.6499938964844,265.9591369628906,26458000
2021-07-06,278.0299987792969,279.3699951171875,274.29998779296875,277.6600036621094,265.9686584472656,31565600
2021-07-07,279.3999938964844,280.69000244140625,277.1499938964844,279.92999267578125,268.1430358886719,23260000
2021-07-08,276.8999938964844,278.7300109863281,274.8699951171875,277.4200134277344,265.73883056640625,24618600
2021-07-09,275.7200012207031,278.04998779296875,275.32000732421875,277.94000244140625,266.2369079589844,23916700
2021-07-12,279.1600036621094,279.7699890136719,276.5799865722656,277.32000732421875,265.64300537109375,18931700
2021-07-13,277.5199890136719,282.8500061035156,277.3900146484375,280.9800109863281,269.14892578125,26120100
2021-07-14,282.3500061035156,283.6600036621094,280.54998779296875,282.510009765625,270.6144104003906,23113700
2021-07-15,282.0,282.510009765625,279.8299865722656,281.0299987792969,269.19677734375,22604200
2021-07-16,282.07000732421875,284.1000061035156,279.4599914550781,280.75,268.9285583496094,26186800
2021-07-19,278.92999267578125,280.3699951171875,274.45001220703125,277.010009765625,265.3460998535156,32935600
2021-07-20,278.0299987792969,280.9700012207031,276.260009765625,279.32000732421875,267.5588073730469,26259700
2021-07-21,278.8999938964844,281.5199890136719,277.2900085449219,281.3999938964844,269.55120849609375,24364300
2021-07-22,283.8399963378906,286.4200134277344,283.4200134277344,286.1400146484375,274.0916442871094,23384100
2021-07-23,287.3699951171875,289.989990234375,286.5,289.6700134277344,277.47296142578125,22768100
2021-07-26,289.0,289.69000244140625,286.6400146484375,289.04998779296875,276.8790588378906,23176100
2021-07-27,289.42999267578125,289.5799865722656,282.95001220703125,286.5400085449219,274.4748229980469,33604100
2021-07-28,288.989990234375,290.1499938964844,283.8299865722656,286.2200012207031,274.1682434082031,33566900
2021-07-29,286.239990234375,288.6199951171875,286.0799865722656,286.5,274.4365234375,18168300
2021-07-30,285.1700134277344,286.6600036621094,283.9100036621094,284.9100036621094,272.913330078125,20944800
2021-08-02,286.3599853515625,286.7699890136719,283.739990234375,284.82000732421875,272.8272705078125,16267400
2021-08-03,285.4200134277344,287.2300109863281,284.0,287.1199951171875,275.03033447265625,17879000
2021-08-04,286.2200012207031,287.5899963378906,284.6499938964844,286.510009765625,274.4460144042969,16191300
2021-08-05,286.8800048828125,289.6300048828125,286.1000061035156,289.5199890136719,277.3293151855469,13900200
2021-08-06,288.510009765625,289.5,287.6199951171875,289.4599914550781,277.2718811035156,16589300
2021-08-09,289.75,291.54998779296875,287.80999755859375,288.3299865722656,276.1894226074219,16117600
2021-08-10,288.79998779296875,289.25,285.20001220703125,286.44000244140625,274.3789367675781,18616600
2021-08-11,287.2099914550781,288.6600036621094,285.8599853515625,286.95001220703125,274.8675842285156,13955900
2021-08-12,286.6300048828125,289.9700012207031,286.3399963378906,289.80999755859375,277.60711669921875,14561300
2021-08-13,289.4800109863281,292.8999938964844,289.29998779296875,292.8500061035156,280.5190734863281,18249000
2021-08-16,293.19000244140625,294.82000732421875,290.0199890136719,294.6000061035156,282.19537353515625,22507600
2021-08-17,292.3900146484375,293.42999267578125,291.0799865722656,293.0799865722656,280.7393798828125,20075300
2021-08-18,292.0400085449219,294.82000732421875,290.2699890136719,290.7300109863281,279.02154541015625,21813000
2021-08-19,288.69000244140625,297.4700012207031,288.6400146484375,296.7699890136719,284.8182373046875,29850500
2021-08-20,299.7200012207031,305.8399963378906,298.05999755859375,304.3599853515625,292.1026306152344,40817600
2021-08-23,303.25,305.3999938964844,301.8500061035156,304.6499938964844,292.3809509277344,22830200
2021-08-24,305.0199890136719,305.6499938964844,302.0,302.6199951171875,290.4327697753906,18175800
2021-08-25,304.29998779296875,304.5899963378906,300.4200134277344,302.010009765625,289.8472900390625,20006100
2021-08-26,300.989990234375,302.42999267578125,298.95001220703125,299.0899963378906,287.04486083984375,17666100
2021-08-27,298.989990234375,300.8699951171875,296.8299865722656,299.7200012207031,287.6493835449219,22605700
2021-08-30,301.1199951171875,304.2200012207031,301.05999755859375,303.5899963378906,291.3636169433594,16348100
2021-08-31,304.4200134277344,304.5,301.5,301.8800048828125,289.7225036621094,26285300
2021-09-01,302.8699951171875,305.19000244140625,301.489990234375,301.8299865722656,289.67449951171875,18983800
2021-09-02,302.20001220703125,303.3599853515625,300.17999267578125,301.1499938964844,289.0218505859375,16285600
2021-09-03,300.989990234375,302.6000061035156,300.260009765625,301.1400146484375,289.0122375488281,14747900
2021-09-07,301.010009765625,301.0899963378906,298.20001220703125,300.17999267578125,288.0909729003906,17180400
2021-09-08,299.7799987792969,300.6099853515625,297.4700012207031,300.2099914550781,288.1197814941406,15046800
2021-09-09,300.82000732421875,302.1400146484375,297.0,297.25,285.2789001464844,19927000
2021-09-10,298.4200134277344,299.9200134277344,295.3800048828125,295.7099914550781,283.80096435546875,19633400
2021-09-13,297.54998779296875,298.5400085449219,294.0799865722656,296.989990234375,285.02935791015625,23652900
2021-09-14,299.55999755859375,301.3900146484375,298.1000061035156,299.7900085449219,287.7166748046875,21853400
2021-09-15,303.260009765625,305.32000732421875,301.82000732421875,304.82000732421875,292.5440979003906,28356300
2021-09-16,303.760009765625,305.30999755859375,300.760009765625,305.2200012207031,292.927978515625,19550800
2021-09-17,304.1700134277344,304.5,299.5299987792969,299.8699951171875,287.79345703125,41372500
2021-09-20,296.3299865722656,298.7200012207031,289.5199890136719,294.29998779296875,282.44769287109375,38278700
2021-09-21,295.69000244140625,297.5400085449219,294.07000732421875,294.79998779296875,282.9275207519531,22364100
2021-09-22,296.7300109863281,300.2200012207031,294.510009765625,298.5799865722656,286.555419921875,26626300
2021-09-23,298.8500061035156,300.8999938964844,297.5299987792969,299.55999755859375,287.4959716796875,18604600
2021-09-24,298.2300109863281,299.79998779296875,296.92999267578125,299.3500061035156,287.29437255859375,14999000
2021-09-27,296.1400146484375,296.4700012207031,292.94000244140625,294.1700134277344,282.3229675292969,23571700
2021-09-28,289.79998779296875,290.7799987792969,282.75,283.5199890136719,272.10186767578125,43186200
2021-09-29,285.1000061035156,286.7699890136719,283.010009765625,284.0,272.56256103515625,26353700
2021-09-30,285.7099914550781,287.8299865722656,281.6199951171875,281.9200134277344,270.5662841796875,32343600
2021-10-01,282.1199951171875,289.9800109863281,281.2900085449219,289.1000061035156,277.4571533203125,30086300
2021-10-04,287.3999938964844,287.75,280.25,283.1099853515625,271.7083435058594,31350700
2021-10-05,284.04998779296875,290.3999938964844,284.04998779296875,288.760009765625,277.130859375,24993000
2021-10-06,285.7799987792969,293.6300048828125,285.510009765625,293.1099853515625,281.3056945800781,28002600
2021-10-07,295.17999267578125,296.6400146484375,293.9200134277344,294.8500061035156,282.9756164550781,20430500
2021-10-08,296.2200012207031,296.6400146484375,293.760009765625,294.8500061035156,282.9756164550781,17685700
2021-10-11,292.9200134277344,297.9700012207031,292.75,294.2300109863281,282.3805847167969,19298600
2021-10-12,295.3399963378906,295.44000244140625,292.3500061035156,292.8800048828125,281.08489990234375,17974100
2021-10-13,294.9100036621094,297.2799987792969,293.489990234375,296.30999755859375,284.3767395019531,23416300
2021-10-14,299.2099914550781,303.2699890136719,297.8299865722656,302.75,290.55743408203125,27262900
2021-10-15,302.3399963378906,304.45001220703125,300.5199890136719,304.2099914550781,291.9585876464844,25384800
2021-10-18,303.57000732421875,308.2099914550781,302.69000244140625,307.2900085449219,294.91461181640625,22729300
2021-10-19,308.3500061035156,309.29998779296875,307.2200012207031,308.2300109863281,295.81658935546875,17682100
2021-10-20,309.2099914550781,309.70001220703125,306.1099853515625,307.4100036621094,295.02972412109375,16537100
2021-10-21,307.1700134277344,311.0199890136719,306.3599853515625,310.760009765625,298.24481201171875,16918100
2021-10-22,310.3999938964844,311.0899963378906,307.79998779296875,309.1600036621094,296.70928955078125,17449300
2021-10-25,309.3599853515625,309.3999938964844,306.4599914550781,308.1300048828125,295.72076416015625,17554500
2021-10-26,311.0,312.3999938964844,308.6000061035156,310.1099853515625,297.6209716796875,28107300
2021-10-27,316.0,326.1000061035156,316.0,323.1700134277344,310.15509033203125,52588700
2021-10-28,324.3299865722656,324.8699951171875,321.3599853515625,324.3500061035156,311.2875671386719,26297900
2021-10-29,324.1300048828125,332.0,323.8999938964844,331.6199951171875,318.2647705078125,34766000
2021-11-01,331.3599853515625,331.489990234375,326.3699951171875,329.3699951171875,316.10540771484375,27073200
2021-11-02,330.30999755859375,333.45001220703125,330.0,333.1300048828125,319.7139892578125,26487100
2021-11-03,333.8999938964844,334.8999938964844,330.6499938964844,334.0,320.5489196777344,21500100
2021-11-04,332.8900146484375,336.5400085449219,329.510009765625,336.44000244140625,322.8907165527344,23992200
2021-11-05,338.510009765625,338.7900085449219,334.4200134277344,336.05999755859375,322.5259094238281,22570100
2021-11-08,337.29998779296875,337.6499938964844,334.44000244140625,336.989990234375,323.41845703125,20897000
2021-11-09,337.1099853515625,338.7200012207031,334.5299987792969,335.95001220703125,322.42041015625,21307400
2021-11-10,334.57000732421875,334.6300048828125,329.9200134277344,330.79998779296875,317.4777526855469,25500900
2021-11-11,331.25,333.7699890136719,330.510009765625,332.42999267578125,319.0420837402344,16849800
2021-11-12,333.9200134277344,337.2300109863281,333.7900085449219,336.7200012207031,323.15936279296875,23831000
2021-11-15,337.5400085449219,337.8800048828125,334.0299987792969,336.07000732421875,322.53558349609375,16723000
2021-11-16,335.67999267578125,340.6700134277344,335.510009765625,339.510009765625,325.83697509765625,20886800
2021-11-17,338.94000244140625,342.19000244140625,338.0,339.1199951171875,326.0581359863281,19053400
2021-11-18,338.17999267578125,342.45001220703125,337.1199951171875,341.2699890136719,328.1252746582031,22463500
2021-11-19,342.6400146484375,345.1000061035156,342.20001220703125,343.1099853515625,329.89447021484375,21963400
2021-11-22,344.6199951171875,349.6700134277344,339.54998779296875,339.8299865722656,326.7408752441406,31031100
2021-11-23,337.04998779296875,339.45001220703125,333.55999755859375,337.67999267578125,324.6737060546875,30427600
2021-11-24,336.2799987792969,338.1600036621094,333.9100036621094,337.9100036621094,324.894775390625,21661300
2021-11-26,334.3500061035156,337.92999267578125,328.1199951171875,329.67999267578125,316.9817199707031,24217200
2021-11-29,334.94000244140625,339.0299987792969,334.739990234375,336.6300048828125,323.6640625,28563500
2021-11-30,335.32000732421875,337.7799987792969,328.989990234375,330.5899963378906,317.8567199707031,42885600
2021-12-01,335.1300048828125,339.2799987792969,329.3900146484375,330.0799865722656,317.3663024902344,33337600
2021-12-02,330.29998779296875,333.489990234375,327.79998779296875,329.489990234375,316.799072265625,30766000
2021-12-03,331.989990234375,332.70001220703125,318.0299987792969,323.010009765625,310.568603515625,41779300
2021-12-06,323.95001220703125,327.45001220703125,319.2300109863281,326.19000244140625,313.62615966796875,30032600
2021-12-07,331.6400146484375,335.79998779296875,330.1000061035156,334.9200134277344,322.0199279785156,31021900
2021-12-08,335.30999755859375,335.5,330.79998779296875,334.9700012207031,322.06793212890625,24761000
2021-12-09,334.4100036621094,336.489990234375,332.1199951171875,333.1000061035156,320.27008056640625,22214200
2021-12-10,334.9800109863281,343.0,334.7900085449219,342.5400085449219,329.3464660644531,38095700
2021-12-13,340.67999267578125,343.7900085449219,339.0799865722656,339.3999938964844,326.3273620605469,28899400
2021-12-14,333.2200012207031,334.6400146484375,324.1099853515625,328.3399963378906,315.693359375,44438700
2021-12-15,328.6099853515625,335.19000244140625,324.5,334.6499938964844,321.7603454589844,35381100
2021-12-16,335.7099914550781,336.760009765625,323.0199890136719,324.8999938964844,312.3858337402344,35034800
2021-12-17,320.8800048828125,324.9200134277344,317.25,323.79998779296875,311.32818603515625,47750300
2021-12-20,320.04998779296875,322.79998779296875,317.57000732421875,319.9100036621094,307.5880126953125,28326500
2021-12-21,323.2900085449219,327.7300109863281,319.79998779296875,327.2900085449219,314.68377685546875,24740600
2021-12-22,328.29998779296875,333.6099853515625,325.75,333.20001220703125,320.36614990234375,24831500
2021-12-23,332.75,336.3900146484375,332.7300109863281,334.69000244140625,321.7987365722656,19617800
2021-12-27,335.4599914550781,342.4800109863281,335.42999267578125,342.45001220703125,329.25994873046875,19947000
2021-12-28,343.1499938964844,343.80999755859375,340.32000732421875,341.25,328.10614013671875,15661500
2021-12-29,341.29998779296875,344.29998779296875,339.67999267578125,341.95001220703125,328.7792053222656,15042000
2021-12-30,341.9100036621094,343.1300048828125,338.82000732421875,339.32000732421875,326.2504577636719,15994500
2021-12-31,338.510009765625,339.3599853515625,335.8500061035156,336.32000732421875,323.36602783203125,18000800
2022-01-03,335.3500061035156,338.0,329.7799987792969,334.75,321.8564758300781,28865100
2022-01-04,334.8299865722656,335.20001220703125,326.1199951171875,329.010009765625,316.3376159667969,32674300
2022-01-05,325.8599853515625,326.07000732421875,315.9800109863281,316.3800048828125,304.1940612792969,40054300
2022-01-06,313.1499938964844,318.70001220703125,311.489990234375,313.8800048828125,301.7903137207031,39646100
2022-01-07,314.1499938964844,316.5,310.0899963378906,314.0400085449219,301.9442138671875,32720000
2022-01-10,309.489990234375,314.7200012207031,304.69000244140625,314.2699890136719,302.1653137207031,44289500
2022-01-11,313.3800048828125,316.6099853515625,309.8900146484375,314.9800109863281,302.8480224609375,29386800
2022-01-12,319.6700134277344,323.4100036621094,317.0799865722656,318.2699890136719,306.01116943359375,34372200
2022-01-13,320.4700012207031,320.8800048828125,304.0,304.79998779296875,293.06005859375,45366000
2022-01-14,304.25,310.82000732421875,303.75,310.20001220703125,298.2521057128906,39846400
2022-01-18,304.07000732421875,309.79998779296875,301.739990234375,302.6499938964844,290.99285888671875,42333200
2022-01-19,306.2900085449219,313.9100036621094,302.70001220703125,303.3299865722656,291.6466369628906,45933900
2022-01-20,309.07000732421875,311.6499938964844,301.1400146484375,301.6000061035156,289.9833068847656,35380700
2022-01-21,302.69000244140625,304.1099853515625,295.6099853515625,296.0299987792969,284.6278076171875,57984400
2022-01-24,292.20001220703125,297.1099853515625,276.04998779296875,296.3699951171875,284.9548034667969,85731500
2022-01-25,291.5199890136719,294.989990234375,285.1700134277344,288.489990234375,277.3782653808594,72848600
2022-01-26,307.989990234375,308.5,293.0299987792969,296.7099914550781,285.2815856933594,90428900
2022-01-27,302.6600036621094,307.29998779296875,297.92999267578125,299.8399963378906,288.29107666015625,53481300
2022-01-28,300.2300109863281,308.4800109863281,294.45001220703125,308.260009765625,296.38677978515625,49743700
2022-01-31,308.95001220703125,312.3800048828125,306.3699951171875,310.9800109863281,299.00201416015625,46444500
2022-02-01,310.4100036621094,310.6300048828125,305.1300048828125,308.760009765625,296.8675537109375,40950400
2022-02-02,309.6300048828125,315.1199951171875,308.8800048828125,313.4599914550781,301.386474609375,36636000
2022-02-03,309.489990234375,311.2300109863281,299.9599914550781,301.25,289.6467590332031,43730000
2022-02-04,300.2099914550781,308.79998779296875,299.9700012207031,305.94000244140625,294.1562194824219,35096500
2022-02-07,306.1700134277344,307.8399963378906,299.8999938964844,300.95001220703125,289.3583679199219,28533300
2022-02-08,301.25,305.55999755859375,299.95001220703125,304.55999755859375,292.829345703125,32421200
2022-02-09,309.8699951171875,311.92999267578125,307.3900146484375,311.2099914550781,299.2231750488281,31284700
2022-02-10,304.0400085449219,309.1199951171875,300.70001220703125,302.3800048828125,290.7332458496094,45386200
2022-02-11,303.19000244140625,304.2900085449219,294.2200012207031,295.0400085449219,283.6759948730469,39175600
2022-02-14,293.7699890136719,296.760009765625,291.3500061035156,295.0,283.637451171875,36359500
2022-02-15,300.010009765625,300.79998779296875,297.0199890136719,300.4700012207031,288.89691162109375,27058300
2022-02-16,298.3699951171875,300.8699951171875,293.67999267578125,299.5,288.5596008300781,29982100
2022-02-17,296.3599853515625,296.79998779296875,290.0,290.7300109863281,280.1100158691406,32461600
2022-02-18,293.04998779296875,293.8599853515625,286.30999755859375,287.92999267578125,277.4122619628906,34264000
2022-02-22,285.0,291.5400085449219,284.5,287.7200012207031,277.2099304199219,41736100
2022-02-23,290.17999267578125,291.70001220703125,280.1000061035156,280.2699890136719,270.0321044921875,37811200
2022-02-24,272.510009765625,295.1600036621094,271.5199890136719,294.5899963378906,283.8289794921875,56989700
2022-02-25,295.1400146484375,297.6300048828125,291.6499938964844,297.30999755859375,286.4495849609375,32546700
2022-02-28,294.30999755859375,299.1400146484375,293.0,298.7900085449219,287.8754577636719,34627500
2022-03-01,296.3999938964844,299.9700012207031,292.1499938964844,294.95001220703125,284.1758728027344,31217800
2022-03-02,295.3599853515625,301.4700012207031,293.70001220703125,300.19000244140625,289.22442626953125,31873000
2022-03-03,302.8900146484375,303.1300048828125,294.04998779296875,295.9200134277344,285.1103515625,27314500
2022-03-04,294.2900085449219,295.6600036621094,287.1700134277344,289.8599853515625,279.2717590332031,32356500
2022-03-07,288.5299987792969,289.69000244140625,278.5299987792969,278.9100036621094,268.7218017578125,43157200
2022-03-08,277.79998779296875,283.9599914550781,270.0,275.8500061035156,265.7734680175781,48159500
2022-03-09,283.44000244140625,289.6000061035156,280.7799987792969,288.5,277.9613952636719,35204500
2022-03-10,283.0199890136719,286.6000061035156,280.5799865722656,285.5899963378906,275.15771484375,30628000
2022-03-11,287.9599914550781,289.510009765625,279.42999267578125,280.07000732421875,269.83935546875,27209300
2022-03-14,280.3399963378906,285.3999938964844,275.82000732421875,276.44000244140625,266.3420104980469,30660700
2022-03-15,280.3500061035156,287.82000732421875,278.7300109863281,287.1499938964844,276.6607360839844,34245100
2022-03-16,289.1099853515625,294.57000732421875,283.20001220703125,294.3900146484375,283.63623046875,37826300
2022-03-17,293.2900085449219,295.6099853515625,289.3699951171875,295.2200012207031,284.43597412109375,30816600
2022-03-18,295.3699951171875,301.0,292.7300109863281,300.42999267578125,289.45562744140625,43390600
2022-03-21,298.8900146484375,300.1400146484375,294.8999938964844,299.1600036621094,288.2320251464844,28351200
2022-03-22,299.79998779296875,305.0,298.7699890136719,304.05999755859375,292.9530334472656,27599700
2022-03-23,300.510009765625,303.2300109863281,297.7200012207031,299.489990234375,288.54998779296875,25715400
2022-03-24,299.1400146484375,304.20001220703125,298.32000732421875,304.1000061035156,292.9916076660156,24484500
2022-03-25,305.2300109863281,305.5,299.2900085449219,303.67999267578125,292.5869140625,22566500
2022-03-28,304.3299865722656,310.79998779296875,304.3299865722656,310.70001220703125,299.3504943847656,29578200
2022-03-29,313.9100036621094,315.82000732421875,309.04998779296875,315.4100036621094,303.8884582519531,30393400
2022-03-30,313.760009765625,315.95001220703125,311.5799865722656,313.8599853515625,302.3950500488281,28163600
2022-03-31,313.8999938964844,315.1400146484375,307.8900146484375,308.30999755859375,297.0478515625,33422100
2022-04-01,309.3699951171875,310.1300048828125,305.5400085449219,309.4200134277344,298.11724853515625,27110500
2022-04-04,310.0899963378906,315.1099853515625,309.7099914550781,314.9700012207031,303.4644775390625,24289600
2022-04-05,313.2699890136719,314.8699951171875,309.8699951171875,310.8800048828125,299.52392578125,23156700
2022-04-06,305.19000244140625,307.0,296.7099914550781,299.5,288.5596008300781,40110400
2022-04-07,296.6600036621094,303.6499938964844,296.3500061035156,301.3699951171875,290.3612976074219,31411200
2022-04-08,300.44000244140625,301.1199951171875,296.2799987792969,296.9700012207031,286.1220397949219,24361900
2022-04-11,291.7900085449219,292.6099853515625,285.0,285.260009765625,274.83984375,34569300
2022-04-12,289.239990234375,290.739990234375,280.489990234375,282.05999755859375,271.75665283203125,30966700
2022-04-13,282.7300109863281,288.5799865722656,281.29998779296875,287.6199951171875,277.11358642578125,21907200
2022-04-14,288.0899963378906,288.30999755859375,279.32000732421875,279.8299865722656,269.6081237792969,28221600
2022-04-18,278.9100036621094,282.4599914550781,278.3399963378906,280.5199890136719,270.2729187011719,20778000
2022-04-19,279.3800048828125,286.1700134277344,278.4100036621094,285.29998779296875,274.8782958984375,22297700
2022-04-20,289.3999938964844,289.70001220703125,285.3699951171875,286.3599853515625,275.8995666503906,22906700
2022-04-21,288.5799865722656,293.29998779296875,280.05999755859375,280.80999755859375,270.5523681640625,29454600
2022-04-22,281.67999267578125,283.20001220703125,273.3800048828125,274.0299987792969,264.0199890136719,29405800
2022-04-25,273.2900085449219,281.1099853515625,270.7699890136719,280.7200012207031,270.465576171875,35678900
2022-04-26,277.5,278.3599853515625,270.0,270.2200012207031,260.34918212890625,46518400
2022-04-27,282.1000061035156,290.9700012207031,279.1600036621094,283.2200012207031,272.8742980957031,63477700
2022-04-28,285.19000244140625,290.9800109863281,281.4599914550781,289.6300048828125,279.0502014160156,33646600
2022-04-29,288.6099853515625,289.8800048828125,276.5,277.5199890136719,267.38250732421875,37073900
2022-05-02,277.7099914550781,284.94000244140625,276.2200012207031,284.4700012207031,274.0786437988281,35151100
2022-05-03,283.9599914550781,284.1300048828125,280.1499938964844,281.7799987792969,271.4869079589844,25978600
2022-05-04,282.5899963378906,290.8800048828125,276.7300109863281,289.9800109863281,279.3873291015625,33599300
2022-05-05,285.5400085449219,286.3500061035156,274.3399963378906,277.3500061035156,267.21875,43260400
2022-05-06,274.80999755859375,279.25,271.2699890136719,274.7300109863281,264.69439697265625,37780300
2022-05-09,270.05999755859375,272.3599853515625,263.32000732421875,264.5799865722656,254.9152069091797,47726000
2022-05-10,271.69000244140625,273.75,265.07000732421875,269.5,259.655517578125,39336400
2022-05-11,265.67999267578125,271.3599853515625,259.29998779296875,260.54998779296875,251.0323944091797,48975900
2022-05-12,257.69000244140625,259.8800048828125,250.02000427246094,255.35000610351562,246.02235412597656,51033800
2022-05-13,257.3500061035156,263.0400085449219,255.35000610351562,261.1199951171875,251.5816192626953,34925100
2022-05-16,259.9599914550781,265.82000732421875,255.77999877929688,261.5,251.94769287109375,32550900
2022-05-17,266.1099853515625,268.3299865722656,262.4599914550781,266.82000732421875,257.0733947753906,28828800
2022-05-18,263.0,263.6000061035156,252.77000427246094,254.0800018310547,245.36892700195312,31356000
2022-05-19,253.89999389648438,257.6700134277344,251.8800048828125,253.13999938964844,244.46112060546875,32692300
2022-05-20,257.239990234375,258.5400085449219,246.44000244140625,252.55999755859375,243.9010467529297,39199300
2022-05-23,255.49000549316406,261.5,253.42999267578125,260.6499938964844,251.713623046875,33175400
2022-05-24,257.8900146484375,261.3299865722656,253.5,259.6199951171875,250.71900939941406,29043900
2022-05-25,258.1400146484375,264.5799865722656,257.1300048828125,262.5199890136719,253.51953125,28547900
2022-05-26,262.2699890136719,267.1099853515625,261.42999267578125,265.8999938964844,256.78369140625,25002100
2022-05-27,268.4800109863281,273.3399963378906,267.55999755859375,273.239990234375,263.8720397949219,26910800
2022-05-31,272.5299987792969,274.7699890136719,268.92999267578125,271.8699951171875,262.549072265625,37827700
2022-06-01,275.20001220703125,277.69000244140625,270.0400085449219,272.4200134277344,263.08013916015625,25292200
2022-06-02,264.45001220703125,274.6499938964844,261.6000061035156,274.5799865722656,265.16607666015625,44008200
2022-06-03,270.30999755859375,273.45001220703125,268.4100036621094,270.0199890136719,260.7624206542969,28059000
2022-06-06,272.05999755859375,274.17999267578125,267.2200012207031,268.75,259.5359802246094,22400300
2022-06-07,266.6400146484375,273.1300048828125,265.94000244140625,272.5,263.1574401855469,22860700
2022-06-08,271.7099914550781,273.0,269.6099853515625,270.4100036621094,261.1390380859375,17372300
2022-06-09,267.7799987792969,272.7099914550781,264.6300048828125,264.7900085449219,255.71173095703125,26439700
2022-06-10,260.5799865722656,260.5799865722656,252.52999877929688,252.99000549316406,244.31631469726562,31422800
2022-06-13,245.11000061035156,249.02000427246094,241.52999877929688,242.25999450683594,233.95416259765625,46135800
2022-06-14,243.86000061035156,245.74000549316406,241.50999450683594,244.49000549316406,236.10772705078125,28651500
2022-06-15,248.30999755859375,255.3000030517578,246.4199981689453,251.75999450683594,243.12844848632812,33111700
2022-06-16,245.97999572753906,247.4199981689453,243.02000427246094,244.97000122070312,236.57125854492188,33169200
2022-06-17,244.6999969482422,250.5,244.02999877929688,247.64999389648438,239.1593780517578,43084800
2022-06-21,250.25999450683594,254.75,249.50999450683594,253.74000549316406,245.04055786132812,29928300
2022-06-22,251.88999938964844,257.1700134277344,250.3699951171875,253.1300048828125,244.4514617919922,25939900
2022-06-23,255.57000732421875,259.3699951171875,253.6300048828125,258.8599853515625,249.98501586914062,25861400
2022-06-24,261.80999755859375,267.9800109863281,261.7200012207031,267.70001220703125,258.52197265625,33923200
2022-06-27,268.2099914550781,268.29998779296875,263.2799987792969,264.8900146484375,255.8083038330078,24615100
2022-06-28,263.9800109863281,266.9100036621094,256.32000732421875,256.4800109863281,247.68663024902344,27295500
2022-06-29,257.5899963378906,261.9700012207031,255.75999450683594,260.260009765625,251.33705139160156,20069800
2022-06-30,257.04998779296875,259.5299987792969,252.89999389648438,256.8299865722656,248.0245819091797,31730900
2022-07-01,256.3900146484375,259.7699890136719,254.61000061035156,259.5799865722656,250.6803436279297,22837700
2022-07-05,256.1600036621094,262.9800109863281,254.74000549316406,262.8500061035156,253.83822631835938,22941000
2022-07-06,263.75,267.989990234375,262.3999938964844,266.2099914550781,257.08306884765625,23824400
2022-07-07,265.1199951171875,269.05999755859375,265.0199890136719,268.3999938964844,259.1979064941406,20859900
2022-07-08,264.7900085449219,268.1000061035156,263.2900085449219,267.6600036621094,258.4833679199219,19658800
2022-07-11,265.6499938964844,266.5299987792969,262.17999267578125,264.510009765625,255.44137573242188,19455200
2022-07-12,265.8800048828125,265.94000244140625,252.0399932861328,253.6699981689453,244.97296142578125,35868500
2022-07-13,250.19000244140625,253.5500030517578,248.11000061035156,252.72000122070312,244.05552673339844,29497400
2022-07-14,250.57000732421875,255.13999938964844,245.94000244140625,254.0800018310547,245.36892700195312,25102800
2022-07-15,255.72000122070312,260.3699951171875,254.77000427246094,256.7200012207031,247.91839599609375,29774100
2022-07-18,259.75,260.8399963378906,253.3000030517578,254.25,245.5330810546875,20975000
2022-07-19,257.5799865722656,259.7200012207031,253.67999267578125,259.5299987792969,250.632080078125,25012600
2022-07-20,259.8999938964844,264.8699951171875,258.9100036621094,262.2699890136719,253.27809143066406,22788300
2022-07-21,259.7900085449219,264.8900146484375,257.0299987792969,264.8399963378906,255.75999450683594,22404700
2022-07-22,265.239990234375,265.3299865722656,259.07000732421875,260.3599853515625,251.43359375,21881300
2022-07-25,261.0,261.5,256.80999755859375,258.8299865722656,249.95606994628906,21056000
2022-07-26,259.8599853515625,259.8800048828125,249.57000732421875,251.89999389648438,243.26364135742188,39348000
2022-07-27,261.1600036621094,270.04998779296875,258.8500061035156,268.739990234375,259.52630615234375,45994000
2022-07-28,269.75,277.8399963378906,267.8699951171875,276.4100036621094,266.93328857421875,33459300
2022-07-29,277.70001220703125,282.0,276.6300048828125,280.739990234375,271.1148376464844,32152800
2022-08-01,277.82000732421875,281.2799987792969,275.8399963378906,278.010009765625,268.4784851074219,21539600
2022-08-02,276.0,277.8900146484375,272.3800048828125,274.82000732421875,265.3978271484375,22754200
2022-08-03,276.760009765625,283.5,276.6099853515625,282.4700012207031,272.7855529785156,23518900
2022-08-04,281.79998779296875,283.79998779296875,280.1700134277344,283.6499938964844,273.9251403808594,18098700
2022-08-05,279.1499938964844,283.6499938964844,278.67999267578125,282.9100036621094,273.2104797363281,16774600
2022-08-08,284.04998779296875,285.9200134277344,279.32000732421875,280.32000732421875,270.7091979980469,18739200
2022-08-09,279.6400146484375,283.0799865722656,277.6099853515625,282.29998779296875,272.6213684082031,23405200
2022-08-10,288.1700134277344,289.80999755859375,286.94000244140625,289.1600036621094,279.2462158203125,24687800
2022-08-11,290.8500061035156,291.2099914550781,286.510009765625,287.0199890136719,277.17950439453125,20065900
2022-08-12,288.4800109863281,291.9100036621094,286.94000244140625,291.9100036621094,281.9019470214844,22619700
2022-08-15,291.0,294.17999267578125,290.1099853515625,293.4700012207031,283.4084167480469,18085700
2022-08-16,291.989990234375,294.0400085449219,290.4200134277344,292.7099914550781,282.6744689941406,18102900
2022-08-17,289.739990234375,293.3500061035156,289.4700012207031,291.32000732421875,281.92926025390625,18253400
2022-08-18,290.19000244140625,291.9100036621094,289.0799865722656,290.1700134277344,280.81634521484375,17186200
2022-08-19,288.8999938964844,289.25,285.55999755859375,286.1499938964844,276.9259338378906,20570000
2022-08-22,282.0799865722656,282.4599914550781,277.2200012207031,277.75,268.7967224121094,25061100
2022-08-23,276.44000244140625,278.8599853515625,275.3999938964844,276.44000244140625,267.52899169921875,17527400
2022-08-24,275.4100036621094,277.2300109863281,275.1099853515625,275.7900085449219,266.8999328613281,18137000
2022-08-25,277.3299865722656,279.0199890136719,274.5199890136719,278.8500061035156,269.861328125,16583400
2022-08-26,279.0799865722656,280.3399963378906,267.9800109863281,268.0899963378906,259.4481506347656,27549300
2022-08-29,265.8500061035156,267.3999938964844,263.8500061035156,265.2300109863281,256.6802978515625,20338500
2022-08-30,266.6700134277344,267.04998779296875,260.6600036621094,262.9700012207031,254.49314880371094,22767100
2022-08-31,265.3900146484375,267.1099853515625,261.3299865722656,261.4700012207031,253.04150390625,24791800
2022-09-01,258.8699951171875,260.8900146484375,255.41000366210938,260.3999938964844,252.0059814453125,23263400
2022-09-02,261.70001220703125,264.739990234375,254.47000122070312,256.05999755859375,247.80587768554688,22855400
2022-09-06,256.20001220703125,257.8299865722656,251.94000244140625,253.25,245.08648681640625,21328200
2022-09-07,254.6999969482422,258.8299865722656,253.22000122070312,258.0899963378906,249.7705078125,24126700
2022-09-08,257.510009765625,260.42999267578125,254.7899932861328,258.5199890136719,250.18658447265625,20319900
2022-09-09,260.5,265.2300109863281,260.2900085449219,264.4599914550781,255.93507385253906,22084700
2022-09-12,265.7799987792969,267.45001220703125,265.1600036621094,266.6499938964844,258.0545654296875,18747700
2022-09-13,258.8399963378906,260.3999938964844,251.58999633789062,251.99000549316406,243.8671112060547,33353300
2022-09-14,253.52999877929688,254.22999572753906,249.86000061035156,252.22000122070312,244.08970642089844,23913000
2022-09-15,249.77000427246094,251.39999389648438,244.02000427246094,245.3800048828125,237.47018432617188,31530900
2022-09-16,244.25999450683594,245.3000030517578,242.05999755859375,244.74000549316406,236.850830078125,39791800
2022-09-19,242.47000122070312,245.13999938964844,240.85000610351562,244.52000427246094,236.6378936767578,26826900
2022-09-20,242.07000732421875,243.50999450683594,239.63999938964844,242.4499969482422,234.63462829589844,26660300
2022-09-21,244.27000427246094,247.66000366210938,238.89999389648438,238.9499969482422,231.2474365234375,28625600
2022-09-22,237.8699951171875,243.86000061035156,237.57000732421875,240.97999572753906,233.21202087402344,31061200
2022-09-23,239.5399932861328,241.1300048828125,235.1999969482422,237.9199981689453,230.2506561279297,34176000
2022-09-26,237.0500030517578,241.4499969482422,236.89999389648438,237.4499969482422,229.7957763671875,27694200
2022-09-27,239.97999572753906,241.8000030517578,234.5,236.41000366210938,228.78933715820312,27018700
2022-09-28,236.80999755859375,242.3300018310547,234.72999572753906,241.07000732421875,233.2991180419922,29029700
2022-09-29,238.88999938964844,239.9499969482422,234.41000366210938,237.5,229.84422302246094,27484200
2022-09-30,238.2899932861328,240.5399932861328,232.72999572753906,232.89999389648438,225.3924560546875,35694800
2022-10-03,235.41000366210938,241.61000061035156,234.66000366210938,240.74000549316406,232.97976684570312,28880400
2022-10-04,245.08999633789062,250.36000061035156,244.97999572753906,248.8800048828125,240.8573760986328,34888400
2022-10-05,245.99000549316406,250.5800018310547,244.10000610351562,249.1999969482422,241.1670684814453,20347100
2022-10-06,247.92999267578125,250.33999633789062,246.0800018310547,246.7899932861328,238.834716796875,20239900
2022-10-07,240.89999389648438,241.32000732421875,233.1699981689453,234.24000549316406,226.6892852783203,37769600
2022-10-10,233.0500030517578,234.55999755859375,226.72999572753906,229.25,221.8601531982422,29743600
2022-10-11,227.6199951171875,229.05999755859375,224.11000061035156,225.41000366210938,218.14390563964844,30474000
2022-10-12,225.39999389648438,227.86000061035156,223.9600067138672,225.75,218.47293090820312,21903900
2022-10-13,219.85000610351562,236.10000610351562,219.1300048828125,234.24000549316406,226.6892852783203,42551800
2022-10-14,235.5399932861328,237.24000549316406,228.33999633789062,228.55999755859375,221.19239807128906,30198600
2022-10-17,235.82000732421875,238.9600067138672,235.13999938964844,237.52999877929688,229.87326049804688,28142300
2022-10-18,243.24000549316406,243.92999267578125,235.3699951171875,238.5,230.81195068359375,26329600
2022-10-19,237.0399932861328,239.61000061035156,234.2899932861328,236.47999572753906,228.85707092285156,19985700
2022-10-20,235.77000427246094,241.30999755859375,234.8699951171875,236.14999389648438,228.5377197265625,21811000
2022-10-21,234.74000549316406,243.0,234.5,242.1199951171875,234.31529235839844,26299700
2022-10-24,243.75999450683594,247.83999633789062,241.3000030517578,247.25,239.27987670898438,24911200
2022-10-25,247.25999450683594,251.0399932861328,245.8300018310547,250.66000366210938,242.5800018310547,34775500
2022-10-26,231.1699981689453,238.3000030517578,230.05999755859375,231.32000732421875,223.86341857910156,82543200
2022-10-27,231.0399932861328,233.69000244140625,225.77999877929688,226.75,219.4407196044922,40424600
2022-10-28,226.24000549316406,236.60000610351562,226.0500030517578,235.8699951171875,228.2667236328125,40647700
2022-10-31,233.75999450683594,234.9199981689453,231.14999389648438,232.1300048828125,224.64730834960938,28357300
2022-11-01,234.60000610351562,235.74000549316406,227.3300018310547,228.1699981689453,220.81492614746094,30592300
2022-11-02,229.4600067138672,231.3000030517578,220.0399932861328,220.10000610351562,213.00509643554688,38407000
2022-11-03,220.08999633789062,220.41000366210938,213.97999572753906,214.25,207.34368896484375,36633900
2022-11-04,217.5500030517578,221.58999633789062,213.42999267578125,221.38999938964844,214.2534942626953,36789100
2022-11-07,221.99000549316406,228.41000366210938,221.27999877929688,227.8699951171875,220.52464294433594,33498000
2022-11-08,228.6999969482422,231.64999389648438,225.83999633789062,228.8699951171875,221.4923858642578,28192500
2022-11-09,227.3699951171875,228.6300048828125,224.3300018310547,224.50999450683594,217.27293395996094,27852900
2022-11-10,235.42999267578125,243.3300018310547,235.0,242.97999572753906,235.14752197265625,46268000
2022-11-11,242.99000549316406,247.99000549316406,241.92999267578125,247.11000061035156,239.1444091796875,34620200
2022-11-14,241.99000549316406,243.91000366210938,239.2100067138672,241.5500030517578,233.76368713378906,31123300
2022-11-15,245.66000366210938,247.0,240.02999877929688,241.97000122070312,234.17005920410156,31390100
2022-11-16,242.7899932861328,243.8000030517578,240.4199981689453,241.72999572753906,234.5970916748047,24093300
2022-11-17,237.77999877929688,243.25,237.6300048828125,241.67999267578125,234.54859924316406,23123500
2022-11-18,243.50999450683594,243.74000549316406,239.02999877929688,241.22000122070312,234.10215759277344,27613500
2022-11-21,241.42999267578125,244.6699981689453,241.19000244140625,242.0500030517578,234.9076690673828,26394700
2022-11-22,243.58999633789062,245.30999755859375,240.7100067138672,245.02999877929688,237.7997283935547,19665700
2022-11-23,245.11000061035156,248.27999877929688,244.27000427246094,247.5800018310547,240.2744903564453,19508500
2022-11-25,247.30999755859375,248.6999969482422,246.72999572753906,247.49000549316406,240.18716430664062,9200800
2022-11-28,246.0800018310547,246.64999389648438,240.8000030517578,241.75999450683594,234.626220703125,24778200
2022-11-29,241.39999389648438,242.7899932861328,238.2100067138672,240.3300018310547,233.2384490966797,17956300
2022-11-30,240.57000732421875,255.3300018310547,239.86000061035156,255.13999938964844,247.61141967773438,47594200
2022-12-01,253.8699951171875,256.1199951171875,250.9199981689453,254.69000244140625,247.17469787597656,26041500
2022-12-02,249.82000732421875,256.05999755859375,249.69000244140625,255.02000427246094,247.49497985839844,21528500
2022-12-05,252.00999450683594,253.82000732421875,248.05999755859375,250.1999969482422,242.81719970703125,23435300
2022-12-06,250.82000732421875,251.86000061035156,243.77999877929688,245.1199951171875,237.88710021972656,22463700
2022-12-07,244.8300018310547,246.16000366210938,242.2100067138672,244.3699951171875,237.15919494628906,20481500
2022-12-08,244.83999633789062,248.74000549316406,243.05999755859375,247.39999389648438,240.0998077392578,22611800
2022-12-09,244.6999969482422,248.30999755859375,244.16000366210938,245.4199981689453,238.17823791503906,20609700
2022-12-12,247.4499969482422,252.5399932861328,247.1699981689453,252.50999450683594,245.05902099609375,30665100
2022-12-13,261.69000244140625,263.9200134277344,253.07000732421875,256.9200134277344,249.33889770507812,42196900
2022-12-14,257.1300048828125,262.5899963378906,254.30999755859375,257.2200012207031,249.6300506591797,35410900
2022-12-15,253.72000122070312,254.1999969482422,247.33999633789062,249.00999450683594,241.66226196289062,35560400
2022-12-16,248.5500030517578,249.83999633789062,243.50999450683594,244.69000244140625,237.46978759765625,86102000
2022-12-19,244.86000061035156,245.2100067138672,238.7100067138672,240.4499969482422,233.3548583984375,29696400
2022-12-20,239.39999389648438,242.91000366210938,238.4199981689453,241.8000030517578,234.66505432128906,25150800
2022-12-21,241.69000244140625,245.6199951171875,240.11000061035156,244.42999267578125,237.2174530029297,23690600
2022-12-22,241.25999450683594,241.99000549316406,233.8699951171875,238.19000244140625,231.1615753173828,28651700
2022-12-23,236.11000061035156,238.8699951171875,233.94000244140625,238.72999572753906,231.68563842773438,21207000
2022-12-27,238.6999969482422,238.92999267578125,235.8300018310547,236.9600067138672,229.9678955078125,16688600
2022-12-28,236.88999938964844,239.72000122070312,234.1699981689453,234.52999877929688,227.60958862304688,17457100
2022-12-29,235.64999389648438,241.9199981689453,235.64999389648438,241.00999450683594,233.89837646484375,19770700
2022-12-30,238.2100067138672,239.9600067138672,236.66000366210938,239.82000732421875,232.74351501464844,21938500
2023-01-03,243.0800018310547,245.75,237.39999389648438,239.5800018310547,232.5105438232422,25740000
2023-01-04,232.27999877929688,232.8699951171875,225.9600067138672,229.10000610351562,222.3397979736328,50623400
2023-01-05,227.1999969482422,227.5500030517578,221.75999450683594,222.30999755859375,215.7501220703125,39585600
2023-01-06,223.0,225.75999450683594,219.35000610351562,224.92999267578125,218.29286193847656,43613600
2023-01-09,226.4499969482422,231.24000549316406,226.41000366210938,227.1199951171875,220.41822814941406,27369800
2023-01-10,227.75999450683594,231.30999755859375,227.3300018310547,228.85000610351562,222.09719848632812,27033900
2023-01-11,231.2899932861328,235.9499969482422,231.11000061035156,235.77000427246094,228.81300354003906,28669300
2023-01-12,235.25999450683594,239.89999389648438,233.55999755859375,238.50999450683594,231.4721221923828,27269500
2023-01-13,237.0,239.3699951171875,234.9199981689453,239.22999572753906,232.17086791992188,21333300
2023-01-17,237.97000122070312,240.91000366210938,237.08999633789062,240.35000610351562,233.25784301757812,29831300
2023-01-18,241.57000732421875,242.3800048828125,235.52000427246094,235.80999755859375,228.851806640625,30028700
2023-01-19,233.77999877929688,235.52000427246094,230.67999267578125,231.92999267578125,225.08627319335938,28623000
2023-01-20,234.86000061035156,240.74000549316406,234.50999450683594,240.22000122070312,233.13168334960938,35389800
2023-01-23,241.10000610351562,245.1699981689453,239.64999389648438,242.5800018310547,235.42202758789062,31934000
2023-01-24,242.5,243.9499969482422,240.44000244140625,242.0399932861328,234.89796447753906,40234400
2023-01-25,234.47999572753906,243.3000030517578,230.89999389648438,240.61000061035156,233.51014709472656,66526600
2023-01-26,243.64999389648438,248.30999755859375,242.0,248.0,240.68212890625,33454500
2023-01-27,248.99000549316406,249.8300018310547,246.8300018310547,248.16000366210938,240.83738708496094,26498900
2023-01-30,244.50999450683594,245.60000610351562,242.1999969482422,242.7100067138672,235.54820251464844,25867400
2023-01-31,243.4499969482422,247.9499969482422,242.9499969482422,247.80999755859375,240.49769592285156,26541100
2023-02-01,248.0,255.17999267578125,245.47000122070312,252.75,245.2919464111328,31259900
2023-02-02,258.82000732421875,264.69000244140625,257.25,264.6000061035156,256.79229736328125,39940400
2023-02-03,259.5400085449219,264.20001220703125,257.1000061035156,258.3500061035156,250.72674560546875,29077300
2023-02-06,257.44000244140625,258.29998779296875,254.77999877929688,256.7699890136719,249.19329833984375,22518000
2023-02-07,260.5299987792969,268.7699890136719,260.0799865722656,267.55999755859375,259.6649169921875,50841400
2023-02-08,273.20001220703125,276.760009765625,266.2099914550781,266.7300109863281,258.8594970703125,54686000
2023-02-09,273.79998779296875,273.9800109863281,262.79998779296875,263.6199951171875,255.84117126464844,42375100
2023-02-10,261.5299987792969,264.0899963378906,260.6600036621094,263.1000061035156,255.33657836914062,25818500
2023-02-13,267.6400146484375,274.6000061035156,267.1499938964844,271.32000732421875,263.31390380859375,44630900
2023-02-14,272.6700134277344,274.9700012207031,269.2799987792969,272.1700134277344,264.138916015625,37047900
2023-02-15,268.32000732421875,270.7300109863281,266.17999267578125,269.32000732421875,262.0276794433594,28922400
2023-02-16,264.0199890136719,266.739990234375,261.8999938964844,262.1499938964844,255.0518035888672,29603600
2023-02-17,259.3900146484375,260.0899963378906,256.0,258.05999755859375,251.07254028320312,30000100
2023-02-21,254.47999572753906,255.49000549316406,251.58999633789062,252.6699981689453,245.82850646972656,28397400
2023-02-22,254.08999633789062,254.33999633789062,250.33999633789062,251.50999450683594,244.69989013671875,22491100
2023-02-23,255.55999755859375,256.8399963378906,250.47999572753906,254.77000427246094,247.87164306640625,29219100
2023-02-24,249.9600067138672,251.0,248.10000610351562,249.22000122070312,242.47190856933594,24990900
2023-02-27,252.4600067138672,252.82000732421875,249.38999938964844,250.16000366210938,243.38648986816406,21190000
2023-02-28,249.07000732421875,251.49000549316406,248.72999572753906,249.4199981689453,242.66647338867188,22491000
2023-03-01,250.75999450683594,250.92999267578125,245.7899932861328,246.27000427246094,239.60179138183594,27565300
2023-03-02,246.5500030517578,251.39999389648438,245.61000061035156,251.11000061035156,244.31072998046875,24808200
2023-03-03,252.19000244140625,255.6199951171875,251.38999938964844,255.2899932861328,248.37754821777344,30760100
2023-03-06,256.42999267578125,260.1199951171875,255.97999572753906,256.8699951171875,249.91476440429688,24109800
2023-03-07,256.29998779296875,257.69000244140625,253.38999938964844,254.14999389648438,247.26841735839844,21473200
2023-03-08,254.0399932861328,254.5399932861328,250.80999755859375,253.6999969482422,246.83059692382812,17340200
2023-03-09,255.82000732421875,259.55999755859375,251.5800018310547,252.32000732421875,245.48797607421875,26653400
2023-03-10,251.0800018310547,252.7899932861328,247.60000610351562,248.58999633789062,241.8589630126953,28333900
2023-03-13,247.39999389648438,257.9100036621094,245.72999572753906,253.9199981689453,247.04461669921875,33339700
2023-03-14,256.75,261.07000732421875,255.86000061035156,260.7900085449219,253.72865295410156,33620300
2023-03-15,259.9800109863281,266.4800109863281,259.2099914550781,265.44000244140625,258.2527770996094,46028000
2023-03-16,265.2099914550781,276.55999755859375,263.2799987792969,276.20001220703125,268.72137451171875,54768800
2023-03-17,278.260009765625,283.3299865722656,276.32000732421875,279.42999267578125,271.8638916015625,69527400
2023-03-20,276.9800109863281,277.4800109863281,269.8500061035156,272.2300109863281,264.85894775390625,43466600
2023-03-21,274.8800048828125,275.0,269.5199890136719,273.7799987792969,266.36688232421875,34558700
2023-03-22,273.3999938964844,281.0400085449219,272.17999267578125,272.2900085449219,264.917236328125,34873300
2023-03-23,277.94000244140625,281.05999755859375,275.20001220703125,277.6600036621094,270.14178466796875,36610900
2023-03-24,277.239990234375,280.6300048828125,275.2799987792969,280.57000732421875,272.9730224609375,28172000
2023-03-27,280.5,281.4599914550781,275.5199890136719,276.3800048828125,268.896484375,26840200
2023-03-28,275.7900085449219,276.1400146484375,272.04998779296875,275.2300109863281,267.7776794433594,21878600
2023-03-29,278.9599914550781,281.1400146484375,278.4100036621094,280.510009765625,272.9146728515625,25087000
2023-03-30,284.2300109863281,284.4599914550781,281.4800109863281,284.04998779296875,276.35882568359375,25053400
2023-03-31,283.7300109863281,289.2699890136719,283.0,288.29998779296875,280.4936828613281,32766000
2023-04-03,286.5199890136719,288.2699890136719,283.95001220703125,287.2300109863281,279.4527587890625,24883300
2023-04-04,287.2300109863281,290.45001220703125,285.6700134277344,287.17999267578125,279.4040222167969,25824300
2023-04-05,285.8500061035156,287.1499938964844,282.9200134277344,284.3399963378906,276.6408996582031,22064800
2023-04-06,283.2099914550781,292.0799865722656,282.0299987792969,291.6000061035156,283.70440673828125,29770300
2023-04-10,289.2099914550781,289.6000061035156,284.7099914550781,289.3900146484375,281.5542297363281,23103000
2023-04-11,285.75,285.9800109863281,281.6400146484375,282.8299865722656,275.1718444824219,27276600
2023-04-12,284.7900085449219,287.010009765625,281.9599914550781,283.489990234375,275.8139953613281,27403400
2023-04-13,283.5899963378906,289.8999938964844,283.1700134277344,289.8399963378906,281.9920349121094,24222700
2023-04-14,287.0,288.4800109863281,283.69000244140625,286.1400146484375,278.39227294921875,20987900
2023-04-17,289.92999267578125,291.6000061035156,286.1600036621094,288.79998779296875,280.980224609375,23836200
2023-04-18,291.57000732421875,291.760009765625,287.010009765625,288.3699951171875,280.56182861328125,20161800
2023-04-19,285.989990234375,289.04998779296875,284.5400085449219,288.45001220703125,280.6396789550781,17150300
2023-04-20,285.25,289.0299987792969,285.0799865722656,286.1099853515625,278.363037109375,23244400
2023-04-21,285.010009765625,286.2699890136719,283.05999755859375,285.760009765625,278.0224914550781,21676400
2023-04-24,282.0899963378906,284.95001220703125,278.7200012207031,281.7699890136719,274.1405334472656,26611000
2023-04-25,279.510009765625,281.6000061035156,275.3699951171875,275.4200134277344,267.9625244140625,45772200
2023-04-26,296.70001220703125,299.57000732421875,292.7300109863281,295.3699951171875,287.3722839355469,64599200
2023-04-27,295.9700012207031,305.20001220703125,295.25,304.8299865722656,296.576171875,46462600
2023-04-28,304.010009765625,308.92999267578125,303.30999755859375,307.260009765625,298.94036865234375,36469600
2023-05-01,306.9700012207031,308.6000061035156,305.1499938964844,305.55999755859375,297.2864685058594,21294100
2023-05-02,307.760009765625,309.17999267578125,303.9100036621094,305.4100036621094,297.1404724121094,26404400
2023-05-03,306.6199951171875,308.6099853515625,304.0899963378906,304.3999938964844,296.1578369140625,22360800
2023-05-04,306.239990234375,307.760009765625,303.3999938964844,305.4100036621094,297.1404724121094,22519900
2023-05-05,305.7200012207031,311.9700012207031,304.2699890136719,310.6499938964844,302.23858642578125,28197100
2023-05-08,310.1300048828125,310.20001220703125,306.0899963378906,308.6499938964844,300.292724609375,21318600
2023-05-09,308.0,310.0400085449219,306.30999755859375,307.0,298.6874084472656,21340800
2023-05-10,308.6199951171875,313.0,307.6700134277344,312.30999755859375,303.8536071777344,30078000
2023-05-11,310.1000061035156,311.1199951171875,306.260009765625,310.1099853515625,301.713134765625,31680200
2023-05-12,310.54998779296875,310.6499938964844,306.6000061035156,308.9700012207031,300.6040344238281,19774700
2023-05-15,309.1000061035156,309.8999938964844,307.5899963378906,309.4599914550781,301.08074951171875,16336500
2023-05-16,309.8299865722656,313.7099914550781,309.8299865722656,311.739990234375,303.299072265625,26730300
2023-05-17,312.2900085449219,314.42999267578125,310.739990234375,314.0,306.16571044921875,24315000
2023-05-18,314.5299987792969,319.0400085449219,313.7200012207031,318.5199890136719,310.5729675292969,27276000
2023-05-19,316.739990234375,318.75,316.3699951171875,318.3399963378906,310.39739990234375,27546700
2023-05-22,318.6000061035156,322.5899963378906,318.010009765625,321.17999267578125,313.16656494140625,24115700
2023-05-23,320.0299987792969,322.7200012207031,315.25,315.260009765625,307.39422607421875,30797200
2023-05-24,314.7300109863281,316.5,312.6099853515625,313.8500061035156,306.0194396972656,23384900
2023-05-25,323.239990234375,326.8999938964844,320.0,325.9200134277344,317.788330078125,43301700
2023-05-26,324.0199890136719,333.3999938964844,323.8800048828125,332.8900146484375,324.58441162109375,36630600
2023-05-30,335.2300109863281,335.739990234375,330.5199890136719,331.2099914550781,322.9463195800781,29503100
2023-05-31,332.2900085449219,335.94000244140625,327.3299865722656,328.3900146484375,320.19671630859375,45950600
2023-06-01,325.92999267578125,333.5299987792969,324.7200012207031,332.5799865722656,324.2820739746094,26773900
2023-06-02,334.25,337.5,332.54998779296875,335.3999938964844,327.0317687988281,25873800
2023-06-05,335.2200012207031,338.55999755859375,334.6600036621094,335.94000244140625,327.558349609375,21307100
2023-06-06,335.3299865722656,335.3699951171875,332.1700134277344,333.67999267578125,325.35467529296875,20396200
2023-06-07,331.6499938964844,334.489990234375,322.5,323.3800048828125,315.3116760253906,40717100
2023-06-08,323.94000244140625,326.6400146484375,323.3500061035156,325.260009765625,317.1447448730469,23277700
2023-06-09,324.989990234375,329.989990234375,324.4100036621094,326.7900085449219,318.6365966796875,22529000
2023-06-12,328.5799865722656,332.1000061035156,325.1600036621094,331.8500061035156,323.57037353515625,24260300
2023-06-13,334.4700012207031,336.9800109863281,330.3900146484375,334.2900085449219,325.949462890625,22951300
2023-06-14,334.3399963378906,339.0400085449219,332.80999755859375,337.3399963378906,328.9233703613281,26003800
2023-06-15,337.4800109863281,349.8399963378906,337.20001220703125,348.1000061035156,339.4149169921875,38899100
2023-06-16,351.32000732421875,351.4700012207031,341.95001220703125,342.3299865722656,333.78887939453125,46552000
2023-06-20,339.30999755859375,342.0799865722656,335.8599853515625,338.04998779296875,329.6156311035156,26375400
2023-06-21,336.3699951171875,337.7300109863281,332.07000732421875,333.55999755859375,325.23773193359375,25117800
2023-06-22,334.1199951171875,340.1199951171875,333.3399963378906,339.7099914550781,331.2342529296875,23556800
2023-06-23,334.3599853515625,337.9599914550781,333.45001220703125,335.0199890136719,326.6612243652344,23146900
2023-06-26,333.7200012207031,336.1099853515625,328.489990234375,328.6000061035156,320.40142822265625,21520600
2023-06-27,331.8599853515625,336.1499938964844,329.29998779296875,334.57000732421875,326.22247314453125,24354100
2023-06-28,334.6600036621094,337.9800109863281,333.80999755859375,335.8500061035156,327.4705810546875,20259500
2023-06-29,334.7099914550781,336.1099853515625,332.6199951171875,335.04998779296875,326.6904602050781,16997000
2023-06-30,337.75,342.7300109863281,337.20001220703125,340.5400085449219,332.0435485839844,26832800
2023-07-03,339.19000244140625,340.8999938964844,336.57000732421875,337.989990234375,329.55712890625,12508700
2023-07-05,335.0899963378906,341.6499938964844,334.7300109863281,338.1499938964844,329.713134765625,18172400
2023-07-06,337.29998779296875,342.989990234375,335.5,341.2699890136719,332.75531005859375,28161200
2023-07-07,339.32000732421875,341.7900085449219,337.0,337.2200012207031,328.806396484375,21214800
2023-07-10,334.6000061035156,335.2300109863281,327.5899963378906,331.8299865722656,323.55078125,32791400
2023-07-11,331.05999755859375,332.8599853515625,327.0,332.4700012207031,324.1749267578125,26698200
2023-07-12,336.6000061035156,341.6499938964844,335.6700134277344,337.20001220703125,328.786865234375,29995300
2023-07-13,339.55999755859375,343.739990234375,339.0199890136719,342.6600036621094,334.110595703125,20567200
2023-07-14,347.5899963378906,351.42999267578125,344.30999755859375,345.239990234375,336.62628173828125,28352700
2023-07-17,345.67999267578125,346.989990234375,342.20001220703125,345.7300109863281,337.10406494140625,20363900
2023-07-18,345.8299865722656,366.7799987792969,342.1700134277344,359.489990234375,350.5207214355469,64738600
2023-07-19,361.75,362.4599914550781,352.44000244140625,355.0799865722656,346.2207336425781,39732900
2023-07-20,353.57000732421875,357.9700012207031,345.3699951171875,346.8699951171875,338.2155456542969,33778400
2023-07-21,349.1499938964844,350.29998779296875,339.8299865722656,343.7699890136719,335.19293212890625,69405400
2023-07-24,345.8500061035156,346.9200134277344,342.30999755859375,345.1099853515625,336.4995422363281,26678100
2023-07-25,347.1099853515625,351.8900146484375,345.07000732421875,350.9800109863281,342.2230529785156,41637700
2023-07-26,341.44000244140625,344.6700134277344,333.1099853515625,337.7699890136719,329.34259033203125,58383700
2023-07-27,340.4800109863281,341.3299865722656,329.04998779296875,330.7200012207031,322.4685363769531,39635300
2023-07-28,333.6700134277344,340.010009765625,333.1700134277344,338.3699951171875,329.9276428222656,28484900
2023-07-31,336.9200134277344,337.70001220703125,333.3599853515625,335.9200134277344,327.538818359375,25446000
2023-08-01,335.19000244140625,338.5400085449219,333.70001220703125,336.3399963378906,327.9483337402344,18311900
2023-08-02,333.6300048828125,333.6300048828125,326.3599853515625,327.5,319.3288269042969,27761300
2023-08-03,326.0,329.8800048828125,325.95001220703125,326.6600036621094,318.50982666015625,18253700
2023-08-04,331.8800048828125,335.1400146484375,327.239990234375,327.7799987792969,319.6019287109375,23741500
2023-08-07,328.3699951171875,331.1099853515625,327.5199890136719,330.1099853515625,321.87371826171875,17741500
2023-08-08,326.9599914550781,328.75,323.0,326.04998779296875,317.9150085449219,22327600
2023-08-09,326.4700012207031,327.1099853515625,321.04998779296875,322.2300109863281,314.19036865234375,22373300
2023-08-10,326.0199890136719,328.260009765625,321.17999267578125,322.92999267578125,314.8728942871094,20113700
2023-08-11,320.260009765625,322.4100036621094,319.2099914550781,321.010009765625,313.00079345703125,24355500
2023-08-14,321.3900146484375,324.05999755859375,320.0799865722656,324.0400085449219,315.9552001953125,18836100
2023-08-15,323.0,325.0899963378906,320.8999938964844,321.8599853515625,313.82952880859375,16966300
2023-08-16,320.79998779296875,324.4200134277344,319.79998779296875,320.3999938964844,313.0674133300781,20698900
2023-08-17,320.5400085449219,321.8699951171875,316.2099914550781,316.8800048828125,309.6279602050781,21257200
2023-08-18,314.489990234375,318.3800048828125,311.54998779296875,316.4800109863281,309.2372131347656,24755000
2023-08-21,317.92999267578125,322.7699890136719,317.0400085449219,321.8800048828125,314.5135803222656,24040000
2023-08-22,325.5,326.0799865722656,321.4599914550781,322.4599914550781,315.0802917480469,16084600
2023-08-23,323.82000732421875,329.20001220703125,323.4599914550781,327.0,319.5164794921875,21166400
2023-08-24,332.8500061035156,332.9800109863281,319.9599914550781,319.9700012207031,312.64727783203125,23281400
2023-08-25,321.4700012207031,325.3599853515625,318.79998779296875,322.9800109863281,315.5884094238281,21684100
2023-08-28,325.6600036621094,326.1499938964844,321.7200012207031,323.70001220703125,316.29193115234375,14808500
2023-08-29,321.8800048828125,328.9800109863281,321.8800048828125,328.4100036621094,320.8941650390625,19284600
2023-08-30,328.6700134277344,329.80999755859375,326.45001220703125,328.7900085449219,321.2654113769531,15222100
2023-08-31,329.20001220703125,330.9100036621094,326.7799987792969,327.760009765625,320.2590026855469,26411000
2023-09-01,331.30999755859375,331.989990234375,326.7799987792969,328.6600036621094,321.138427734375,14942000
2023-09-05,329.0,334.8500061035156,328.6600036621094,333.54998779296875,325.9164733886719,18553900
2023-09-06,333.3800048828125,334.4599914550781,330.17999267578125,332.8800048828125,325.2618408203125,17535800
2023-09-07,331.2900085449219,333.0799865722656,329.0299987792969,329.9100036621094,322.3597717285156,18381000
2023-09-08,330.0899963378906,336.1600036621094,329.4599914550781,334.2699890136719,326.6200866699219,19530100
2023-09-11,337.239990234375,338.4200134277344,335.42999267578125,337.94000244140625,330.2060241699219,16583300
2023-09-12,335.82000732421875,336.7900085449219,331.4800109863281,331.7699890136719,324.1772155761719,17565500
2023-09-13,331.30999755859375,336.8500061035156,331.1700134277344,336.05999755859375,328.3690490722656,16544400
2023-09-14,339.1499938964844,340.8599853515625,336.57000732421875,338.70001220703125,330.9486389160156,20267000
2023-09-15,336.9200134277344,337.3999938964844,329.6499938964844,330.2200012207031,322.6627502441406,37679800
2023-09-18,327.79998779296875,330.3999938964844,326.3599853515625,329.05999755859375,321.52923583984375,16834200
2023-09-19,326.1700134277344,329.3900146484375,324.510009765625,328.6499938964844,321.1286315917969,16505900
2023-09-20,329.510009765625,329.5899963378906,320.510009765625,320.7699890136719,313.4289855957031,21436500
2023-09-21,319.260009765625,325.3500061035156,315.0,319.5299987792969,312.21734619140625,35560400
2023-09-22,321.32000732421875,321.45001220703125,316.1499938964844,317.010009765625,309.75506591796875,21447900
2023-09-25,316.5899963378906,317.6700134277344,315.0,317.5400085449219,310.27294921875,17836000
2023-09-26,315.1300048828125,315.8800048828125,310.0199890136719,312.1400146484375,304.9964599609375,26297600
2023-09-27,312.29998779296875,314.29998779296875,309.69000244140625,312.7900085449219,305.631591796875,19410100
2023-09-28,310.989990234375,315.4800109863281,309.45001220703125,313.6400146484375,306.4621887207031,19683600
2023-09-29,317.75,319.4700012207031,314.9800109863281,315.75,308.5238952636719,24147300
2023-10-02,316.2799987792969,321.8900146484375,315.17999267578125,321.79998779296875,314.4353942871094,20570000
2023-10-03,320.8299865722656,321.3900146484375,311.2099914550781,313.3900146484375,306.2178955078125,21033500
2023-10-04,314.0299987792969,320.0400085449219,314.0,318.9599914550781,311.6603698730469,20720100
2023-10-05,319.0899963378906,319.9800109863281,314.8999938964844,319.3599853515625,312.0512390136719,16965600
2023-10-06,316.54998779296875,329.19000244140625,316.29998779296875,327.260009765625,319.7704772949219,25673600
2023-10-09,324.75,330.29998779296875,323.17999267578125,329.82000732421875,322.2718811035156,19891200
2023-10-10,330.9599914550781,331.1000061035156,327.6700134277344,328.3900146484375,320.8746337890625,20557100
2023-10-11,331.2099914550781,332.82000732421875,329.1400146484375,332.4200134277344,324.81243896484375,20063200
2023-10-12,330.57000732421875,333.6300048828125,328.7200012207031,331.1600036621094,323.5811462402344,19313100
2023-10-13,332.3800048828125,333.8299865722656,326.3599853515625,327.7300109863281,320.2297668457031,21072400
2023-10-16,331.04998779296875,336.1400146484375,330.6000061035156,332.6400146484375,325.0273742675781,22158000
2023-10-17,329.5899963378906,333.4599914550781,327.4100036621094,332.05999755859375,324.46063232421875,18338500
2023-10-18,332.489990234375,335.5899963378906,328.29998779296875,330.1099853515625,322.55517578125,23153600
2023-10-19,332.1499938964844,336.8800048828125,330.9100036621094,331.32000732421875,323.7375183105469,25052100
2023-10-20,331.7200012207031,331.9200134277344,325.45001220703125,326.6700134277344,319.19403076171875,25027700
2023-10-23,325.4700012207031,332.7300109863281,324.3900146484375,329.32000732421875,321.7832946777344,24374700
2023-10-24,331.29998779296875,331.8399963378906,327.6000061035156,330.5299987792969,322.96563720703125,31153600
2023-10-25,345.0199890136719,346.20001220703125,337.6199951171875,340.6700134277344,332.87359619140625,55053800
2023-10-26,340.5400085449219,341.6300048828125,326.94000244140625,327.8900146484375,320.3860778808594,37828500
2023-10-27,330.42999267578125,336.7200012207031,328.3999938964844,329.80999755859375,322.26214599609375,29856500
2023-10-30,333.4100036621094,339.45001220703125,331.8299865722656,337.30999755859375,329.59039306640625,22828100
2023-10-31,338.8500061035156,339.0,334.69000244140625,338.1099853515625,330.37213134765625,20265300
2023-11-01,339.7900085449219,347.4200134277344,339.6499938964844,346.07000732421875,338.1499328613281,28158800
2023-11-02,347.239990234375,348.8299865722656,344.7699890136719,348.32000732421875,340.3485107421875,24348100
2023-11-03,349.6300048828125,354.3900146484375,347.3299865722656,352.79998779296875,344.7259216308594,23637700
2023-11-06,353.45001220703125,357.5400085449219,353.3500061035156,356.5299987792969,348.37060546875,23828300
2023-11-07,359.3999938964844,362.4599914550781,357.6300048828125,360.5299987792969,352.2790832519531,25833900
2023-11-08,361.67999267578125,363.8699951171875,360.54998779296875,363.20001220703125,354.8879699707031,26767800
2023-11-09,362.29998779296875,364.7900085449219,360.3599853515625,360.69000244140625,352.43536376953125,24847300
2023-11-10,361.489990234375,370.1000061035156,361.07000732421875,369.6700134277344,361.20989990234375,28042100
2023-11-13,368.2200012207031,368.4700012207031,365.8999938964844,366.67999267578125,358.288330078125,19986500
2023-11-14,371.010009765625,371.95001220703125,367.3500061035156,370.2699890136719,361.796142578125,27683900
2023-11-15,371.2799987792969,373.1300048828125,367.1099853515625,369.6700134277344,361.9430236816406,26860100
2023-11-16,370.9599914550781,376.3500061035156,370.17999267578125,376.1700134277344,368.3071594238281,27182300
2023-11-17,373.6099853515625,374.3699951171875,367.0,369.8500061035156,362.1192932128906,40157000
2023-11-20,371.2200012207031,378.8699951171875,371.0,377.44000244140625,369.55059814453125,52465100
2023-11-21,375.6700134277344,376.2200012207031,371.1199951171875,373.07000732421875,365.27197265625,28423100
2023-11-22,378.0,379.7900085449219,374.9700012207031,377.8500061035156,369.95208740234375,23345300
2023-11-24,377.3299865722656,377.9700012207031,375.1400146484375,377.42999267578125,369.5408020019531,10176600
2023-11-27,376.7799987792969,380.6400146484375,376.20001220703125,378.6099853515625,370.6961364746094,22179200
2023-11-28,378.3500061035156,383.0,378.1600036621094,382.70001220703125,374.7007141113281,20453100
2023-11-29,383.760009765625,384.29998779296875,377.44000244140625,378.8500061035156,370.93115234375,28963400
2023-11-30,378.489990234375,380.0899963378906,375.4700012207031,378.9100036621094,370.9898681640625,30554400
2023-12-01,376.760009765625,378.1600036621094,371.30999755859375,374.510009765625,366.68182373046875,33040500
2023-12-04,369.1000061035156,369.5199890136719,362.8999938964844,369.1400146484375,361.42413330078125,32063300
2023-12-05,366.45001220703125,373.0799865722656,365.6199951171875,372.5199890136719,364.7334289550781,23065000
2023-12-06,373.5400085449219,374.17999267578125,368.0299987792969,368.79998779296875,361.0912170410156,21182100
2023-12-07,368.2300109863281,371.45001220703125,366.32000732421875,370.95001220703125,363.19622802734375,23118900
2023-12-08,369.20001220703125,374.4599914550781,368.2300109863281,374.2300109863281,366.40777587890625,20154400
2023-12-11,368.4800109863281,371.6000061035156,366.1000061035156,371.29998779296875,363.5389099121094,27708800
2023-12-12,370.8500061035156,374.4200134277344,370.4599914550781,374.3800048828125,366.5545959472656,24838300
2023-12-13,376.0199890136719,377.6400146484375,370.7699890136719,374.3699951171875,366.5447692871094,30955500
2023-12-14,373.30999755859375,373.760009765625,364.1300048828125,365.92999267578125,358.2812194824219,43277500
2023-12-15,366.8500061035156,372.3999938964844,366.2799987792969,370.7300109863281,362.9808654785156,78502300
2023-12-18,369.45001220703125,373.0,368.67999267578125,372.6499938964844,364.8607482910156,21802900
2023-12-19,371.489990234375,373.260009765625,369.8399963378906,373.260009765625,365.4580383300781,20603700
2023-12-20,375.0,376.0299987792969,370.5299987792969,370.6199951171875,362.8731384277344,26316700
2023-12-21,372.55999755859375,374.4100036621094,370.0400085449219,373.5400085449219,365.7321472167969,17708000
2023-12-22,373.67999267578125,375.17999267578125,372.7099914550781,374.5799865722656,366.7503662109375,17107500
2023-12-26,375.0,376.94000244140625,373.5,374.6600036621094,366.8287353515625,12673100
2023-12-27,373.69000244140625,375.05999755859375,372.80999755859375,374.07000732421875,366.25103759765625,14905400
2023-12-28,375.3699951171875,376.4599914550781,374.1600036621094,375.2799987792969,367.43572998046875,14327000
2023-12-29,376.0,377.1600036621094,373.4800109863281,376.0400085449219,368.179931640625,18730800
2024-01-02,373.8599853515625,375.8999938964844,366.7699890136719,370.8699951171875,363.1179504394531,25258600
2024-01-03,369.010009765625,373.260009765625,368.510009765625,370.6000061035156,362.85357666015625,23083500
2024-01-04,370.6700134277344,373.1000061035156,367.1700134277344,367.94000244140625,360.2491760253906,20901500
2024-01-05,368.9700012207031,372.05999755859375,366.5,367.75,360.0631103515625,21004600
2024-01-08,369.29998779296875,375.20001220703125,369.010009765625,374.69000244140625,366.8581237792969,23134000
2024-01-09,372.010009765625,375.989990234375,371.19000244140625,375.7900085449219,367.93511962890625,20830000
2024-01-10,376.3699951171875,384.1700134277344,376.32000732421875,382.7699890136719,374.7691650390625,25514200
2024-01-11,386.0,390.67999267578125,380.3800048828125,384.6300048828125,376.5903015136719,27850800
2024-01-12,385.489990234375,388.67999267578125,384.6499938964844,388.4700012207031,380.3500671386719,21661200
2024-01-16,393.6600036621094,394.0299987792969,387.6199951171875,390.2699890136719,382.1124267578125,27202300
2024-01-17,387.9800109863281,390.1099853515625,384.80999755859375,389.4700012207031,381.32916259765625,22234100
2024-01-18,391.7200012207031,393.989990234375,390.1199951171875,393.8699951171875,385.63714599609375,23392100
2024-01-19,395.760009765625,398.6700134277344,393.5,398.6700134277344,390.33685302734375,29331100
2024-01-22,400.0199890136719,400.6199951171875,393.5899963378906,396.510009765625,388.2219543457031,27016900
2024-01-23,395.75,399.3800048828125,393.92999267578125,398.8999938964844,390.5620422363281,20525900
2024-01-24,401.5400085449219,405.6300048828125,400.45001220703125,402.55999755859375,394.1455078125,24867000
2024-01-25,404.32000732421875,407.010009765625,402.5299987792969,404.8699951171875,396.4072570800781,21021200
2024-01-26,404.3699951171875,406.1700134277344,402.42999267578125,403.92999267578125,395.48687744140625,17803300
2024-01-29,406.05999755859375,409.9800109863281,404.3299865722656,409.7200012207031,401.1558532714844,24510200
2024-01-30,412.260009765625,413.04998779296875,406.45001220703125,408.5899963378906,400.0495300292969,33477600
2024-01-31,406.9599914550781,415.32000732421875,397.2099914550781,397.5799865722656,389.26959228515625,47871100
2024-02-01,401.8299865722656,408.0,401.79998779296875,403.7799987792969,395.3400573730469,30657700
2024-02-02,403.80999755859375,412.6499938964844,403.55999755859375,411.2200012207031,402.62451171875,28256700
2024-02-05,409.8999938964844,411.1600036621094,403.989990234375,405.6499938964844,397.1709289550781,25352300
2024-02-06,405.8800048828125,407.9700012207031,402.9100036621094,405.489990234375,397.0143127441406,18382600
2024-02-07,407.44000244140625,414.29998779296875,407.3999938964844,414.04998779296875,405.3953857421875,22340500
2024-02-08,414.04998779296875,415.55999755859375,412.5299987792969,414.1099853515625,405.4541015625,21225300
2024-02-09,415.25,420.82000732421875,415.0899963378906,420.54998779296875,411.7594909667969,22032800
2024-02-12,420.55999755859375,420.739990234375,414.75,415.260009765625,406.5800476074219,21202900
2024-02-13,404.94000244140625,410.07000732421875,403.3900146484375,406.32000732421875,397.826904296875,27824900
2024-02-14,408.07000732421875,409.8399963378906,404.57000732421875,409.489990234375,401.67205810546875,20401200
2024-02-15,408.1400146484375,409.1300048828125,404.2900085449219,406.55999755859375,398.79803466796875,21825500
2024-02-16,407.9599914550781,408.2900085449219,403.44000244140625,404.05999755859375,396.3457946777344,22296500
2024-02-20,403.239990234375,404.489990234375,398.010009765625,402.7900085449219,395.1000061035156,24307900
2024-02-21,400.1700134277344,402.2900085449219,397.2200012207031,402.17999267578125,394.50164794921875,18518900
2024-02-22,410.19000244140625,412.8299865722656,408.57000732421875,411.6499938964844,403.7908630371094,27009900
2024-02-23,415.6700134277344,415.8599853515625,408.9700012207031,410.3399963378906,402.505859375,16295900
2024-02-26,411.4599914550781,412.1600036621094,407.3599853515625,407.5400085449219,399.75933837890625,16193500
2024-02-27,407.989990234375,408.32000732421875,403.8500061035156,407.4800109863281,399.7005310058594,14835800
2024-02-28,408.17999267578125,409.29998779296875,405.32000732421875,407.7200012207031,399.93585205078125,13183100
2024-02-29,408.6400146484375,414.20001220703125,405.9200134277344,413.6400146484375,405.7428894042969,31947300
2024-03-01,411.2699890136719,415.8699951171875,410.8800048828125,415.5,407.56732177734375,17823400
2024-03-04,413.44000244140625,417.3500061035156,412.32000732421875,414.9200134277344,406.99847412109375,17596000
2024-03-05,413.9599914550781,414.25,400.6400146484375,402.6499938964844,394.9626770019531,26919200
2024-03-06,402.9700012207031,405.1600036621094,398.3900146484375,402.0899963378906,394.41339111328125,22344100
2024-03-07,406.1199951171875,409.7799987792969,402.239990234375,409.1400146484375,401.3288269042969,18718500
2024-03-08,407.9599914550781,410.4200134277344,404.3299865722656,406.2200012207031,398.4645080566406,18002200
2024-03-11,403.760009765625,405.67999267578125,401.260009765625,404.5199890136719,396.7969665527344,16120800
2024-03-12,407.6199951171875,415.57000732421875,406.7900085449219,415.2799987792969,407.3515930175781,22457000
2024-03-13,418.1000061035156,418.17999267578125,411.45001220703125,415.1000061035156,407.1750183105469,17115900
2024-03-14,420.239990234375,427.82000732421875,417.989990234375,425.2200012207031,417.1017761230469,34157300
2024-03-15,419.2900085449219,422.6000061035156,412.7900085449219,416.4200134277344,408.4698181152344,45079900
2024-03-18,414.25,420.7300109863281,413.7799987792969,417.32000732421875,409.35260009765625,20106000
2024-03-19,417.8299865722656,421.6700134277344,415.54998779296875,421.4100036621094,413.3645324707031,19837900
2024-03-20,422.0,425.9599914550781,420.6600036621094,425.2300109863281,417.11163330078125,17860100
2024-03-21,429.8299865722656,430.82000732421875,427.1600036621094,429.3699951171875,421.17254638671875,21296200
2024-03-22,429.70001220703125,429.8599853515625,426.07000732421875,428.739990234375,420.5545959472656,17648500
2024-03-25,425.239990234375,427.4100036621094,421.6099853515625,422.8599853515625,414.786865234375,18060500
2024-03-26,425.6099853515625,425.989990234375,421.3500061035156,421.6499938964844,413.5999450683594,16725600
2024-03-27,424.44000244140625,424.45001220703125,419.010009765625,421.42999267578125,413.3841247558594,16705000
2024-03-28,420.9599914550781,421.8699951171875,419.1199951171875,420.7200012207031,412.6877136230469,21871200
2024-04-01,423.95001220703125,427.8900146484375,422.2200012207031,424.57000732421875,416.46417236328125,16316000
2024-04-02,420.1099853515625,422.3800048828125,417.8399963378906,421.44000244140625,413.3939514160156,17912000
2024-04-03,419.7300109863281,423.260009765625,419.0899963378906,420.45001220703125,412.4228820800781,16502300
2024-04-04,424.989990234375,428.6700134277344,417.57000732421875,417.8800048828125,409.90191650390625,19370900
2024-04-05,420.010009765625,426.510009765625,418.32000732421875,425.5199890136719,417.3960266113281,16554800
2024-04-08,425.1700134277344,427.2799987792969,423.29998779296875,424.5899963378906,416.48382568359375,14272400
2024-04-09,426.44000244140625,427.739990234375,421.6199951171875,426.2799987792969,418.1415710449219,12496900
2024-04-10,422.19000244140625,424.0299987792969,419.70001220703125,423.260009765625,415.17926025390625,16216600
2024-04-11,425.82000732421875,429.3699951171875,422.3599853515625,427.92999267578125,419.7600402832031,17966400
2024-04-12,424.04998779296875,425.17999267578125,419.7699890136719,421.8999938964844,413.8451232910156,19253800
2024-04-15,426.6000061035156,426.82000732421875,413.42999267578125,413.6400146484375,405.7428894042969,20273500
2024-04-16,414.57000732421875,418.3999938964844,413.7300109863281,414.5799865722656,406.6649169921875,16765600
2024-04-17,417.25,418.8800048828125,410.3299865722656,411.8399963378906,403.9772033691406,15855500
2024-04-18,410.6300048828125,411.8900146484375,403.95001220703125,404.2699890136719,396.5517272949219,21029900
2024-04-19,404.0299987792969,405.4800109863281,397.7699890136719,399.1199951171875,391.50006103515625,30565800
2024-04-22,400.0799865722656,402.8500061035156,395.75,400.9599914550781,393.304931640625,20286900
2024-04-23,404.239990234375,408.20001220703125,403.05999755859375,407.57000732421875,399.78875732421875,15734500
2024-04-24,409.55999755859375,412.4700012207031,406.7799987792969,409.05999755859375,401.25030517578125,15065300
2024-04-25,394.0299987792969,399.8900146484375,388.0299987792969,399.0400085449219,391.421630859375,40586500
2024-04-26,412.1700134277344,413.0,405.760009765625,406.32000732421875,398.5626220703125,29694700
2024-04-29,405.25,406.32000732421875,399.19000244140625,402.25,394.5703125,19582100
2024-04-30,401.489990234375,402.1600036621094,389.1700134277344,389.3299865722656,381.8970031738281,28781400
2024-05-01,392.6099853515625,401.7200012207031,390.30999755859375,394.94000244140625,387.3998718261719,23562500
2024-05-02,397.6600036621094,399.92999267578125,394.6499938964844,397.8399963378906,390.2445373535156,17709400
2024-05-03,402.2799987792969,407.1499938964844,401.8599853515625,406.6600036621094,398.8961486816406,17446700
2024-05-06,408.760009765625,413.92999267578125,406.3699951171875,413.5400085449219,405.644775390625,16996600
2024-05-07,414.6600036621094,414.6700134277344,409.0899963378906,409.3399963378906,401.5249328613281,20018200
2024-05-08,408.1700134277344,412.2300109863281,406.7099914550781,410.5400085449219,402.7020263671875,11792300
2024-05-09,410.57000732421875,412.7200012207031,409.1000061035156,412.32000732421875,404.4481201171875,14689700
2024-05-10,412.94000244140625,415.3800048828125,411.79998779296875,414.739990234375,406.8218688964844,13402300
2024-05-13,418.010009765625,418.3500061035156,410.82000732421875,413.7200012207031,405.82135009765625,15440200
2024-05-14,412.0199890136719,417.489990234375,411.54998779296875,416.55999755859375,408.6071472167969,15109300
2024-05-15,417.8999938964844,423.80999755859375,417.2699890136719,423.0799865722656,415.75115966796875,22239500
2024-05-16,421.79998779296875,425.4200134277344,420.3500061035156,420.989990234375,413.6973876953125,17530100
2024-05-17,422.5400085449219,422.9200134277344,418.0299987792969,420.2099914550781,412.930908203125,15352200
2024-05-20,420.2099914550781,426.7699890136719,419.989990234375,425.3399963378906,417.9720153808594,16272100
2024-05-21,426.8299865722656,432.9700012207031,424.8500061035156,429.0400085449219,421.6079406738281,21453300
2024-05-22,430.0899963378906,432.4100036621094,427.1300048828125,430.5199890136719,423.0623474121094,18073700
2024-05-23,432.9700012207031,433.6000061035156,425.4200134277344,427.0,419.6033020019531,17211700
2024-05-24,427.19000244140625,431.05999755859375,424.4100036621094,430.1600036621094,422.70855712890625,11855300
2024-05-28,429.6300048828125,430.82000732421875,426.6000061035156,430.32000732421875,422.8657531738281,15718000
2024-05-29,425.69000244140625,430.94000244140625,425.69000244140625,429.1700134277344,421.7357177734375,15517100
2024-05-30,424.29998779296875,424.29998779296875,414.239990234375,414.6700134277344,407.48687744140625,28394500
2024-05-31,416.75,416.75,404.510009765625,415.1300048828125,407.93890380859375,47995300
2024-06-03,415.5299987792969,416.42999267578125,408.9200134277344,413.5199890136719,406.3567199707031,17484700
2024-06-04,412.42999267578125,416.44000244140625,409.67999267578125,416.07000732421875,408.8626403808594,14348900
2024-06-05,417.80999755859375,424.0799865722656,416.29998779296875,424.010009765625,416.6650695800781,16988000
2024-06-06,424.010009765625,425.30999755859375,420.5799865722656,424.5199890136719,417.166259765625,14861300
2024-06-07,426.20001220703125,426.2799987792969,423.0,423.8500061035156,416.50787353515625,13621700
2024-06-10,424.70001220703125,428.0799865722656,423.8900146484375,427.8699951171875,420.4582214355469,13982900
2024-06-11,425.4800109863281,432.82000732421875,425.25,432.67999267578125,425.18487548828125,14551100
2024-06-12,435.32000732421875,443.3999938964844,433.25,441.05999755859375,433.41973876953125,22366200
2024-06-13,440.8500061035156,443.3900146484375,439.3699951171875,441.5799865722656,433.93072509765625,15960600
2024-06-14,438.2799987792969,443.1400146484375,436.7200012207031,442.57000732421875,434.9035949707031,13582000
2024-06-17,442.5899963378906,450.94000244140625,440.7200012207031,448.3699951171875,440.60308837890625,20790000
2024-06-18,449.7099914550781,450.1400146484375,444.8900146484375,446.3399963378906,438.6083068847656,17112500
2024-06-20,446.29998779296875,446.5299987792969,441.2699890136719,445.70001220703125,437.9793701171875,19877400
2024-06-21,447.3800048828125,450.5799865722656,446.510009765625,449.7799987792969,441.98870849609375,34187100
2024-06-24,449.79998779296875,452.75,446.4100036621094,447.6700134277344,439.9152526855469,15913700
2024-06-25,448.25,451.4200134277344,446.75,450.95001220703125,443.138427734375,16413400
2024-06-26,449.0,453.6000061035156,448.19000244140625,452.1600036621094,444.32745361328125,16507000
2024-06-27,452.17999267578125,456.1700134277344,451.7699890136719,452.8500061035156,445.0055236816406,14806300
2024-06-28,453.07000732421875,455.3800048828125,446.4100036621094,446.95001220703125,439.2077331542969,28362300
2024-07-01,448.6600036621094,457.3699951171875,445.6600036621094,456.7300109863281,448.81829833984375,17662800
2024-07-02,453.20001220703125,459.5899963378906,453.1099853515625,459.2799987792969,451.32415771484375,13979800
2024-07-03,458.19000244140625,461.0199890136719,457.8800048828125,460.7699890136719,452.78826904296875,9932800
2024-07-05,459.6099853515625,468.3500061035156,458.9700012207031,467.55999755859375,459.460693359375,16000300
2024-07-08,466.54998779296875,467.70001220703125,464.4599914550781,466.239990234375,458.1635437011719,12962300
2024-07-09,467.0,467.3299865722656,458.0,459.5400085449219,451.57965087890625,17207200
2024-07-10,461.2200012207031,466.4599914550781,458.8599853515625,466.25,458.1733703613281,18196100
2024-07-11,462.9800109863281,464.7799987792969,451.54998779296875,454.70001220703125,446.8234558105469,23111200
2024-07-12,454.3299865722656,456.3599853515625,450.6499938964844,453.54998779296875,445.6933898925781,16324300
2024-07-15,453.29998779296875,457.260009765625,451.42999267578125,453.9599914550781,446.0963134765625,14429400
2024-07-16,454.2200012207031,454.29998779296875,446.6600036621094,449.5199890136719,441.73321533203125,17175700
2024-07-17,442.5899963378906,444.8500061035156,439.17999267578125,443.5199890136719,435.83709716796875,21778000
2024-07-18,444.3399963378906,444.6499938964844,434.3999938964844,440.3699951171875,432.74169921875,20794800
2024-07-19,433.1000061035156,441.1400146484375,432.0,437.1099853515625,429.5381164550781,20940400
2024-07-22,441.7900085449219,444.6000061035156,438.9100036621094,442.94000244140625,435.2671813964844,15808800
2024-07-23,443.8999938964844,448.3900146484375,443.1000061035156,444.8500061035156,437.14410400390625,13107100
2024-07-24,440.45001220703125,441.4800109863281,427.5899963378906,428.8999938964844,421.4703674316406,26805800
2024-07-25,428.79998779296875,429.79998779296875,417.510009765625,418.3999938964844,411.1522521972656,29943800
2024-07-26,418.20001220703125,428.9200134277344,417.2699890136719,425.2699890136719,417.90325927734375,23583800
2024-07-29,431.5799865722656,432.1499938964844,424.70001220703125,426.7300109863281,419.3379821777344,15125800
2024-07-30,427.7200012207031,429.04998779296875,417.3599853515625,422.9200134277344,415.5939636230469,32687600
2024-07-31,420.5,421.7799987792969,412.2099914550781,418.3500061035156,411.1031799316406,42891400
2024-08-01,420.7900085449219,427.4599914550781,413.0899963378906,417.1099853515625,409.88458251953125,30296400
2024-08-02,412.489990234375,415.0,404.3399963378906,408.489990234375,401.4139099121094,29437900
2024-08-05,389.1700134277344,401.0400085449219,385.5799865722656,395.1499938964844,388.30499267578125,40709200
2024-08-06,400.0,405.6700134277344,398.5,399.6099853515625,392.6877136230469,24946500
2024-08-07,408.6400146484375,410.0799865722656,397.4700012207031,398.42999267578125,391.5281677246094,20650900
2024-08-08,402.44000244140625,405.8599853515625,399.94000244140625,402.69000244140625,395.71441650390625,20203000
2024-08-09,404.0299987792969,408.04998779296875,402.260009765625,406.0199890136719,398.9866943359375,19276700
2024-08-12,407.05999755859375,408.760009765625,404.239990234375,406.80999755859375,399.7630310058594,16762900
2024-08-13,409.5899963378906,414.95001220703125,409.57000732421875,414.010009765625,406.8382873535156,19414300
2024-08-14,414.79998779296875,417.7200012207031,412.45001220703125,416.8599853515625,409.6389465332031,18267000
2024-08-15,419.79998779296875,421.1099853515625,417.6600036621094,421.0299987792969,414.482421875,20752100
2024-08-16,420.6000061035156,421.3399963378906,417.29998779296875,418.4700012207031,411.96221923828125,22775600
2024-08-19,418.9599914550781,421.75,416.4599914550781,421.5299987792969,414.9746398925781,15234000
2024-08-20,421.70001220703125,425.8599853515625,421.6400146484375,424.79998779296875,418.19378662109375,16387600
2024-08-21,424.0799865722656,426.3999938964844,421.7200012207031,424.1400146484375,417.5440368652344,16067300
2024-08-22,424.3599853515625,426.7900085449219,414.6099853515625,415.54998779296875,409.087646484375,19361900
2024-08-23,416.9800109863281,419.260009765625,412.0899963378906,416.7900085449219,410.308349609375,18493800
2024-08-26,416.3699951171875,417.2799987792969,411.3399963378906,413.489990234375,407.0596618652344,13152800
2024-08-27,412.8599853515625,414.3599853515625,410.25,413.8399963378906,407.40423583984375,13492900
2024-08-28,414.8800048828125,415.0,407.30999755859375,410.6000061035156,404.2146301269531,14882700
2024-08-29,414.94000244140625,422.04998779296875,410.6000061035156,413.1199951171875,406.6954345703125,17045200
2024-08-30,415.6000061035156,417.489990234375,412.1300048828125,417.1400146484375,410.6529541015625,24308300
2024-09-03,417.9100036621094,419.8800048828125,407.0299987792969,409.44000244140625,403.0726623535156,20313600
2024-09-04,405.9100036621094,411.239990234375,404.3699951171875,408.8999938964844,402.5410461425781,15135800
2024-09-05,407.6199951171875,413.1000061035156,406.1300048828125,408.3900146484375,402.0389709472656,14195500
2024-09-06,409.05999755859375,410.6499938964844,400.79998779296875,401.70001220703125,395.45306396484375,19609500
2024-09-09,407.239990234375,408.6499938964844,402.1499938964844,405.7200012207031,399.4105224609375,15295100
2024-09-10,408.20001220703125,416.3299865722656,407.70001220703125,414.20001220703125,407.7586669921875,19594300
2024-09-11,415.5,423.989990234375,409.5799865722656,423.0400085449219,416.461181640625,19266900
2024-09-12,423.30999755859375,427.3699951171875,419.75,427.0,420.3595886230469,17395700
2024-09-13,425.8299865722656,431.8299865722656,425.4599914550781,430.5899963378906,423.893798828125,15874600
2024-09-16,430.6000061035156,433.5299987792969,428.2200012207031,431.3399963378906,424.6321105957031,13834700
2024-09-17,440.2300109863281,441.8500061035156,432.2699890136719,435.1499938964844,428.3828125,18874200
2024-09-18,435.0,436.0299987792969,430.4100036621094,430.80999755859375,424.1103210449219,18898000
2024-09-19,441.2300109863281,441.5,436.8999938964844,438.69000244140625,431.8678283691406,21706600
2024-09-20,437.2200012207031,439.239990234375,434.2200012207031,435.2699890136719,428.5009765625,55167100
2024-09-23,434.2799987792969,436.4599914550781,430.3900146484375,433.510009765625,426.7683410644531,15128900
2024-09-24,433.0,433.3500061035156,426.1000061035156,429.1700134277344,422.4958190917969,17015800
2024-09-25,429.8299865722656,433.1199951171875,428.57000732421875,432.1099853515625,425.39007568359375,13396400
2024-09-26,435.0899963378906,435.29998779296875,429.1300048828125,431.30999755859375,424.6025390625,14492000
2024-09-27,431.5199890136719,431.8500061035156,427.4700012207031,428.0199890136719,421.3637390136719,14896100
2024-09-30,428.2099914550781,430.4200134277344,425.3699951171875,430.29998779296875,423.6082458496094,16807300
2024-10-01,428.45001220703125,428.4800109863281,418.80999755859375,420.69000244140625,414.147705078125,19092900
2024-10-02,422.5799865722656,422.82000732421875,416.7099914550781,417.1300048828125,410.6430358886719,16582300
2024-10-03,417.6300048828125,419.54998779296875,414.2900085449219,416.5400085449219,410.0622863769531,13686400
2024-10-04,418.239990234375,419.75,414.9700012207031,416.05999755859375,409.5896911621094,19169700
2024-10-07,416.0,417.1099853515625,409.0,409.5400085449219,403.1711120605469,20919800
2024-10-08,410.8999938964844,415.6600036621094,408.1700134277344,414.7099914550781,408.2607421875,19229300
2024-10-09,415.8599853515625,420.3800048828125,414.29998779296875,417.4599914550781,410.9679260253906,14974300
2024-10-10,415.2300109863281,417.3500061035156,413.1499938964844,415.8399963378906,409.3731384277344,13848400
2024-10-11,416.1400146484375,417.1300048828125,413.25,416.32000732421875,409.845703125,14144900
2024-10-14,417.7699890136719,424.0400085449219,417.5199890136719,419.1400146484375,412.621826171875,16653100
2024-10-15,422.17999267578125,422.4800109863281,415.260009765625,418.739990234375,412.22808837890625,18900200
2024-10-16,415.1700134277344,416.3599853515625,410.4800109863281,416.1199951171875,409.6487731933594,15508900
2024-10-17,422.3599853515625,422.5,415.5899963378906,416.7200012207031,410.2394714355469,14820000
2024-10-18,417.1400146484375,419.6499938964844,416.260009765625,418.1600036621094,411.6570739746094,17145300
2024-10-21,416.1199951171875,418.9599914550781,413.75,418.7799987792969,412.2674255371094,14206100
2024-10-22,418.489990234375,430.5799865722656,418.0400085449219,427.510009765625,420.8616943359375,25482200
2024-10-23,430.8599853515625,431.0799865722656,422.5299987792969,424.6000061035156,417.99688720703125,19654400
2024-10-24,425.3299865722656,425.9800109863281,422.3999938964844,424.7300109863281,418.1249084472656,13581600
2024-10-25,426.760009765625,432.5199890136719,426.57000732421875,428.1499938964844,421.4917297363281,16899100
2024-10-28,431.6600036621094,431.94000244140625,426.29998779296875,426.5899963378906,419.9559326171875,14882400
2024-10-29,428.0,433.1700134277344,425.79998779296875,431.95001220703125,425.23260498046875,17644100
2024-10-30,437.44000244140625,438.5,432.1000061035156,432.5299987792969,425.8035888671875,29749100
2024-10-31,415.3599853515625,416.1600036621094,406.29998779296875,406.3500061035156,400.0307312011719,53971000
2024-11-01,409.010009765625,415.5,407.5,410.3699951171875,403.9881896972656,24230400
2024-11-04,409.79998779296875,410.4200134277344,405.57000732421875,408.4599914550781,402.10791015625,19672300
2024-11-05,408.3699951171875,414.8999938964844,408.0799865722656,411.4599914550781,405.061279296875,17626000
2024-11-06,412.4200134277344,420.45001220703125,410.5199890136719,420.17999267578125,413.64569091796875,26681800
2024-11-07,421.2799987792969,426.8500061035156,419.8800048828125,425.42999267578125,418.81396484375,19901800
2024-11-08,425.32000732421875,426.5,421.7799987792969,422.5400085449219,415.9689636230469,16891400
2024-11-11,422.5199890136719,424.80999755859375,416.0,418.010009765625,411.5094299316406,24503300
2024-11-12,418.25,424.44000244140625,417.20001220703125,423.0299987792969,416.4513244628906,19401200
2024-11-13,421.6400146484375,429.3299865722656,418.2099914550781,425.20001220703125,418.58758544921875,21502200
2024-11-14,425.0,428.1700134277344,420.0,426.8900146484375,420.2513122558594,30246900
2024-11-15,419.82000732421875,422.79998779296875,413.6400146484375,415.0,408.54620361328125,28247600
2024-11-18,414.8699951171875,418.3999938964844,412.1000061035156,415.760009765625,409.29437255859375,24727000
2024-11-19,413.1099853515625,417.94000244140625,411.54998779296875,417.7900085449219,411.2928466796875,18133500
2024-11-20,416.8699951171875,417.2900085449219,410.5799865722656,415.489990234375,409.028564453125,19191700
2024-11-21,419.5,419.7799987792969,410.2900085449219,412.8699951171875,407.2629089355469,20780200
2024-11-22,411.3699951171875,417.3999938964844,411.05999755859375,417.0,411.3367919921875,24814600
2024-11-25,418.3800048828125,421.0799865722656,414.8500061035156,418.7900085449219,413.10247802734375,27691100
2024-11-26,419.5899963378906,429.0400085449219,418.8500061035156,427.989990234375,422.17755126953125,23458900
2024-11-27,425.1099853515625,427.2300109863281,422.0199890136719,422.989990234375,417.2454528808594,18332400
2024-11-29,420.0899963378906,424.8800048828125,417.79998779296875,423.4599914550781,417.7090759277344,16271900
2024-12-02,421.57000732421875,433.0,421.30999755859375,430.9800109863281,425.126953125,20207200
2024-12-03,429.8399963378906,432.4700012207031,427.739990234375,431.20001220703125,425.3439636230469,18302000
2024-12-04,433.0299987792969,439.6700134277344,432.6300048828125,437.4200134277344,431.4794616699219,26009400
2024-12-05,437.9200134277344,444.6600036621094,436.1700134277344,442.6199951171875,436.60882568359375,21697800
2024-12-06,442.29998779296875,446.1000061035156,441.7699890136719,443.57000732421875,437.54595947265625,18821000
2024-12-09,442.6000061035156,448.3299865722656,440.5,446.0199890136719,439.96270751953125,19144400
2024-12-10,444.3900146484375,449.6199951171875,441.6000061035156,443.3299865722656,437.3092346191406,18469500
2024-12-11,444.04998779296875,450.3500061035156,444.04998779296875,448.989990234375,442.892333984375,19200200
2024-12-12,449.1099853515625,456.1600036621094,449.1099853515625,449.55999755859375,443.45458984375,20834800
2024-12-13,448.44000244140625,451.42999267578125,445.5799865722656,447.2699890136719,441.1956787109375,20177800
2024-12-16,447.2699890136719,452.17999267578125,445.2799987792969,451.5899963378906,445.4570617675781,23598800
2024-12-17,451.010009765625,455.2900085449219,449.57000732421875,454.4599914550781,448.2880859375,22733500
2024-12-18,451.32000732421875,452.6499938964844,437.0199890136719,437.3900146484375,431.4498596191406,24444500
2024-12-19,441.6199951171875,443.17999267578125,436.32000732421875,437.0299987792969,431.0948181152344,22963700
2024-12-20,433.1099853515625,443.739990234375,428.6300048828125,436.6000061035156,430.6706848144531,64263700
2024-12-23,436.739990234375,437.6499938964844,432.8299865722656,435.25,429.3389587402344,19152500
2024-12-24,434.6499938964844,439.6000061035156,434.19000244140625,439.3299865722656,433.3634948730469,7164500
2024-12-26,439.0799865722656,440.94000244140625,436.6300048828125,438.1099853515625,432.16009521484375,8194200
2024-12-27,434.6000061035156,435.2200012207031,426.3500061035156,430.5299987792969,424.68304443359375,18117700
2024-12-30,426.05999755859375,427.54998779296875,421.8999938964844,424.8299865722656,419.0604553222656,13158700
2024-12-31,426.1000061035156,426.7300109863281,420.6600036621094,421.5,415.7757263183594,13246500
2025-01-02,425.5299987792969,426.07000732421875,414.8500061035156,418.5799865722656,412.8953552246094,16896500
2025-01-03,421.0799865722656,424.0299987792969,419.5400085449219,423.3500061035156,417.6006164550781,16662900
2025-01-06,428.0,434.32000732421875,425.4800109863281,427.8500061035156,422.03948974609375,20573600
2025-01-07,429.0,430.6499938964844,420.79998779296875,422.3699951171875,416.63385009765625,18139100
2025-01-08,423.4599914550781,426.9700012207031,421.5400085449219,424.55999755859375,418.7941589355469,15054600
2025-01-10,424.6300048828125,424.7099914550781,415.0199890136719,418.95001220703125,413.26031494140625,20201100
2025-01-13,415.239990234375,418.5,412.2900085449219,417.19000244140625,411.5242919921875,17604800
2025-01-14,417.80999755859375,419.739990234375,410.7200012207031,415.6700134277344,410.0248718261719,16935900
2025-01-15,419.1300048828125,428.1499938964844,418.2699890136719,426.30999755859375,420.5203857421875,19637800
2025-01-16,428.70001220703125,429.489990234375,424.3900146484375,424.5799865722656,418.8138427734375,15300000
2025-01-17,434.0899963378906,434.4800109863281,428.1700134277344,429.0299987792969,423.20343017578125,26197500
2025-01-21,430.20001220703125,430.8999938964844,425.6000061035156,428.5,422.68060302734375,26085700
2025-01-22,437.55999755859375,447.2699890136719,436.0,446.20001220703125,440.1402587890625,27803800
