Date,Open,High,Low,Close,Adj Close,Volume
2013-01-02,69.18000030517578,69.4800033569336,68.63999938964844,69.33000183105469,45.721168518066406,8055900
2013-01-03,69.27999877929688,69.4800033569336,69.05000305175781,69.36000061035156,45.74094009399414,5200100
2013-01-04,69.29000091552734,69.62999725341797,69.0999984741211,69.45999908447266,45.80689239501953,4512300
2013-01-07,69.52999877929688,69.69000244140625,69.16000366210938,69.44999694824219,45.800289154052734,5658400
2013-01-08,69.25,69.69999694824219,69.25,69.66000366210938,45.93878173828125,5072500
2013-01-09,69.94999694824219,70.04000091552734,69.56999969482422,70.01000213623047,46.16960525512695,6280900
2013-01-10,70.19000244140625,70.91999816894531,70.16000366210938,70.80999755859375,46.69717025756836,6923200
2013-01-11,70.72000122070312,70.88999938964844,70.55999755859375,70.87999725341797,46.74333190917969,4668900
2013-01-14,70.88999938964844,71.41999816894531,70.7699966430664,71.29000091552734,47.013710021972656,5631800
2013-01-15,71.16999816894531,71.73999786376953,70.87000274658203,71.5999984741211,47.2181510925293,5546100
2013-01-16,71.33000183105469,71.80000305175781,71.26000213623047,71.4800033569336,47.13903045654297,5001000
2013-01-17,71.63999938964844,72.47000122070312,71.30000305175781,72.43000030517578,47.76552200317383,7495700
2013-01-18,72.22000122070312,72.54000091552734,72.12999725341797,72.4800033569336,47.79848861694336,7741200
2013-01-22,72.38999938964844,72.44999694824219,72.0199966430664,72.19999694824219,47.613834381103516,7042200
2013-01-23,72.08000183105469,72.29000091552734,71.73999786376953,71.80999755859375,47.35663604736328,4812000
2013-01-24,71.91000366210938,72.37999725341797,71.91000366210938,72.2300033569336,47.63361740112305,5136300
2013-01-25,72.4000015258789,72.55000305175781,72.2300033569336,72.48999786376953,47.8050651550293,4153600
2013-01-28,72.41000366210938,72.66999816894531,72.30000305175781,72.61000061035156,47.88420867919922,3741000
2013-01-29,72.45999908447266,72.94999694824219,72.45999908447266,72.94000244140625,48.10184860229492,6654600
2013-01-30,72.87000274658203,73.45999908447266,72.83999633789062,73.20999908447266,48.279903411865234,5179600
2013-01-31,73.36000061035156,73.37000274658203,72.68000030517578,72.8499984741211,48.04248046875,5677900
2013-02-01,73.08000183105469,73.11000061035156,72.56999969482422,72.66999816894531,47.92378616333008,5964900
2013-02-04,72.4800033569336,72.66999816894531,72.4000015258789,72.44999694824219,47.77869415283203,5449500
2013-02-05,72.62999725341797,73.16000366210938,72.62999725341797,73.1500015258789,48.24032211303711,5558500
2013-02-06,72.91000366210938,73.12000274658203,72.73999786376953,72.7699966430664,47.98973846435547,4782800
2013-02-07,72.81999969482422,73.02999877929688,72.45999908447266,72.80999755859375,48.01610565185547,4146400
2013-02-08,72.76000213623047,72.87000274658203,72.47000122070312,72.5999984741211,47.87763595581055,3721400
2013-02-11,72.5,72.63999938964844,72.19999694824219,72.36000061035156,47.71935272216797,3744000
2013-02-12,72.41999816894531,72.44999694824219,72.05999755859375,72.16999816894531,47.59404373168945,6398000
2013-02-13,72.23999786376953,72.37000274658203,70.9800033569336,71.5,47.152191162109375,12029800
2013-02-14,72.12000274658203,73.19999694824219,71.5,72.27999877929688,47.666587829589844,8160800
2013-02-15,72.48999786376953,73.72000122070312,72.47000122070312,73.68000030517578,48.5898551940918,9345800
2013-02-19,73.75,75.58999633789062,73.4800033569336,75.5,49.79009246826172,10825700
2013-02-20,75.29000091552734,75.86000061035156,75.29000091552734,75.41999816894531,49.73732376098633,7637900
2013-02-21,75.2699966430664,75.44000244140625,74.72000122070312,75.36000061035156,49.69775390625,5645200
2013-02-22,75.41999816894531,75.58000183105469,75.13999938964844,75.56999969482422,49.83625030517578,4971300
2013-02-25,75.68000030517578,76.33000183105469,75.08999633789062,75.19000244140625,49.58565139770508,7600400
2013-02-26,75.4000015258789,75.7699966430664,75.0,75.62000274658203,49.86924362182617,6176900
2013-02-27,75.0999984741211,75.58999633789062,74.52999877929688,75.4800033569336,50.13290023803711,4655800
2013-02-28,75.44000244140625,75.94999694824219,75.44000244140625,75.7699966430664,50.325531005859375,6007400
2013-03-01,75.55000305175781,75.94999694824219,75.37000274658203,75.93000030517578,50.43178176879883,4282100
2013-03-04,75.77999877929688,76.62000274658203,75.54000091552734,76.5999984741211,50.876808166503906,5558800
2013-03-05,76.83999633789062,77.06999969482422,76.48999786376953,76.9000015258789,51.07605743408203,7424800
2013-03-06,77.0,77.08999633789062,76.62000274658203,76.80000305175781,51.0096321105957,3940800
2013-03-07,76.76000213623047,77.16999816894531,76.66999816894531,77.13999938964844,51.23545455932617,4461600
2013-03-08,77.16000366210938,77.41000366210938,76.6500015258789,77.19999694824219,51.27532196044922,4297000
2013-03-11,77.12000274658203,77.38999938964844,76.79000091552734,76.8499984741211,51.04283905029297,4023100
2013-03-12,76.83000183105469,77.18000030517578,76.69000244140625,76.88999938964844,51.069419860839844,4608300
2013-03-13,76.88999938964844,77.0999984741211,76.6500015258789,76.94999694824219,51.1092529296875,3544000
2013-03-14,77.05999755859375,77.22000122070312,76.86000061035156,77.19000244140625,51.2686767578125,4149900
2013-03-15,76.8499984741211,77.1500015258789,76.69999694824219,77.04000091552734,51.16902542114258,6650900
2013-03-18,76.66000366210938,76.98999786376953,76.5999984741211,76.68000030517578,50.929931640625,4176900
2013-03-19,76.77999877929688,76.94999694824219,76.5,76.66999816894531,50.923282623291016,5040200
2013-03-20,76.94999694824219,77.06999969482422,76.06999969482422,76.31999969482422,50.69083786010742,7579800
2013-03-21,76.29000091552734,76.75,76.0,76.1500015258789,50.57790756225586,3998200
2013-03-22,76.73999786376953,79.2699966430664,76.66000366210938,78.63999938964844,52.231746673583984,14228500
2013-03-25,78.61000061035156,78.63999938964844,77.5999984741211,77.83000183105469,51.69375228881836,6873800
2013-03-26,77.9000015258789,78.94000244140625,77.79000091552734,78.91999816894531,52.41770935058594,5183700
2013-03-27,78.5,78.6500015258789,77.91000366210938,78.29000091552734,51.99928283691406,3601600
2013-03-28,78.5,79.12999725341797,78.06999969482422,79.11000061035156,52.54390335083008,5338100
2013-04-01,78.76000213623047,79.2300033569336,78.76000213623047,79.0999984741211,52.537261962890625,3639000
2013-04-02,79.3499984741211,79.87999725341797,79.2699966430664,79.73999786376953,52.96235275268555,4034100
2013-04-03,79.87000274658203,79.87999725341797,78.80000305175781,78.95999908447266,52.44426727294922,3895400
2013-04-04,78.30000305175781,79.56999969482422,78.30000305175781,79.52999877929688,52.822879791259766,5299000
2013-04-05,78.94999694824219,79.08000183105469,78.4000015258789,78.58999633789062,52.19854736328125,4244000
2013-04-08,78.56999969482422,79.51000213623047,78.25,79.5,52.802947998046875,3726400
2013-04-09,79.5999984741211,79.72000122070312,79.1500015258789,79.20999908447266,52.6103401184082,3921900
2013-04-10,79.43000030517578,80.0999984741211,79.26000213623047,80.05999755859375,53.17488479614258,3540200
2013-04-11,80.02999877929688,80.4800033569336,79.80000305175781,79.95999908447266,53.10846710205078,5389900
2013-04-12,78.93000030517578,80.04000091552734,78.73999786376953,79.98999786376953,53.12839126586914,5540000
2013-04-15,79.52999877929688,80.0199966430664,78.91000366210938,78.91999816894531,52.41770935058594,5356600
2013-04-16,79.2300033569336,80.02999877929688,79.08999633789062,80.0,53.135047912597656,5148600
2013-04-17,79.73999786376953,80.1500015258789,78.7699966430664,78.8499984741211,52.3712158203125,7532300
2013-04-18,80.20999908447266,83.44999694824219,80.11000061035156,81.25,53.965274810791016,18895600
2013-04-19,82.01000213623047,83.2699966430664,81.87000274658203,82.7699966430664,54.97482681274414,8368300
2013-04-22,82.29000091552734,83.62999725341797,82.05000305175781,83.37999725341797,55.37999725341797,6664800
2013-04-23,83.66999816894531,84.31999969482422,83.5,84.0999984741211,55.85821533203125,6670800
2013-04-24,84.05999755859375,84.29000091552734,82.22000122070312,82.33999633789062,54.689239501953125,6398300
2013-04-25,82.41000366210938,83.08999633789062,82.18000030517578,82.81999969482422,55.008060455322266,5602800
2013-04-26,82.70999908447266,82.98999786376953,82.30000305175781,82.51000213623047,54.80215835571289,3076000
2013-04-29,82.51000213623047,82.91999816894531,82.41999816894531,82.6500015258789,54.8951416015625,2849600
2013-04-30,82.41000366210938,82.63999938964844,82.0199966430664,82.47000122070312,54.77558517456055,4116100
2013-05-01,82.36000061035156,82.83999633789062,82.08000183105469,82.20999908447266,54.602874755859375,3532100
2013-05-02,82.13999938964844,82.93000030517578,82.08000183105469,82.55999755859375,54.835357666015625,2727000
2013-05-03,82.95999908447266,83.25,82.45999908447266,82.83000183105469,55.01469802856445,4777200
2013-05-06,82.69999694824219,82.69999694824219,82.22000122070312,82.5,54.79548645019531,3032100
2013-05-07,82.58999633789062,83.33999633789062,82.37000274658203,83.33999633789062,55.353424072265625,3706700
2013-05-08,83.30000305175781,83.6500015258789,82.80999755859375,83.25,55.29365539550781,4110700
2013-05-09,83.3499984741211,83.58000183105469,82.5999984741211,82.8499984741211,55.027976989746094,3711900
2013-05-10,82.9800033569336,83.25,82.58000183105469,83.0,55.12759017944336,3161800
2013-05-13,82.72000122070312,83.3499984741211,82.5199966430664,83.02999877929688,55.14752197265625,3010600
2013-05-14,83.05999755859375,83.5199966430664,82.91999816894531,83.5,55.45969772338867,4538500
2013-05-15,83.37999725341797,84.44999694824219,83.23999786376953,84.25,55.957847595214844,4087900
2013-05-16,84.04000091552734,84.77999877929688,83.66999816894531,83.73999786376953,55.61912536621094,4496300
2013-05-17,83.91000366210938,84.04000091552734,83.11000061035156,83.80000305175781,55.65895462036133,4505200
2013-05-20,83.79000091552734,83.83999633789062,82.47000122070312,82.58999633789062,54.855281829833984,3958200
2013-05-21,82.62999725341797,82.93000030517578,82.12000274658203,82.62999725341797,54.8818473815918,3982600
2013-05-22,82.58999633789062,84.2699966430664,82.58000183105469,82.97000122070312,55.10765838623047,5239900
2013-05-23,82.30000305175781,82.7300033569336,81.51000213623047,82.12000274658203,54.54314041137695,4687000
2013-05-24,81.80999755859375,82.77999877929688,81.55000305175781,82.58000183105469,54.84864044189453,3579600
2013-05-28,83.08999633789062,83.4800033569336,82.16999816894531,82.43000030517578,54.749019622802734,4052500
2013-05-29,82.2300033569336,82.2300033569336,80.91999816894531,81.12000274658203,53.878929138183594,4346000
2013-05-30,81.13999938964844,81.48999786376953,80.69999694824219,81.22000122070312,53.94535827636719,4959800
2013-05-31,81.0199966430664,81.61000061035156,80.72000122070312,80.7699966430664,53.646453857421875,7813300
2013-06-03,80.66999816894531,81.48999786376953,79.7300033569336,81.4000015258789,54.06489562988281,5758100
2013-06-04,81.6500015258789,82.05999755859375,81.0199966430664,81.62999725341797,54.217647552490234,4543000
2013-06-05,80.88999938964844,81.52999877929688,80.72000122070312,81.19999694824219,54.30996322631836,6998200
2013-06-06,81.19000244140625,81.66000366210938,80.70999908447266,81.66000366210938,54.617637634277344,6031600
2013-06-07,81.9800033569336,82.51000213623047,81.48999786376953,82.51000213623047,55.18614959716797,6448200
2013-06-10,82.5999984741211,83.05999755859375,82.11000061035156,82.8499984741211,55.41354751586914,5036600
2013-06-11,82.37999725341797,82.80999755859375,81.81999969482422,82.52999877929688,55.19951248168945,6505000
2013-06-12,82.80999755859375,83.19000244140625,82.04000091552734,82.11000061035156,54.918609619140625,4277900
2013-06-13,82.05999755859375,82.23999786376953,81.25,81.9800033569336,54.831661224365234,5410700
2013-06-14,82.0,83.0,81.98999786376953,82.12999725341797,54.93198013305664,4034300
2013-06-17,82.58999633789062,82.93000030517578,82.08999633789062,82.55000305175781,55.21289825439453,4655200
2013-06-18,82.37000274658203,82.69000244140625,82.0,82.56999969482422,55.22628402709961,3355200
2013-06-19,82.26000213623047,82.66999816894531,80.88999938964844,80.88999938964844,54.10260772705078,5487200
2013-06-20,80.4800033569336,80.87999725341797,78.7699966430664,78.91000366210938,52.77833938598633,7031200
2013-06-21,79.55999755859375,80.41999816894531,79.22000122070312,80.12999725341797,53.594295501708984,9417000
2013-06-24,78.68000030517578,80.75,78.19999694824219,80.12999725341797,53.594295501708984,6787400
2013-06-25,80.41999816894531,80.55000305175781,79.66999816894531,80.04000091552734,53.534095764160156,5929200
2013-06-26,80.62000274658203,81.56999969482422,80.62000274658203,81.30000305175781,54.37686538696289,4519100
2013-06-27,81.7699966430664,82.54000091552734,81.5199966430664,81.73999786376953,54.67112731933594,4464300
2013-06-28,81.97000122070312,82.2699966430664,81.5999984741211,81.79000091552734,54.704586029052734,5996000
2013-07-01,81.95999908447266,82.5,81.76000213623047,82.04000091552734,54.871788024902344,3804900
2013-07-02,81.94000244140625,82.2300033569336,81.31999969482422,81.68000030517578,54.631011962890625,5056000
2013-07-03,81.44000244140625,81.44000244140625,80.31999969482422,80.7300033569336,53.99560546875,3862500
2013-07-05,81.0999984741211,81.27999877929688,80.29000091552734,80.80000305175781,54.04241943359375,3343200
2013-07-08,81.31999969482422,81.83999633789062,81.06999969482422,81.77999877929688,54.697906494140625,3749900
2013-07-09,82.20999908447266,82.87000274658203,81.95999908447266,82.7699966430664,55.36005401611328,3834500
2013-07-10,82.7699966430664,83.41999816894531,82.66999816894531,82.98999786376953,55.50718307495117,5654100
2013-07-11,83.6500015258789,84.62999725341797,83.6500015258789,84.55000305175781,56.55058670043945,4746500
2013-07-12,84.05000305175781,84.5199966430664,83.83999633789062,84.31999969482422,56.39676284790039,4349300
2013-07-15,84.43000030517578,84.91999816894531,84.33000183105469,84.72000122070312,56.66428756713867,4215000
2013-07-16,83.93000030517578,84.30000305175781,83.30999755859375,84.0199966430664,56.19608688354492,4480500
2013-07-17,84.05000305175781,85.51000213623047,83.93000030517578,85.23999786376953,57.01209259033203,7280100
2013-07-18,85.33000183105469,87.05999755859375,85.30000305175781,86.80000305175781,58.05546951293945,9202600
2013-07-19,86.33999633789062,86.83999633789062,85.87000274658203,86.41000366210938,57.79463195800781,6146200
2013-07-22,86.19000244140625,86.94000244140625,86.02999877929688,86.4000015258789,57.787933349609375,4780500
2013-07-23,86.37000274658203,86.43000030517578,85.97000122070312,86.19999694824219,57.654178619384766,6321200
2013-07-24,86.69999694824219,86.69999694824219,85.63999938964844,85.63999938964844,57.279624938964844,5939800
2013-07-25,85.63999938964844,85.80000305175781,85.27999877929688,85.55000305175781,57.21943283081055,5084900
2013-07-26,84.8499984741211,85.33999633789062,84.36000061035156,85.30999755859375,57.05891799926758,4189800
2013-07-29,85.26000213623047,85.5999984741211,84.95999908447266,85.25,57.0187873840332,3406300
2013-07-30,85.56999969482422,85.98999786376953,85.11000061035156,85.11000061035156,56.925132751464844,4354700
2013-07-31,85.29000091552734,85.66000366210938,83.43000030517578,83.54000091552734,55.87505340576172,8016500
2013-08-01,84.04000091552734,84.4000015258789,83.87000274658203,84.19999694824219,56.31647872924805,5790900
2013-08-02,84.0,84.33999633789062,83.4000015258789,84.29000091552734,56.37669372558594,4442800
2013-08-05,84.33999633789062,84.63999938964844,83.7699966430664,84.4800033569336,56.50379180908203,3590200
2013-08-06,84.44000244140625,85.43000030517578,84.12000274658203,85.05000305175781,56.884986877441406,3837800
2013-08-07,84.93000030517578,84.98999786376953,84.36000061035156,84.76000213623047,56.691036224365234,3832600
2013-08-08,84.9800033569336,85.08999633789062,84.44000244140625,84.68000030517578,56.63753890991211,2707900
2013-08-09,84.68000030517578,84.7699966430664,84.18000030517578,84.33999633789062,56.410133361816406,3753900
2013-08-12,83.93000030517578,84.02999877929688,83.52999877929688,83.80999755859375,56.05564498901367,2868600
2013-08-13,83.91000366210938,84.0999984741211,83.26000213623047,83.38999938964844,55.774715423583984,2953000
2013-08-14,83.33999633789062,83.54000091552734,82.7300033569336,82.75,55.346683502197266,3080600
2013-08-15,82.23999786376953,82.27999877929688,80.83000183105469,80.91000366210938,54.11603927612305,5350200
2013-08-16,80.5999984741211,80.75,79.94000244140625,80.18000030517578,53.62775802612305,6032400
2013-08-19,80.11000061035156,81.05000305175781,79.81999969482422,80.87999725341797,54.09592819213867,4945100
2013-08-20,80.95999908447266,80.95999908447266,80.26000213623047,80.29000091552734,53.701324462890625,3452900
2013-08-21,80.05999755859375,80.16000366210938,79.01000213623047,79.08000183105469,52.89201736450195,5453900
2013-08-22,78.98999786376953,79.69000244140625,78.70999908447266,79.25,53.0057258605957,3821500
2013-08-23,79.5199966430664,79.9800033569336,79.2699966430664,79.8499984741211,53.40702819824219,3026900
2013-08-26,79.97000122070312,80.0999984741211,79.66999816894531,79.69000244140625,53.300010681152344,4079000
2013-08-27,79.19000244140625,79.38999938964844,78.61000061035156,79.05999755859375,52.87865447998047,5179700
2013-08-28,78.95999908447266,79.68000030517578,78.94000244140625,79.37000274658203,53.08598327636719,5057400
2013-08-29,79.25,79.73999786376953,79.05000305175781,79.33000183105469,53.059234619140625,5617000
2013-08-30,79.41999816894531,79.83999633789062,79.2300033569336,79.7300033569336,53.32676315307617,4362700
2013-09-03,80.4800033569336,80.79000091552734,80.04000091552734,80.19999694824219,53.64112854003906,5966600
2013-09-04,79.70999908447266,79.70999908447266,79.0,79.52999877929688,53.57240676879883,5335000
2013-09-05,79.52999877929688,79.70999908447266,78.80000305175781,79.06999969482422,53.26255416870117,4025500
2013-09-06,79.11000061035156,79.68000030517578,78.31999969482422,79.26000213623047,53.39053726196289,4443600
2013-09-09,79.25,79.4800033569336,78.79000091552734,79.37999725341797,53.47135925292969,3757100
2013-09-10,79.76000213623047,79.80000305175781,79.02999877929688,79.43000030517578,53.50505828857422,4682500
2013-09-11,79.47000122070312,79.9000015258789,79.13999938964844,79.8499984741211,53.7879638671875,4437900
2013-09-12,79.97000122070312,80.05000305175781,79.55999755859375,79.87000274658203,53.801448822021484,3322300
2013-09-13,80.0999984741211,80.4000015258789,79.9000015258789,80.31999969482422,54.104583740234375,3416100
2013-09-16,80.79000091552734,81.22000122070312,80.61000061035156,81.0199966430664,54.57609558105469,4083900
2013-09-17,81.01000213623047,81.83999633789062,80.97000122070312,81.66000366210938,55.00721740722656,4139300
2013-09-18,81.69000244140625,82.93000030517578,81.25,82.87999725341797,55.82900619506836,4916800
2013-09-19,82.87999725341797,82.94000244140625,81.33999633789062,81.81999969482422,55.11497497558594,5351700
2013-09-20,82.0,82.0,81.4800033569336,81.73999786376953,55.061092376708984,5330500
2013-09-23,81.55999755859375,81.58000183105469,80.94999694824219,81.0199966430664,54.57609558105469,5384600
2013-09-24,80.95999908447266,81.2300033569336,80.45999908447266,80.54000091552734,54.25276184082031,5686200
2013-09-25,80.68000030517578,81.16000366210938,80.08000183105469,80.20999908447266,54.03047180175781,5174300
2013-09-26,80.27999877929688,80.56999969482422,79.8499984741211,80.54000091552734,54.25276184082031,3941600
2013-09-27,80.36000061035156,80.68000030517578,79.9000015258789,80.19999694824219,54.02373504638672,3429200
2013-09-30,79.86000061035156,79.91999816894531,79.25,79.5,53.55219268798828,5231400
2013-10-01,79.37999725341797,79.81999969482422,79.0199966430664,79.81999969482422,53.76776885986328,4135500
2013-10-02,79.52999877929688,79.58000183105469,78.66999816894531,79.55999755859375,53.592620849609375,5448300
2013-10-03,79.56999969482422,79.91000366210938,79.29000091552734,79.44000244140625,53.51179504394531,3987600
2013-10-04,79.58000183105469,79.93000030517578,79.12999725341797,79.62000274658203,53.6330451965332,2841500
2013-10-07,79.25,79.58999633789062,78.95999908447266,79.05999755859375,53.25583267211914,4867100
2013-10-08,79.29000091552734,79.3499984741211,78.86000061035156,78.93000030517578,53.16822814941406,5526500
2013-10-09,79.11000061035156,80.19000244140625,78.87000274658203,79.5,53.55219268798828,5298600
2013-10-10,79.95999908447266,80.69000244140625,79.80999755859375,80.69000244140625,54.35380935668945,4663300
2013-10-11,80.7300033569336,81.08999633789062,80.44999694824219,80.83000183105469,54.448097229003906,4111000
2013-10-14,80.44999694824219,81.12000274658203,80.33999633789062,81.08999633789062,54.62324523925781,3642800
2013-10-15,81.16999816894531,81.52999877929688,80.4000015258789,80.5999984741211,54.29317855834961,5427700
2013-10-16,82.0,82.4000015258789,81.37999725341797,82.2699966430664,55.418113708496094,7383200
2013-10-17,82.05000305175781,82.62000274658203,81.62999725341797,82.58000183105469,55.626930236816406,4469200
2013-10-18,82.6500015258789,83.01000213623047,82.2300033569336,83.01000213623047,55.91658020019531,6371200
2013-10-21,82.97000122070312,82.97000122070312,82.19000244140625,82.37000274658203,55.4854850769043,3997400
2013-10-22,82.44999694824219,83.7300033569336,82.30000305175781,83.44000244140625,56.206241607666016,5125900
2013-10-23,83.2699966430664,83.44000244140625,82.79000091552734,83.33000183105469,56.13216018676758,4665200
2013-10-24,83.41000366210938,83.41000366210938,82.54000091552734,82.54000091552734,55.600006103515625,5510800
2013-10-25,82.55000305175781,83.37000274658203,82.44000244140625,83.3499984741211,56.14560317993164,4065100
2013-10-28,83.36000061035156,84.70999908447266,83.2300033569336,84.61000061035156,56.994384765625,5402000
2013-10-29,84.75,85.5,84.5,85.48999786376953,57.58715057373047,4349400
2013-10-30,85.47000122070312,85.48999786376953,84.61000061035156,84.72000122070312,57.068458557128906,3556100
2013-10-31,84.6500015258789,84.9000015258789,84.08999633789062,84.08999633789062,56.64408493041992,4572200
2013-11-01,84.1500015258789,84.69000244140625,83.83999633789062,84.55999755859375,56.9606819152832,4170000
2013-11-04,84.62000274658203,84.98999786376953,84.13999938964844,84.37000274658203,56.832706451416016,3572800
2013-11-05,84.05999755859375,84.91000366210938,83.83000183105469,84.62000274658203,57.0011100769043,3207600
2013-11-06,84.94999694824219,86.7300033569336,84.66999816894531,86.68000030517578,58.38874816894531,6017100
2013-11-07,86.56999969482422,86.68000030517578,85.08999633789062,85.30000305175781,57.45914840698242,5870000
2013-11-08,85.29000091552734,85.87999725341797,84.31999969482422,85.8499984741211,57.829647064208984,5208100
2013-11-11,85.75,86.12000274658203,85.26000213623047,85.44999694824219,57.560184478759766,4309200
2013-11-12,85.41000366210938,85.68000030517578,85.02999877929688,85.63999938964844,57.68817901611328,4561000
2013-11-13,85.47000122070312,86.01000213623047,85.19000244140625,85.94999694824219,57.89702224731445,3228400
2013-11-14,85.9800033569336,86.62999725341797,85.87999725341797,86.38999938964844,58.19341278076172,2897300
2013-11-15,86.33000183105469,86.58000183105469,85.55999755859375,86.02999877929688,57.95088195800781,3324000
2013-11-18,86.0199966430664,86.18000030517578,85.4000015258789,85.86000061035156,57.83639144897461,4157500
2013-11-19,85.61000061035156,85.80999755859375,84.93000030517578,85.29000091552734,57.45241928100586,4026200
2013-11-20,85.4800033569336,86.08999633789062,84.9800033569336,85.12999725341797,57.344627380371094,4471100
2013-11-21,85.79000091552734,85.91999816894531,85.22000122070312,85.62000274658203,57.674713134765625,3137000
2013-11-22,85.55999755859375,85.80000305175781,85.11000061035156,85.73999786376953,57.755531311035156,3380100
2013-11-25,85.80999755859375,86.12000274658203,85.23999786376953,85.37000274658203,57.50631332397461,2536200
2013-11-26,85.4000015258789,85.75,84.37999725341797,84.38999938964844,56.8461799621582,4633800
2013-11-27,84.51000213623047,84.5999984741211,84.06999969482422,84.41999816894531,56.86637496948242,3611600
2013-11-29,84.62000274658203,84.87999725341797,84.19999694824219,84.45999908447266,56.8933219909668,2698100
2013-12-02,84.43000030517578,84.5199966430664,83.54000091552734,83.69999694824219,56.38137435913086,4495900
2013-12-03,83.52999877929688,83.95999908447266,83.33000183105469,83.80000305175781,56.44873046875,5767500
2013-12-04,83.0199966430664,83.0199966430664,82.11000061035156,82.6500015258789,56.05403518676758,6819800
2013-12-05,82.41000366210938,82.58999633789062,81.88999938964844,81.9000015258789,55.54536819458008,5321600
2013-12-06,82.5199966430664,83.25,82.23999786376953,83.1500015258789,56.393150329589844,4841200
2013-12-09,82.91999816894531,83.19999694824219,82.36000061035156,82.69000244140625,56.081153869628906,5371700
2013-12-10,82.44999694824219,82.80999755859375,82.11000061035156,82.4000015258789,55.88447952270508,4888900
2013-12-11,82.31999969482422,83.06999969482422,82.31999969482422,82.66999816894531,56.06757736206055,6606300
2013-12-12,82.55999755859375,82.6500015258789,80.97000122070312,81.27999877929688,55.1248779296875,6327400
2013-12-13,81.52999877929688,81.83999633789062,80.8499984741211,80.93000030517578,54.88749313354492,3798300
2013-12-16,81.05999755859375,81.30000305175781,80.5999984741211,81.0,54.93498229980469,4245600
2013-12-17,81.05000305175781,81.25,80.3499984741211,80.45999908447266,54.568748474121094,8210200
2013-12-18,80.58000183105469,81.61000061035156,79.95999908447266,81.41999816894531,55.21982955932617,7416900
2013-12-19,81.27999877929688,81.79000091552734,81.0199966430664,81.66000366210938,55.38261032104492,4075700
2013-12-20,81.55000305175781,82.0999984741211,81.47000122070312,81.80999755859375,55.484336853027344,7496100
2013-12-23,82.33999633789062,82.37999725341797,81.44999694824219,81.86000061035156,55.51824188232422,3718700
2013-12-24,82.05999755859375,82.20999908447266,81.80000305175781,82.04000091552734,55.64031219482422,1115400
2013-12-26,82.13999938964844,82.44999694824219,82.01000213623047,82.44999694824219,55.918373107910156,1799000
2013-12-27,82.73999786376953,83.11000061035156,82.45999908447266,82.70999908447266,56.09471893310547,2361300
2013-12-30,82.70999908447266,83.08999633789062,82.68000030517578,82.91000366210938,56.230342864990234,2006900
2013-12-31,82.9800033569336,83.33000183105469,82.54000091552734,82.94000244140625,56.250694274902344,3009500
2014-01-02,82.93000030517578,82.98999786376953,81.81999969482422,82.0999984741211,55.680999755859375,3275900
2014-01-03,82.12000274658203,82.87000274658203,82.12000274658203,82.23999786376953,55.775943756103516,3287200
2014-01-06,82.19999694824219,82.61000061035156,82.08000183105469,82.27999877929688,55.80308532714844,3888400
2014-01-07,82.62000274658203,83.98999786376953,82.61000061035156,83.4800033569336,56.61693572998047,6332400
2014-01-08,83.33000183105469,83.62000274658203,82.80999755859375,83.23999786376953,56.454185485839844,5653300
2014-01-09,83.33999633789062,83.38999938964844,82.37000274658203,82.8499984741211,56.189674377441406,4565900
2014-01-10,83.19999694824219,83.63999938964844,82.75,83.5,56.630496978759766,3712000
2014-01-13,83.05999755859375,83.56999969482422,82.31999969482422,82.37000274658203,55.86412811279297,4487100
2014-01-14,82.62999725341797,82.86000061035156,82.26000213623047,82.37000274658203,55.86412811279297,4389200
2014-01-15,82.4800033569336,83.19999694824219,82.27999877929688,82.88999938964844,56.216800689697266,4189100
2014-01-16,82.68000030517578,83.16999816894531,82.30000305175781,82.86000061035156,56.196441650390625,3724700
2014-01-17,82.94000244140625,82.9800033569336,82.04000091552734,82.19999694824219,55.74884033203125,6259600
2014-01-21,82.20999908447266,83.06999969482422,82.1500015258789,82.91999816894531,56.23714828491211,4790700
2014-01-22,82.83000183105469,83.0,82.47000122070312,82.8499984741211,56.189674377441406,3920400
2014-01-23,82.8499984741211,82.8499984741211,81.87000274658203,82.43000030517578,55.90479278564453,5429100
2014-01-24,82.06999969482422,82.62999725341797,81.43000030517578,81.43000030517578,55.22660827636719,5906200
2014-01-27,81.43000030517578,82.7699966430664,81.41999816894531,82.05999755859375,55.653873443603516,5811000
2014-01-28,82.38999938964844,82.66999816894531,81.70999908447266,82.31999969482422,55.83021926879883,3867800
2014-01-29,81.87000274658203,81.87000274658203,80.0999984741211,80.22000122070312,54.4059944152832,7539700
2014-01-30,80.62000274658203,81.36000061035156,80.55000305175781,81.08000183105469,54.9892463684082,4589100
2014-01-31,80.19999694824219,80.81999969482422,79.9000015258789,80.36000061035156,54.50093460083008,6728600
2014-02-03,80.3499984741211,80.51000213623047,78.5199966430664,78.56999969482422,53.286949157714844,7073500
2014-02-04,78.97000122070312,79.16999816894531,78.27999877929688,78.81999969482422,53.45647048950195,5431700
2014-02-05,78.56999969482422,79.62000274658203,78.44000244140625,79.41999816894531,53.86341094970703,4829600
2014-02-06,80.19000244140625,80.19999694824219,78.8499984741211,79.38999938964844,53.84307098388672,6113800
2014-02-07,79.68000030517578,80.26000213623047,79.26000213623047,80.22000122070312,54.4059944152832,4553800
2014-02-10,80.16999816894531,80.72000122070312,80.16000366210938,80.5999984741211,54.663700103759766,4742000
2014-02-11,80.4800033569336,81.33000183105469,80.33000183105469,81.25,55.104522705078125,5068100
2014-02-12,81.4800033569336,81.8499984741211,80.9800033569336,81.48999786376953,55.26731491088867,4471200
2014-02-13,80.7699966430664,80.87000274658203,78.36000061035156,79.69000244140625,54.046546936035156,11197000
2014-02-14,79.76000213623047,79.81999969482422,78.05999755859375,78.08999633789062,52.961395263671875,13206500
2014-02-18,78.62999725341797,78.62999725341797,77.77999877929688,78.18000030517578,53.02243423461914,9800200
2014-02-19,78.04000091552734,78.43000030517578,77.01000213623047,77.0999984741211,52.28996276855469,10353400
2014-02-20,77.43000030517578,78.87000274658203,77.37000274658203,78.01000213623047,52.907127380371094,9580300
2014-02-21,78.01000213623047,78.91000366210938,77.9000015258789,78.22000122070312,53.049556732177734,7488400
2014-02-24,78.30999755859375,79.58999633789062,78.30999755859375,78.87999725341797,53.49716567993164,7747000
2014-02-25,79.0199966430664,79.75,78.93000030517578,79.2300033569336,53.73454284667969,7509200
2014-02-26,79.5,79.87999725341797,78.56999969482422,78.6500015258789,53.341182708740234,6586200
2014-02-27,78.6500015258789,79.45999908447266,78.4000015258789,79.06999969482422,53.62602615356445,7809200
2014-02-28,79.08999633789062,80.4000015258789,78.8499984741211,80.06999969482422,54.30425262451172,9870600
2014-03-03,79.16999816894531,79.70999908447266,79.0999984741211,79.5199966430664,53.93123245239258,5767200
2014-03-04,79.80999755859375,80.93000030517578,79.80000305175781,80.8499984741211,54.83323669433594,7518000
2014-03-05,80.38999938964844,81.47000122070312,80.30999755859375,81.11000061035156,55.398765563964844,6398300
2014-03-06,81.16999816894531,81.44000244140625,80.95999908447266,81.33000183105469,55.54905700683594,5874500
2014-03-07,81.51000213623047,81.62999725341797,81.02999877929688,81.55999755859375,55.70613479614258,4032200
2014-03-10,81.55000305175781,81.83000183105469,81.20999908447266,81.7300033569336,55.822242736816406,4313500
2014-03-11,81.83999633789062,82.9800033569336,81.79000091552734,82.80999755859375,56.559879302978516,5837300
2014-03-12,82.19999694824219,82.55000305175781,81.86000061035156,82.1500015258789,56.109100341796875,5674500
2014-03-13,82.20999908447266,82.70999908447266,81.62999725341797,81.80000305175781,55.87004089355469,6119000
2014-03-14,81.7300033569336,82.19000244140625,80.86000061035156,81.0,55.32365417480469,7763000
2014-03-17,81.47000122070312,82.13999938964844,81.29000091552734,82.05000305175781,56.040802001953125,7762000
2014-03-18,82.0199966430664,82.22000122070312,81.58999633789062,81.94999694824219,55.972496032714844,3488300
2014-03-19,81.9800033569336,81.98999786376953,81.19000244140625,81.37000274658203,55.57636260986328,5106000
2014-03-20,81.36000061035156,81.91000366210938,81.25,81.86000061035156,55.911041259765625,3241100
2014-03-21,82.22000122070312,82.56999969482422,81.5,82.13999938964844,56.10226821899414,9206700
2014-03-24,82.33000183105469,82.56999969482422,81.52999877929688,81.88999938964844,55.9315299987793,5253600
2014-03-25,81.9000015258789,82.5,81.9000015258789,82.4000015258789,56.27987289428711,4170500
2014-03-26,82.56999969482422,83.73999786376953,82.48999786376953,82.87000274658203,56.60087966918945,6388200
2014-03-27,82.8499984741211,83.20999908447266,82.5,82.54000091552734,56.37548065185547,4352000
2014-03-28,82.69999694824219,83.20999908447266,82.69999694824219,82.94999694824219,56.655521392822266,4078100
2014-03-31,83.73999786376953,83.80000305175781,83.16999816894531,83.5,57.031166076660156,6620900
2014-04-01,83.06999969482422,83.2699966430664,82.7300033569336,82.87999725341797,56.60771179199219,4676800
2014-04-02,82.81999969482422,82.94999694824219,82.44000244140625,82.7300033569336,56.505245208740234,4919200
2014-04-03,82.91999816894531,83.0999984741211,82.5999984741211,82.91000366210938,56.62818145751953,3362700
2014-04-04,83.16999816894531,83.18000030517578,82.58000183105469,82.58999633789062,56.409645080566406,4404100
2014-04-07,82.37000274658203,84.2300033569336,82.30000305175781,83.91000366210938,57.31121826171875,8976500
2014-04-08,83.93000030517578,84.0,83.1500015258789,83.47000122070312,57.01068878173828,6552700
2014-04-09,83.47000122070312,84.0,83.27999877929688,83.91000366210938,57.31121826171875,4926400
2014-04-10,83.8499984741211,84.81999969482422,83.5999984741211,83.62000274658203,57.113128662109375,7665500
2014-04-11,81.98999786376953,84.22000122070312,81.98999786376953,83.1500015258789,56.79214859008789,6703700
2014-04-14,83.56999969482422,83.91000366210938,83.05000305175781,83.55000305175781,57.06531524658203,4617800
2014-04-15,83.97000122070312,84.04000091552734,83.54000091552734,83.95999908447266,57.3453483581543,5673800
2014-04-16,84.41999816894531,84.9800033569336,84.37000274658203,84.7699966430664,57.89856719970703,5578400
2014-04-17,85.9000015258789,85.94000244140625,84.48999786376953,85.55000305175781,58.431331634521484,11168400
2014-04-21,85.20999908447266,85.94999694824219,85.01000213623047,85.91000366210938,58.67723083496094,4889800
2014-04-22,85.83000183105469,85.83000183105469,85.13999938964844,85.13999938964844,58.151329040527344,4483300
2014-04-23,85.2699966430664,85.69999694824219,85.05999755859375,85.41000366210938,58.33570861816406,4805300
2014-04-24,85.37999725341797,85.66999816894531,85.0,85.5199966430664,58.410823822021484,3749700
2014-04-25,85.45999908447266,85.79000091552734,85.11000061035156,85.25,58.22642135620117,3749300
2014-04-28,85.54000091552734,87.0,85.44999694824219,86.81999969482422,59.29876708984375,5978500
2014-04-29,86.93000030517578,86.94000244140625,85.76000213623047,85.76000213623047,58.57474136352539,4869100
2014-04-30,85.7300033569336,86.06999969482422,85.43000030517578,85.88999938964844,58.663570404052734,4387500
2014-05-01,86.0,86.12999725341797,84.94999694824219,85.56999969482422,58.44500732421875,3848700
2014-05-02,85.3499984741211,85.86000061035156,85.0999984741211,85.5199966430664,58.410823822021484,3438000
2014-05-05,85.16999816894531,86.08000183105469,85.13999938964844,85.91000366210938,58.67723083496094,2989800
2014-05-06,85.48999786376953,85.9800033569336,85.31999969482422,85.37000274658203,58.30839157104492,3141100
2014-05-07,85.30999755859375,87.12000274658203,85.30999755859375,86.80000305175781,59.285099029541016,5500600
2014-05-08,86.79000091552734,87.08999633789062,86.41999816894531,86.66000366210938,59.189456939697266,3507900
2014-05-09,86.56999969482422,87.25,86.41999816894531,87.16999816894531,59.537818908691406,3330100
2014-05-12,87.31999969482422,87.68000030517578,86.62999725341797,86.93000030517578,59.37388229370117,3218600
2014-05-13,86.94999694824219,87.44000244140625,86.80999755859375,87.2300033569336,59.578800201416016,2259400
2014-05-14,87.23999786376953,87.44000244140625,86.77999877929688,86.83999633789062,59.312408447265625,2726300
2014-05-15,86.83999633789062,86.9000015258789,85.69000244140625,85.73999786376953,58.56111145019531,3877100
2014-05-16,85.58999633789062,86.62000274658203,85.56999969482422,86.54000091552734,59.107521057128906,3672600
2014-05-19,85.94000244140625,86.19999694824219,85.44999694824219,86.0999984741211,58.80699157714844,4201400
2014-05-20,85.95999908447266,86.23999786376953,85.36000061035156,85.6500015258789,58.49965286254883,4510200
2014-05-21,85.77999877929688,86.1500015258789,85.52999877929688,86.0999984741211,58.80699157714844,2647100
2014-05-22,86.05999755859375,86.0999984741211,85.4000015258789,85.58000183105469,58.45182418823242,2970600
2014-05-23,85.36000061035156,86.05000305175781,85.36000061035156,85.83000183105469,58.622581481933594,2750700
2014-05-27,85.80999755859375,86.62999725341797,85.6500015258789,86.52999877929688,59.100685119628906,4400100
2014-05-28,86.3499984741211,87.16000366210938,86.33999633789062,87.06999969482422,59.46949768066406,4030700
2014-05-29,86.98999786376953,87.83999633789062,86.87999725341797,87.7300033569336,59.920291900634766,4647300
2014-05-30,87.61000061035156,88.4800033569336,87.41000366210938,88.33000183105469,60.330101013183594,5181600
2014-06-02,88.12000274658203,88.38999938964844,87.76000213623047,87.87000274658203,60.015907287597656,2876100
2014-06-03,87.44000244140625,88.23999786376953,87.30999755859375,88.22000122070312,60.25495910644531,5174700
2014-06-04,87.5199966430664,88.05000305175781,87.33999633789062,87.43000030517578,60.16206741333008,3872400
2014-06-05,87.79000091552734,87.91999816894531,87.22000122070312,87.76000213623047,60.38914108276367,2937800
2014-06-06,87.86000061035156,88.06999969482422,87.52999877929688,87.91000366210938,60.492374420166016,3675400
2014-06-09,87.81999969482422,88.33000183105469,87.81999969482422,88.0,60.55430221557617,2280100
2014-06-10,87.83999633789062,88.72000122070312,87.66999816894531,88.41999816894531,60.84328842163086,3420600
2014-06-11,88.1500015258789,88.5,87.73999786376953,87.77999877929688,60.40290069580078,3747600
2014-06-12,87.58999633789062,87.70999908447266,86.94999694824219,87.22000122070312,60.01756286621094,3856200
2014-06-13,87.1500015258789,87.36000061035156,86.81999969482422,87.19000244140625,59.99693298339844,3047500
2014-06-16,86.87000274658203,87.73999786376953,86.70999908447266,87.55000305175781,60.244659423828125,3894500
2014-06-17,87.6500015258789,87.97000122070312,87.06999969482422,87.27999877929688,60.05885314941406,3393100
2014-06-18,87.33999633789062,88.97000122070312,87.11000061035156,88.9000015258789,61.173583984375,5314400
2014-06-19,88.95999908447266,90.0999984741211,88.91999816894531,90.0999984741211,61.99931716918945,5380400
2014-06-20,90.13999938964844,90.23999786376953,89.0999984741211,89.0999984741211,61.311195373535156,5697000
2014-06-23,89.19999694824219,89.26000213623047,87.73999786376953,88.38999938964844,60.82265090942383,4187700
2014-06-24,88.2300033569336,88.56999969482422,87.83999633789062,88.05000305175781,60.58869552612305,4309700
2014-06-25,87.9800033569336,88.72000122070312,87.9000015258789,88.58000183105469,60.953372955322266,3965300
2014-06-26,89.08999633789062,89.13999938964844,87.98999786376953,88.61000061035156,60.97402572631836,3539300
2014-06-27,88.44000244140625,88.91999816894531,88.36000061035156,88.76000213623047,61.07728958129883,3646100
2014-06-30,88.45999908447266,89.5,88.3499984741211,89.33999633789062,61.476375579833984,4473400
2014-07-01,89.12000274658203,89.27999877929688,88.83000183105469,89.12999725341797,61.33187484741211,3541000
2014-07-02,89.29000091552734,89.69000244140625,89.01000213623047,89.66999816894531,61.703460693359375,2829600
2014-07-03,89.9000015258789,90.13999938964844,89.52999877929688,90.0199966430664,61.94430923461914,2216800
2014-07-07,89.61000061035156,89.94000244140625,89.4800033569336,89.86000061035156,61.83418273925781,2534500
2014-07-08,90.05999755859375,90.08000183105469,89.4800033569336,89.7300033569336,61.74473571777344,3128700
2014-07-09,89.9000015258789,90.0999984741211,89.62000274658203,89.7699966430664,61.77227783203125,2603300
2014-07-10,89.2300033569336,90.22000122070312,89.1500015258789,90.0999984741211,61.99931716918945,3145600
2014-07-11,89.93000030517578,90.20999908447266,89.44999694824219,89.8499984741211,61.82732009887695,3655300
2014-07-14,90.19999694824219,91.38999938964844,90.06999969482422,91.08000183105469,62.673702239990234,4496100
2014-07-15,90.30999755859375,90.94999694824219,90.18000030517578,90.33999633789062,62.16447830200195,3959100
2014-07-16,90.62999725341797,90.87999725341797,90.05999755859375,90.5,62.27457809448242,5121600
2014-07-17,90.1500015258789,90.66999816894531,89.97000122070312,89.98999786376953,61.923648834228516,2823800
2014-07-18,90.12999725341797,90.27999877929688,89.69000244140625,90.08999633789062,61.99248123168945,5273200
2014-07-21,89.62000274658203,90.13999938964844,89.37999725341797,89.91000366210938,61.86862564086914,3024100
2014-07-22,89.61000061035156,89.63999938964844,89.01000213623047,89.16999816894531,61.35940170288086,5304400
2014-07-23,91.26000213623047,93.08999633789062,90.76000213623047,90.81999969482422,62.49476623535156,10953700
2014-07-24,91.62000274658203,92.33999633789062,91.36000061035156,91.91000366210938,63.24482345581055,5614700
2014-07-25,91.9800033569336,92.1500015258789,91.29000091552734,91.55000305175781,62.99711990356445,2925000
2014-07-28,91.55000305175781,91.80000305175781,90.63999938964844,90.97000122070312,62.5980110168457,4653900
2014-07-29,90.91000366210938,90.97000122070312,90.13999938964844,90.13999938964844,62.02686309814453,4268600
2014-07-30,90.48999786376953,90.55000305175781,88.72000122070312,88.91000366210938,61.18046951293945,4250200
2014-07-31,88.23999786376953,88.91000366210938,88.06999969482422,88.0999984741211,60.62309646606445,4825900
2014-08-01,87.70999908447266,88.93000030517578,87.45999908447266,88.11000061035156,60.629981994628906,3987700
2014-08-04,88.33000183105469,89.72000122070312,88.12999725341797,89.69000244140625,61.71722412109375,6488900
2014-08-05,89.37999725341797,89.68000030517578,88.88999938964844,89.19999694824219,61.3800163269043,7678800
2014-08-06,88.43000030517578,90.76000213623047,88.43000030517578,90.51000213623047,62.28144836425781,6589900
2014-08-07,90.79000091552734,90.8499984741211,89.54000091552734,89.9000015258789,61.86170959472656,4625600
2014-08-08,89.9000015258789,90.3499984741211,89.51000213623047,90.29000091552734,62.130088806152344,4739900
2014-08-11,91.0999984741211,91.86000061035156,90.69999694824219,91.79000091552734,63.162269592285156,5231100
2014-08-12,91.45999908447266,91.88999938964844,91.0199966430664,91.20999908447266,62.76314926147461,2776000
2014-08-13,91.55999755859375,91.87000274658203,91.08000183105469,91.73999786376953,63.12786102294922,3690300
2014-08-14,91.81999969482422,92.08000183105469,91.45999908447266,91.79000091552734,63.162269592285156,3624900
2014-08-15,92.0999984741211,92.75,91.29000091552734,91.8499984741211,63.20355224609375,3844600
2014-08-18,92.19999694824219,92.5199966430664,92.0,92.1500015258789,63.409976959228516,2974700
2014-08-19,92.22000122070312,92.36000061035156,91.77999877929688,91.86000061035156,63.21044158935547,3086300
2014-08-20,91.81999969482422,92.44000244140625,91.5199966430664,92.2300033569336,63.465023040771484,5709300
2014-08-21,92.56999969482422,93.19000244140625,92.01000213623047,92.05000305175781,63.3411750793457,4060300
2014-08-22,92.2699966430664,92.58999633789062,91.5999984741211,91.5999984741211,63.031532287597656,3865500
2014-08-25,92.58000183105469,93.44999694824219,92.58000183105469,93.19000244140625,64.12561798095703,5031800
2014-08-26,93.20999908447266,93.51000213623047,92.55999755859375,92.5999984741211,63.71963119506836,3143400
2014-08-27,92.72000122070312,92.72000122070312,92.05999755859375,92.2300033569336,63.465023040771484,2955100
2014-08-28,92.08999633789062,92.69999694824219,91.80999755859375,92.58000183105469,63.705875396728516,3234300
2014-08-29,92.7300033569336,92.91000366210938,92.01000213623047,92.48999786376953,63.64395523071289,3657700
2014-09-02,92.62000274658203,93.13999938964844,92.37999725341797,92.4800033569336,63.6370735168457,5130300
2014-09-03,92.4000015258789,92.76000213623047,91.80999755859375,92.75,64.27809143066406,4929600
2014-09-04,92.94999694824219,93.1500015258789,91.7699966430664,91.8499984741211,63.65441131591797,4466800
2014-09-05,91.8499984741211,91.8499984741211,91.38999938964844,91.75,63.585086822509766,3148000
2014-09-08,91.4800033569336,92.25,91.38999938964844,91.86000061035156,63.66132354736328,3534300
2014-09-09,91.5,91.79000091552734,91.30000305175781,91.41999816894531,63.35638427734375,3259200
2014-09-10,91.66999816894531,91.91999816894531,91.52999877929688,91.79000091552734,63.612815856933594,3720500
2014-09-11,91.69000244140625,91.94999694824219,91.4800033569336,91.6500015258789,63.51577377319336,3670600
2014-09-12,91.5999984741211,91.80000305175781,90.58000183105469,90.87000274658203,62.97519302368164,3587700
2014-09-15,91.06999969482422,91.30999755859375,90.77999877929688,91.19999694824219,63.20391845703125,3770700
2014-09-16,91.13999938964844,93.08999633789062,90.94999694824219,92.56999969482422,64.15335083007812,5155400
2014-09-17,92.66999816894531,93.30999755859375,92.05000305175781,92.8499984741211,64.34739685058594,4997200
2014-09-18,92.97000122070312,93.5,92.69999694824219,93.37000274658203,64.70780181884766,4753300
2014-09-19,93.86000061035156,94.20999908447266,93.41999816894531,93.79000091552734,64.99887084960938,6259500
2014-09-22,93.41999816894531,93.77999877929688,93.29000091552734,93.58000183105469,64.85332489013672,3790600
2014-09-23,93.55000305175781,93.58000183105469,92.83999633789062,92.93000030517578,64.40283966064453,3386300
2014-09-24,93.11000061035156,94.04000091552734,93.08000183105469,93.5,64.79786682128906,4227300
2014-09-25,93.4000015258789,93.43000030517578,92.4800033569336,92.66999816894531,64.22265625,4372400
2014-09-26,92.5,93.33000183105469,92.44000244140625,93.12999725341797,64.54145050048828,3536300
2014-09-29,92.51000213623047,93.38999938964844,92.51000213623047,93.1500015258789,64.5553207397461,2973500
2014-09-30,92.94999694824219,93.43000030517578,92.91999816894531,93.08999633789062,64.51372528076172,4219300
2014-10-01,92.66999816894531,93.22000122070312,92.41999816894531,92.6500015258789,64.20879364013672,4842800
2014-10-02,92.80999755859375,92.91999816894531,92.33000183105469,92.58000183105469,64.16029357910156,3513800
2014-10-03,93.01000213623047,93.52999877929688,92.6500015258789,93.5,64.79786682128906,4084400
2014-10-06,93.5,93.6500015258789,92.79000091552734,93.37000274658203,64.70780181884766,3733100
2014-10-07,93.29000091552734,93.54000091552734,92.9000015258789,93.0999984741211,64.52066802978516,6799900
2014-10-08,92.94999694824219,93.94000244140625,92.76000213623047,93.94000244140625,65.10282897949219,5715200
2014-10-09,95.3499984741211,96.22000122070312,93.55999755859375,93.56999969482422,64.84638977050781,9094000
2014-10-10,93.66000366210938,95.9000015258789,93.66000366210938,94.6500015258789,65.59485626220703,8350900
2014-10-13,94.70999908447266,95.44999694824219,93.83000183105469,93.94000244140625,65.10282897949219,5194500
2014-10-14,94.45999908447266,94.5199966430664,92.58999633789062,93.01000213623047,64.45832061767578,5869000
2014-10-15,91.83999633789062,92.55999755859375,90.76000213623047,91.7699966430664,63.598934173583984,8580700
2014-10-16,90.2699966430664,91.02999877929688,89.81999969482422,90.79000091552734,62.91979217529297,7226400
2014-10-17,91.08999633789062,92.0,90.55000305175781,91.51000213623047,63.41878128051758,6260100
2014-10-20,91.66000366210938,93.72000122070312,91.58999633789062,93.55000305175781,64.83253479003906,6883100
2014-10-21,93.26000213623047,93.95999908447266,92.16999816894531,93.7300033569336,64.95726776123047,6982200
2014-10-22,93.8499984741211,95.0199966430664,93.63999938964844,94.45999908447266,65.46318817138672,5148200
2014-10-23,94.94000244140625,95.31999969482422,93.5,93.76000213623047,64.97806549072266,5805000
2014-10-24,93.76000213623047,94.79000091552734,93.55000305175781,94.5999984741211,65.56021118164062,4005800
2014-10-27,94.4800033569336,95.23999786376953,94.30999755859375,94.62000274658203,65.5740737915039,3135500
2014-10-28,94.69000244140625,95.26000213623047,94.30000305175781,95.26000213623047,66.0176010131836,3368300
2014-10-29,95.5,95.5,94.06999969482422,94.69000244140625,65.62260437011719,3274300
2014-10-30,94.44999694824219,96.0999984741211,94.1500015258789,95.6500015258789,66.28790283203125,3567200
2014-10-31,96.41000366210938,96.73999786376953,95.58000183105469,96.16999816894531,66.64824676513672,5259300
2014-11-03,95.94000244140625,96.43000030517578,95.61000061035156,95.83000183105469,66.41263580322266,4330400
2014-11-04,96.13999938964844,96.83999633789062,95.98999786376953,96.7300033569336,67.03636932373047,3944500
2014-11-05,97.5199966430664,97.86000061035156,96.37000274658203,96.88999938964844,67.14725494384766,3804100
2014-11-06,96.95999908447266,97.19999694824219,96.51000213623047,96.80999755859375,67.09178161621094,4198500
2014-11-07,96.80999755859375,96.80999755859375,95.5,96.80000305175781,67.08487701416016,5273400
2014-11-10,96.4000015258789,96.98999786376953,96.16000366210938,96.97000122070312,67.20267486572266,3345500
2014-11-11,96.95999908447266,97.37999725341797,96.63999938964844,96.69999694824219,67.01557159423828,3263600
2014-11-12,96.69999694824219,97.38999938964844,96.22000122070312,97.16000366210938,67.33434295654297,3247500
2014-11-13,96.52999877929688,98.95999908447266,96.52999877929688,98.54000091552734,68.29073333740234,6257900
2014-11-14,98.48999786376953,98.55000305175781,97.36000061035156,97.72000122070312,67.72245788574219,4335400
2014-11-17,96.8499984741211,98.55000305175781,96.8499984741211,98.41999816894531,68.20755004882812,3745200
2014-11-18,98.41999816894531,98.5,97.86000061035156,97.94000244140625,67.87491607666016,3908600
2014-11-19,97.94000244140625,98.44000244140625,97.75,98.41000366210938,68.20063781738281,3396800
2014-11-20,98.01000213623047,98.62000274658203,97.87000274658203,98.05999755859375,67.95806121826172,3727100
2014-11-21,99.02999877929688,99.12999725341797,98.23999786376953,98.88999938964844,68.53327178955078,5259800
2014-11-24,98.87999725341797,99.25,98.48999786376953,98.68000030517578,68.38775634765625,4540700
2014-11-25,98.51000213623047,99.19000244140625,98.5,98.93000030517578,68.56101989746094,3640900
2014-11-26,99.25,99.63999938964844,99.01000213623047,99.3499984741211,68.85208892822266,2685600
2014-11-28,99.72000122070312,100.69999694824219,99.5199966430664,100.0999984741211,69.371826171875,2504300
2014-12-01,98.55999755859375,100.1500015258789,98.48999786376953,99.66999816894531,69.07386016845703,3658500
2014-12-02,99.9800033569336,100.56999969482422,99.61000061035156,100.38999938964844,69.57281494140625,3888000
2014-12-03,99.69999694824219,99.69999694824219,98.18000030517578,98.31999969482422,68.58574676513672,4943800
2014-12-04,98.04000091552734,98.27999877929688,97.4000015258789,97.75,68.18815612792969,4582600
2014-12-05,97.62000274658203,97.93000030517578,97.19999694824219,97.76000213623047,68.19510650634766,5308200
2014-12-08,97.87000274658203,98.11000061035156,97.5,97.77999877929688,68.20906066894531,4233800
2014-12-09,97.22000122070312,97.75,96.20999908447266,97.12999725341797,67.75563049316406,3459700
2014-12-10,97.2300033569336,97.5999984741211,96.06999969482422,96.18000030517578,67.09295654296875,3972300
2014-12-11,96.30000305175781,97.0,96.01000213623047,96.29000091552734,67.16966247558594,4784700
2014-12-12,95.66000366210938,96.7699966430664,94.70999908447266,94.73999786376953,66.08842468261719,3935900
2014-12-15,95.12999725341797,95.72000122070312,93.86000061035156,94.13999938964844,65.66988372802734,4555200
2014-12-16,93.54000091552734,94.97000122070312,92.52999877929688,92.58999633789062,64.58866119384766,6962800
2014-12-17,92.79000091552734,94.0999984741211,92.43000030517578,93.72000122070312,65.37690734863281,6189200
2014-12-18,94.70999908447266,95.41000366210938,93.73999786376953,95.36000061035156,66.52091979980469,8122800
2014-12-19,95.30000305175781,96.19999694824219,95.20999908447266,95.44000244140625,66.57672882080078,7678700
2014-12-22,95.79000091552734,96.66000366210938,95.47000122070312,96.62000274658203,67.39985656738281,3623000
2014-12-23,97.23999786376953,97.5,96.86000061035156,97.36000061035156,67.91609954833984,3065800
2014-12-24,97.5,97.88999938964844,97.05000305175781,97.08999633789062,67.72773742675781,1604100
2014-12-26,97.12000274658203,97.56999969482422,96.97000122070312,97.05000305175781,67.69981384277344,1492700
2014-12-29,96.62000274658203,97.0999984741211,96.0199966430664,96.7300033569336,67.47663116455078,2453800
2014-12-30,96.20999908447266,96.77999877929688,95.91999816894531,95.95999908447266,66.93946838378906,2134400
2014-12-31,95.66999816894531,95.9800033569336,94.54000091552734,94.55999755859375,65.9628677368164,3727400
2015-01-02,94.93000030517578,95.33999633789062,94.05000305175781,94.44000244140625,65.87914276123047,3545700
2015-01-05,94.44999694824219,95.05000305175781,93.72000122070312,93.7300033569336,65.38388061523438,6441000
2015-01-06,94.08000183105469,94.62000274658203,92.94000244140625,93.0199966430664,64.8885726928711,6195000
2015-01-07,95.12999725341797,96.2300033569336,94.43000030517578,95.73999786376953,66.78599548339844,6526300
2015-01-08,96.73999786376953,97.91000366210938,96.68000030517578,97.4800033569336,67.99981689453125,7131600
2015-01-09,97.55000305175781,97.66999816894531,96.58999633789062,96.81999969482422,67.53939056396484,4061500
2015-01-12,96.94999694824219,97.33999633789062,96.19000244140625,96.41999816894531,67.26034545898438,4192700
2015-01-13,96.66999816894531,97.48999786376953,95.81999969482422,96.3499984741211,67.21151733398438,5371300
2015-01-14,95.45999908447266,96.80000305175781,95.45999908447266,96.66999816894531,67.43475341796875,5127800
2015-01-15,97.13999938964844,97.31999969482422,96.37999725341797,96.66999816894531,67.43475341796875,4424000
2015-01-16,96.66000366210938,97.43000030517578,96.33999633789062,97.29000091552734,67.86726379394531,4404400
2015-01-20,98.33000183105469,98.33000183105469,96.83000183105469,97.51000213623047,68.02071380615234,7029500
2015-01-21,97.0199966430664,98.22000122070312,96.5999984741211,97.4000015258789,67.9439697265625,5031100
2015-01-22,97.4800033569336,99.0,97.04000091552734,98.9000015258789,68.99034118652344,7620400
2015-01-23,98.36000061035156,98.98999786376953,98.0999984741211,98.52999877929688,68.73225402832031,4857700
2015-01-26,98.19000244140625,98.94999694824219,97.66999816894531,98.69000244140625,68.84386444091797,4298700
2015-01-27,97.6500015258789,98.05000305175781,95.25,96.72000122070312,67.46963500976562,7365300
2015-01-28,97.20999908447266,97.7699966430664,95.66000366210938,95.72000122070312,66.77205657958984,6280100
2015-01-29,95.72000122070312,96.4800033569336,94.87000274658203,96.02999877929688,66.9883041381836,4600300
2015-01-30,95.11000061035156,95.33000183105469,93.55999755859375,93.77999877929688,65.41874694824219,7741500
2015-02-02,93.86000061035156,95.44000244140625,93.5999984741211,95.33000183105469,66.5000228881836,6889500
2015-02-03,96.0199966430664,96.55999755859375,95.58000183105469,96.19999694824219,67.10686492919922,5090400
2015-02-04,96.02999877929688,97.2699966430664,96.02999877929688,96.5999984741211,67.38593292236328,5064700
2015-02-05,97.2300033569336,97.2300033569336,96.41000366210938,96.61000061035156,67.39289093017578,4466200
2015-02-06,96.68000030517578,97.05999755859375,96.3499984741211,96.70999908447266,67.462646484375,4629200
2015-02-09,96.58000183105469,96.91000366210938,95.58999633789062,95.97000122070312,66.94645690917969,4217100
2015-02-10,96.7300033569336,98.0999984741211,96.37999725341797,97.98999786376953,68.3555679321289,6797400
2015-02-11,100.05000305175781,100.76000213623047,99.19999694824219,100.4000015258789,70.03670501708984,9736400
2015-02-12,100.05000305175781,100.5,99.37999725341797,100.2699966430664,69.94602966308594,9062300
2015-02-13,100.1500015258789,100.1500015258789,98.94000244140625,99.12999725341797,69.15078735351562,5643000
2015-02-17,98.44999694824219,98.70999908447266,98.0,98.36000061035156,68.61366271972656,5877800
2015-02-18,98.23999786376953,99.48999786376953,98.16000366210938,99.33000183105469,69.29029846191406,3472500
2015-02-19,99.30000305175781,99.5999984741211,98.52999877929688,98.72000122070312,68.86479187011719,4186300
2015-02-20,98.22000122070312,99.06999969482422,97.83000183105469,99.05999755859375,69.1019515991211,3945500
2015-02-23,99.16000366210938,99.4800033569336,98.73999786376953,99.44999694824219,69.37401580810547,3075700
2015-02-24,99.44999694824219,99.97000122070312,99.13999938964844,99.58000183105469,69.46471405029297,3389900
2015-02-25,99.68000030517578,99.81999969482422,98.91000366210938,99.5,69.40889739990234,3366100
2015-02-26,99.1500015258789,99.36000061035156,98.9800033569336,99.06999969482422,69.10894775390625,5722000
2015-02-27,99.22000122070312,99.37000274658203,98.97000122070312,98.9800033569336,69.04615783691406,6461700
2015-03-02,98.9800033569336,99.30000305175781,98.7300033569336,99.0,69.0600814819336,3613600
2015-03-03,98.81999969482422,98.94999694824219,98.12000274658203,98.4000015258789,68.64156341552734,4148100
2015-03-04,97.72000122070312,97.8499984741211,97.12000274658203,97.36000061035156,68.37117767333984,3884200
2015-03-05,97.69999694824219,97.83000183105469,97.20999908447266,97.2300033569336,68.27991485595703,3537200
2015-03-06,97.0,97.1500015258789,95.94000244140625,96.16999816894531,67.53550720214844,6466100
2015-03-09,96.0,96.5,95.97000122070312,96.04000091552734,67.44422912597656,4810500
2015-03-10,95.37999725341797,95.5999984741211,94.43000030517578,94.43000030517578,66.3136215209961,5390300
2015-03-11,94.45999908447266,94.62999725341797,93.44999694824219,93.62999725341797,65.75179290771484,4637300
2015-03-12,93.95999908447266,95.76000213623047,93.83999633789062,95.70999908447266,67.21247100830078,4455000
2015-03-13,94.88999938964844,95.58999633789062,93.94000244140625,94.31999969482422,66.23633575439453,4703800
2015-03-16,94.55999755859375,95.52999877929688,94.4800033569336,95.44999694824219,67.0299072265625,4687400
2015-03-17,94.94000244140625,95.29000091552734,94.05999755859375,94.12999725341797,66.1029052734375,4507400
2015-03-18,93.98999786376953,95.05000305175781,92.23999786376953,94.63999938964844,66.4610366821289,7692100
2015-03-19,94.43000030517578,94.58000183105469,93.69999694824219,94.0999984741211,66.08184814453125,4386400
2015-03-20,94.19999694824219,95.4800033569336,94.0999984741211,95.33999633789062,66.95262908935547,8810400
2015-03-23,95.47000122070312,96.12000274658203,95.33999633789062,95.8499984741211,67.310791015625,4739400
2015-03-24,96.70999908447266,97.16000366210938,95.80999755859375,95.86000061035156,67.31781005859375,7118600
2015-03-25,96.43000030517578,96.44000244140625,95.2300033569336,95.26000213623047,66.89646911621094,4965600
2015-03-26,95.25,95.9800033569336,94.79000091552734,95.62999725341797,67.15630340576172,5077700
2015-03-27,95.27999877929688,96.16000366210938,95.18000030517578,95.94999694824219,67.38102722167969,4245600
2015-03-30,96.27999877929688,96.68000030517578,95.55000305175781,96.5199966430664,67.78130340576172,5021200
2015-03-31,96.22000122070312,96.58999633789062,95.62000274658203,95.62000274658203,67.14927673339844,4397600
2015-04-01,95.16000366210938,95.27999877929688,94.16999816894531,95.08999633789062,66.7770767211914,4241200
2015-04-02,94.77999877929688,95.93000030517578,94.77999877929688,95.69000244140625,67.19844055175781,3586200
2015-04-06,95.52999877929688,97.08999633789062,95.52999877929688,96.4800033569336,67.75321197509766,4861800
2015-04-07,96.66999816894531,96.87000274658203,96.19000244140625,96.20999908447266,67.56363677978516,3376600
2015-04-08,96.0999984741211,96.5999984741211,95.69000244140625,96.02999877929688,67.43721008300781,3879100
2015-04-09,95.83000183105469,96.62999725341797,95.63999938964844,96.3499984741211,67.66191864013672,3487000
2015-04-10,96.27999877929688,96.5199966430664,96.1500015258789,96.19999694824219,67.55657196044922,2704900
2015-04-13,96.01000213623047,96.27999877929688,95.4800033569336,95.52999877929688,67.08606719970703,3772900
2015-04-14,95.66999816894531,96.80000305175781,95.38999938964844,96.48999786376953,67.76024627685547,4501700
2015-04-15,96.73999786376953,97.30000305175781,96.5,96.62999725341797,67.85855102539062,3508700
2015-04-16,96.52999877929688,96.91999816894531,96.20999908447266,96.44999694824219,67.73213958740234,3699000
2015-04-17,95.83999633789062,96.12000274658203,95.36000061035156,95.80999755859375,67.28270721435547,4991600
2015-04-20,96.26000213623047,96.94000244140625,96.23999786376953,96.5,67.76724243164062,4468600
2015-04-21,97.19999694824219,97.55999755859375,96.54000091552734,96.77999877929688,67.9638900756836,4184300
2015-04-22,97.25,97.63999938964844,96.68000030517578,97.27999877929688,68.31500244140625,5293600
2015-04-23,96.66999816894531,97.44000244140625,95.44999694824219,95.7300033569336,67.22653198242188,7827700
2015-04-24,95.70999908447266,95.70999908447266,94.51000213623047,95.16999816894531,66.83328247070312,5381700
2015-04-27,95.16999816894531,95.2699966430664,94.45999908447266,94.48999786376953,66.35572814941406,5348500
2015-04-28,94.73999786376953,94.7699966430664,94.0199966430664,94.41999816894531,66.30657958984375,5065900
2015-04-29,94.22000122070312,94.47000122070312,93.26000213623047,94.37999725341797,66.27848052978516,4963600
2015-04-30,94.16000366210938,95.33000183105469,93.76000213623047,95.12000274658203,66.79816436767578,6714400
2015-05-01,95.16000366210938,95.62000274658203,94.76000213623047,95.55999755859375,67.10713958740234,4622300
2015-05-04,95.44999694824219,96.25,95.26000213623047,95.94999694824219,67.38102722167969,3729400
2015-05-05,96.0199966430664,96.16999816894531,95.23999786376953,95.41999816894531,67.00882720947266,3502800
2015-05-06,95.91999816894531,95.97000122070312,94.94999694824219,95.4800033569336,67.05096435546875,3376400
2015-05-07,95.1500015258789,95.66999816894531,94.94999694824219,95.1500015258789,66.81920623779297,3157400
2015-05-08,95.91000366210938,96.61000061035156,95.55000305175781,96.55000305175781,67.8023681640625,5231600
2015-05-11,96.2699966430664,97.0999984741211,96.12000274658203,96.3499984741211,67.66191864013672,3070300
2015-05-12,96.0,96.37999725341797,95.0,96.19999694824219,67.55657196044922,4229900
2015-05-13,96.2699966430664,96.95999908447266,96.16999816894531,96.41000366210938,67.70405578613281,3739800
2015-05-14,96.83999633789062,98.0,96.73999786376953,98.0,68.82058715820312,4018500
2015-05-15,97.83000183105469,98.44000244140625,97.75,98.22000122070312,68.97512817382812,3809500
2015-05-18,98.01000213623047,98.33000183105469,97.66999816894531,98.05000305175781,68.85574340820312,3328300
2015-05-19,97.94000244140625,98.33999633789062,97.56999969482422,97.94999694824219,68.78551483154297,3323900
2015-05-20,98.0,98.33000183105469,97.68000030517578,97.69000244140625,68.60294342041016,2789800
2015-05-21,97.4000015258789,97.79000091552734,96.9000015258789,97.19999694824219,68.25883483886719,3406100
2015-05-22,97.20999908447266,97.20999908447266,96.2300033569336,96.26000213623047,67.59869384765625,3311100
2015-05-26,96.05999755859375,96.27999877929688,95.5,95.79000091552734,67.26864624023438,3806200
2015-05-27,95.98999786376953,96.58000183105469,95.70999908447266,96.37999725341797,67.68299865722656,4028200
2015-05-28,96.55000305175781,97.38999938964844,95.93000030517578,97.05999755859375,68.1605224609375,5321700
2015-05-29,97.20999908447266,97.23999786376953,95.94000244140625,96.43000030517578,67.71810150146484,5731700
2015-06-01,96.58999633789062,96.58999633789062,95.63999938964844,95.97000122070312,67.39507293701172,4407000
2015-06-02,95.62999725341797,96.3499984741211,95.37000274658203,96.05000305175781,67.45124053955078,3959800
2015-06-03,95.81999969482422,96.0,95.1500015258789,95.30000305175781,67.41801452636719,3248800
2015-06-04,95.01000213623047,95.62000274658203,94.12000274658203,94.13999938964844,66.59738159179688,4793700
2015-06-05,93.87000274658203,93.9800033569336,92.9000015258789,93.05000305175781,65.82627868652344,4741200
2015-06-08,93.30000305175781,93.41000366210938,92.73999786376953,92.83999633789062,65.6777114868164,4466600
2015-06-09,92.80000305175781,93.31999969482422,92.72000122070312,93.06999969482422,65.84042358398438,3411900
2015-06-10,93.37000274658203,94.08000183105469,93.12999725341797,93.69000244140625,66.27904510498047,3892000
2015-06-11,94.0,94.29000091552734,93.88999938964844,94.08999633789062,66.5619888305664,3020100
2015-06-12,93.95999908447266,94.06999969482422,93.44000244140625,93.73999786376953,66.31439971923828,3748500
2015-06-15,93.2699966430664,93.41999816894531,92.54000091552734,92.63999938964844,65.53623962402344,7203000
2015-06-16,92.7699966430664,93.70999908447266,92.58000183105469,93.55000305175781,66.17999267578125,2728700
2015-06-17,93.56999969482422,94.2699966430664,93.25,94.05000305175781,66.53372192382812,3108900
2015-06-18,94.33000183105469,95.5199966430664,94.12000274658203,95.2300033569336,67.36847686767578,4035400
2015-06-19,94.87999725341797,95.30999755859375,94.72000122070312,94.86000061035156,67.10669708251953,5463300
2015-06-22,95.0,95.87999725341797,95.0,95.5999984741211,67.63021850585938,3626700
2015-06-23,95.61000061035156,95.73999786376953,95.13999938964844,95.5999984741211,67.63021850585938,3679900
2015-06-24,95.26000213623047,95.7699966430664,95.26000213623047,95.29000091552734,67.41090393066406,4742000
2015-06-25,95.75,95.98999786376953,94.83000183105469,94.83000183105469,67.08548736572266,4426400
2015-06-26,95.0999984741211,95.44999694824219,94.83000183105469,94.91000366210938,67.14209747314453,5119600
2015-06-29,94.4000015258789,94.76000213623047,93.62000274658203,93.69000244140625,66.27904510498047,3625600
2015-06-30,94.51000213623047,94.69999694824219,93.26000213623047,93.33999633789062,66.03143310546875,4188500
2015-07-01,93.80000305175781,94.56999969482422,93.55000305175781,94.5199966430664,66.8662109375,4808600
2015-07-02,94.5999984741211,94.9800033569336,94.20999908447266,94.66000366210938,66.96525573730469,3209600
2015-07-06,94.04000091552734,94.91999816894531,94.01000213623047,94.4000015258789,66.78128814697266,4952400
2015-07-07,94.77999877929688,96.66000366210938,94.54000091552734,96.4000015258789,68.19615936279297,7724800
2015-07-08,95.70999908447266,96.27999877929688,95.51000213623047,95.61000061035156,67.63727569580078,6055100
2015-07-09,97.33999633789062,97.3499984741211,94.08000183105469,94.58999633789062,66.91571044921875,9932300
2015-07-10,95.41999816894531,96.2699966430664,95.01000213623047,95.55000305175781,67.59484100341797,7233600
2015-07-13,96.30000305175781,97.48999786376953,96.16000366210938,97.22000122070312,68.77623748779297,7263800
2015-07-14,97.4000015258789,97.4800033569336,96.7300033569336,97.12999725341797,68.71257781982422,4479400
2015-07-15,97.06999969482422,97.33999633789062,96.31999969482422,96.3499984741211,68.16079711914062,5464700
2015-07-16,97.08999633789062,97.33999633789062,96.87000274658203,96.9000015258789,68.54988098144531,4253000
2015-07-17,96.54000091552734,96.81999969482422,96.05000305175781,96.77999877929688,68.4649887084961,3573300
2015-07-20,97.08000183105469,97.4800033569336,96.80000305175781,97.30999755859375,68.83992767333984,3391800
2015-07-21,97.4800033569336,97.4800033569336,96.83999633789062,96.93000030517578,68.57112121582031,3065400
2015-07-22,97.0199966430664,97.4800033569336,96.80000305175781,97.16999816894531,68.74089813232422,3371300
2015-07-23,97.0,97.37000274658203,96.45999908447266,96.87000274658203,68.52864837646484,2742900
2015-07-24,96.66999816894531,96.88999938964844,96.08999633789062,96.18000030517578,68.04051971435547,3631700
2015-07-27,96.02999877929688,96.41999816894531,95.33000183105469,95.66000366210938,67.67266845703125,4783400
2015-07-28,96.2300033569336,96.2300033569336,95.63999938964844,96.11000061035156,67.99101257324219,4937100
2015-07-29,96.18000030517578,96.7699966430664,96.05000305175781,96.52999877929688,68.28813171386719,3851100
2015-07-30,96.18000030517578,96.87999725341797,96.1500015258789,96.62999725341797,68.35888671875,3380700
2015-07-31,97.16999816894531,97.16999816894531,96.19999694824219,96.3499984741211,68.16079711914062,5049600
2015-08-03,96.19000244140625,97.4800033569336,96.16999816894531,97.44999694824219,68.93895721435547,3711100
2015-08-04,97.30000305175781,98.0,97.18000030517578,97.80999755859375,69.19364166259766,3955000
2015-08-05,98.0199966430664,99.3499984741211,97.88999938964844,99.19000244140625,70.16989135742188,4320400
2015-08-06,99.66000366210938,100.61000061035156,99.0999984741211,99.1500015258789,70.1416015625,6224000
2015-08-07,99.01000213623047,99.44999694824219,98.72000122070312,99.0999984741211,70.10620880126953,4608300
2015-08-10,99.5199966430664,99.69999694824219,98.88999938964844,99.08999633789062,70.09915161132812,4753700
2015-08-11,98.5999984741211,98.75,98.1500015258789,98.62000274658203,69.76663970947266,3581300
2015-08-12,98.04000091552734,98.43000030517578,97.0,98.37999725341797,69.59687805175781,3743300
2015-08-13,98.4000015258789,99.2300033569336,98.02999877929688,98.79000091552734,69.88690185546875,4190600
2015-08-14,98.83000183105469,99.2699966430664,98.69999694824219,99.2300033569336,70.19818115234375,3375600
2015-08-17,98.81999969482422,100.08999633789062,98.75,99.86000061035156,70.64385223388672,3253100
2015-08-18,99.5,100.41999816894531,99.5,99.7699966430664,70.58018493652344,4578500
2015-08-19,99.37999725341797,99.68000030517578,98.63999938964844,98.98999786376953,70.02841186523438,3903500
2015-08-20,98.30999755859375,98.5999984741211,97.9800033569336,97.9800033569336,69.31390380859375,3956800
2015-08-21,97.19999694824219,97.5999984741211,96.0999984741211,96.25,68.09003448486328,7514400
2015-08-24,91.58000183105469,92.33000183105469,76.4800033569336,91.83000183105469,64.96321868896484,13366900
2015-08-25,94.13999938964844,94.13999938964844,89.55000305175781,89.63999938964844,63.41395568847656,8258100
2015-08-26,91.72000122070312,92.62999725341797,89.69000244140625,92.48999786376953,65.43013000488281,7614100
2015-08-27,93.5,93.98999786376953,91.86000061035156,93.5999984741211,66.21536254882812,6690000
2015-08-28,93.0,93.83999633789062,92.77999877929688,93.52999877929688,66.16584777832031,6002300
2015-08-31,92.94000244140625,93.33000183105469,92.63999938964844,92.93000030517578,65.74136352539062,5328000
2015-09-01,91.12000274658203,92.16000366210938,90.87999725341797,91.33000183105469,64.6094970703125,8367800
2015-09-02,91.37999725341797,92.16000366210938,90.87000274658203,91.63999938964844,65.3316879272461,5935400
2015-09-03,92.0,92.75,91.87999725341797,92.12999725341797,65.6810073852539,3774100
2015-09-04,91.0,91.54000091552734,90.63999938964844,90.91999816894531,64.81840515136719,5653600
2015-09-08,91.93000030517578,92.4000015258789,91.58000183105469,92.37000274658203,65.85211181640625,3638200
2015-09-09,93.04000091552734,93.08000183105469,90.5,90.83000183105469,64.75422668457031,4474400
2015-09-10,90.5,91.69999694824219,90.43000030517578,91.05999755859375,64.91817474365234,3928100
2015-09-11,90.91999816894531,91.63999938964844,90.69000244140625,91.62000274658203,65.31741333007812,4062600
2015-09-14,91.62000274658203,91.63999938964844,90.98999786376953,91.19999694824219,65.01802825927734,4383600
2015-09-15,91.66999816894531,92.33999633789062,91.1500015258789,92.05999755859375,65.6311264038086,3725100
2015-09-16,92.3499984741211,93.31999969482422,92.1500015258789,93.06999969482422,66.35115814208984,4152000
2015-09-17,93.30999755859375,94.37000274658203,92.61000061035156,93.37000274658203,66.56503295898438,5300800
2015-09-18,92.19000244140625,93.62999725341797,91.79000091552734,93.05000305175781,66.33690643310547,9622400
2015-09-21,93.31999969482422,94.2699966430664,93.2300033569336,93.70999908447266,66.80741119384766,3654000
2015-09-22,92.98999786376953,93.08000183105469,91.94999694824219,92.37000274658203,65.85211181640625,4547900
2015-09-23,92.2699966430664,92.69999694824219,91.86000061035156,92.4000015258789,65.87349700927734,3401600
2015-09-24,91.88999938964844,92.86000061035156,91.44999694824219,92.47000122070312,65.92340087890625,4064000
2015-09-25,92.94000244140625,94.18000030517578,92.66999816894531,93.47000122070312,66.6363296508789,4897200
2015-09-28,92.97000122070312,93.6500015258789,92.19999694824219,92.47000122070312,65.92340087890625,4659200
2015-09-29,92.55000305175781,93.36000061035156,92.30999755859375,93.04000091552734,66.32978820800781,5632200
2015-09-30,94.05999755859375,94.4000015258789,93.52999877929688,94.30000305175781,67.22805786132812,5873600
2015-10-01,94.19999694824219,94.5,93.12999725341797,93.8499984741211,66.90723419189453,5061800
2015-10-02,93.16999816894531,94.22000122070312,92.52999877929688,94.16000366210938,67.12822723388672,5163700
2015-10-05,94.91000366210938,95.9800033569336,94.58999633789062,95.80999755859375,68.3045425415039,5700200
2015-10-06,97.95999908447266,98.0,96.7300033569336,97.06999969482422,69.20284271240234,7094300
2015-10-07,97.19000244140625,98.98999786376953,97.08000183105469,98.5199966430664,70.23655700683594,6528200
2015-10-08,97.5999984741211,99.01000213623047,97.5999984741211,98.97000122070312,70.55735778808594,4683300
2015-10-09,98.9000015258789,99.62000274658203,98.80999755859375,99.47000122070312,70.9138412475586,5607000
2015-10-12,98.94999694824219,100.0999984741211,98.69000244140625,99.13999938964844,70.67855834960938,4581300
2015-10-13,98.95999908447266,99.16000366210938,97.88999938964844,97.91999816894531,69.80879211425781,5989400
2015-10-14,97.7699966430664,98.20999908447266,97.41000366210938,97.48999786376953,69.50225067138672,4238400
2015-10-15,98.11000061035156,98.48999786376953,97.43000030517578,98.27999877929688,70.06546020507812,5763900
2015-10-16,98.8499984741211,99.80999755859375,98.30000305175781,99.69999694824219,71.07779693603516,5550800
2015-10-19,99.69999694824219,100.2699966430664,99.5199966430664,100.18000030517578,71.41998291015625,4902700
2015-10-20,99.94999694824219,100.38999938964844,99.66999816894531,100.2699966430664,71.48413848876953,3613600
2015-10-21,99.9000015258789,100.9000015258789,99.73999786376953,100.25,71.46990203857422,4332000
2015-10-22,100.66999816894531,103.37999725341797,100.33000183105469,103.08000183105469,73.4874496459961,5934800
2015-10-23,103.31999969482422,103.44000244140625,101.93000030517578,102.43000030517578,73.02405548095703,5015800
2015-10-26,102.38999938964844,102.80999755859375,101.8499984741211,102.54000091552734,73.10246276855469,3770700
2015-10-27,102.12999725341797,103.19999694824219,102.01000213623047,102.94000244140625,73.38765716552734,3995700
2015-10-28,103.11000061035156,103.19999694824219,101.4800033569336,102.73999786376953,73.24502563476562,5164800
2015-10-29,102.08999633789062,103.0999984741211,101.9000015258789,102.80000305175781,73.28781127929688,3008100
2015-10-30,102.62999725341797,103.23999786376953,102.19000244140625,102.19000244140625,72.85295867919922,5425800
2015-11-02,102.13999938964844,102.58000183105469,101.0999984741211,101.4000015258789,72.28976440429688,5007300
2015-11-03,101.16000366210938,101.20999908447266,99.83000183105469,100.91999816894531,71.94754791259766,4174900
2015-11-04,100.88999938964844,101.33999633789062,100.4000015258789,100.62000274658203,71.73365783691406,3345600
2015-11-05,100.62000274658203,100.94000244140625,100.19000244140625,100.61000061035156,71.72655487060547,2834100
2015-11-06,100.06999969482422,100.29000091552734,99.1500015258789,99.72000122070312,71.09207153320312,4660400
2015-11-09,99.4800033569336,99.5999984741211,98.2300033569336,98.87999725341797,70.49321746826172,3959900
2015-11-10,98.5,99.22000122070312,98.37999725341797,98.83000183105469,70.45755004882812,3367800
2015-11-11,99.27999877929688,99.95999908447266,99.08999633789062,99.43000030517578,70.88531494140625,3147300
2015-11-12,98.9000015258789,99.33000183105469,98.33999633789062,98.37000274658203,70.12962341308594,3892800
2015-11-13,98.19000244140625,98.94999694824219,97.80999755859375,98.04000091552734,69.89434051513672,4001000
2015-11-16,97.75,99.66000366210938,97.6500015258789,99.55999755859375,70.97798156738281,3446600
2015-11-17,99.54000091552734,99.87999725341797,98.55999755859375,98.83000183105469,70.45755004882812,3446500
2015-11-18,99.06999969482422,100.37999725341797,98.91000366210938,100.2699966430664,71.48413848876953,4074200
2015-11-19,100.5199966430664,101.37000274658203,100.5,100.93000030517578,71.9546890258789,3496000
2015-11-20,101.5199966430664,102.1500015258789,100.0,100.0999984741211,71.36295318603516,4800600
2015-11-23,100.4800033569336,101.69000244140625,100.23999786376953,100.8499984741211,71.89765167236328,4604000
2015-11-24,100.33000183105469,101.0,100.0,100.62999725341797,71.74079895019531,3405400
2015-11-25,100.52999877929688,100.94000244140625,100.44999694824219,100.5,71.64812469482422,2906000
2015-11-27,100.08999633789062,100.98999786376953,100.08999633789062,100.73999786376953,71.81922912597656,1463400
2015-11-30,100.73999786376953,100.97000122070312,100.12999725341797,100.16000366210938,71.40573120117188,6083300
2015-12-01,100.11000061035156,101.12000274658203,100.11000061035156,101.05999755859375,72.04735565185547,4473200
2015-12-02,100.36000061035156,100.37999725341797,99.36000061035156,99.4800033569336,71.41776275634766,4361600
2015-12-03,99.62000274658203,99.98999786376953,98.76000213623047,99.08999633789062,71.13776397705078,5661000
2015-12-04,99.19999694824219,101.37000274658203,98.54000091552734,101.05999755859375,72.55205535888672,6422700
2015-12-07,101.02999877929688,101.51000213623047,100.12000274658203,100.66999816894531,72.27206420898438,3408000
2015-12-08,100.4000015258789,100.80999755859375,99.62999725341797,100.16999816894531,71.91311645507812,3385200
2015-12-09,99.52999877929688,100.95999908447266,98.98999786376953,99.12999725341797,71.1664810180664,4195100
2015-12-10,99.30999755859375,99.5999984741211,98.44999694824219,98.9000015258789,71.00137329101562,3926600
2015-12-11,97.93000030517578,98.79000091552734,97.54000091552734,97.77999877929688,70.19730377197266,5429700
2015-12-14,98.08999633789062,98.62000274658203,96.80999755859375,97.94999694824219,70.31934356689453,6633900
2015-12-15,98.52999877929688,99.66999816894531,98.19999694824219,99.38999938964844,71.3531265258789,5554200
2015-12-16,99.83999633789062,101.33000183105469,99.6500015258789,101.08000183105469,72.56640625,4994500
2015-12-17,101.0,101.11000061035156,100.16999816894531,100.19999694824219,71.93464660644531,4303600
2015-12-18,99.75,99.76000213623047,97.87999725341797,97.9000015258789,70.28345489501953,6926800
2015-12-21,98.38999938964844,98.63999938964844,97.7699966430664,98.62000274658203,70.80036163330078,3089100
2015-12-22,98.91000366210938,100.06999969482422,98.62999725341797,99.80000305175781,71.64746856689453,3882100
2015-12-23,100.19999694824219,100.76000213623047,100.0199966430664,100.63999938964844,72.25053405761719,2929600
2015-12-24,100.51000213623047,100.97000122070312,100.11000061035156,100.54000091552734,72.17876434326172,1044300
2015-12-28,100.38999938964844,100.79000091552734,100.13999938964844,100.68000030517578,72.27925109863281,4017700
2015-12-29,101.11000061035156,101.69999694824219,100.7699966430664,101.44999694824219,72.83203887939453,2362200
2015-12-30,101.51000213623047,101.54000091552734,100.9800033569336,101.1500015258789,72.6166763305664,2333000
2015-12-31,100.52999877929688,100.91000366210938,99.80999755859375,99.91999816894531,71.73363494873047,3041500
2016-01-04,98.55999755859375,99.0,97.80000305175781,98.7699966430664,70.90805053710938,6689000
2016-01-05,98.80999755859375,99.8499984741211,98.70999908447266,99.44999694824219,71.39622497558594,4893800
2016-01-06,98.37999725341797,99.76000213623047,98.12000274658203,99.4800033569336,71.41776275634766,5483400
2016-01-07,98.45999908447266,98.9800033569336,97.20999908447266,97.56999969482422,70.0465316772461,5440000
2016-01-08,97.83000183105469,98.62999725341797,96.94000244140625,97.20999908447266,69.78809356689453,4853500
2016-01-11,97.33999633789062,97.91999816894531,96.87000274658203,97.44000244140625,69.95320129394531,5638000
2016-01-12,98.41000366210938,98.41000366210938,97.13999938964844,97.62000274658203,70.08243560791016,5185800
2016-01-13,97.47000122070312,97.94000244140625,96.3499984741211,96.5,69.27836608886719,5161500
2016-01-14,96.4000015258789,97.08000183105469,95.66000366210938,95.80999755859375,68.78302764892578,6592500
2016-01-15,93.94999694824219,94.55999755859375,93.30000305175781,93.93000030517578,67.43334197998047,8229400
2016-01-19,94.66000366210938,96.0999984741211,94.45999908447266,95.7699966430664,68.75430297851562,6828900
2016-01-20,94.8499984741211,95.41999816894531,93.30000305175781,93.7699966430664,67.31846618652344,7558100
2016-01-21,94.04000091552734,94.66999816894531,93.25,94.47000122070312,67.82100677490234,6076300
2016-01-22,94.87999725341797,96.29000091552734,94.12000274658203,95.8499984741211,68.81173706054688,6946600
2016-01-25,95.91999816894531,96.83000183105469,95.52999877929688,95.94000244140625,68.8763427734375,4407000
2016-01-26,95.91000366210938,97.22000122070312,95.7699966430664,96.31999969482422,69.1491470336914,3735200
2016-01-27,95.88999938964844,97.27999877929688,95.55999755859375,95.94000244140625,68.8763427734375,5795100
2016-01-28,96.43000030517578,97.9000015258789,96.08000183105469,97.44999694824219,69.96038055419922,5169900
2016-01-29,97.87000274658203,99.30000305175781,97.58000183105469,99.30000305175781,71.28852081298828,7340600
2016-02-01,98.52999877929688,99.4000015258789,97.5199966430664,99.02999877929688,71.09468078613281,3648100
2016-02-02,98.6500015258789,98.68000030517578,98.0,98.20999908447266,70.5060043334961,3809900
2016-02-03,98.87000274658203,99.02999877929688,97.5999984741211,98.72000122070312,70.87213134765625,5146000
2016-02-04,98.68000030517578,98.9000015258789,97.0,97.38999938964844,69.91732025146484,5212000
2016-02-05,97.63999938964844,97.70999908447266,96.80000305175781,97.31999969482422,69.86705780029297,5574800
2016-02-08,97.13999938964844,97.88999938964844,96.4000015258789,97.5199966430664,70.01065063476562,4729500
2016-02-09,96.69000244140625,98.79000091552734,96.44000244140625,98.27999877929688,70.5562515258789,4994200
2016-02-10,98.20999908447266,98.7300033569336,97.5199966430664,97.62000274658203,70.08243560791016,4505500
2016-02-11,96.38999938964844,97.94000244140625,96.08999633789062,96.9000015258789,69.5655517578125,5898500
2016-02-12,96.4000015258789,98.58999633789062,96.1500015258789,98.48999786376953,70.70702362060547,5110600
2016-02-16,99.19999694824219,99.30000305175781,98.0999984741211,98.5999984741211,70.7859878540039,4709700
2016-02-17,99.0,99.88999938964844,98.80000305175781,99.55000305175781,71.46800994873047,4493200
2016-02-18,99.56999969482422,99.97000122070312,98.97000122070312,99.62000274658203,71.51826477050781,3729100
2016-02-19,98.45999908447266,100.19000244140625,98.45999908447266,99.58000183105469,71.48953247070312,4531300
2016-02-22,99.9800033569336,100.55999755859375,99.58000183105469,99.87000274658203,71.69770050048828,4731500
2016-02-23,99.88999938964844,100.0,99.37999725341797,99.54000091552734,71.4608154296875,3721100
2016-02-24,99.0,99.75,98.4000015258789,99.68000030517578,71.56131744384766,5691200
2016-02-25,99.83000183105469,100.69999694824219,99.83000183105469,100.66999816894531,72.27206420898438,4668900
2016-02-26,100.48999786376953,100.54000091552734,97.83999633789062,98.36000061035156,70.61369323730469,6506200
2016-02-29,98.36000061035156,99.0199966430664,97.79000091552734,97.81999969482422,70.22601318359375,5955300
2016-03-01,98.5,99.13999938964844,98.05000305175781,99.08999633789062,71.13776397705078,5160200
2016-03-02,98.05000305175781,98.36000061035156,97.54000091552734,98.33000183105469,71.0965576171875,4180000
2016-03-03,98.3499984741211,99.2300033569336,98.0199966430664,99.16000366210938,71.69669342041016,4856600
2016-03-04,98.80999755859375,100.0,98.56999969482422,100.0,72.30403137207031,7067200
2016-03-07,99.25,99.5999984741211,98.97000122070312,99.25,71.76174926757812,5967100
2016-03-08,98.97000122070312,100.12000274658203,98.75,99.73999786376953,72.11602020263672,4871200
2016-03-09,100.0,100.58000183105469,99.73999786376953,100.19999694824219,72.4486312866211,5085000
2016-03-10,100.44999694824219,100.87999725341797,100.0199966430664,100.77999877929688,72.8680191040039,5502800
2016-03-11,101.0,101.41000366210938,100.58999633789062,101.30999755859375,73.251220703125,5912400
2016-03-14,101.12999725341797,101.44999694824219,100.62000274658203,100.6500015258789,72.77400970458984,3580500
2016-03-15,100.2699966430664,101.56999969482422,100.25,101.1500015258789,73.13553619384766,3860300
2016-03-16,100.94000244140625,101.33999633789062,100.01000213623047,100.83000183105469,72.9041519165039,4176600
2016-03-17,101.0,102.12000274658203,100.79000091552734,101.87000274658203,73.65612030029297,5635800
2016-03-18,101.66999816894531,101.94000244140625,101.01000213623047,101.29000091552734,73.23677062988281,7273900
2016-03-21,100.91000366210938,102.12000274658203,100.31999969482422,101.54000091552734,73.41751098632812,4420300
2016-03-22,101.27999877929688,101.51000213623047,100.43000030517578,100.7699966430664,72.86076354980469,3457600
2016-03-23,100.69000244140625,101.76000213623047,100.52999877929688,100.80999755859375,72.8896713256836,3407900
2016-03-24,100.69999694824219,100.91999816894531,100.1500015258789,100.68000030517578,72.79570770263672,3183100
2016-03-28,100.95999908447266,101.61000061035156,100.81999969482422,100.9800033569336,73.01260375976562,3785500
2016-03-29,101.05000305175781,101.63999938964844,100.76000213623047,101.37000274658203,73.29460144042969,3356700
2016-03-30,101.45999908447266,102.88999938964844,101.41000366210938,102.69000244140625,74.24899291992188,4673600
2016-03-31,102.54000091552734,103.44999694824219,102.30000305175781,102.4800033569336,74.09716033935547,5367700
2016-04-01,101.97000122070312,103.88999938964844,101.94999694824219,103.77999877929688,75.03711700439453,4128600
2016-04-04,103.80000305175781,103.94999694824219,102.7699966430664,103.81999969482422,75.06605529785156,4220400
2016-04-05,103.7699966430664,103.93000030517578,102.87000274658203,103.0999984741211,74.54545593261719,3589200
2016-04-06,103.25,103.98999786376953,102.87000274658203,103.91999816894531,75.13835144042969,4196800
2016-04-07,103.33999633789062,103.97000122070312,103.02999877929688,103.5999984741211,74.906982421875,6220900
2016-04-08,103.98999786376953,105.25,103.9000015258789,105.08000183105469,75.9770736694336,6154500
2016-04-11,105.16000366210938,105.7699966430664,104.16000366210938,104.30000305175781,75.41312408447266,5354000
2016-04-12,104.16999816894531,105.12000274658203,104.12000274658203,104.91000366210938,75.85416412353516,3777200
2016-04-13,105.33999633789062,105.3499984741211,103.76000213623047,104.12000274658203,75.28295135498047,3802400
2016-04-14,102.7300033569336,104.08999633789062,102.70999908447266,103.16000366210938,74.5888442993164,5593300
2016-04-15,103.23999786376953,103.80999755859375,103.01000213623047,103.7699966430664,75.02986907958984,4553500
2016-04-18,104.16000366210938,104.58999633789062,103.5,103.72000122070312,74.99373626708984,7736900
2016-04-19,103.80999755859375,104.61000061035156,103.76000213623047,104.31999969482422,75.42755126953125,4996200
2016-04-20,104.2300033569336,104.3499984741211,102.38999938964844,102.44000244140625,74.0682601928711,4778000
2016-04-21,102.33999633789062,102.33999633789062,100.41999816894531,100.98999786376953,73.01984405517578,7145600
2016-04-22,101.16999816894531,102.05999755859375,100.94000244140625,101.9800033569336,73.73563385009766,5660200
2016-04-25,101.80000305175781,102.83000183105469,101.61000061035156,102.80000305175781,74.32853698730469,3501300
2016-04-26,103.19999694824219,103.4000015258789,102.19000244140625,102.5999984741211,74.18389129638672,3222900
2016-04-27,102.72000122070312,103.36000061035156,101.91000366210938,102.62999725341797,74.20562744140625,3730900
2016-04-28,102.16999816894531,103.1500015258789,102.16000366210938,102.97000122070312,74.45146179199219,4350200
2016-04-29,102.93000030517578,103.16999816894531,102.4000015258789,102.95999908447266,74.44425964355469,4604000
2016-05-02,102.73999786376953,103.87000274658203,102.63999938964844,103.43000030517578,74.7840805053711,3998100
2016-05-03,103.41000366210938,103.93000030517578,103.0,103.55999755859375,74.8780288696289,3945400
2016-05-04,103.51000213623047,104.44000244140625,103.12999725341797,104.0199966430664,75.21066284179688,3852600
2016-05-05,103.87000274658203,104.87999725341797,103.5999984741211,104.20999908447266,75.3480453491211,3401400
2016-05-06,103.68000030517578,104.97000122070312,103.68000030517578,104.95999908447266,75.89031219482422,3547700
2016-05-09,104.91999816894531,105.7300033569336,104.91000366210938,105.27999877929688,76.12166595458984,4432300
2016-05-10,105.43000030517578,106.62999725341797,105.33000183105469,106.56999969482422,77.05441284179688,3885500
2016-05-11,106.26000213623047,106.94000244140625,105.62999725341797,105.72000122070312,76.43983459472656,3424900
2016-05-12,106.12999725341797,106.4000015258789,105.58000183105469,106.0999984741211,76.71458435058594,3195200
2016-05-13,105.75,106.0999984741211,103.54000091552734,104.18000030517578,75.32633209228516,7811500
2016-05-16,103.9800033569336,104.6500015258789,103.62999725341797,104.12999725341797,75.29020690917969,4243200
2016-05-17,104.16999816894531,104.37999725341797,102.01000213623047,102.37000274658203,74.01763916015625,5443300
2016-05-18,101.94999694824219,102.0,100.2699966430664,100.91000366210938,72.96199798583984,6970100
2016-05-19,100.75,101.44000244140625,100.30000305175781,101.33000183105469,73.26568603515625,4722400
2016-05-20,101.70999908447266,101.79000091552734,100.0,100.0999984741211,72.3763198852539,5704000
2016-05-23,100.12000274658203,100.7699966430664,100.0,100.41999816894531,72.60771179199219,4185900
2016-05-24,100.91000366210938,101.37999725341797,100.69000244140625,101.08999633789062,73.09211730957031,3446300
2016-05-25,101.16999816894531,101.5999984741211,100.95999908447266,101.08999633789062,73.09211730957031,3223800
2016-05-26,101.19999694824219,101.95999908447266,101.01000213623047,101.9000015258789,73.67781066894531,4543100
2016-05-27,102.12999725341797,102.37999725341797,101.5999984741211,101.95999908447266,73.72118377685547,2877000
2016-05-31,102.13999938964844,102.37000274658203,100.81999969482422,101.16999816894531,73.14999389648438,6368700
2016-06-01,100.55999755859375,101.5999984741211,100.30000305175781,101.56999969482422,73.98991394042969,4741400
2016-06-02,101.33000183105469,102.01000213623047,101.16999816894531,102.0,74.30314636230469,3618200
2016-06-03,101.91999816894531,102.83000183105469,101.91999816894531,102.52999877929688,74.68922424316406,4511700
2016-06-06,102.54000091552734,103.05999755859375,102.2300033569336,102.69999694824219,74.81305694580078,2944200
2016-06-07,102.81999969482422,103.18000030517578,102.27999877929688,102.48999786376953,74.66009521484375,4078700
2016-06-08,102.36000061035156,103.3499984741211,102.16999816894531,103.18000030517578,75.16273498535156,2860800
2016-06-09,102.9000015258789,103.81999969482422,102.54000091552734,103.66000366210938,75.51239776611328,3552200
2016-06-10,103.25,103.48999786376953,102.77999877929688,103.30999755859375,75.2574234008789,3462400
2016-06-13,103.23999786376953,103.69000244140625,102.9800033569336,103.05999755859375,75.07530212402344,4368300
2016-06-14,102.5999984741211,103.29000091552734,101.73999786376953,103.2300033569336,75.19917297363281,4363600
2016-06-15,103.2699966430664,103.56999969482422,102.75,102.86000061035156,74.92962646484375,3434400
2016-06-16,102.51000213623047,103.93000030517578,102.51000213623047,103.8499984741211,75.65079498291016,3520900
2016-06-17,103.58999633789062,103.86000061035156,102.4000015258789,103.41000366210938,75.33031463623047,5577900
2016-06-20,104.06999969482422,104.68000030517578,103.3499984741211,103.37000274658203,75.30117797851562,3567000
2016-06-21,103.80999755859375,104.41000366210938,103.76000213623047,104.08000183105469,75.8183364868164,3214500
2016-06-22,104.08000183105469,104.48999786376953,103.62999725341797,103.73999786376953,75.57067108154297,3398900
2016-06-23,104.45999908447266,104.5,103.91000366210938,104.44000244140625,76.08058166503906,3068100
2016-06-24,102.48999786376953,103.44999694824219,101.80000305175781,101.9800033569336,74.28856658935547,8654800
2016-06-27,101.7699966430664,102.33999633789062,101.30000305175781,102.12999725341797,74.3978500366211,6381900
2016-06-28,102.16000366210938,102.33999633789062,101.5,102.13999938964844,74.40512084960938,5195100
2016-06-29,102.81999969482422,103.33000183105469,102.45999908447266,103.12000274658203,75.11903381347656,4898700
2016-06-30,103.75,106.0,103.52999877929688,105.94000244140625,77.17327880859375,7973200
2016-07-01,106.2300033569336,106.4000015258789,105.37999725341797,105.62999725341797,76.94743347167969,4115700
2016-07-05,105.66999816894531,106.9800033569336,105.62999725341797,106.41999816894531,77.52294921875,5365200
2016-07-06,106.58999633789062,106.7300033569336,105.62999725341797,105.91999816894531,77.15870666503906,6126500
2016-07-07,108.52999877929688,109.0,107.06999969482422,107.48999786376953,78.30240631103516,9912800
2016-07-08,108.04000091552734,108.5,107.31999969482422,108.2699966430664,78.87059020996094,6052800
2016-07-11,108.16000366210938,109.12999725341797,107.7699966430664,108.91000366210938,79.33679962158203,6446600
2016-07-12,108.41999816894531,109.11000061035156,108.37000274658203,108.79000091552734,79.24939727783203,4175800
2016-07-13,109.06999969482422,110.05999755859375,108.88999938964844,109.91000366210938,80.06527709960938,5232100
2016-07-14,109.83000183105469,110.94000244140625,109.76000213623047,109.95999908447266,80.10169982910156,4834300
2016-07-15,109.7699966430664,110.48999786376953,108.97000122070312,109.66000366210938,79.8831558227539,5230600
2016-07-18,109.66000366210938,109.69999694824219,108.83999633789062,109.20999908447266,79.55535888671875,3688700
2016-07-19,108.86000061035156,109.55999755859375,108.70999908447266,109.52999877929688,79.78846740722656,3987500
2016-07-20,109.86000061035156,109.91000366210938,108.68000030517578,108.91999816894531,79.34410095214844,3021800
2016-07-21,108.70999908447266,108.87000274658203,108.11000061035156,108.58000183105469,79.09645080566406,2765400
2016-07-22,108.77999877929688,109.41000366210938,108.77999877929688,109.19000244140625,79.54076385498047,2693100
2016-07-25,109.23999786376953,109.27999877929688,108.37999725341797,109.0199966430664,79.41695404052734,3053100
2016-07-26,109.0,109.2300033569336,108.02999877929688,108.19999694824219,78.81958770751953,3386100
2016-07-27,108.04000091552734,108.04000091552734,106.69000244140625,107.4800033569336,78.29511260986328,4724200
2016-07-28,107.55000305175781,108.37999725341797,107.16999816894531,108.12999725341797,78.76860809326172,3446500
2016-07-29,108.26000213623047,109.11000061035156,108.12000274658203,108.91999816894531,79.34410095214844,3995300
2016-08-01,108.72000122070312,109.08999633789062,108.33999633789062,108.93000030517578,79.35139465332031,3880700
2016-08-02,109.25,109.25,108.27999877929688,108.72000122070312,79.1983871459961,3431600
2016-08-03,108.93000030517578,108.9800033569336,107.68000030517578,108.04000091552734,78.70304107666016,3691900
2016-08-04,108.16999816894531,108.55000305175781,107.9800033569336,108.41999816894531,78.97987365722656,3226900
2016-08-05,108.73999786376953,109.36000061035156,108.37000274658203,108.66000366210938,79.15472412109375,3189400
2016-08-08,108.41999816894531,108.62000274658203,107.66999816894531,108.13999938964844,78.77588653564453,3304200
2016-08-09,108.25,108.75,108.05999755859375,108.27999877929688,78.87789154052734,2378200
2016-08-10,108.44999694824219,108.95999908447266,108.44999694824219,108.81999969482422,79.27124786376953,2189900
2016-08-11,109.01000213623047,109.18000030517578,108.44999694824219,108.4800033569336,79.0235824584961,2786800
2016-08-12,108.63999938964844,108.94000244140625,108.37000274658203,108.58999633789062,79.10369873046875,2563400
2016-08-15,108.70999908447266,108.98999786376953,108.63999938964844,108.72000122070312,79.1983871459961,2357800
2016-08-16,108.25,108.69000244140625,107.91000366210938,108.0,78.6739273071289,2677200
2016-08-17,107.94999694824219,108.52999877929688,107.5999984741211,108.47000122070312,79.01628112792969,2963900
2016-08-18,108.41000366210938,108.81999969482422,108.19999694824219,108.27999877929688,78.87789154052734,2373000
2016-08-19,108.04000091552734,108.26000213623047,107.54000091552734,108.16999816894531,78.79774475097656,2846600
2016-08-22,108.08000183105469,108.20999908447266,107.7699966430664,107.95999908447266,78.644775390625,2304600
2016-08-23,108.25,108.55000305175781,107.69999694824219,107.87999725341797,78.58648681640625,2473000
2016-08-24,107.81999969482422,108.29000091552734,107.55000305175781,108.11000061035156,78.75403594970703,3422600
2016-08-25,108.08999633789062,108.37999725341797,107.79000091552734,107.87999725341797,78.58648681640625,2129500
2016-08-26,107.91999816894531,108.5,107.33000183105469,107.44999694824219,78.27326202392578,2868900
2016-08-29,107.5,108.01000213623047,107.4000015258789,107.98999786376953,78.66663360595703,2576400
2016-08-30,107.91999816894531,108.05999755859375,107.02999877929688,107.20999908447266,78.09842681884766,3708100
2016-08-31,106.33999633789062,106.87999725341797,106.26000213623047,106.75,78.31336212158203,3995000
2016-09-01,106.45999908447266,107.33999633789062,106.29000091552734,107.29000091552734,78.70951843261719,3799000
2016-09-02,107.58000183105469,108.25,107.5,107.87000274658203,79.13501739501953,3671200
2016-09-06,107.79000091552734,108.12000274658203,107.4000015258789,107.91999816894531,79.17171478271484,2913300
2016-09-07,107.76000213623047,107.97000122070312,106.77999877929688,107.20999908447266,78.65084075927734,3260500
2016-09-08,107.0999984741211,107.33999633789062,106.48999786376953,106.87999725341797,78.40873718261719,3491400
2016-09-09,106.0199966430664,106.19000244140625,104.05000305175781,104.05000305175781,76.33264923095703,6134500
2016-09-12,104.30000305175781,106.22000122070312,104.30000305175781,106.0199966430664,77.77782440185547,4569400
2016-09-13,105.94000244140625,105.94999694824219,104.29000091552734,104.58999633789062,76.72874450683594,4597700
2016-09-14,104.81999969482422,105.63999938964844,104.5999984741211,105.05000305175781,77.06624603271484,4007800
2016-09-15,104.94999694824219,105.72000122070312,104.69999694824219,105.4800033569336,77.3816909790039,3598600
2016-09-16,105.0,105.5,104.58000183105469,105.27999877929688,77.23494720458984,4934100
2016-09-19,105.20999908447266,106.12000274658203,104.91999816894531,105.66999816894531,77.52107238769531,3439300
2016-09-20,106.0999984741211,106.70999908447266,105.95999908447266,106.30000305175781,77.98324584960938,3561700
2016-09-21,106.30000305175781,107.37000274658203,105.87999725341797,107.12999725341797,78.59217071533203,3913900
2016-09-22,107.48999786376953,107.94000244140625,107.30999755859375,107.81999969482422,79.09837341308594,3869400
2016-09-23,107.68000030517578,107.98999786376953,107.04000091552734,107.33999633789062,78.74620819091797,3235900
2016-09-26,107.23999786376953,107.37999725341797,106.87000274658203,107.02999877929688,78.51879119873047,4440400
2016-09-27,107.37000274658203,107.87000274658203,106.7300033569336,107.48999786376953,78.85625457763672,3779300
2016-09-28,107.91000366210938,107.91000366210938,106.86000061035156,107.37999725341797,78.7755355834961,5030500
2016-09-29,109.5,109.70999908447266,107.70999908447266,107.76000213623047,79.05430603027344,7249100
2016-09-30,108.37000274658203,109.23999786376953,108.37000274658203,108.7699966430664,79.79527282714844,7173300
2016-10-03,108.7699966430664,108.83000183105469,107.47000122070312,108.25,79.41380310058594,4566000
2016-10-04,108.30999755859375,108.37000274658203,106.58000183105469,107.0999984741211,78.57013702392578,5830100
2016-10-05,107.23999786376953,107.48999786376953,105.69000244140625,106.01000213623047,77.7705078125,6297000
2016-10-06,105.7300033569336,106.52999877929688,105.45999908447266,106.4000015258789,78.05661010742188,4886000
2016-10-07,106.76000213623047,106.91999816894531,105.6500015258789,105.98999786376953,77.75582122802734,4398400
2016-10-10,106.44999694824219,106.62000274658203,105.81999969482422,106.22000122070312,77.924560546875,3119300
2016-10-11,106.12000274658203,106.20999908447266,105.0,105.56999969482422,77.44770050048828,3814400
2016-10-12,105.87000274658203,106.16000366210938,105.5,106.08000183105469,77.82186889648438,3419800
2016-10-13,105.8499984741211,106.16999816894531,105.29000091552734,105.91999816894531,77.70447540283203,3582600
2016-10-14,106.06999969482422,107.05999755859375,105.77999877929688,106.83000183105469,78.37207794189453,4788600
2016-10-17,106.83000183105469,107.06999969482422,106.55999755859375,106.8499984741211,78.38673400878906,4104400
2016-10-18,107.44999694824219,108.18000030517578,106.94000244140625,106.94999694824219,78.4601058959961,3850000
2016-10-19,106.80999755859375,107.01000213623047,106.08000183105469,106.26000213623047,77.95392608642578,4330600
2016-10-20,106.11000061035156,106.31999969482422,105.58000183105469,105.87000274658203,77.66777038574219,3751600
2016-10-21,106.01000213623047,106.01000213623047,105.2699966430664,105.62000274658203,77.48438262939453,3615400
2016-10-24,106.12000274658203,107.9000015258789,106.12000274658203,107.30999755859375,78.72418975830078,5126000
2016-10-25,107.38999938964844,107.62999725341797,106.80999755859375,107.2300033569336,78.66552734375,3756300
2016-10-26,107.48999786376953,107.94999694824219,106.94999694824219,107.06999969482422,78.54814147949219,3440700
2016-10-27,107.27999877929688,107.54000091552734,106.30000305175781,106.62999725341797,78.22534942626953,4205300
2016-10-28,106.9000015258789,107.52999877929688,106.5199966430664,107.06999969482422,78.54814147949219,3378900
2016-10-31,107.02999877929688,107.43000030517578,106.91999816894531,107.19999694824219,78.64348602294922,3141700
2016-11-01,107.13999938964844,107.30000305175781,106.12000274658203,106.70999908447266,78.28402709960938,4289600
2016-11-02,106.68000030517578,107.44000244140625,106.61000061035156,106.70999908447266,78.28402709960938,3679200
2016-11-03,107.06999969482422,107.13999938964844,106.5199966430664,106.62999725341797,78.22534942626953,3447700
2016-11-04,106.55999755859375,106.97000122070312,105.80999755859375,105.80999755859375,77.62376403808594,2897600
2016-11-07,106.66000366210938,107.19999694824219,106.37999725341797,106.95999908447266,78.46742248535156,5469100
2016-11-08,106.97000122070312,108.93000030517578,106.97000122070312,108.72000122070312,79.75859069824219,4671000
2016-11-09,106.44999694824219,107.3499984741211,105.0,107.25,78.68016815185547,6515800
2016-11-10,106.88999938964844,106.88999938964844,102.4000015258789,103.25,75.7457275390625,9095200
2016-11-11,103.0,103.7699966430664,102.56999969482422,103.19000244140625,75.70169067382812,5888400
2016-11-14,102.86000061035156,103.33999633789062,100.44999694824219,101.38999938964844,74.3812026977539,7248800
2016-11-15,101.4000015258789,102.05000305175781,100.81999969482422,101.8499984741211,74.7186508178711,5672300
2016-11-16,102.36000061035156,102.9000015258789,101.47000122070312,101.70999908447266,74.615966796875,3962900
2016-11-17,101.80999755859375,101.93000030517578,101.18000030517578,101.62000274658203,74.54994201660156,4212600
2016-11-18,101.4000015258789,101.80000305175781,101.18000030517578,101.30999755859375,74.32251739501953,4919200
2016-11-21,101.30999755859375,102.31999969482422,101.30999755859375,102.26000213623047,75.01945495605469,3870800
2016-11-22,102.52999877929688,103.0,102.44000244140625,102.88999938964844,75.48163604736328,4540300
2016-11-23,102.5199966430664,102.88999938964844,101.45999908447266,101.52999877929688,74.48390197753906,4658400
2016-11-25,102.0,102.91000366210938,101.73999786376953,102.16999816894531,74.95340728759766,3644900
2016-11-28,102.2699966430664,103.25,101.9000015258789,102.79000091552734,75.40825653076172,5556900
2016-11-29,102.79000091552734,103.05000305175781,102.30000305175781,102.54000091552734,75.224853515625,3886800
2016-11-30,101.51000213623047,101.91999816894531,100.0999984741211,100.0999984741211,73.97809600830078,8123500
2016-12-01,99.88999938964844,100.05000305175781,98.5,99.02999877929688,73.18732452392578,7123000
2016-12-02,99.4000015258789,100.63999938964844,99.4000015258789,100.5999984741211,74.34762573242188,4594600
2016-12-05,100.62000274658203,100.91000366210938,100.12000274658203,100.70999908447266,74.42890167236328,3961800
2016-12-06,101.08000183105469,101.61000061035156,100.80999755859375,101.55000305175781,75.04969787597656,4828400
2016-12-07,101.16000366210938,102.93000030517578,101.16000366210938,102.80999755859375,75.98088073730469,4873400
2016-12-08,102.13999938964844,102.61000061035156,102.0,102.1500015258789,75.4931411743164,3993900
2016-12-09,102.2300033569336,104.05000305175781,102.04000091552734,103.56999969482422,76.54257202148438,5040200
2016-12-12,103.81999969482422,104.87000274658203,103.66999816894531,104.72000122070312,77.39247131347656,4858400
2016-12-13,104.80999755859375,106.01000213623047,104.68000030517578,105.62999725341797,78.06500244140625,4508600
2016-12-14,105.87999725341797,106.52999877929688,104.20999908447266,104.47000122070312,77.20770263671875,5007500
2016-12-15,104.2300033569336,105.56999969482422,104.2300033569336,105.30000305175781,77.82111358642578,4179400
2016-12-16,105.55000305175781,105.91999816894531,105.12999725341797,105.87000274658203,78.24235534667969,7499300
2016-12-19,105.45999908447266,105.87000274658203,105.12999725341797,105.41000366210938,77.90242767333984,3683800
2016-12-20,104.88999938964844,105.04000091552734,104.37000274658203,104.9000015258789,77.52549743652344,4903400
2016-12-21,104.81999969482422,105.69000244140625,104.69000244140625,104.69999694824219,77.37767028808594,3245200
2016-12-22,104.55000305175781,105.44999694824219,104.25,105.3499984741211,77.85806274414062,2605000
2016-12-23,104.97000122070312,105.25,104.62999725341797,105.08999633789062,77.6658935546875,1769300
2016-12-27,105.08999633789062,105.31999969482422,104.98999786376953,105.12999725341797,77.69547271728516,1505000
2016-12-28,104.87000274658203,105.0999984741211,104.5199966430664,104.62000274658203,77.31856536865234,1878600
2016-12-29,104.5,105.0999984741211,104.4800033569336,104.98999786376953,77.59201049804688,2438100
2016-12-30,104.70999908447266,105.1500015258789,104.33000183105469,104.62999725341797,77.3259506225586,3484000
2017-01-03,104.94000244140625,105.08999633789062,104.20999908447266,104.6500015258789,77.34074401855469,3741200
2017-01-04,105.11000061035156,105.62999725341797,104.79000091552734,104.8499984741211,77.48853302001953,3029700
2017-01-05,104.5199966430664,105.12000274658203,104.19000244140625,104.70999908447266,77.38507080078125,5087200
2017-01-06,104.9800033569336,105.16000366210938,104.12000274658203,104.55999755859375,77.27420806884766,4109700
2017-01-09,104.16000366210938,104.26000213623047,103.25,103.45999908447266,76.46127319335938,5603500
2017-01-10,103.31999969482422,103.31999969482422,101.75,101.97000122070312,75.360107421875,5399200
2017-01-11,101.83999633789062,102.36000061035156,101.41000366210938,101.80999755859375,75.24185180664062,4650300
2017-01-12,101.70999908447266,102.5199966430664,101.58000183105469,101.83999633789062,75.2640151977539,3126000
2017-01-13,101.87999725341797,102.11000061035156,101.22000122070312,101.55000305175781,75.04969787597656,3478600
2017-01-17,101.06999969482422,102.31999969482422,101.05999755859375,102.19000244140625,75.522705078125,3745800
2017-01-18,102.4000015258789,103.0,102.31999969482422,102.73999786376953,75.92916870117188,4340400
2017-01-19,102.27999877929688,103.0,102.16999816894531,102.36000061035156,75.6483383178711,3923100
2017-01-20,102.79000091552734,103.31999969482422,102.44000244140625,103.23999786376953,76.2986831665039,4750800
2017-01-23,102.9000015258789,104.22000122070312,102.83000183105469,104.01000213623047,76.86776733398438,4584800
2017-01-24,104.0,104.93000030517578,103.77999877929688,104.70999908447266,77.38507080078125,4992300
2017-01-25,104.70999908447266,105.19000244140625,104.54000091552734,104.61000061035156,77.31117248535156,3566100
2017-01-26,104.51000213623047,104.7300033569336,104.06999969482422,104.13999938964844,76.96382141113281,3634600
2017-01-27,104.37999725341797,104.41000366210938,103.43000030517578,103.4800033569336,76.47608184814453,4248200
2017-01-30,103.01000213623047,103.72000122070312,103.0,103.69000244140625,76.6312484741211,3462600
2017-01-31,103.20999908447266,104.16999816894531,103.20999908447266,103.77999877929688,76.69779205322266,3846600
2017-02-01,103.61000061035156,103.77999877929688,102.9800033569336,103.01000213623047,76.12871551513672,3515600
2017-02-02,103.76000213623047,104.38999938964844,103.29000091552734,104.02999877929688,76.88252258300781,3213700
2017-02-03,104.44000244140625,105.7699966430664,104.05999755859375,105.11000061035156,77.68069458007812,4287100
2017-02-06,105.0999984741211,105.23999786376953,104.52999877929688,104.56999969482422,77.28160095214844,4355200
2017-02-07,104.62999725341797,105.9000015258789,104.62999725341797,105.61000061035156,78.05022430419922,3980400
2017-02-08,105.5,106.2300033569336,105.25,105.69000244140625,78.10933685302734,3407100
2017-02-09,105.69000244140625,106.48999786376953,105.0199966430664,105.97000122070312,78.3162841796875,4012400
2017-02-10,105.83000183105469,106.3499984741211,105.58999633789062,106.0999984741211,78.412353515625,2475500
2017-02-13,106.5,106.69000244140625,105.87999725341797,106.5199966430664,78.7227554321289,3463700
2017-02-14,106.16999816894531,107.0,105.66999816894531,106.91999816894531,79.01834869384766,5665000
2017-02-15,105.3499984741211,107.25,104.7699966430664,106.7300033569336,78.8779525756836,7617200
2017-02-16,107.1500015258789,108.18000030517578,106.31999969482422,108.12000274658203,79.90522003173828,5559900
2017-02-17,107.29000091552734,108.30000305175781,107.20999908447266,108.1500015258789,79.9273681640625,5498400
2017-02-21,108.06999969482422,109.5,107.94999694824219,109.36000061035156,80.82160949707031,5370700
2017-02-22,109.37000274658203,109.77999877929688,109.16999816894531,109.41000366210938,80.85858917236328,3815300
2017-02-23,109.12000274658203,110.0,109.12000274658203,109.54000091552734,80.95465087890625,3382700
2017-02-24,109.5,109.91999816894531,109.33000183105469,109.83000183105469,81.1689682006836,3991800
2017-02-27,109.69000244140625,109.87999725341797,109.2300033569336,109.2699966430664,80.75508880615234,3475100
2017-02-28,109.05000305175781,110.5999984741211,109.05000305175781,110.37999725341797,81.57543182373047,4684700
2017-03-01,109.5999984741211,110.31999969482422,109.16999816894531,109.7300033569336,81.65209197998047,4750700
2017-03-02,109.80999755859375,110.31999969482422,109.43000030517578,110.11000061035156,81.93486022949219,3880800
2017-03-03,110.0999984741211,110.66999816894531,109.6500015258789,110.55999755859375,82.26970672607422,4111300
2017-03-06,109.80000305175781,110.19000244140625,109.43000030517578,109.62999725341797,81.57766723632812,4491000
2017-03-07,109.16000366210938,109.7699966430664,109.0,109.31999969482422,81.34699249267578,4361100
2017-03-08,109.16999816894531,109.33000183105469,108.47000122070312,109.30000305175781,81.33209991455078,5244500
2017-03-09,109.5999984741211,109.61000061035156,108.91000366210938,109.0199966430664,81.12374114990234,4066900
2017-03-10,109.58000183105469,109.70999908447266,109.27999877929688,109.58999633789062,81.54790496826172,3488900
2017-03-13,109.31999969482422,109.80000305175781,109.02999877929688,109.41000366210938,81.41398620605469,3131200
2017-03-14,109.27999877929688,109.7300033569336,109.12000274658203,109.33999633789062,81.36188507080078,3630000
2017-03-15,109.55999755859375,111.2300033569336,109.5,111.11000061035156,82.67898559570312,4973400
2017-03-16,111.08999633789062,111.19999694824219,110.52999877929688,111.13999938964844,82.70128631591797,4580700
2017-03-17,111.4800033569336,111.5199966430664,110.93000030517578,111.38999938964844,82.8873291015625,6444400
2017-03-20,111.1500015258789,111.44000244140625,110.80999755859375,111.1500015258789,82.708740234375,3382100
2017-03-21,111.54000091552734,112.30999755859375,111.47000122070312,111.7699966430664,83.17008209228516,5587700
2017-03-22,112.30999755859375,112.37999725341797,111.56999969482422,112.0199966430664,83.35612487792969,3882200
2017-03-23,111.94999694824219,112.33000183105469,111.66999816894531,111.77999877929688,83.17752075195312,3208400
2017-03-24,111.9800033569336,112.25,111.79000091552734,112.12000274658203,83.43052673339844,3913200
2017-03-27,111.87000274658203,112.29000091552734,111.56999969482422,111.83000183105469,83.21472930908203,3514600
2017-03-28,111.80999755859375,112.76000213623047,111.63999938964844,112.44999694824219,83.67607879638672,3945400
2017-03-29,112.05999755859375,112.54000091552734,111.97000122070312,112.43000030517578,83.66120910644531,2683700
2017-03-30,112.29000091552734,112.55000305175781,112.0,112.18000030517578,83.4751968383789,2104900
2017-03-31,112.30999755859375,112.47000122070312,111.83000183105469,111.86000061035156,83.23702239990234,3744400
2017-04-03,111.94999694824219,112.36000061035156,111.45999908447266,111.86000061035156,83.23702239990234,3587100
2017-04-04,111.98999786376953,112.22000122070312,111.62999725341797,112.08000183105469,83.4007797241211,2360700
2017-04-05,112.04000091552734,112.58999633789062,111.69000244140625,111.94000244140625,83.29659271240234,2992000
2017-04-06,112.12000274658203,112.27999877929688,111.41999816894531,111.58000183105469,83.02871704101562,2740600
2017-04-07,111.69999694824219,111.95999908447266,111.44000244140625,111.61000061035156,83.051025390625,2799600
2017-04-10,111.69999694824219,112.1500015258789,111.41000366210938,112.0199966430664,83.35612487792969,2873200
2017-04-11,111.70999908447266,112.08000183105469,111.3499984741211,111.7300033569336,83.14033508300781,3031500
2017-04-12,112.05000305175781,113.7699966430664,111.9000015258789,113.61000061035156,84.53926849365234,6260300
2017-04-13,113.25,113.37999725341797,112.6500015258789,112.68000030517578,83.84725189208984,3257300
2017-04-17,112.73999786376953,113.31999969482422,112.68000030517578,113.31999969482422,84.32347106933594,2917700
2017-04-18,113.44000244140625,114.61000061035156,113.4000015258789,114.27999877929688,85.03781127929688,4574200
2017-04-19,114.41999816894531,114.48999786376953,113.4800033569336,113.62000274658203,84.5467300415039,3044700
2017-04-20,113.5199966430664,113.97000122070312,113.38999938964844,113.58999633789062,84.5244140625,2973000
2017-04-21,113.55000305175781,113.80000305175781,113.2699966430664,113.43000030517578,84.40531158447266,3885300
2017-04-24,114.36000061035156,114.4800033569336,113.91000366210938,114.31999969482422,85.06759643554688,3221500
2017-04-25,114.20999908447266,114.56999969482422,114.0,114.16000366210938,84.94853973388672,3643600
2017-04-26,111.75,113.76000213623047,111.33999633789062,113.33000183105469,84.3309326171875,5343900
2017-04-27,113.0999984741211,113.44000244140625,112.51000213623047,112.63999938964844,83.81747436523438,4096200
2017-04-28,112.33999633789062,113.43000030517578,112.19000244140625,113.27999877929688,84.29370880126953,4872000
2017-05-01,112.93000030517578,113.11000061035156,112.2699966430664,112.27999877929688,83.54959869384766,4074300
2017-05-02,112.75,112.88999938964844,112.06999969482422,112.29000091552734,83.55704498291016,3082400
2017-05-03,112.38999938964844,112.70999908447266,111.69999694824219,111.79000091552734,83.1849594116211,3342600
2017-05-04,112.16999816894531,113.0,111.80999755859375,112.95999908447266,84.05559539794922,3488800
2017-05-05,113.04000091552734,113.27999877929688,112.73999786376953,113.22000122070312,84.24903869628906,3046100
2017-05-08,113.19999694824219,113.43000030517578,112.77999877929688,113.22000122070312,84.24903869628906,3097200
2017-05-09,113.23999786376953,113.41000366210938,112.55000305175781,112.72000122070312,83.87701416015625,2708200
2017-05-10,112.69999694824219,112.87000274658203,112.4800033569336,112.83999633789062,83.9662857055664,2160100
2017-05-11,112.63999938964844,113.08999633789062,112.52999877929688,113.04000091552734,84.11514282226562,2277200
2017-05-12,112.93000030517578,113.30000305175781,112.72000122070312,112.91000366210938,84.01837158203125,2383500
2017-05-15,112.9000015258789,114.0,112.7699966430664,113.94000244140625,84.78483581542969,3500300
2017-05-16,114.05999755859375,114.66000366210938,113.58999633789062,113.79000091552734,84.6732177734375,2444300
2017-05-17,113.79000091552734,114.29000091552734,113.31999969482422,113.73999786376953,84.63597869873047,2999300
2017-05-18,113.77999877929688,114.27999877929688,113.29000091552734,114.02999877929688,84.85179901123047,3439500
2017-05-19,114.16999816894531,114.5,113.45999908447266,113.69000244140625,84.59879302978516,5750100
2017-05-22,113.69000244140625,115.0,113.69000244140625,114.69999694824219,85.3503646850586,3324000
2017-05-23,114.70999908447266,115.44000244140625,114.70999908447266,115.05000305175781,85.61080932617188,3261300
2017-05-24,115.30999755859375,116.33000183105469,115.12000274658203,116.05999755859375,86.36236572265625,2816000
2017-05-25,116.36000061035156,117.68000030517578,116.1500015258789,117.52999877929688,87.4561996459961,3596200
2017-05-26,117.25,118.0,117.19999694824219,117.91000366210938,87.73898315429688,3104800
2017-05-30,117.73999786376953,118.12000274658203,117.5,118.01000213623047,87.81338500976562,3231600
2017-05-31,116.91000366210938,117.94000244140625,116.87000274658203,116.87000274658203,87.5624008178711,5232900
2017-06-01,116.80000305175781,117.26000213623047,116.05999755859375,117.2300033569336,87.83210754394531,4404900
2017-06-02,117.45999908447266,117.69999694824219,117.04000091552734,117.66999816894531,88.16177368164062,3162900
2017-06-05,117.38999938964844,117.97000122070312,117.05000305175781,117.87999725341797,88.31912231445312,2968800
2017-06-06,117.77999877929688,117.94000244140625,117.45999908447266,117.69999694824219,88.18427276611328,2643200
2017-06-07,117.16999816894531,117.56999969482422,116.81999969482422,117.05000305175781,87.69723510742188,3681100
2017-06-08,117.05000305175781,117.08000183105469,115.58999633789062,115.88999938964844,86.82816314697266,3956700
2017-06-09,115.66000366210938,116.12999725341797,115.36000061035156,115.94000244140625,86.86561584472656,3197700
2017-06-12,115.94000244140625,116.62000274658203,115.94000244140625,116.2300033569336,87.08285522460938,3492100
2017-06-13,115.47000122070312,116.58999633789062,115.47000122070312,116.31999969482422,87.15031433105469,2760000
2017-06-14,116.91000366210938,118.05999755859375,116.83000183105469,117.37000274658203,87.9369888305664,3597200
2017-06-15,117.0,117.4800033569336,116.51000213623047,117.20999908447266,87.817138671875,3372700
2017-06-16,117.37000274658203,117.4000015258789,116.30000305175781,116.86000061035156,87.5549087524414,5156200
2017-06-19,117.0199966430664,117.29000091552734,116.2300033569336,117.29000091552734,87.8770751953125,2436600
2017-06-20,117.29000091552734,118.13999938964844,117.18000030517578,117.94999694824219,88.3715591430664,3703500
2017-06-21,117.77999877929688,118.23999786376953,117.23999786376953,117.41999816894531,87.9744644165039,3767100
2017-06-22,117.33000183105469,117.41000366210938,116.05000305175781,116.1500015258789,87.02294921875,3288100
2017-06-23,116.20999908447266,117.37000274658203,116.08999633789062,116.95999908447266,87.62981414794922,3453400
2017-06-26,117.41999816894531,117.83000183105469,117.05999755859375,117.12000274658203,87.74970245361328,2704000
2017-06-27,117.23999786376953,117.37999725341797,115.94000244140625,115.94000244140625,86.86561584472656,2884300
2017-06-28,116.5199966430664,116.87000274658203,116.19999694824219,116.37999725341797,87.19528198242188,3110600
2017-06-29,116.06999969482422,116.19999694824219,114.88999938964844,115.18000030517578,86.29620361328125,3474400
2017-06-30,115.52999877929688,116.11000061035156,115.30000305175781,115.48999786376953,86.5284652709961,3313300
2017-07-03,115.55000305175781,116.0,115.33999633789062,115.44000244140625,86.49098205566406,2250800
2017-07-05,115.5,115.55000305175781,114.87999725341797,115.30000305175781,86.38609313964844,4023100
2017-07-06,114.97000122070312,115.41999816894531,114.8499984741211,115.12999725341797,86.25873565673828,4007000
2017-07-07,115.41000366210938,115.66000366210938,114.83000183105469,115.51000213623047,86.5434341430664,3972500
2017-07-10,115.91999816894531,116.0,114.19999694824219,114.2699966430664,85.61439514160156,5771200
2017-07-11,113.33999633789062,113.9800033569336,112.25,113.73999786376953,85.2173080444336,6368500
2017-07-12,114.48999786376953,114.9800033569336,114.27999877929688,114.7699966430664,85.98902130126953,3885200
2017-07-13,114.94999694824219,115.04000091552734,113.91999816894531,114.0199966430664,85.42707824707031,3089400
2017-07-14,114.26000213623047,115.12000274658203,114.25,114.93000030517578,86.10888671875,2956400
2017-07-17,114.94000244140625,115.16000366210938,114.83999633789062,114.93000030517578,86.10888671875,2481300
2017-07-18,114.8499984741211,115.1500015258789,114.38999938964844,115.01000213623047,86.16883850097656,2694800
2017-07-19,115.01000213623047,115.3499984741211,114.62999725341797,115.33999633789062,86.41606140136719,2578200
2017-07-20,115.33999633789062,116.05999755859375,115.11000061035156,115.51000213623047,86.5434341430664,3518100
2017-07-21,115.77999877929688,116.66999816894531,115.37999725341797,116.62999725341797,87.3825912475586,3476400
2017-07-24,116.5,116.66999816894531,116.08999633789062,116.12999725341797,87.00797271728516,3681300
2017-07-25,116.62999725341797,116.77999877929688,116.13999938964844,116.44999694824219,87.24771881103516,3075100
2017-07-26,116.30000305175781,117.41999816894531,116.1500015258789,117.19000244140625,87.80217742919922,3305600
2017-07-27,117.33000183105469,118.05999755859375,116.62000274658203,117.33999633789062,87.91452026367188,2954800
2017-07-28,117.30999755859375,117.47000122070312,116.19999694824219,116.61000061035156,87.36759948730469,3276300
2017-07-31,116.52999877929688,116.86000061035156,116.18000030517578,116.61000061035156,87.36759948730469,3098600
2017-08-01,116.69000244140625,116.77999877929688,115.9000015258789,115.91999816894531,86.85063171386719,2946100
2017-08-02,115.7300033569336,115.9800033569336,115.13999938964844,115.61000061035156,86.61837005615234,2626400
2017-08-03,115.7300033569336,116.66000366210938,115.68000030517578,116.30000305175781,87.13533020019531,2986200
2017-08-04,116.31999969482422,116.48999786376953,115.87000274658203,116.37000274658203,87.18777465820312,2955200
2017-08-07,116.44999694824219,117.22000122070312,116.37999725341797,116.95999908447266,87.62981414794922,2569600
2017-08-08,116.80000305175781,116.94999694824219,116.37000274658203,116.70999908447266,87.44251251220703,2412600
2017-08-09,116.48999786376953,116.69999694824219,115.95999908447266,116.62999725341797,87.3825912475586,2513800
2017-08-10,116.3499984741211,116.83999633789062,116.08000183105469,116.37999725341797,87.19528198242188,2236000
2017-08-11,116.75,117.25,116.3499984741211,116.51000213623047,87.29266357421875,2759700
2017-08-14,117.36000061035156,118.18000030517578,117.01000213623047,117.83999633789062,88.28915405273438,3191700
2017-08-15,117.87999725341797,119.1500015258789,117.8499984741211,118.97000122070312,89.13578033447266,2749800
2017-08-16,118.95999908447266,119.36000061035156,118.81999969482422,119.0999984741211,89.2331771850586,2373900
2017-08-17,119.0,119.38999938964844,118.25,118.38999938964844,88.70121002197266,3096900
2017-08-18,118.29000091552734,118.43000030517578,117.4000015258789,117.5999984741211,88.10933685302734,3776500
2017-08-21,117.80000305175781,118.45999908447266,117.55000305175781,118.26000213623047,88.60382080078125,2119500
2017-08-22,118.25,118.69999694824219,117.6500015258789,117.91999816894531,88.34909057617188,2313700
2017-08-23,117.9000015258789,118.12000274658203,117.2300033569336,117.29000091552734,87.8770751953125,2616300
2017-08-24,117.26000213623047,117.30000305175781,116.02999877929688,116.22000122070312,87.07540893554688,4760000
2017-08-25,116.73999786376953,116.9000015258789,115.80000305175781,115.8499984741211,86.79817962646484,3442500
2017-08-28,116.12000274658203,116.29000091552734,115.08000183105469,115.54000091552734,86.56593322753906,2932700
2017-08-29,115.55000305175781,116.0999984741211,115.51000213623047,115.83999633789062,86.7906723022461,2348700
2017-08-30,115.12999725341797,115.41999816894531,114.91000366210938,115.1500015258789,86.87744140625,2491800
2017-08-31,115.23999786376953,115.83999633789062,114.93000030517578,115.7300033569336,87.31507110595703,4709500
2017-09-01,115.37999725341797,116.08999633789062,115.1500015258789,115.83999633789062,87.39802551269531,2591900
2017-09-05,115.94999694824219,116.05999755859375,115.41000366210938,115.87000274658203,87.42066955566406,2711400
2017-09-06,116.16999816894531,116.47000122070312,115.63999938964844,116.3499984741211,87.7828369140625,2617500
2017-09-07,116.6500015258789,117.29000091552734,116.38999938964844,116.98999786376953,88.26567077636719,2623800
2017-09-08,116.4000015258789,116.4800033569336,114.56999969482422,115.04000091552734,86.7944564819336,4818300
2017-09-11,115.08000183105469,115.88999938964844,114.76000213623047,115.69000244140625,87.28485107421875,3247900
2017-09-12,115.69000244140625,115.94999694824219,114.86000061035156,115.0,86.76427459716797,2998500
2017-09-13,114.87000274658203,115.16999816894531,114.0,114.44999694824219,86.34931945800781,5141500
2017-09-14,114.44000244140625,114.55000305175781,113.69999694824219,114.19000244140625,86.15316772460938,3456900
2017-09-15,114.73999786376953,114.9800033569336,114.11000061035156,114.8499984741211,86.65111541748047,5543000
2017-09-18,115.16999816894531,115.2300033569336,114.68000030517578,114.98999786376953,86.7567367553711,2441200
2017-09-19,115.05999755859375,115.12000274658203,114.36000061035156,114.48999786376953,86.3794937133789,2568300
2017-09-20,114.33999633789062,114.6500015258789,112.73999786376953,113.58000183105469,85.69292449951172,4059800
2017-09-21,113.20999908447266,113.81999969482422,112.54000091552734,112.80000305175781,85.1044692993164,3630900
2017-09-22,112.55999755859375,112.87000274658203,111.80999755859375,111.8499984741211,84.3877182006836,3746300
2017-09-25,112.04000091552734,112.13999938964844,111.41999816894531,111.94000244140625,84.45559692382812,3885000
2017-09-26,112.2300033569336,112.30000305175781,111.7300033569336,111.80999755859375,84.35753631591797,2953800
2017-09-27,111.72000122070312,111.87999725341797,110.33999633789062,111.0999984741211,83.82183837890625,4016200
2017-09-28,111.37000274658203,112.7300033569336,111.19000244140625,111.63999938964844,84.2292709350586,11581100
2017-09-29,111.87000274658203,112.02999877929688,111.20999908447266,111.43000030517578,84.07081604003906,5122300
2017-10-02,109.91000366210938,110.5199966430664,108.95999908447266,109.12000274658203,82.32799530029297,8306400
2017-10-03,109.41999816894531,109.6500015258789,108.88999938964844,109.12999725341797,82.33553314208984,6064400
2017-10-04,106.94000244140625,110.16000366210938,106.19000244140625,109.33999633789062,82.49397277832031,9092400
2017-10-05,109.66000366210938,110.98999786376953,109.55000305175781,110.44999694824219,83.33143615722656,5670400
2017-10-06,110.16999816894531,110.66999816894531,109.91999816894531,110.4000015258789,83.29371643066406,3240300
2017-10-09,110.58999633789062,110.93000030517578,109.79000091552734,110.01000213623047,82.99944305419922,1977800
2017-10-10,110.27999877929688,110.86000061035156,110.27999877929688,110.77999877929688,83.5804214477539,3032300
2017-10-11,110.9000015258789,111.80999755859375,110.7699966430664,111.51000213623047,84.13117218017578,4051100
2017-10-12,111.51000213623047,112.51000213623047,111.37999725341797,112.44999694824219,84.84037780761719,3287200
2017-10-13,112.7300033569336,112.9800033569336,112.18000030517578,112.62000274658203,84.96863555908203,3090500
2017-10-16,112.93000030517578,113.62999725341797,112.69000244140625,113.56999969482422,85.68538665771484,2675900
2017-10-17,113.22000122070312,113.55999755859375,111.66000366210938,112.19000244140625,84.64420318603516,3825200
2017-10-18,111.94999694824219,112.44000244140625,111.77999877929688,111.94999694824219,84.46315002441406,2590500
2017-10-19,111.62000274658203,112.79000091552734,111.5999984741211,112.66999816894531,85.0063705444336,2673700
2017-10-20,113.01000213623047,113.0199966430664,111.37999725341797,111.61000061035156,84.20662689208984,3772300
2017-10-23,111.63999938964844,112.44999694824219,111.4000015258789,111.69000244140625,84.2669906616211,2263200
2017-10-24,111.83999633789062,111.87000274658203,110.27999877929688,110.75,83.55778503417969,3351100
2017-10-25,110.43000030517578,110.52999877929688,109.18000030517578,110.06999969482422,83.04473114013672,3836900
2017-10-26,110.66999816894531,111.23999786376953,110.41000366210938,110.7300033569336,83.54267883300781,2865000
2017-10-27,110.41000366210938,110.8499984741211,109.93000030517578,110.5999984741211,83.44462585449219,3343200
2017-10-30,110.36000061035156,110.37000274658203,109.36000061035156,109.6500015258789,82.7278823852539,2206100
2017-10-31,110.23999786376953,110.7699966430664,109.94999694824219,110.2300033569336,83.16545104980469,4379400
2017-11-01,109.76000213623047,110.68000030517578,109.61000061035156,110.12999725341797,83.09001159667969,2822400
2017-11-02,109.91000366210938,110.18000030517578,109.54000091552734,110.05000305175781,83.0296401977539,2169800
2017-11-03,110.13999938964844,110.6500015258789,110.0,110.22000122070312,83.15792083740234,1725700
2017-11-06,109.97000122070312,110.0,109.19000244140625,109.26000213623047,82.4336166381836,3331800
2017-11-07,109.1500015258789,110.58000183105469,109.1500015258789,110.47000122070312,83.34651947021484,3882000
2017-11-08,110.56999969482422,112.04000091552734,110.5,112.0,84.50086975097656,3685300
2017-11-09,111.3499984741211,112.44000244140625,111.0199966430664,111.4800033569336,84.10855102539062,2856900
2017-11-10,111.44000244140625,112.9800033569336,111.30999755859375,112.75,85.06671142578125,3699500
2017-11-13,112.69000244140625,114.19000244140625,112.63999938964844,114.04000091552734,86.03999328613281,3194500
2017-11-14,113.69000244140625,116.19000244140625,113.58999633789062,115.76000213623047,87.3376693725586,4998900
2017-11-15,115.6500015258789,115.93000030517578,114.30999755859375,115.0999984741211,86.8397445678711,3861500
2017-11-16,115.38999938964844,115.83999633789062,114.94000244140625,115.2300033569336,86.93779754638672,3058100
2017-11-17,114.7300033569336,115.13999938964844,114.52999877929688,114.68000030517578,86.5228500366211,2646400
2017-11-20,114.75,115.8499984741211,114.70999908447266,114.91000366210938,86.69638061523438,3594300
2017-11-21,114.98999786376953,116.33000183105469,114.97000122070312,116.05000305175781,87.55648040771484,3179300
2017-11-22,115.7699966430664,116.0,114.27999877929688,115.08000183105469,86.82463073730469,3598500
2017-11-24,115.6500015258789,116.30000305175781,115.43000030517578,115.9000015258789,87.44329833984375,1183000
2017-11-27,116.0,116.4000015258789,115.66000366210938,115.8499984741211,87.40557861328125,2818900
2017-11-28,116.26000213623047,116.83000183105469,115.30000305175781,116.7699966430664,88.09969329833984,3600400
2017-11-29,116.83999633789062,117.37999725341797,116.29000091552734,116.83999633789062,88.15251159667969,3276300
2017-11-30,116.5199966430664,117.20999908447266,116.08000183105469,116.5199966430664,88.5209732055664,5984000
2017-12-01,116.5,116.8499984741211,115.04000091552734,116.77999877929688,88.7184829711914,4956600
2017-12-04,117.0,118.19999694824219,116.62000274658203,117.45999908447266,89.235107421875,4403000
2017-12-05,117.62999725341797,117.94000244140625,117.18000030517578,117.58999633789062,89.33385467529297,3198600
2017-12-06,117.83000183105469,118.91000366210938,117.63999938964844,118.9000015258789,90.32907104492188,3203500
2017-12-07,118.5199966430664,118.63999938964844,116.55000305175781,116.7300033569336,88.68053436279297,5409500
2017-12-08,116.5199966430664,116.5999984741211,115.9000015258789,116.56999969482422,88.55895233154297,3127500
2017-12-11,116.33000183105469,117.44000244140625,115.55999755859375,117.38999938964844,89.18193054199219,2429400
2017-12-12,118.22000122070312,118.37000274658203,117.12000274658203,117.4000015258789,89.18950653076172,2664600
2017-12-13,117.51000213623047,118.20999908447266,117.4800033569336,117.80000305175781,89.4933853149414,3193900
2017-12-14,117.94000244140625,118.5999984741211,117.7300033569336,118.0199966430664,89.6604995727539,4057800
2017-12-15,118.56999969482422,119.36000061035156,118.44999694824219,119.22000122070312,90.5721664428711,7173500
2017-12-18,119.30000305175781,119.73999786376953,118.0,118.05000305175781,89.68330383300781,3472700
2017-12-19,118.75,119.38999938964844,118.2300033569336,118.61000061035156,90.10875701904297,3942500
2017-12-20,118.66000366210938,119.12000274658203,117.55999755859375,119.0199966430664,90.42024230957031,4273400
2017-12-21,119.44999694824219,119.56999969482422,117.83999633789062,118.26000213623047,89.84286499023438,2790000
2017-12-22,118.5999984741211,118.75,118.16999816894531,118.5999984741211,90.10114288330078,2045600
2017-12-26,118.41000366210938,119.23999786376953,118.41000366210938,118.88999938964844,90.32146453857422,2156300
2017-12-27,118.87000274658203,119.4000015258789,118.80000305175781,119.30000305175781,90.63294219970703,2465100
2017-12-28,119.33000183105469,119.52999877929688,119.05000305175781,119.3499984741211,90.67094421386719,1999300
2017-12-29,119.45999908447266,120.56999969482422,119.41999816894531,119.91999816894531,91.10396575927734,3116400
2018-01-02,119.93000030517578,120.18000030517578,117.93000030517578,118.05999755859375,89.69091033935547,4165800
2018-01-03,117.91000366210938,118.47000122070312,117.63999938964844,117.75,89.45539093017578,4224000
2018-01-04,117.80000305175781,119.11000061035156,117.5999984741211,118.33000183105469,89.89604187011719,3147000
2018-01-05,118.41000366210938,119.08999633789062,118.25,118.66999816894531,90.15435791015625,2714200
2018-01-08,118.20999908447266,118.73999786376953,117.66999816894531,117.98999786376953,89.63773345947266,5730400
2018-01-09,118.26000213623047,118.9800033569336,117.94999694824219,118.08000183105469,89.70609283447266,4573600
2018-01-10,118.12999725341797,118.36000061035156,116.69999694824219,117.4800033569336,89.2502670288086,3363900
2018-01-11,117.63999938964844,117.8499984741211,116.37999725341797,116.87999725341797,88.7944564819336,3685200
2018-01-12,116.94999694824219,118.01000213623047,116.8499984741211,117.37999725341797,89.17430877685547,4335500
2018-01-16,117.19999694824219,118.3499984741211,117.02999877929688,117.86000061035156,89.53897857666016,4936500
2018-01-17,118.29000091552734,120.16999816894531,118.20999908447266,119.18000030517578,90.54178619384766,4554600
2018-01-18,119.08999633789062,119.62000274658203,118.6500015258789,119.05000305175781,90.44302368164062,6221800
2018-01-19,119.4800033569336,120.68000030517578,118.63999938964844,120.16999816894531,91.29389953613281,6002600
2018-01-22,120.0999984741211,121.8499984741211,120.0,121.51000213623047,92.3118896484375,4308600
2018-01-23,121.06999969482422,122.51000213623047,120.8499984741211,121.30000305175781,92.15235900878906,3536900
2018-01-24,121.23999786376953,121.4800033569336,120.81999969482422,121.13999938964844,92.03082275390625,3445200
2018-01-25,120.61000061035156,121.44999694824219,120.36000061035156,120.9000015258789,91.84848022460938,2712900
2018-01-26,120.61000061035156,121.83999633789062,120.61000061035156,121.76000213623047,92.50181579589844,3993900
2018-01-29,121.37999725341797,122.16000366210938,119.6500015258789,119.66999816894531,90.9140396118164,3854700
2018-01-30,119.68000030517578,121.19999694824219,119.5,119.88999938964844,91.08116912841797,4945200
2018-01-31,119.83999633789062,120.75,119.51000213623047,120.30000305175781,91.39266204833984,4018100
2018-02-01,119.91999816894531,121.01000213623047,119.27999877929688,120.30000305175781,91.39266204833984,3485600
2018-02-02,119.91000366210938,120.27999877929688,118.4000015258789,118.66999816894531,90.15435791015625,3348900
2018-02-05,118.56999969482422,119.66000366210938,114.41000366210938,114.45999908447266,86.95596313476562,5347600
2018-02-06,112.44000244140625,113.94999694824219,110.1500015258789,113.55999755859375,86.27224731445312,6642600
2018-02-07,113.97000122070312,115.7699966430664,112.75,113.5,86.22663879394531,4931400
2018-02-08,113.69999694824219,113.72000122070312,110.08999633789062,110.1500015258789,83.68163299560547,4907900
2018-02-09,110.80999755859375,111.98999786376953,108.87999725341797,111.18000030517578,84.46414947509766,5301700
2018-02-12,111.9000015258789,112.75,111.05999755859375,111.93000030517578,85.0339126586914,4759200
2018-02-13,112.0,112.66999816894531,110.68000030517578,112.13999938964844,85.1934585571289,5274700
2018-02-14,111.66999816894531,111.9000015258789,108.76000213623047,109.11000061035156,82.89155578613281,7702700
2018-02-15,109.52999877929688,111.04000091552734,108.72000122070312,110.97000122070312,84.30460357666016,5125200
2018-02-16,111.05999755859375,111.69999694824219,109.76000213623047,111.05999755859375,84.37297821044922,5578500
2018-02-20,110.95999908447266,110.9800033569336,109.33999633789062,109.4800033569336,83.17263793945312,3835500
2018-02-21,109.3499984741211,109.83999633789062,107.94000244140625,108.0,82.04826354980469,4501900
2018-02-22,108.33000183105469,109.97000122070312,108.0199966430664,109.26000213623047,83.00552368164062,5394700
2018-02-23,109.36000061035156,110.05000305175781,108.56999969482422,109.68000030517578,83.32457733154297,4760400
2018-02-26,110.12000274658203,111.16999816894531,110.02999877929688,110.94000244140625,84.28180694580078,5355400
2018-02-27,111.19000244140625,112.08000183105469,110.70999908447266,110.88999938964844,84.24382019042969,6385800
2018-02-28,111.0,111.6500015258789,109.68000030517578,109.7300033569336,83.362548828125,4638900
2018-03-01,109.20999908447266,109.87999725341797,107.23999786376953,108.12000274658203,82.7464828491211,6896300
2018-03-02,107.91000366210938,109.31999969482422,107.9000015258789,109.04000091552734,83.45056915283203,4903600
2018-03-05,108.45999908447266,109.5999984741211,108.0199966430664,109.43000030517578,83.7490463256836,3781700
2018-03-06,109.36000061035156,109.62000274658203,108.44000244140625,109.58000183105469,83.86383819580078,3380800
2018-03-07,108.88999938964844,110.05999755859375,108.61000061035156,109.83999633789062,84.06282806396484,4612600
2018-03-08,110.02999877929688,112.12999725341797,109.58000183105469,112.08000183105469,85.77715301513672,5437700
2018-03-09,112.2699966430664,112.56999969482422,111.63999938964844,112.54000091552734,86.12919616699219,3680600
2018-03-12,112.5,113.08999633789062,112.08000183105469,112.75,86.28990173339844,4509600
2018-03-13,113.2699966430664,113.9000015258789,112.72000122070312,113.5999984741211,86.9404525756836,4590000
2018-03-14,113.56999969482422,113.7699966430664,112.2300033569336,112.61000061035156,86.18278503417969,4055700
2018-03-15,112.4000015258789,113.25,111.66000366210938,111.98999786376953,85.708251953125,3906800
2018-03-16,112.33000183105469,113.19999694824219,111.58000183105469,111.63999938964844,85.44039916992188,7730800
2018-03-19,111.6500015258789,111.98999786376953,110.05000305175781,110.36000061035156,84.46080017089844,4216700
2018-03-20,110.75,111.30000305175781,109.83000183105469,109.9000015258789,84.1087646484375,3319000
2018-03-21,109.88999938964844,110.08000183105469,108.52999877929688,108.73999786376953,83.22097778320312,3867600
2018-03-22,108.44999694824219,109.66999816894531,107.80000305175781,107.94000244140625,82.60870361328125,4325500
2018-03-23,108.08999633789062,108.73999786376953,105.94000244140625,106.1500015258789,81.23881530761719,4873300
2018-03-26,106.68000030517578,107.47000122070312,106.08999633789062,106.80999755859375,81.74390411376953,4119400
2018-03-27,107.2300033569336,108.54000091552734,106.51000213623047,107.63999938964844,82.37915802001953,5036300
2018-03-28,108.13999938964844,110.11000061035156,108.0,109.18000030517578,83.5577163696289,6413000
2018-03-29,110.12000274658203,110.66000366210938,108.97000122070312,109.1500015258789,83.5347671508789,3829500
2018-04-02,108.62000274658203,109.22000122070312,106.44000244140625,107.05000305175781,81.92757415771484,4325500
2018-04-03,107.38999938964844,108.52999877929688,106.58999633789062,108.19000244140625,82.8000717163086,4699000
2018-04-04,107.77999877929688,110.7300033569336,107.23999786376953,110.18000030517578,84.32304382324219,4694200
2018-04-05,110.43000030517578,111.18000030517578,109.75,110.56999969482422,84.62152862548828,3275700
2018-04-06,110.05999755859375,110.9800033569336,108.7699966430664,109.30000305175781,83.64955139160156,3579100
2018-04-09,109.54000091552734,110.44999694824219,108.77999877929688,109.37999725341797,83.71076965332031,2620000
2018-04-10,109.73999786376953,110.19999694824219,108.91999816894531,109.4000015258789,83.72610473632812,2817000
2018-04-11,108.56999969482422,109.47000122070312,108.41999816894531,108.68000030517578,83.17506408691406,4000200
2018-04-12,108.95999908447266,109.51000213623047,108.2699966430664,108.30999755859375,82.89187622070312,2691700
2018-04-13,108.8499984741211,109.45999908447266,108.5199966430664,109.26000213623047,83.61895751953125,2828300
2018-04-16,109.75,110.63999938964844,109.5199966430664,109.91999816894531,84.12406158447266,2769800
2018-04-17,108.69000244140625,109.08000183105469,107.9800033569336,108.87000274658203,83.32047271728516,5022000
2018-04-18,108.97000122070312,109.36000061035156,106.45999908447266,106.9800033569336,81.8740234375,6525500
2018-04-19,106.70999908447266,106.94000244140625,105.08000183105469,105.56999969482422,80.79489135742188,6320200
2018-04-20,105.44999694824219,105.5999984741211,102.2699966430664,102.4800033569336,78.43006896972656,8650000
2018-04-23,102.55000305175781,102.80000305175781,101.83999633789062,102.58000183105469,78.50660705566406,6670600
2018-04-24,102.62000274658203,102.8499984741211,100.97000122070312,101.44000244140625,77.6341323852539,5695500
2018-04-25,101.20999908447266,102.36000061035156,100.8499984741211,101.1500015258789,77.41219329833984,4828300
2018-04-26,102.25,104.08000183105469,101.1500015258789,103.26000213623047,79.02703094482422,5978800
2018-04-27,102.22000122070312,102.98999786376953,101.6500015258789,101.70999908447266,77.84078216552734,4765900
2018-04-30,101.8499984741211,102.38999938964844,100.58000183105469,100.94000244140625,77.25147247314453,5479900
2018-05-01,100.36000061035156,100.93000030517578,98.56999969482422,99.12999725341797,75.86626434326172,4543900
2018-05-02,99.16000366210938,99.36000061035156,97.02999877929688,97.2300033569336,74.4121322631836,5927700
2018-05-03,97.4800033569336,98.08999633789062,96.69999694824219,97.5999984741211,74.6953125,6668200
2018-05-04,97.55000305175781,99.7699966430664,97.5,98.98999786376953,75.75908660888672,5937000
2018-05-07,98.9800033569336,99.30999755859375,98.06999969482422,98.2300033569336,75.17745208740234,3475400
2018-05-08,97.91000366210938,97.98999786376953,96.43000030517578,96.79000091552734,74.07539367675781,5333700
2018-05-09,97.19000244140625,97.5199966430664,95.94000244140625,96.16000366210938,73.59324645996094,6201500
2018-05-10,96.43000030517578,97.73999786376953,96.4000015258789,97.2699966430664,74.44275665283203,3100600
2018-05-11,97.58000183105469,98.26000213623047,96.87999725341797,97.43000030517578,74.56522369384766,3507300
2018-05-14,97.69000244140625,97.7300033569336,96.7300033569336,97.1500015258789,74.35091400146484,4307900
2018-05-15,96.61000061035156,97.23999786376953,96.36000061035156,96.80000305175781,74.08306884765625,6555700
2018-05-16,96.63999938964844,97.55000305175781,96.55000305175781,97.19000244140625,74.38151550292969,5544700
2018-05-17,97.55000305175781,97.98999786376953,97.1500015258789,97.91999816894531,74.94020080566406,6531100
2018-05-18,98.30999755859375,98.44999694824219,97.31999969482422,97.51000213623047,74.62641906738281,6894000
2018-05-21,98.22000122070312,99.9800033569336,98.05999755859375,99.51000213623047,76.15705108642578,6678100
2018-05-22,99.77999877929688,100.45999908447266,99.43000030517578,99.93000030517578,76.478515625,6807600
2018-05-23,99.93000030517578,100.5999984741211,99.61000061035156,100.44999694824219,76.87648010253906,6249900
2018-05-24,100.30999755859375,100.58000183105469,99.76000213623047,100.18000030517578,76.66983795166016,4696700
2018-05-25,100.18000030517578,101.11000061035156,99.9000015258789,100.30999755859375,76.76932525634766,5324300
2018-05-29,100.0,101.29000091552734,100.0,101.0999984741211,77.37393188476562,8302600
2018-05-30,101.66000366210938,102.23999786376953,101.08999633789062,101.83000183105469,77.9326171875,6256600
2018-05-31,101.1500015258789,101.30000305175781,99.66000366210938,100.25,77.42901611328125,8270100
2018-06-01,100.54000091552734,100.93000030517578,99.6500015258789,100.25,77.42901611328125,4414200
2018-06-04,100.7699966430664,101.08999633789062,100.02999877929688,100.12000274658203,77.3286361694336,3932000
2018-06-05,100.45999908447266,100.95999908447266,99.87999725341797,100.20999908447266,77.39812469482422,4851900
2018-06-06,100.4000015258789,100.86000061035156,99.81999969482422,100.83000183105469,77.87699890136719,3946700
2018-06-07,100.51000213623047,101.51000213623047,100.33000183105469,101.16000366210938,78.13188171386719,5052900
2018-06-08,101.18000030517578,102.61000061035156,101.18000030517578,102.48999786376953,79.15914154052734,4795500
2018-06-11,102.61000061035156,103.41000366210938,102.2699966430664,103.20999908447266,79.71520233154297,3984500
2018-06-12,103.2300033569336,104.55000305175781,102.81999969482422,104.4800033569336,80.69612121582031,5075900
2018-06-13,104.16000366210938,105.5999984741211,104.16000366210938,105.2699966430664,81.30628967285156,7553500
2018-06-14,105.26000213623047,105.36000061035156,104.43000030517578,105.12999725341797,81.19815826416016,4812600
2018-06-15,105.0999984741211,107.75,104.81999969482422,107.61000061035156,83.11359405517578,10573000
2018-06-18,107.01000213623047,107.20999908447266,104.83000183105469,105.37999725341797,81.39124298095703,5964400
2018-06-19,105.48999786376953,106.68000030517578,105.22000122070312,105.95999908447266,81.83919525146484,5504400
2018-06-20,105.7300033569336,106.11000061035156,105.36000061035156,105.80999755859375,81.72334289550781,4601400
2018-06-21,106.56999969482422,107.43000030517578,106.30000305175781,107.23999786376953,82.82781982421875,6550700
2018-06-22,107.23999786376953,108.66999816894531,107.13999938964844,108.37000274658203,83.70061492919922,5709400
2018-06-25,107.70999908447266,109.58999633789062,107.70999908447266,108.98999786376953,84.1794662475586,5183000
2018-06-26,109.05000305175781,109.16999816894531,107.47000122070312,108.05000305175781,83.45345306396484,5034100
2018-06-27,108.37000274658203,108.95999908447266,107.62000274658203,108.2699966430664,83.62334442138672,6229200
2018-06-28,108.41999816894531,109.30000305175781,108.30000305175781,108.68000030517578,83.94003295898438,4297400
2018-06-29,108.72000122070312,109.5,107.80000305175781,108.87000274658203,84.08677673339844,4721400
2018-07-02,108.69999694824219,110.0,108.30999755859375,109.52999877929688,84.5965347290039,4711900
2018-07-03,108.58000183105469,109.56999969482422,108.05999755859375,108.80000305175781,84.03271484375,3769100
2018-07-05,108.91000366210938,109.62000274658203,108.0,109.55000305175781,84.61200714111328,4870400
2018-07-06,109.48999786376953,110.0199966430664,108.97000122070312,109.55999755859375,84.61968994140625,4387300
2018-07-09,109.12999725341797,109.30000305175781,107.5199966430664,107.76000213623047,83.22945404052734,7866400
2018-07-10,110.62000274658203,113.0,109.68000030517578,112.88999938964844,87.19165802001953,16107200
2018-07-11,112.63999938964844,112.94000244140625,112.0999984741211,112.54000091552734,86.92134094238281,5521400
2018-07-12,112.54000091552734,112.70999908447266,110.97000122070312,111.52999877929688,86.14125061035156,5500100
2018-07-13,111.68000030517578,112.79000091552734,111.62000274658203,112.69000244140625,87.03718566894531,4417100
2018-07-16,112.55999755859375,113.12000274658203,111.75,112.95999908447266,87.24574279785156,5413600
2018-07-17,113.47000122070312,115.02999877929688,113.47000122070312,114.87999725341797,88.7286605834961,6783800
2018-07-18,114.91999816894531,115.0,113.88999938964844,114.83000183105469,88.69003295898438,5379000
2018-07-19,114.7699966430664,116.58999633789062,114.75,115.7699966430664,89.41605377197266,9241300
2018-07-20,115.75,116.79000091552734,115.22000122070312,116.01000213623047,89.60139465332031,27559700
2018-07-23,115.5199966430664,115.9800033569336,113.58000183105469,114.38999938964844,88.35021209716797,7769300
2018-07-24,114.13999938964844,114.91999816894531,113.8499984741211,114.73999786376953,88.62052154541016,5095100
2018-07-25,114.94000244140625,115.66999816894531,114.5,115.20999908447266,88.98352813720703,4762300
2018-07-26,116.13999938964844,116.9000015258789,114.87999725341797,115.0,88.82135009765625,5096300
2018-07-27,114.7699966430664,115.3499984741211,114.02999877929688,114.27999877929688,88.26522827148438,4563700
2018-07-30,113.77999877929688,114.58999633789062,113.66999816894531,114.18000030517578,88.18800354003906,3621800
2018-07-31,114.66000366210938,115.48999786376953,114.11000061035156,115.0,88.82135009765625,4892100
2018-08-01,114.41999816894531,114.52999877929688,113.2300033569336,113.61000061035156,87.74776458740234,4169000
2018-08-02,113.5999984741211,114.93000030517578,113.08999633789062,114.69000244140625,88.5819091796875,4167200
2018-08-03,114.7699966430664,116.69999694824219,114.37000274658203,116.30000305175781,89.82540893554688,3934500
2018-08-06,117.25,118.44000244140625,116.9000015258789,117.37999725341797,90.65955352783203,6704800
2018-08-07,116.44999694824219,116.44999694824219,113.52999877929688,114.22000122070312,88.21888732910156,6919600
2018-08-08,114.5199966430664,114.8499984741211,113.47000122070312,113.48999786376953,87.65506744384766,5172900
2018-08-09,114.12000274658203,114.12000274658203,113.37999725341797,113.69999694824219,87.81726837158203,4115400
2018-08-10,113.58999633789062,113.97000122070312,112.56999969482422,112.87000274658203,87.17621612548828,3711900
2018-08-13,112.80999755859375,113.13999938964844,112.01000213623047,113.0199966430664,87.29204559326172,3170100
2018-08-14,112.69999694824219,113.48999786376953,112.11000061035156,113.0999984741211,87.35385131835938,3836700
2018-08-15,112.76000213623047,113.73999786376953,112.25,113.44999694824219,87.6241683959961,6513300
2018-08-16,113.73999786376953,114.7300033569336,113.37000274658203,114.25,88.24205780029297,4504600
2018-08-17,114.0,115.08999633789062,114.0,114.95999908447266,88.79043579101562,3391600
2018-08-20,114.98999786376953,115.8499984741211,114.5999984741211,114.83999633789062,88.69775390625,3676000
2018-08-21,115.25,115.25,113.6500015258789,113.72000122070312,87.83272552490234,4667700
2018-08-22,113.69999694824219,113.81999969482422,111.95999908447266,112.23999786376953,86.68963623046875,3860900
2018-08-23,112.16999816894531,112.2300033569336,111.51000213623047,111.93000030517578,86.45018005371094,4508800
2018-08-24,111.87000274658203,112.52999877929688,111.80000305175781,112.1500015258789,86.6201171875,3677700
2018-08-27,112.58000183105469,112.7699966430664,111.83000183105469,112.41000366210938,86.8209457397461,3155700
2018-08-28,112.22000122070312,112.44999694824219,110.88999938964844,111.16999816894531,85.86318969726562,5229400
2018-08-29,111.30000305175781,112.12000274658203,111.22000122070312,112.05000305175781,86.54287719726562,2403200
2018-08-30,111.87000274658203,112.2300033569336,111.55000305175781,111.95999908447266,86.47335815429688,2119100
2018-08-31,111.7699966430664,112.58000183105469,111.26000213623047,112.01000213623047,86.51199340820312,4248800
2018-09-04,111.81999969482422,112.08999633789062,110.44999694824219,111.0,85.7319107055664,4576300
2018-09-05,110.76000213623047,113.16999816894531,110.69999694824219,113.12000274658203,87.36932373046875,4392100
2018-09-06,112.0,113.52999877929688,111.44000244140625,113.5,88.38790893554688,4808300
2018-09-07,112.8499984741211,113.5,111.51000213623047,112.73999786376953,87.7960433959961,3833800
2018-09-10,112.91999816894531,113.98999786376953,112.69999694824219,113.56999969482422,88.44239807128906,3289700
2018-09-11,111.8499984741211,113.75,111.8499984741211,113.33000183105469,88.2555160522461,2807300
2018-09-12,113.30999755859375,114.2300033569336,113.04000091552734,113.8499984741211,88.66046142578125,3651400
2018-09-13,114.48999786376953,115.01000213623047,113.69000244140625,114.98999786376953,89.5482406616211,3808100
2018-09-14,114.88999938964844,114.88999938964844,113.72000122070312,114.56999969482422,89.22118377685547,2698300
2018-09-17,114.5999984741211,115.44999694824219,114.22000122070312,115.4000015258789,89.86753845214844,3092600
2018-09-18,115.4800033569336,115.4800033569336,113.69000244140625,113.9800033569336,88.76171875,4081200
2018-09-19,113.94999694824219,114.23999786376953,113.45999908447266,113.7699966430664,88.59817504882812,2844900
2018-09-20,114.2300033569336,115.51000213623047,114.11000061035156,115.22000122070312,89.72736358642578,3375900
2018-09-21,115.26000213623047,115.5199966430664,114.83999633789062,114.91000366210938,89.48592376708984,6989500
2018-09-24,114.0999984741211,114.72000122070312,112.19999694824219,112.2699966430664,87.43004608154297,3387400
2018-09-25,112.63999938964844,112.75,111.76000213623047,111.97000122070312,87.19641876220703,3538700
2018-09-26,112.2699966430664,112.86000061035156,111.30999755859375,111.5,86.83041381835938,4053500
2018-09-27,111.43000030517578,112.4000015258789,110.91000366210938,111.05000305175781,86.47998046875,3841500
2018-09-28,111.54000091552734,112.05000305175781,110.91000366210938,111.80000305175781,87.06404113769531,5945300
2018-10-01,112.1500015258789,112.4800033569336,110.66999816894531,110.70999908447266,86.21520233154297,5064700
2018-10-02,110.44999694824219,111.11000061035156,107.69999694824219,108.72000122070312,84.6655044555664,6702200
2018-10-03,109.20999908447266,109.70999908447266,107.16999816894531,107.5199966430664,83.7309799194336,6107500
2018-10-04,106.8499984741211,107.4000015258789,105.80000305175781,106.61000061035156,83.0223159790039,4930300
2018-10-05,106.25,107.01000213623047,105.9800033569336,106.48999786376953,82.92889404296875,3438100
2018-10-08,106.36000061035156,108.33999633789062,106.30999755859375,108.19000244140625,84.25277709960938,3994100
2018-10-09,108.68000030517578,108.94000244140625,107.5199966430664,108.12000274658203,84.1982421875,4105600
2018-10-10,107.58999633789062,109.3499984741211,107.19999694824219,107.33999633789062,83.59081268310547,5796200
2018-10-11,108.20999908447266,108.4800033569336,104.9000015258789,105.05999755859375,81.81525421142578,5755100
2018-10-12,105.30000305175781,105.76000213623047,104.52999877929688,105.27999877929688,81.9865951538086,4543000
2018-10-15,105.19999694824219,106.6500015258789,105.16999816894531,105.62999725341797,82.25916290283203,3805700
2018-10-16,106.30999755859375,107.69000244140625,105.83999633789062,107.38999938964844,83.62974548339844,4061600
2018-10-17,107.20999908447266,108.77999877929688,107.19000244140625,108.30999755859375,84.34618377685547,4495900
2018-10-18,108.4800033569336,109.3499984741211,107.55000305175781,107.93000030517578,84.0502700805664,4093700
2018-10-19,108.58999633789062,110.5999984741211,108.48999786376953,110.29000091552734,85.88812255859375,5109000
2018-10-22,110.08999633789062,110.88999938964844,109.23999786376953,109.4000015258789,85.1950454711914,5477700
2018-10-23,108.93000030517578,110.52999877929688,108.31999969482422,110.12999725341797,85.76353454589844,4484100
2018-10-24,110.19999694824219,114.16000366210938,109.94999694824219,112.95999908447266,87.96739959716797,8222900
2018-10-25,112.95999908447266,113.2699966430664,111.41999816894531,112.8499984741211,87.88172912597656,6712900
2018-10-26,111.62000274658203,112.05999755859375,109.69000244140625,110.44999694824219,86.01272583007812,5872800
2018-10-29,111.29000091552734,113.30999755859375,111.13999938964844,112.88999938964844,87.91285705566406,5706000
2018-10-30,113.75,114.2300033569336,112.5999984741211,113.7699966430664,88.59817504882812,4900400
2018-10-31,113.48999786376953,113.48999786376953,111.19000244140625,112.37999725341797,87.51570892333984,6449500
2018-11-01,112.0,113.13999938964844,110.9800033569336,111.51000213623047,86.83820343017578,5736700
2018-11-02,111.48999786376953,112.0999984741211,109.62999725341797,111.16999816894531,86.57341766357422,6705700
2018-11-05,111.69000244140625,114.44000244140625,111.27999877929688,114.38999938964844,89.08098602294922,5270400
2018-11-06,114.02999877929688,115.3499984741211,113.86000061035156,115.20999908447266,89.71955871582031,3913400
2018-11-07,115.44999694824219,115.7699966430664,114.44000244140625,115.61000061035156,90.03104400634766,4219600
2018-11-08,115.37999725341797,116.5,115.25,116.05999755859375,90.38151550292969,2925100
2018-11-09,116.08000183105469,117.70999908447266,116.08000183105469,117.4800033569336,91.48729705810547,5026300
2018-11-12,117.0,118.31999969482422,116.70999908447266,116.97000122070312,91.09014129638672,4781900
2018-11-13,117.75,117.75,116.20999908447266,117.13999938964844,91.22254180908203,3609900
2018-11-14,117.44000244140625,117.4800033569336,116.2699966430664,116.6500015258789,90.84097290039062,4423800
2018-11-15,116.43000030517578,116.98999786376953,115.5999984741211,116.80000305175781,90.95777893066406,4045700
2018-11-16,117.05000305175781,118.4800033569336,116.83999633789062,118.3499984741211,92.16484832763672,4484300
2018-11-19,118.08000183105469,119.5199966430664,117.97000122070312,119.01000213623047,92.67880249023438,4673900
2018-11-20,119.80000305175781,120.27999877929688,115.77999877929688,116.0,90.33477783203125,5087800
2018-11-21,115.88999938964844,116.88999938964844,114.91999816894531,115.27999877929688,89.77408599853516,3245000
2018-11-23,114.77999877929688,116.56999969482422,114.77999877929688,115.41000366210938,89.87532043457031,1444700
2018-11-26,115.87999725341797,116.43000030517578,114.98999786376953,115.86000061035156,90.22576904296875,2972500
2018-11-27,115.37000274658203,116.52999877929688,114.9000015258789,116.44000244140625,90.67743682861328,2884700
2018-11-28,115.9800033569336,118.5199966430664,115.56999969482422,118.5,92.28163146972656,3989400
2018-11-29,118.4000015258789,118.87000274658203,117.44000244140625,118.2699966430664,92.1025390625,2878700
2018-11-30,118.12999725341797,122.0,118.12999725341797,121.94000244140625,94.96053314208984,8051100
2018-12-03,120.4800033569336,120.91000366210938,117.51000213623047,118.9800033569336,92.65545654296875,6112600
2018-12-04,119.37000274658203,120.61000061035156,117.44999694824219,117.80000305175781,91.73651885986328,7018200
2018-12-06,116.30999755859375,117.37999725341797,114.0999984741211,116.83999633789062,91.7114028930664,5191700
2018-12-07,116.37000274658203,116.9800033569336,115.37999725341797,115.81999969482422,90.9107666015625,4615500
2018-12-10,116.4000015258789,116.62000274658203,114.45999908447266,116.19000244140625,91.20120239257812,4150600
2018-12-11,116.9000015258789,118.19000244140625,116.68000030517578,117.29000091552734,92.06465148925781,5545100
2018-12-12,118.33999633789062,118.58999633789062,116.41000366210938,117.0,91.83699035644531,4889700
2018-12-13,117.13999938964844,118.88999938964844,117.11000061035156,118.3499984741211,92.89664459228516,6181200
2018-12-14,117.31999969482422,117.55000305175781,113.66999816894531,113.94999694824219,89.44293975830078,7404200
2018-12-17,114.37000274658203,115.06999969482422,112.19999694824219,112.87000274658203,88.59521484375,6015300
2018-12-18,113.22000122070312,113.52999877929688,110.75,111.83999633789062,87.78675079345703,5846200
2018-12-19,112.62999725341797,113.19000244140625,109.62999725341797,110.04000091552734,86.37388610839844,6915400
2018-12-20,110.19999694824219,111.93000030517578,109.19999694824219,110.20999908447266,86.50730895996094,8468300
2018-12-21,110.95999908447266,114.16000366210938,108.80999755859375,109.41999816894531,85.88721466064453,13263600
2018-12-24,110.12999725341797,111.08999633789062,105.95999908447266,106.02999877929688,83.22631072998047,3354000
2018-12-26,106.22000122070312,108.44000244140625,105.02999877929688,108.33000183105469,85.03163146972656,4537000
2018-12-27,107.7699966430664,109.47000122070312,106.02999877929688,109.41999816894531,85.88721466064453,5175900
2018-12-28,110.08999633789062,111.0999984741211,109.22000122070312,110.36000061035156,86.62506103515625,5410300
2018-12-31,110.58000183105469,111.08999633789062,109.31999969482422,110.4800033569336,86.71924591064453,5019100
2019-01-02,109.1500015258789,110.0199966430664,108.2300033569336,109.27999877929688,85.77735137939453,4835400
2019-01-03,108.91000366210938,110.1500015258789,108.05000305175781,108.26000213623047,84.9766845703125,5975900
2019-01-04,109.54000091552734,110.5999984741211,108.23999786376953,110.4800033569336,86.71924591064453,6293900
2019-01-07,110.01000213623047,110.37999725341797,108.6500015258789,109.52999877929688,85.97356414794922,5220300
2019-01-08,110.13999938964844,110.80000305175781,109.41999816894531,110.58000183105469,86.79771423339844,6407700
2019-01-09,110.33000183105469,110.87000274658203,107.48999786376953,107.48999786376953,84.37232208251953,8521300
2019-01-10,107.41000366210938,108.33999633789062,107.36000061035156,108.1500015258789,84.89033508300781,7905000
2019-01-11,107.86000061035156,108.5,107.63999938964844,108.16000366210938,84.89820098876953,5939000
2019-01-14,107.8499984741211,107.95999908447266,106.95999908447266,107.31999969482422,84.23884582519531,5804600
2019-01-15,107.45999908447266,109.06999969482422,106.7300033569336,108.98999786376953,85.54969024658203,4508000
2019-01-16,108.98999786376953,109.05000305175781,107.69999694824219,108.33999633789062,85.03947448730469,4953500
2019-01-17,108.13999938964844,109.47000122070312,108.08999633789062,109.22000122070312,85.73021697998047,4612200
2019-01-18,109.97000122070312,110.30000305175781,109.16999816894531,110.06999969482422,86.39739990234375,5142700
2019-01-22,109.86000061035156,110.2300033569336,108.77999877929688,109.91000366210938,86.27183532714844,5298200
2019-01-23,109.68000030517578,110.79000091552734,109.51000213623047,110.7300033569336,86.91548156738281,5197400
2019-01-24,110.30999755859375,110.30999755859375,108.41000366210938,109.5,85.95001220703125,4478000
2019-01-25,110.1500015258789,110.58999633789062,109.04000091552734,109.3499984741211,85.83229064941406,5074800
2019-01-28,108.95999908447266,109.5999984741211,108.0,108.81999969482422,85.41627502441406,4055900
2019-01-29,108.93000030517578,109.62000274658203,108.51000213623047,109.0,85.55752563476562,4301500
2019-01-30,108.94000244140625,111.23999786376953,108.54000091552734,110.81999969482422,86.98611450195312,5023800
2019-01-31,110.97000122070312,112.9000015258789,110.20999908447266,112.66999816894531,88.43822479248047,6183400
2019-02-01,112.94999694824219,113.27999877929688,111.44999694824219,112.19000244140625,88.06147003173828,5010500
2019-02-04,112.20999908447266,113.4000015258789,111.8499984741211,113.08999633789062,88.76790618896484,3665000
2019-02-05,113.02999877929688,113.54000091552734,112.48999786376953,112.9000015258789,88.61875915527344,4593400
2019-02-06,113.41000366210938,113.58000183105469,112.30000305175781,113.05000305175781,88.73651885986328,4209400
2019-02-07,112.81999969482422,113.16000366210938,112.16000366210938,113.08999633789062,88.76790618896484,4227700
2019-02-08,112.93000030517578,113.04000091552734,111.93000030517578,113.0199966430664,88.71295166015625,3868300
2019-02-11,113.16000366210938,113.58000183105469,112.63999938964844,112.97000122070312,88.67373657226562,4851100
2019-02-12,113.2300033569336,114.5,112.22000122070312,113.79000091552734,89.31736755371094,6765300
2019-02-13,114.11000061035156,114.7300033569336,113.62999725341797,114.12000274658203,89.5763931274414,5528000
2019-02-14,113.0,113.0,111.87999725341797,112.58999633789062,88.37545776367188,6359200
2019-02-15,115.8499984741211,116.27999877929688,114.11000061035156,115.91000366210938,90.98143768310547,8889500
2019-02-19,116.80000305175781,116.97000122070312,115.19999694824219,115.93000030517578,90.99710845947266,5596100
2019-02-20,115.75,116.63999938964844,115.41000366210938,115.83000183105469,90.91862487792969,6038900
2019-02-21,115.5,116.93000030517578,115.47000122070312,116.0999984741211,91.13054656982422,4825900
2019-02-22,116.11000061035156,116.7699966430664,115.58999633789062,116.76000213623047,91.64862823486328,4865400
2019-02-25,117.16999816894531,117.30000305175781,115.70999908447266,116.05999755859375,91.09915161132812,3755900
2019-02-26,116.37000274658203,116.5,115.43000030517578,115.97000122070312,91.02851867675781,4074600
2019-02-27,115.54000091552734,115.69999694824219,114.41000366210938,115.37000274658203,90.55756378173828,4175100
2019-02-28,114.73999786376953,116.22000122070312,114.20999908447266,115.63999938964844,91.5055160522461,5586300
2019-03-01,115.86000061035156,116.37000274658203,115.2300033569336,116.18000030517578,91.9328384399414,3629100
2019-03-04,116.55000305175781,116.93000030517578,115.5,116.16999816894531,91.9249038696289,4383100
2019-03-05,115.9800033569336,116.81999969482422,115.66000366210938,116.02999877929688,91.81413269042969,3785400
2019-03-06,115.77999877929688,116.83000183105469,115.58000183105469,116.66000366210938,92.31266021728516,4770700
2019-03-07,116.20999908447266,117.33000183105469,115.69999694824219,116.0999984741211,91.86953735351562,4858300
2019-03-08,115.83000183105469,116.26000213623047,114.26000213623047,115.2300033569336,91.18111419677734,5003300
2019-03-11,115.30000305175781,116.70999908447266,114.9800033569336,116.58999633789062,92.25725555419922,4821600
2019-03-12,116.75,117.20999908447266,116.01000213623047,116.56999969482422,92.24142456054688,4356400
2019-03-13,116.87999725341797,117.55999755859375,116.45999908447266,116.58000183105469,92.24933624267578,5968600
2019-03-14,116.86000061035156,116.9800033569336,115.44999694824219,115.5,91.39473724365234,8986600
2019-03-15,115.68000030517578,116.52999877929688,115.37000274658203,115.66000366210938,91.52134704589844,18194200
2019-03-18,116.16999816894531,117.38999938964844,116.05000305175781,117.2699966430664,92.79533386230469,9476000
2019-03-19,117.36000061035156,118.75,117.25,118.08999633789062,93.4441909790039,6751700
2019-03-20,118.06999969482422,119.4800033569336,117.3499984741211,118.31999969482422,93.62619018554688,5733500
2019-03-21,118.01000213623047,119.66999816894531,118.01000213623047,119.44000244140625,94.51245880126953,4305600
2019-03-22,119.5,121.29000091552734,119.44999694824219,120.72000122070312,95.52532196044922,6668100
2019-03-25,120.26000213623047,121.29000091552734,120.08000183105469,120.8499984741211,95.6281967163086,4275400
2019-03-26,121.45999908447266,122.16000366210938,121.26000213623047,122.0199966430664,96.55400848388672,4583000
2019-03-27,122.45999908447266,123.19000244140625,121.19000244140625,121.88999938964844,96.45111083984375,5318500
2019-03-28,121.88999938964844,122.47000122070312,121.58999633789062,121.83999633789062,96.41156768798828,3694700
2019-03-29,122.29000091552734,122.76000213623047,121.2699966430664,122.55000305175781,96.973388671875,5758800
2019-04-01,122.58999633789062,122.88999938964844,121.58999633789062,122.0,96.53817749023438,5025700
2019-04-02,121.9000015258789,122.26000213623047,121.55999755859375,121.68000030517578,96.28497314453125,3242600
2019-04-03,121.68000030517578,122.2300033569336,120.73999786376953,121.55999755859375,96.18999481201172,4534400
2019-04-04,121.80999755859375,122.12999725341797,121.16999816894531,121.47000122070312,96.11878204345703,3022500
2019-04-05,121.3499984741211,121.66999816894531,120.81999969482422,121.62000274658203,96.23750305175781,3971500
2019-04-08,121.72000122070312,122.04000091552734,121.20999908447266,122.0,96.53817749023438,3140100
2019-04-09,121.73999786376953,122.19999694824219,120.8499984741211,122.16999816894531,96.67269897460938,3864400
2019-04-10,122.3499984741211,122.69999694824219,121.66000366210938,122.04000091552734,96.56983184814453,2681100
2019-04-11,122.36000061035156,122.75,121.16999816894531,121.66999816894531,96.27705383300781,3399700
2019-04-12,121.52999877929688,122.33000183105469,121.1500015258789,122.2300033569336,96.7201919555664,3501100
2019-04-15,122.44000244140625,124.0,122.36000061035156,123.66000366210938,97.85173034667969,4419800
2019-04-16,123.22000122070312,123.81999969482422,121.88999938964844,122.41000366210938,96.86260986328125,5263700
2019-04-17,125.0,127.11000061035156,123.83999633789062,127.01000213623047,100.50257873535156,7318200
2019-04-18,128.22999572753906,128.25999450683594,126.7300033569336,127.08999633789062,100.56587219238281,6331200
2019-04-22,126.7699966430664,127.23999786376953,125.87999725341797,126.44000244140625,100.0515365600586,3707000
2019-04-23,126.68000030517578,127.54000091552734,126.12000274658203,127.08999633789062,100.56587219238281,4464100
2019-04-24,127.41000366210938,127.9800033569336,126.66999816894531,126.91999816894531,100.43135070800781,3517200
2019-04-25,125.6500015258789,126.4000015258789,125.18000030517578,126.12999725341797,99.80624389648438,4433700
2019-04-26,126.5199966430664,127.25,126.12000274658203,126.4000015258789,100.0198745727539,3033800
2019-04-29,126.13999938964844,126.95999908447266,126.0199966430664,126.69000244140625,100.24934387207031,2793400
2019-04-30,127.05000305175781,128.38999938964844,126.33999633789062,128.0500030517578,101.32550811767578,4963600
2019-05-01,127.8499984741211,128.0,127.01000213623047,127.23999786376953,100.68458557128906,3810800
2019-05-02,127.23999786376953,127.55000305175781,126.16999816894531,126.83000183105469,100.36014556884766,2875900
2019-05-03,127.0999984741211,128.17999267578125,126.91999816894531,127.66999816894531,101.02481842041016,2854900
2019-05-06,127.30000305175781,127.62999725341797,126.76000213623047,127.2699966430664,100.70829772949219,2883900
2019-05-07,126.63999938964844,126.94999694824219,125.18000030517578,125.9800033569336,99.68755340576172,3558900
2019-05-08,125.80000305175781,126.73999786376953,124.94999694824219,126.0199966430664,99.71920013427734,3844700
2019-05-09,125.7699966430664,126.54000091552734,124.8499984741211,126.05000305175781,99.742919921875,3127200
2019-05-10,126.13999938964844,128.27999877929688,125.62000274658203,128.00999450683594,101.29388427734375,3720400
2019-05-13,127.0199966430664,127.94000244140625,126.62999725341797,127.16000366210938,100.62126159667969,4297200
2019-05-14,127.55999755859375,128.50999450683594,127.29000091552734,127.41000366210938,100.819091796875,5150300
2019-05-15,127.0999984741211,129.8699951171875,127.0999984741211,129.35000610351562,102.35419464111328,3751900
2019-05-16,129.3699951171875,130.75,128.75999450683594,130.27000427246094,103.08222198486328,4812900
2019-05-17,129.9199981689453,130.8699951171875,129.64999389648438,130.50999450683594,103.27210998535156,4011700
2019-05-20,130.0399932861328,130.4499969482422,129.5500030517578,129.99000549316406,102.86063385009766,3965600
2019-05-21,130.5800018310547,130.5800018310547,128.85000610351562,129.0500030517578,102.1167984008789,4080800
2019-05-22,129.10000610351562,130.63999938964844,128.9499969482422,130.07000732421875,102.92394256591797,3588000
2019-05-23,129.60000610351562,130.89999389648438,129.50999450683594,129.97000122070312,102.84481048583984,3901400
2019-05-24,130.3300018310547,130.47999572753906,128.9600067138672,129.5,102.47289276123047,2702700
2019-05-28,129.5,129.89999389648438,127.36000061035156,127.62999725341797,100.99317932128906,8806000
2019-05-29,127.58000183105469,128.30999755859375,126.83999633789062,128.1699981689453,101.42048645019531,5502700
2019-05-30,128.14999389648438,128.91000366210938,127.77999877929688,128.61000061035156,101.76863098144531,2710300
2019-05-31,128.0,128.4499969482422,126.98999786376953,128.0,101.28594970703125,4191200
2019-06-03,127.86000061035156,129.16000366210938,127.48999786376953,128.97999572753906,102.06143951416016,3588700
2019-06-04,129.75,129.80999755859375,128.02000427246094,129.07000732421875,102.13265991210938,4242400
2019-06-05,129.22000122070312,131.60000610351562,128.86000061035156,131.38999938964844,103.96845245361328,5084200
2019-06-06,131.0800018310547,132.27000427246094,130.55999755859375,131.97999572753906,105.19995880126953,5528000
2019-06-07,132.83999633789062,134.7100067138672,132.58999633789062,133.47000122070312,106.38762664794922,6332700
2019-06-10,133.17999267578125,133.67999267578125,132.36000061035156,133.58999633789062,106.48326873779297,2957900
2019-06-11,134.05999755859375,134.33999633789062,132.69000244140625,133.1999969482422,106.17239379882812,3553600
2019-06-12,134.00999450683594,134.44000244140625,132.66000366210938,133.13999938964844,106.12458801269531,3302800
2019-06-13,133.4499969482422,133.7899932861328,131.85000610351562,132.94000244140625,105.96516418457031,2851400
2019-06-14,133.00999450683594,133.5399932861328,132.55999755859375,132.72999572753906,105.79778289794922,3291800
2019-06-17,132.72000122070312,133.24000549316406,131.88999938964844,132.52000427246094,105.63037872314453,2725800
2019-06-18,134.4199981689453,134.4199981689453,131.86000061035156,132.05999755859375,105.26373291015625,4378200
2019-06-19,132.05999755859375,133.2899932861328,131.3300018310547,132.85000610351562,105.89342498779297,4349900
2019-06-20,133.8699951171875,134.4499969482422,133.33999633789062,134.16000366210938,106.93761444091797,3847500
2019-06-21,134.16000366210938,134.55999755859375,133.6300048828125,133.9600067138672,106.7781982421875,7696300
2019-06-24,134.64999389648438,135.24000549316406,133.94000244140625,134.13999938964844,106.92166137695312,3685800
2019-06-25,133.97999572753906,134.47999572753906,133.5399932861328,133.80999755859375,106.65863037109375,4176300
2019-06-26,133.05999755859375,133.77000427246094,132.3000030517578,132.32000732421875,105.4709701538086,6024100
2019-06-27,132.25,132.44000244140625,131.3800048828125,131.69000244140625,104.96880340576172,4750900
2019-06-28,132.27999877929688,132.41000366210938,130.75999450683594,131.1300048828125,104.52245330810547,6318500
2019-07-01,131.99000549316406,132.2899932861328,131.07000732421875,131.8699951171875,105.1122817993164,3544800
2019-07-02,132.08999633789062,132.64999389648438,131.35000610351562,132.42999267578125,105.55863189697266,3233300
2019-07-03,132.97999572753906,134.08999633789062,132.77000427246094,133.99000549316406,106.80209350585938,2859200
2019-07-05,132.88999938964844,133.49000549316406,131.5500030517578,133.02000427246094,106.02893829345703,3356000
2019-07-08,133.10000610351562,133.38999938964844,132.0399932861328,132.55999755859375,105.66227722167969,5854500
2019-07-09,133.0,133.39999389648438,130.72000122070312,131.74000549316406,105.0086669921875,8233200
2019-07-10,132.39999389648438,134.4600067138672,131.8699951171875,134.41000366210938,107.13687133789062,6141500
2019-07-11,134.2100067138672,134.74000549316406,133.35000610351562,134.35000610351562,107.08907318115234,3944200
2019-07-12,134.0,134.42999267578125,132.61000061035156,133.27999877929688,106.2361831665039,4481200
2019-07-15,133.60000610351562,134.16000366210938,132.5500030517578,134.14999389648438,106.92962646484375,3077900
2019-07-16,134.0800018310547,135.24000549316406,133.0500030517578,133.8000030517578,106.65065002441406,4019700
2019-07-17,133.9199981689453,134.27999877929688,132.47000122070312,132.77999877929688,105.8376235961914,4105100
2019-07-18,132.61000061035156,133.1999969482422,131.52000427246094,132.8800048828125,105.9173583984375,3698600
2019-07-19,133.1699981689453,133.19000244140625,130.00999450683594,130.08999633789062,103.69342041015625,5022000
2019-07-22,130.49000549316406,130.80999755859375,129.6300048828125,130.27999877929688,103.84490203857422,4411700
2019-07-23,131.1300048828125,132.24000549316406,130.41000366210938,130.74000549316406,104.2115707397461,4145800
2019-07-24,131.1999969482422,131.1999969482422,128.6199951171875,129.2100067138672,102.99201965332031,4669700
2019-07-25,128.6300048828125,129.52999877929688,128.38999938964844,128.99000549316406,102.8166732788086,3335200
2019-07-26,129.44000244140625,131.4199981689453,128.7100067138672,131.22000122070312,104.59416198730469,4580800
2019-07-29,131.5,132.05999755859375,131.17999267578125,131.52999877929688,104.84127807617188,4533400
2019-07-30,131.33999633789062,132.0800018310547,130.22999572753906,130.47999572753906,104.0042953491211,3367900
2019-07-31,130.47999572753906,130.47999572753906,126.23999786376953,127.80999755859375,101.87609100341797,5757600
2019-08-01,128.9600067138672,129.39999389648438,126.7699966430664,127.13999938964844,101.34204864501953,6199400
2019-08-02,127.0999984741211,128.82000732421875,126.5,127.91999816894531,101.96376037597656,5573300
2019-08-05,128.35000610351562,129.14999389648438,123.87999725341797,124.4000015258789,99.15799713134766,6192800
2019-08-06,124.77999877929688,127.0,124.37999725341797,126.44999694824219,100.79202270507812,6258600
2019-08-07,126.4000015258789,128.33999633789062,124.62999725341797,127.77999877929688,101.8521728515625,6149000
2019-08-08,128.10000610351562,129.75,127.0,129.47000122070312,103.1992416381836,3702100
2019-08-09,129.7100067138672,129.74000549316406,127.31999969482422,128.60000610351562,102.50577545166016,2929500
2019-08-12,128.4499969482422,129.14999389648438,127.87000274658203,128.35000610351562,102.30652618408203,2920800
2019-08-13,128.27999877929688,130.3800048828125,127.94000244140625,129.92999267578125,103.56594848632812,4088200
2019-08-14,129.52000427246094,130.52999877929688,128.8000030517578,129.1199951171875,102.92027282714844,6232700
2019-08-15,129.66000366210938,131.22000122070312,129.39999389648438,130.72000122070312,104.19564056396484,3701800
2019-08-16,131.4199981689453,132.32000732421875,130.63999938964844,131.75999450683594,105.02457427978516,3405000
2019-08-19,132.07000732421875,132.85000610351562,131.94000244140625,132.57000732421875,105.67025756835938,3101200
2019-08-20,132.8000030517578,133.10000610351562,131.92999267578125,132.05999755859375,105.26373291015625,3160300
2019-08-21,132.91000366210938,133.63999938964844,131.6199951171875,132.33999633789062,105.48692321777344,2936900
2019-08-22,131.75,132.92999267578125,131.32000732421875,132.66000366210938,105.74195861816406,2484200
2019-08-23,132.4499969482422,133.35000610351562,129.5399932861328,130.27000427246094,103.83695220947266,4239500
2019-08-26,130.82000732421875,133.75,130.58999633789062,133.74000549316406,106.60282897949219,3954100
2019-08-27,134.1999969482422,135.36000061035156,133.67999267578125,134.75999450683594,107.41586303710938,7187800
2019-08-28,134.5,135.33999633789062,134.27999877929688,135.19000244140625,107.75862884521484,3972600
2019-08-29,135.61000061035156,136.44000244140625,134.52000427246094,136.02000427246094,108.42020416259766,3045200
2019-08-30,136.11000061035156,137.11000061035156,135.75999450683594,136.72999572753906,108.98612213134766,3742800
2019-09-03,136.35000610351562,137.6699981689453,135.8800048828125,137.4600067138672,109.56804656982422,2989800
2019-09-04,137.80999755859375,139.17999267578125,137.25,139.14999389648438,110.91508483886719,3201700
2019-09-05,138.8000030517578,138.8000030517578,135.5500030517578,135.97999572753906,109.13732147216797,4994600
2019-09-06,136.92999267578125,137.4199981689453,136.02000427246094,137.3699951171875,110.25294494628906,3051600
2019-09-09,136.39999389648438,136.67999267578125,135.42999267578125,136.39999389648438,109.47441864013672,4062100
2019-09-10,135.74000549316406,136.50999450683594,134.67999267578125,135.86000061035156,109.04103088378906,4175000
2019-09-11,135.27000427246094,136.7899932861328,134.8800048828125,136.36000061035156,109.44232177734375,5005100
2019-09-12,136.74000549316406,138.2899932861328,136.74000549316406,137.2899932861328,110.18873596191406,4146900
2019-09-13,136.0800018310547,136.9499969482422,135.67999267578125,136.44000244140625,109.50653839111328,4008200
2019-09-16,136.38999938964844,136.5,134.3800048828125,134.8800048828125,108.25447845458984,2953600
2019-09-17,134.9600067138672,136.30999755859375,134.50999450683594,135.6999969482422,108.91261291503906,4013300
2019-09-18,135.80999755859375,136.0,134.10000610351562,135.5,108.75211334228516,2647800
2019-09-19,135.41000366210938,135.83999633789062,135.0800018310547,135.47999572753906,108.73604583740234,2804500
2019-09-20,135.0,135.75999450683594,134.47999572753906,134.7100067138672,108.11803436279297,6671100
2019-09-23,134.9600067138672,135.75,134.9600067138672,135.44000244140625,108.70392608642578,3346500
2019-09-24,136.25,136.4499969482422,134.5800018310547,135.36000061035156,108.63973236083984,4798500
2019-09-25,135.2100067138672,135.66000366210938,134.50999450683594,135.08999633789062,108.42301177978516,3579500
2019-09-26,135.8699951171875,136.3300018310547,135.00999450683594,135.72000122070312,108.92868041992188,4309600
2019-09-27,136.24000549316406,136.24000549316406,134.6699981689453,135.60000610351562,108.83235931396484,3559400
2019-09-30,136.07000732421875,137.72999572753906,135.8699951171875,137.10000610351562,110.03623962402344,3705200
2019-10-01,136.92999267578125,137.94000244140625,136.08999633789062,137.3699951171875,110.25294494628906,3638900
2019-10-02,136.88999938964844,137.3800048828125,133.49000549316406,133.94000244140625,107.50003051757812,5728600
2019-10-03,138.44000244140625,139.75,136.5,137.92999267578125,110.70240783691406,8829700
2019-10-04,137.83999633789062,140.4499969482422,137.6199951171875,140.27999877929688,112.58850860595703,5278700
2019-10-07,139.2899932861328,139.61000061035156,137.97000122070312,138.33999633789062,111.03144073486328,4273300
2019-10-08,137.64999389648438,138.4499969482422,137.0800018310547,137.24000549316406,110.14861297607422,4074900
2019-10-09,137.32000732421875,138.1699981689453,136.8300018310547,137.85000610351562,110.63819885253906,3065300
2019-10-10,137.11000061035156,138.25,136.63999938964844,137.88999938964844,110.67030334472656,2191000
2019-10-11,138.0800018310547,138.6999969482422,137.08999633789062,137.63999938964844,110.46965026855469,2761400
2019-10-14,137.83999633789062,138.3000030517578,137.24000549316406,137.4499969482422,110.31712341308594,2371500
2019-10-15,137.47999572753906,137.9499969482422,136.16000366210938,136.3300018310547,109.41825866699219,3369300
2019-10-16,136.13999938964844,136.49000549316406,135.5800018310547,136.4199981689453,109.49044799804688,2812000
2019-10-17,137.07000732421875,137.6199951171875,136.60000610351562,136.9600067138672,109.92388916015625,2322500
2019-10-18,137.27000427246094,137.3699951171875,136.22999572753906,136.25,109.35404205322266,3630400
2019-10-21,136.33999633789062,136.74000549316406,135.66000366210938,136.1199951171875,109.24967956542969,2829400
2019-10-22,136.64999389648438,137.35000610351562,136.30999755859375,136.66000366210938,109.68312072753906,3248100
2019-10-23,136.61000061035156,137.5,136.61000061035156,137.4499969482422,110.31712341308594,2323600
2019-10-24,137.6999969482422,138.11000061035156,136.7899932861328,137.88999938964844,110.67030334472656,2292500
2019-10-25,137.77999877929688,137.9199981689453,136.22999572753906,136.63999938964844,109.66704559326172,2520000
2019-10-28,136.5500030517578,137.5500030517578,136.14999389648438,136.57000732421875,109.61087799072266,3212600
2019-10-29,136.8300018310547,137.1199951171875,135.94000244140625,136.0800018310547,109.21762084960938,2550300
2019-10-30,135.86000061035156,137.2899932861328,135.41000366210938,136.89999389648438,109.87571716308594,2653700
2019-10-31,136.8000030517578,137.52999877929688,136.10000610351562,137.1699981689453,110.09239959716797,4492300
2019-11-01,137.5500030517578,138.33999633789062,136.6999969482422,136.92999267578125,109.8998031616211,3054900
2019-11-04,136.8000030517578,137.10000610351562,134.72999572753906,135.16000366210938,108.47920989990234,3202400
2019-11-05,134.8300018310547,135.10000610351562,132.60000610351562,134.00999450683594,107.55621337890625,4300800
2019-11-06,134.5,134.8800048828125,133.5500030517578,134.44000244140625,107.9013442993164,3645600
2019-11-07,134.41000366210938,134.5,133.1199951171875,133.32000732421875,107.00241088867188,3338700
2019-11-08,133.2899932861328,134.1300048828125,132.57000732421875,133.1300048828125,106.84992980957031,2604000
2019-11-11,133.02999877929688,133.02999877929688,131.97000122070312,132.38999938964844,106.2560043334961,2227200
2019-11-12,132.67999267578125,132.67999267578125,131.58999633789062,131.97999572753906,105.92694091796875,3246500
2019-11-13,132.6300048828125,133.57000732421875,132.00999450683594,133.2899932861328,106.97833251953125,3166600
2019-11-14,133.60000610351562,133.91000366210938,132.72999572753906,133.3300018310547,107.01043701171875,2141900
2019-11-15,133.66000366210938,133.9199981689453,132.8000030517578,133.80999755859375,107.39569854736328,3648700
2019-11-18,134.0,135.69000244140625,133.91000366210938,134.05999755859375,107.59635162353516,3619700
2019-11-19,134.64999389648438,135.05999755859375,134.07000732421875,134.57000732421875,108.00566864013672,3019100
2019-11-20,134.30999755859375,135.1999969482422,133.39999389648438,133.74000549316406,107.33951568603516,3047700
2019-11-21,133.42999267578125,134.2100067138672,133.08999633789062,133.91000366210938,107.47595977783203,3391200
2019-11-22,133.9199981689453,134.52999877929688,133.02000427246094,134.07000732421875,107.60440063476562,3014900
2019-11-25,134.66000366210938,134.77999877929688,133.2100067138672,133.8300018310547,107.41173553466797,3612400
2019-11-26,134.2899932861328,135.8699951171875,133.8699951171875,135.6999969482422,108.91261291503906,4947400
2019-11-27,135.6999969482422,136.52000427246094,135.3300018310547,135.91000366210938,109.08116149902344,2476100
2019-11-29,136.05999755859375,136.4199981689453,135.25999450683594,135.8300018310547,109.01695251464844,2978400
2019-12-02,136.64999389648438,136.64999389648438,134.44000244140625,135.8800048828125,109.05709838867188,3866300
2019-12-03,136.66000366210938,136.66000366210938,134.32000732421875,135.4600067138672,108.71998596191406,5000000
2019-12-04,134.9499969482422,137.3699951171875,134.5399932861328,137.3000030517578,110.19676971435547,4228200
2019-12-05,136.19000244140625,136.5399932861328,135.27000427246094,136.33999633789062,110.19274139404297,3351800
2019-12-06,136.6699981689453,137.69000244140625,136.33999633789062,137.36000061035156,111.01712036132812,3216900
2019-12-09,137.14999389648438,138.0399932861328,137.0,137.16000366210938,110.85546875,3882900
2019-12-10,137.61000061035156,137.61000061035156,136.1699981689453,136.27000427246094,110.13616180419922,2940200
2019-12-11,137.0500030517578,137.5399932861328,136.32000732421875,137.10000610351562,110.80696868896484,3339100
2019-12-12,136.8000030517578,137.89999389648438,136.75,137.17999267578125,110.87162780761719,3502100
2019-12-13,136.92999267578125,138.25,136.19000244140625,137.94000244140625,111.48588562011719,3557900
2019-12-16,136.9499969482422,137.52000427246094,136.16000366210938,137.05999755859375,110.7746353149414,4701000
2019-12-17,137.0500030517578,137.44000244140625,135.69000244140625,136.1699981689453,110.05534362792969,5491800
2019-12-18,137.0500030517578,137.3000030517578,135.6300048828125,135.97000122070312,109.89366912841797,5370500
2019-12-19,136.22000122070312,136.74000549316406,135.9499969482422,136.47000122070312,110.29777526855469,3641700
2019-12-20,137.41000366210938,138.1300048828125,135.16000366210938,137.9199981689453,111.46971893310547,10311300
2019-12-23,137.69000244140625,138.1300048828125,136.83999633789062,137.0399932861328,110.75847625732422,2992900
2019-12-24,137.08999633789062,137.3800048828125,136.27000427246094,136.88999938964844,110.63725280761719,1220600
2019-12-26,136.86000061035156,137.33999633789062,136.10000610351562,136.69000244140625,110.47561645507812,2934700
2019-12-27,136.8800048828125,137.5800018310547,136.6300048828125,137.5399932861328,111.16259765625,2554000
2019-12-30,136.6999969482422,137.97000122070312,136.47999572753906,136.80999755859375,110.57259368896484,3024700
2019-12-31,136.69000244140625,137.25999450683594,136.02999877929688,136.6699981689453,110.45944213867188,3229400
2020-01-02,136.8699951171875,137.22999572753906,135.13999938964844,135.82000732421875,109.77246856689453,3784100
2020-01-03,135.4600067138672,136.7899932861328,135.1300048828125,135.6300048828125,109.61890411376953,4000100
2020-01-06,135.3000030517578,136.32000732421875,135.1999969482422,136.14999389648438,110.03915405273438,4085100
2020-01-07,136.0,136.07000732421875,133.9499969482422,134.00999450683594,108.30957794189453,5718100
2020-01-08,134.4600067138672,135.36000061035156,134.07000732421875,134.6999969482422,108.86725616455078,3681400
2020-01-09,135.2899932861328,135.3800048828125,134.52999877929688,134.7899932861328,108.93997955322266,3954700
2020-01-10,135.1699981689453,135.4199981689453,134.38999938964844,134.52999877929688,108.72984313964844,3099500
2020-01-13,134.64999389648438,136.58999633789062,134.6300048828125,136.52999877929688,110.34630584716797,5127200
2020-01-14,136.17999267578125,136.94000244140625,135.6999969482422,136.85000610351562,110.60492706298828,4159700
2020-01-15,137.0399932861328,139.25,136.8000030517578,139.1999969482422,112.50421905517578,5002600
2020-01-16,139.35000610351562,140.16000366210938,138.60000610351562,139.61000061035156,112.83562469482422,4977900
2020-01-17,140.10000610351562,141.32000732421875,139.89999389648438,141.25999450683594,114.16915893554688,6908700
2020-01-21,140.61000061035156,142.1199951171875,140.33999633789062,141.86000061035156,114.65409851074219,4440000
2020-01-22,141.80999755859375,143.57000732421875,141.72000122070312,143.3800048828125,115.88259887695312,5366100
2020-01-23,143.08999633789062,143.85000610351562,142.3699951171875,143.64999389648438,116.1008071899414,3915700
2020-01-24,143.8300018310547,144.14999389648438,142.4499969482422,142.9199981689453,115.51081848144531,2791500
2020-01-27,141.64999389648438,143.36000061035156,141.0500030517578,142.13999938964844,114.8803939819336,3895300
2020-01-28,142.1300048828125,142.9199981689453,141.75999450683594,142.44000244140625,115.12287902832031,2908300
2020-01-29,142.0,142.4499969482422,141.1699981689453,141.72999572753906,114.54901885986328,3263200
2020-01-30,142.32000732421875,143.9600067138672,141.52000427246094,143.8300018310547,116.24627685546875,4058500
2020-01-31,143.80999755859375,144.64999389648438,141.57000732421875,142.02000427246094,114.78340911865234,4753100
2020-02-03,142.77000427246094,143.07000732421875,141.83999633789062,142.50999450683594,115.17945098876953,3977800
2020-02-04,143.1999969482422,144.05999755859375,142.10000610351562,143.22000122070312,115.7532730102539,3494300
2020-02-05,143.67999267578125,144.58999633789062,143.42999267578125,144.3000030517578,116.62617492675781,3504900
2020-02-06,144.63999938964844,145.3000030517578,144.07000732421875,144.3300018310547,116.65042877197266,3571400
2020-02-07,144.25999450683594,145.72000122070312,143.8300018310547,145.3699951171875,117.4909439086914,3138500
2020-02-10,145.92999267578125,146.4199981689453,145.1300048828125,145.66000366210938,117.72537231445312,3775600
2020-02-11,146.2100067138672,146.36000061035156,144.8699951171875,146.0800018310547,118.0647964477539,3870500
2020-02-12,146.67999267578125,146.74000549316406,145.35000610351562,146.0800018310547,118.0647964477539,4217400
2020-02-13,145.25,147.1300048828125,143.52000427246094,146.47000122070312,118.3800048828125,5041400
2020-02-14,146.57000732421875,147.14999389648438,145.94000244140625,146.99000549316406,118.80027770996094,3555600
2020-02-18,147.11000061035156,147.1999969482422,145.39999389648438,145.60000610351562,117.67681884765625,4938700
2020-02-19,145.6199951171875,146.47999572753906,145.49000549316406,145.52999877929688,117.62024688720703,2978800
2020-02-20,145.77000427246094,145.8000030517578,143.9499969482422,145.16000366210938,117.32124328613281,2805900
2020-02-21,145.05999755859375,145.9199981689453,144.80999755859375,145.85000610351562,117.87891387939453,4271800
2020-02-24,145.86000061035156,147.14999389648438,142.55999755859375,142.63999938964844,115.28451538085938,5027700
2020-02-25,142.58999633789062,144.3800048828125,140.57000732421875,141.10000610351562,114.03987884521484,7585800
2020-02-26,142.44000244140625,143.75,141.16000366210938,141.97999572753906,114.75110626220703,6157200
2020-02-27,141.41000366210938,143.13999938964844,136.30999755859375,136.3699951171875,110.21694946289062,8605000
2020-02-28,133.24000549316406,133.75,128.35000610351562,132.02999877929688,106.70929718017578,14164000
2020-03-02,132.0,137.77000427246094,131.72000122070312,137.5800018310547,111.1949234008789,8504500
2020-03-03,137.19000244140625,139.6699981689453,134.74000549316406,135.5800018310547,109.5784683227539,8728300
2020-03-04,136.19000244140625,142.7100067138672,136.00999450683594,142.38999938964844,115.08248138427734,7635700
2020-03-05,138.80999755859375,141.4199981689453,136.6699981689453,138.10000610351562,112.36885833740234,6579100
2020-03-06,131.55999755859375,138.1699981689453,131.4499969482422,137.25999450683594,111.68536376953125,6754900
2020-03-09,130.17999267578125,133.35000610351562,128.17999267578125,130.16000366210938,105.90824890136719,8716300
2020-03-10,132.0500030517578,134.57000732421875,126.86000061035156,134.13999938964844,109.14667510986328,8258600
2020-03-11,130.5800018310547,132.5399932861328,127.62999725341797,129.75,105.57462310791016,7465100
2020-03-12,122.0999984741211,125.0,113.58999633789062,115.33999633789062,93.84954833984375,12808300
2020-03-13,120.68000030517578,127.58999633789062,115.06999969482422,127.44999694824219,103.70316314697266,12007700
2020-03-16,114.69000244140625,123.81999969482422,112.0,113.08999633789062,92.0187759399414,10733300
2020-03-17,116.69999694824219,127.86000061035156,116.38999938964844,127.72000122070312,103.9228744506836,14242300
2020-03-18,120.83999633789062,127.72000122070312,113.7699966430664,120.91999816894531,98.3898696899414,15250800
2020-03-19,121.43000030517578,122.08999633789062,116.05999755859375,117.33999633789062,95.47689056396484,9393500
2020-03-20,118.23999786376953,118.44999694824219,101.41999816894531,103.93000030517578,84.56550598144531,13093200
2020-03-23,106.0,112.87000274658203,102.87000274658203,105.18000030517578,85.58258819580078,13926800
2020-03-24,109.93000030517578,114.43000030517578,109.37000274658203,113.83999633789062,92.6290283203125,11447000
2020-03-25,112.73999786376953,116.36000061035156,111.04000091552734,112.5,91.53868103027344,9485500
2020-03-26,112.70999908447266,121.80000305175781,112.58000183105469,120.26000213623047,97.85282135009766,10376800
2020-03-27,118.56999969482422,124.6500015258789,117.98999786376953,120.45999908447266,98.01558685302734,9852500
2020-03-30,121.61000061035156,125.83999633789062,121.51000213623047,125.4800033569336,102.10025024414062,6916800
2020-03-31,124.94000244140625,125.69999694824219,119.52999877929688,120.0999984741211,97.72264862060547,7091700
2020-04-01,117.2699966430664,122.30000305175781,115.66999816894531,118.12000274658203,96.11157989501953,6873000
2020-04-02,117.22000122070312,125.18000030517578,116.4800033569336,123.86000061035156,100.78208923339844,6181800
2020-04-03,123.19000244140625,125.37000274658203,122.44000244140625,124.58999633789062,101.37606048583984,5552000
2020-04-06,128.66000366210938,132.1300048828125,125.29000091552734,131.16000366210938,106.721923828125,8242200
2020-04-07,132.7100067138672,135.0800018310547,130.2899932861328,130.47999572753906,106.16860961914062,6253900
2020-04-08,129.63999938964844,133.2899932861328,129.1300048828125,132.61000061035156,107.90177154541016,5241100
2020-04-09,132.08999633789062,135.0800018310547,131.50999450683594,133.6300048828125,108.73171997070312,5502400
2020-04-13,131.69000244140625,133.35000610351562,129.42999267578125,130.88999938964844,106.50222778320312,3785000
2020-04-14,133.22000122070312,138.6300048828125,132.35000610351562,138.39999389648438,112.6129379272461,6278700
2020-04-15,137.13999938964844,137.55999755859375,133.6999969482422,135.02999877929688,109.87084197998047,5773100
2020-04-16,136.97000122070312,136.97000122070312,133.85000610351562,135.63999938964844,110.36721801757812,4564000
2020-04-17,137.72999572753906,138.0,134.91000366210938,137.5500030517578,111.92134094238281,4866500
2020-04-20,136.94000244140625,137.3800048828125,134.50999450683594,134.5500030517578,109.48030090332031,3995400
2020-04-21,132.13999938964844,132.94000244140625,130.58999633789062,130.94000244140625,106.54291534423828,4359500
2020-04-22,132.44000244140625,133.6699981689453,131.22000122070312,132.6199951171875,107.90988159179688,4084600
2020-04-23,132.5,134.13999938964844,130.02999877929688,130.25999450683594,105.9896011352539,5527700
2020-04-24,130.8699951171875,134.82000732421875,130.64999389648438,134.36000061035156,109.32568359375,4063100
2020-04-27,134.4199981689453,135.2100067138672,133.88999938964844,134.4600067138672,109.40705871582031,4009200
2020-04-28,136.77999877929688,137.67999267578125,134.66000366210938,136.32000732421875,110.92048645019531,6674200
2020-04-29,136.77000427246094,136.97999572753906,132.89999389648438,133.36000061035156,108.51201629638672,6706800
2020-04-30,132.41000366210938,133.1699981689453,130.4199981689453,132.2899932861328,107.6413803100586,6783000
2020-05-01,131.1199951171875,132.22999572753906,129.52000427246094,130.13999938964844,105.89196014404297,4488000
2020-05-04,130.1699981689453,131.35000610351562,129.32000732421875,130.9199981689453,106.52662658691406,5245300
2020-05-05,131.63999938964844,133.3300018310547,130.77000427246094,131.6699981689453,107.13689422607422,3580000
2020-05-06,131.5800018310547,132.22999572753906,130.69000244140625,130.77999877929688,106.4127197265625,4192200
2020-05-07,131.5500030517578,132.0,130.1199951171875,131.5500030517578,107.03927612304688,5528000
2020-05-08,133.07000732421875,135.16000366210938,132.4600067138672,134.22999572753906,109.21991729736328,4209100
2020-05-11,133.42999267578125,136.1999969482422,133.1699981689453,134.3800048828125,109.34195709228516,3591100
2020-05-12,134.75999450683594,136.3800048828125,132.86000061035156,132.94000244140625,108.1702651977539,3914600
2020-05-13,133.17999267578125,134.47000122070312,131.4499969482422,132.9600067138672,108.1865463256836,5168500
2020-05-14,132.7100067138672,133.55999755859375,130.14999389648438,133.0800018310547,108.28417205810547,5522200
2020-05-15,133.77000427246094,137.66000366210938,132.7899932861328,135.9499969482422,110.61946105957031,20338200
2020-05-18,136.85000610351562,137.99000549316406,135.05999755859375,135.52000427246094,110.26957702636719,8480300
2020-05-19,134.42999267578125,134.75999450683594,131.39999389648438,131.72999572753906,107.18570709228516,6640300
2020-05-20,132.5399932861328,132.67999267578125,130.33999633789062,131.25999450683594,106.80328369140625,8213100
2020-05-21,130.97999572753906,131.44000244140625,129.61000061035156,130.2100067138672,105.9489517211914,4886300
2020-05-22,129.61000061035156,130.6300048828125,129.1699981689453,130.47999572753906,106.16860961914062,3429200
2020-05-26,131.94000244140625,132.0500030517578,129.39999389648438,129.75,105.57462310791016,5579300
2020-05-27,129.72000122070312,130.83999633789062,128.5800018310547,130.80999755859375,106.43714141845703,5686500
2020-05-28,131.2100067138672,132.72999572753906,130.11000061035156,132.2899932861328,107.6413803100586,4974400
2020-05-29,132.00999450683594,132.24000549316406,130.32000732421875,131.5500030517578,107.03927612304688,13337900
2020-06-01,131.60000610351562,133.9499969482422,131.19000244140625,132.99000549316406,108.21096801757812,4049200
2020-06-02,133.0500030517578,133.80999755859375,131.1199951171875,132.6300048828125,107.91802215576172,5327500
2020-06-03,133.24000549316406,134.27999877929688,132.60000610351562,132.82000732421875,108.0726318359375,5421200
2020-06-04,131.58999633789062,133.55999755859375,130.17999267578125,130.57000732421875,107.06652069091797,5229700
2020-06-05,131.0,133.52000427246094,130.77000427246094,132.44000244140625,108.59989166259766,7075700
2020-06-08,131.3800048828125,132.47000122070312,131.24000549316406,132.2100067138672,108.41130065917969,5613000
2020-06-09,131.8300018310547,133.14999389648438,131.0500030517578,132.97000122070312,109.03448486328125,6446900
2020-06-10,133.27999877929688,135.16000366210938,133.1699981689453,134.1300048828125,109.98567962646484,7069900
2020-06-11,134.22000122070312,135.13999938964844,127.45999908447266,127.83999633789062,104.82791137695312,8541000
2020-06-12,129.14999389648438,129.92999267578125,127.43000030517578,129.0,105.77909851074219,7039500
2020-06-15,128.2899932861328,130.9600067138672,126.52999877929688,130.47999572753906,106.99268341064453,5481000
2020-06-16,132.67999267578125,133.05999755859375,130.1199951171875,131.6699981689453,107.9684829711914,5197700
2020-06-17,131.88999938964844,133.0399932861328,131.49000549316406,131.75999450683594,108.04228210449219,3309700
2020-06-18,131.4199981689453,133.1300048828125,130.6300048828125,132.77999877929688,108.87867736816406,3417200
2020-06-19,134.41000366210938,134.82000732421875,131.22000122070312,131.27999877929688,107.64869689941406,8310100
2020-06-22,130.5500030517578,131.75999450683594,129.9499969482422,131.0500030517578,107.46009826660156,3379900
2020-06-23,131.6199951171875,132.67999267578125,130.97999572753906,131.36000061035156,107.71429443359375,3625600
2020-06-24,130.52000427246094,131.07000732421875,128.67999267578125,129.55999755859375,106.23831176757812,4853500
2020-06-25,129.13999938964844,131.72999572753906,128.0500030517578,131.41000366210938,107.75530242919922,4442000
2020-06-26,131.67999267578125,132.3699951171875,128.05999755859375,128.92999267578125,105.72171783447266,7372700
2020-06-29,130.17999267578125,131.39999389648438,129.42999267578125,131.0800018310547,107.4847183227539,4173900
2020-06-30,131.8300018310547,132.82000732421875,130.85000610351562,132.25999450683594,108.45228576660156,4626700
2020-07-01,132.52999877929688,133.6199951171875,131.94000244140625,132.36000061035156,108.5343017578125,3633000
2020-07-02,133.5399932861328,134.1699981689453,132.5399932861328,132.85000610351562,108.93608856201172,2769200
2020-07-06,133.0800018310547,133.9499969482422,132.30999755859375,133.3000030517578,109.30509185791016,4221600
2020-07-07,132.27000427246094,134.6199951171875,132.1699981689453,133.57000732421875,109.52648162841797,4424500
2020-07-08,134.16000366210938,134.69000244140625,133.16000366210938,134.22000122070312,110.0594711303711,3798200
2020-07-09,132.89999389648438,133.94000244140625,131.72999572753906,132.7100067138672,108.8213119506836,4005200
2020-07-10,132.3699951171875,134.88999938964844,131.27999877929688,134.4600067138672,110.25627136230469,5932800
2020-07-13,136.77000427246094,138.07000732421875,134.47000122070312,134.91000366210938,110.62528228759766,8960000
2020-07-14,134.58999633789062,136.9499969482422,134.25,135.52000427246094,111.12548828125,6766800
2020-07-15,135.35000610351562,136.19000244140625,133.25,133.69000244140625,109.62487030029297,5561300
2020-07-16,134.05999755859375,134.36000061035156,133.0500030517578,133.8800048828125,109.78068542480469,3788100
2020-07-17,134.64999389648438,135.05999755859375,133.5500030517578,134.66000366210938,110.4202651977539,3229300
2020-07-20,134.61000061035156,134.61000061035156,132.17999267578125,133.11000061035156,109.14929962158203,3620300
2020-07-21,134.0,136.41000366210938,133.7899932861328,134.42999267578125,110.23165893554688,5435400
2020-07-22,135.55999755859375,136.25,133.67999267578125,136.00999450683594,111.52728271484375,3522300
2020-07-23,136.58999633789062,137.25,135.49000549316406,137.0800018310547,112.40465545654297,5011400
2020-07-24,136.99000549316406,138.63999938964844,135.38999938964844,136.05999755859375,111.56827545166016,3300000
2020-07-27,135.52999877929688,137.75999450683594,134.85000610351562,137.6699981689453,112.8884506225586,3607700
2020-07-28,137.97999572753906,138.58999633789062,137.08999633789062,137.3800048828125,112.650634765625,3787500
2020-07-29,137.3800048828125,139.0,137.0399932861328,137.92999267578125,113.10164642333984,3179000
2020-07-30,137.24000549316406,138.22000122070312,136.47999572753906,137.69000244140625,112.90483856201172,2817600
2020-07-31,137.25999450683594,137.6999969482422,135.1999969482422,137.66000366210938,112.8802490234375,4304100
2020-08-03,137.11000061035156,137.5,136.0,136.6999969482422,112.09302520751953,2819200
2020-08-04,137.52000427246094,137.58999633789062,136.02000427246094,137.47000122070312,112.72445678710938,2553500
2020-08-05,138.14999389648438,138.14999389648438,135.77000427246094,136.25,111.72405242919922,2924000
2020-08-06,135.27000427246094,136.2899932861328,135.27000427246094,135.86000061035156,111.40424346923828,2692900
2020-08-07,135.94000244140625,136.75999450683594,135.3699951171875,136.74000549316406,112.12588500976562,3692100
2020-08-10,136.32000732421875,136.8800048828125,135.3800048828125,135.97999572753906,111.50265502929688,3052000
2020-08-11,136.97000122070312,137.4499969482422,134.6199951171875,135.1199951171875,110.79744720458984,3301200
2020-08-12,135.33999633789062,138.67999267578125,135.25,137.8000030517578,112.99506378173828,4424600
2020-08-13,137.10000610351562,138.61000061035156,137.10000610351562,138.10000610351562,113.2410659790039,2393500
2020-08-14,138.11000061035156,138.1699981689453,137.1999969482422,137.55999755859375,112.79823303222656,2461700
2020-08-17,137.5,138.88999938964844,137.0500030517578,137.9199981689453,113.09343719482422,2862500
2020-08-18,138.61000061035156,138.61000061035156,137.0399932861328,138.11000061035156,113.24922180175781,2638600
2020-08-19,138.69000244140625,138.7899932861328,136.10000610351562,136.4499969482422,111.8880615234375,3682200
2020-08-20,135.66000366210938,137.14999389648438,135.6300048828125,136.72000122070312,112.10948181152344,2263000
2020-08-21,136.3699951171875,136.66000366210938,135.25,136.4600067138672,111.89627838134766,4295600
2020-08-24,136.4600067138672,137.67999267578125,136.11000061035156,137.63999938964844,112.86385345458984,3177800
2020-08-25,138.25999450683594,138.3800048828125,136.6999969482422,137.3000030517578,112.58504486083984,2597400
2020-08-26,136.5800018310547,138.66000366210938,136.3800048828125,138.47000122070312,113.54444885253906,6019700
2020-08-27,138.7100067138672,139.92999267578125,137.91000366210938,138.39999389648438,113.48703002929688,4159300
2020-08-28,138.52000427246094,139.9600067138672,137.24000549316406,139.94000244140625,114.74982452392578,3355400
2020-08-31,139.32000732421875,141.02000427246094,139.0,140.05999755859375,114.84825134277344,3828700
2020-09-01,140.25,140.47999572753906,138.50999450683594,139.19000244140625,114.13484191894531,3421700
2020-09-02,139.52000427246094,143.82000732421875,139.35000610351562,143.2899932861328,117.49681091308594,4918200
2020-09-03,142.77000427246094,144.0399932861328,138.1199951171875,139.3699951171875,115.10420989990234,6642400
2020-09-04,139.66000366210938,140.30999755859375,136.94000244140625,138.75999450683594,114.6004409790039,4836400
2020-09-08,138.30999755859375,138.6300048828125,134.41000366210938,135.5500030517578,111.94933319091797,4901500
2020-09-09,135.5,138.4600067138672,135.39999389648438,137.11000061035156,113.23770904541016,4282300
2020-09-10,136.60000610351562,137.5500030517578,133.8800048828125,134.75999450683594,111.29685974121094,6050500
2020-09-11,135.22000122070312,136.3800048828125,134.22999572753906,135.80999755859375,112.16402435302734,3411900
2020-09-14,136.52999877929688,137.5,135.8000030517578,136.6699981689453,112.87431335449219,2779000
2020-09-15,136.47999572753906,137.24000549316406,135.41000366210938,135.6199951171875,112.00711822509766,4080800
2020-09-16,136.27999877929688,136.60000610351562,134.77999877929688,134.97999572753906,111.47855377197266,3353500
2020-09-17,133.38999938964844,134.5500030517578,131.69000244140625,133.1999969482422,110.00845336914062,5186400
2020-09-18,133.7100067138672,134.7899932861328,130.00999450683594,131.47000122070312,108.5796890258789,8473000
2020-09-21,130.3699951171875,131.30999755859375,129.36000061035156,131.24000549316406,108.3897476196289,4402700
2020-09-22,131.0,132.88999938964844,130.4499969482422,132.14999389648438,109.14131164550781,3951000
2020-09-23,132.6999969482422,132.82000732421875,129.85000610351562,131.0,108.1915283203125,5909900
2020-09-24,131.44000244140625,132.30999755859375,129.9199981689453,131.5800018310547,108.67051696777344,4316600
2020-09-25,130.88999938964844,133.8300018310547,130.50999450683594,133.5500030517578,110.29752349853516,4576000
2020-09-28,136.0399932861328,138.5800018310547,135.6699981689453,137.97000122070312,113.94796752929688,7487500
2020-09-29,138.66000366210938,139.5399932861328,137.1300048828125,137.16000366210938,113.27898406982422,4330500
2020-09-30,137.99000549316406,139.19000244140625,136.89999389648438,138.60000610351562,114.46829223632812,7060700
2020-10-01,139.44000244140625,140.85000610351562,137.49000549316406,140.8000030517578,116.28526306152344,6483900
2020-10-02,139.27999877929688,139.91000366210938,136.1999969482422,138.05999755859375,114.02228546142578,5130200
2020-10-05,138.11000061035156,138.3800048828125,136.97999572753906,137.92999267578125,113.91493225097656,4519800
2020-10-06,138.0,138.82000732421875,135.14999389648438,135.6999969482422,112.07318115234375,5031000
2020-10-07,135.94000244140625,137.52000427246094,135.75999450683594,137.00999450683594,113.15509796142578,4347300
2020-10-08,137.27999877929688,138.1300048828125,136.75999450683594,137.85000610351562,113.84886169433594,2977400
2020-10-09,138.6999969482422,139.25999450683594,137.89999389648438,138.44000244140625,114.33612823486328,3194000
2020-10-12,141.1199951171875,143.49000549316406,139.77999877929688,142.1300048828125,117.38367462158203,6167200
2020-10-13,142.22000122070312,144.0,141.91000366210938,143.5399932861328,118.54814910888672,4293200
2020-10-14,143.5500030517578,144.11000061035156,141.6300048828125,142.52000427246094,117.70576477050781,3641000
2020-10-15,141.16000366210938,141.97000122070312,140.6199951171875,141.42999267578125,116.80555725097656,3306800
2020-10-16,141.75,142.82000732421875,141.1300048828125,141.72999572753906,117.05329132080078,5076000
2020-10-19,141.33999633789062,142.52999877929688,139.25,139.67999267578125,115.36024475097656,3223200
2020-10-20,141.0,141.22000122070312,139.41000366210938,139.7100067138672,115.38501739501953,2750900
2020-10-21,139.67999267578125,140.47999572753906,139.10000610351562,139.60000610351562,115.2941665649414,2560100
2020-10-22,139.8000030517578,140.1999969482422,139.00999450683594,139.61000061035156,115.30242919921875,2909000
2020-10-23,140.22000122070312,140.52999877929688,139.0399932861328,139.55999755859375,115.26112365722656,2758400
2020-10-26,138.74000549316406,139.0800018310547,136.41000366210938,138.05999755859375,114.02228546142578,3431100
2020-10-27,138.57000732421875,139.88999938964844,138.3000030517578,139.1199951171875,114.8977279663086,3390800
2020-10-28,137.14999389648438,137.7100067138672,133.94000244140625,134.1699981689453,110.80960083007812,5196000
2020-10-29,133.75999450683594,135.6300048828125,132.25999450683594,133.99000549316406,110.6609115600586,3856500
2020-10-30,132.92999267578125,133.83999633789062,131.7100067138672,133.2899932861328,110.0827865600586,4303900
2020-11-02,135.61000061035156,136.22999572753906,133.77999877929688,135.14999389648438,111.61897277832031,3126400
2020-11-03,136.6199951171875,138.60000610351562,136.27999877929688,137.0399932861328,113.17988586425781,3293900
2020-11-04,139.0,141.6999969482422,137.66000366210938,137.86000061035156,113.85713195800781,4576300
2020-11-05,139.35000610351562,140.27000427246094,137.47000122070312,138.0500030517578,114.01405334472656,3667800
2020-11-06,138.55999755859375,139.77000427246094,137.3300018310547,138.3800048828125,114.28659057617188,2867000
2020-11-09,142.0,143.64999389648438,138.1699981689453,138.4499969482422,114.34439086914062,6111300
2020-11-10,136.99000549316406,142.44000244140625,136.19000244140625,141.72000122070312,117.04505920410156,5284500
2020-11-11,142.86000061035156,144.24000549316406,141.61000061035156,143.89999389648438,118.84548950195312,4389800
2020-11-12,144.25,144.74000549316406,142.75999450683594,143.83999633789062,118.79593658447266,2570100
2020-11-13,143.77000427246094,144.88999938964844,143.27000427246094,144.7100067138672,119.51446533203125,2580400
2020-11-16,145.0,146.25999450683594,144.69000244140625,145.75999450683594,120.38165283203125,3399000
2020-11-17,144.27000427246094,146.10000610351562,144.11000061035156,145.24000549316406,119.95218658447266,2924000
2020-11-18,145.49000549316406,146.57000732421875,143.3000030517578,143.3800048828125,118.41602325439453,4335200
2020-11-19,142.8800048828125,143.6999969482422,142.33999633789062,143.32000732421875,118.36649322509766,4263500
2020-11-20,143.64999389648438,144.63999938964844,143.0,143.4199981689453,118.44906616210938,3469100
2020-11-23,143.30999755859375,143.64999389648438,141.8800048828125,143.02000427246094,118.11870574951172,3443300
2020-11-24,143.19000244140625,144.36000061035156,142.82000732421875,144.02999877929688,118.95283508300781,4472300
2020-11-25,144.4499969482422,144.9199981689453,143.6999969482422,144.16000366210938,119.06021881103516,2278300
2020-11-27,144.6199951171875,145.27999877929688,144.17999267578125,144.60000610351562,119.42364501953125,1596000
2020-11-30,144.4600067138672,144.6300048828125,142.8800048828125,144.22999572753906,119.11803436279297,4906900
2020-12-01,145.02999877929688,146.6300048828125,144.5,146.07000732421875,120.63766479492188,3999200
2020-12-02,145.8800048828125,146.94000244140625,143.88999938964844,144.6199951171875,119.44014739990234,4432900
2020-12-03,143.02000427246094,144.9600067138672,143.02000427246094,144.4499969482422,120.14965057373047,4757900
2020-12-04,143.8699951171875,145.97999572753906,143.85000610351562,145.85000610351562,121.31416320800781,3592600
2020-12-07,145.67999267578125,146.55999755859375,144.6199951171875,145.3699951171875,120.91484832763672,4217300
2020-12-08,145.3300018310547,146.16000366210938,144.2899932861328,145.52000427246094,121.03965759277344,3623800
2020-12-09,145.55999755859375,146.10000610351562,144.27999877929688,145.69000244140625,121.1810302734375,3842000
2020-12-10,146.0399932861328,146.2899932861328,144.4199981689453,144.6699981689453,120.33264923095703,3985000
2020-12-11,143.6300048828125,145.10000610351562,143.41000366210938,144.97000122070312,120.5821533203125,2975500
2020-12-14,145.25,146.47000122070312,144.0500030517578,144.22999572753906,119.96664428710938,3952400
2020-12-15,144.55999755859375,145.27000427246094,143.88999938964844,144.77000427246094,120.4157943725586,3183300
2020-12-16,143.97999572753906,145.47000122070312,143.89999389648438,144.88999938964844,120.51559448242188,4915800
2020-12-17,145.25,146.1999969482422,145.17999267578125,145.7100067138672,121.19766998291016,3312500
2020-12-18,146.3300018310547,147.10000610351562,145.5,146.92999267578125,122.21239471435547,8980400
2020-12-21,145.0,145.66000366210938,143.47000122070312,145.39999389648438,120.9397964477539,3946900
2020-12-22,144.60000610351562,145.0,143.47999572753906,144.02000427246094,119.79195404052734,2653700
2020-12-23,144.49000549316406,145.60000610351562,144.07000732421875,144.41000366210938,120.1163558959961,2645100
2020-12-24,144.8300018310547,145.11000061035156,144.13999938964844,145.05999755859375,120.656982421875,883300
2020-12-28,145.77999877929688,147.60000610351562,145.5399932861328,146.91000366210938,122.19583129882812,2493500
2020-12-29,147.67999267578125,148.77000427246094,146.83999633789062,147.4199981689453,122.62003326416016,3186700
2020-12-30,147.47000122070312,147.99000549316406,147.00999450683594,147.30999755859375,122.52849578857422,2224900
2020-12-31,147.47999572753906,148.4600067138672,146.63999938964844,148.3000030517578,123.35198211669922,2076800
2021-01-04,147.00999450683594,147.77999877929688,141.94000244140625,144.27000427246094,119.99990844726562,7486900
2021-01-05,144.07000732421875,145.17999267578125,142.89999389648438,144.6999969482422,120.35758209228516,4126000
2021-01-06,141.6699981689453,143.60000610351562,141.58999633789062,142.92999267578125,118.88529968261719,4843300
2021-01-07,142.80999755859375,143.14999389648438,141.14999389648438,142.47000122070312,118.50272369384766,4473200
2021-01-08,142.47000122070312,144.39999389648438,141.66000366210938,144.17999267578125,119.92505645751953,4312000
2021-01-11,144.02999877929688,144.30999755859375,141.69000244140625,142.08999633789062,118.18663024902344,3902700
2021-01-12,141.6300048828125,142.0,139.4499969482422,141.42999267578125,117.6376953125,5150000
2021-01-13,141.1199951171875,143.24000549316406,141.0,142.58999633789062,118.6025161743164,4361600
2021-01-14,141.47999572753906,142.44000244140625,141.07000732421875,141.75999450683594,117.91214752197266,4724700
2021-01-15,141.4499969482422,142.60000610351562,140.52999877929688,141.38999938964844,117.60442352294922,4309100
2021-01-19,142.3800048828125,142.5800018310547,141.44000244140625,142.05999755859375,118.16170501708984,5158600
2021-01-20,141.0399932861328,141.77999877929688,139.9199981689453,141.3300018310547,117.55451202392578,5019300
2021-01-21,140.2899932861328,140.7899932861328,138.74000549316406,139.61000061035156,116.12385559082031,5684100
2021-01-22,139.5,139.5399932861328,138.22999572753906,138.58999633789062,115.27542877197266,4014900
2021-01-25,138.05999755859375,140.3300018310547,137.5800018310547,140.17999267578125,116.59796905517578,3829000
2021-01-26,141.30999755859375,142.08999633789062,139.75,141.8000030517578,117.9454345703125,4242500
2021-01-27,140.50999450683594,142.3300018310547,137.5500030517578,138.0399932861328,114.8179702758789,6659800
2021-01-28,138.8300018310547,140.7899932861328,137.75999450683594,139.19000244140625,115.7745132446289,5514000
2021-01-29,138.11000061035156,138.4600067138672,136.00999450683594,136.57000732421875,113.59527587890625,6778100
2021-02-01,136.97999572753906,137.9600067138672,135.89999389648438,136.97999572753906,113.93627166748047,4185700
2021-02-02,137.4499969482422,139.52999877929688,136.60000610351562,138.3800048828125,115.10077667236328,3581600
2021-02-03,137.75,138.9499969482422,137.07000732421875,138.02000427246094,114.80134582519531,3609600
2021-02-04,137.75,139.75999450683594,137.75,139.67999267578125,116.18208312988281,3860300
2021-02-05,140.49000549316406,142.1199951171875,139.72999572753906,140.9600067138672,117.24673461914062,4437900
2021-02-08,141.19000244140625,141.80999755859375,139.5,140.39999389648438,116.78092193603516,4112200
2021-02-09,141.1300048828125,141.14999389648438,139.49000549316406,139.60000610351562,116.11553192138672,3179300
2021-02-10,141.1199951171875,141.1199951171875,136.75999450683594,137.6999969482422,114.53515625,6966600
2021-02-11,137.85000610351562,138.2100067138672,134.33999633789062,134.97000122070312,112.26441192626953,7528000
2021-02-12,135.25999450683594,135.60000610351562,133.4499969482422,133.8699951171875,111.3494644165039,5659300
2021-02-16,134.55999755859375,134.80999755859375,133.39999389648438,134.3800048828125,111.77367401123047,5180100
2021-02-17,134.05999755859375,135.07000732421875,133.86000061035156,134.4600067138672,111.8402099609375,3353000
2021-02-18,134.07000732421875,135.6999969482422,133.91000366210938,135.3699951171875,112.5971450805664,3935200
2021-02-19,135.00999450683594,135.1199951171875,132.2899932861328,132.50999450683594,110.2182388305664,5414900
2021-02-22,132.0399932861328,132.60000610351562,130.75999450683594,131.99000549316406,109.78575134277344,5792900
2021-02-23,132.64999389648438,134.33999633789062,131.3000030517578,132.77999877929688,110.44283294677734,6264300
2021-02-24,131.85000610351562,132.2899932861328,131.1999969482422,132.08999633789062,109.86891174316406,4944000
2021-02-25,131.35000610351562,132.08999633789062,129.8000030517578,130.0,108.1305160522461,5702300
2021-02-26,130.57000732421875,130.8699951171875,128.57000732421875,129.19000244140625,107.4567642211914,8329000
2021-03-01,130.61000061035156,131.97000122070312,130.33999633789062,130.6199951171875,108.64622497558594,5287300
2021-03-02,130.5,132.02999877929688,130.3800048828125,131.07000732421875,109.0205078125,5614000
2021-03-03,129.8000030517578,130.52999877929688,128.97999572753906,129.13999938964844,107.41517639160156,7505800
2021-03-04,129.25,131.75,128.32000732421875,128.8300018310547,108.01296997070312,9102800
2021-03-05,129.63999938964844,133.41000366210938,129.19000244140625,133.02999877929688,111.5343246459961,10186500
2021-03-08,133.22999572753906,134.17999267578125,131.99000549316406,132.1300048828125,110.77973937988281,8634900
2021-03-09,132.94000244140625,133.91000366210938,132.0,132.25,110.88037109375,8930200
2021-03-10,132.52000427246094,134.47000122070312,130.5399932861328,133.5800018310547,111.99545288085938,7791700
2021-03-11,133.35000610351562,134.5800018310547,133.10000610351562,133.22000122070312,111.69361877441406,4458900
2021-03-12,133.1199951171875,133.7899932861328,132.63999938964844,133.0399932861328,111.54270935058594,5275100
2021-03-15,133.55999755859375,133.6300048828125,131.97000122070312,133.02999877929688,111.5343246459961,5389200
2021-03-16,133.0800018310547,134.5800018310547,132.75,134.00999450683594,112.35597229003906,5544700
2021-03-17,134.36000061035156,134.55999755859375,133.3800048828125,133.6199951171875,112.02897644042969,6199500
2021-03-18,132.36000061035156,133.0800018310547,131.41000366210938,132.52999877929688,111.11511993408203,6476700
2021-03-19,132.30999755859375,135.00999450683594,132.17999267578125,134.5,112.76677703857422,16114400
2021-03-22,135.6300048828125,138.1999969482422,135.08999633789062,137.8000030517578,115.53356170654297,7813400
2021-03-23,138.4499969482422,140.1699981689453,138.17999267578125,139.4600067138672,116.92533874511719,6978400
2021-03-24,139.00999450683594,140.11000061035156,138.77999877929688,138.80999755859375,116.3803482055664,5082300
2021-03-25,139.17999267578125,140.25,138.33999633789062,139.6300048828125,117.06787109375,5827600
2021-03-26,139.6199951171875,143.0,139.1300048828125,142.6999969482422,119.64179992675781,6785600
2021-03-29,142.8699951171875,144.9600067138672,142.4199981689453,144.80999755859375,121.41084289550781,6105800
2021-03-30,143.67999267578125,144.75,142.1199951171875,142.5399932861328,119.50763702392578,4372700
2021-03-31,143.32000732421875,143.3300018310547,141.1699981689453,141.4499969482422,118.59376525878906,6257900
2021-04-01,141.19000244140625,142.3000030517578,140.11000061035156,141.27999877929688,118.45124053955078,4823400
2021-04-05,141.85000610351562,144.33999633789062,141.32000732421875,143.16000366210938,120.0274429321289,5980700
2021-04-06,143.0399932861328,144.1999969482422,142.55999755859375,143.6699981689453,120.45504760742188,4751900
2021-04-07,144.0,144.10000610351562,143.02000427246094,143.41000366210938,120.23706817626953,4849200
2021-04-08,143.67999267578125,144.16000366210938,142.0500030517578,142.5399932861328,119.50763702392578,6725100
2021-04-09,142.24000549316406,143.13999938964844,141.61000061035156,142.57000732421875,119.53280639648438,4950800
2021-04-12,142.1999969482422,143.47000122070312,142.0500030517578,143.02000427246094,119.91008758544922,4386700
2021-04-13,142.07000732421875,143.97000122070312,141.8699951171875,143.0500030517578,119.93525695800781,5283300
2021-04-14,142.57000732421875,142.72000122070312,141.24000549316406,142.11000061035156,119.1470947265625,4685300
2021-04-15,141.6699981689453,143.10000610351562,141.4199981689453,142.30999755859375,119.31478118896484,4777100
2021-04-16,143.4600067138672,144.32000732421875,142.4600067138672,144.16000366210938,120.86587524414062,6481400
2021-04-19,144.49000549316406,145.60000610351562,143.25999450683594,144.75,121.36052703857422,6621200
2021-04-20,144.1300048828125,146.64999389648438,143.92999267578125,145.7100067138672,122.1654281616211,4999700
2021-04-21,147.35000610351562,147.8000030517578,146.2100067138672,146.97999572753906,123.23018646240234,6316000
2021-04-22,146.24000549316406,146.64999389648438,145.3800048828125,146.07000732421875,122.46723937988281,4904400
2021-04-23,145.50999450683594,146.33999633789062,145.05999755859375,145.8300018310547,122.26602935791016,4354700
2021-04-26,145.5500030517578,145.77000427246094,142.97999572753906,143.36000061035156,120.19512176513672,5817700
2021-04-27,142.6199951171875,143.17999267578125,142.1300048828125,142.88999938964844,119.80108642578125,4693700
2021-04-28,143.49000549316406,143.69000244140625,141.72999572753906,141.8300018310547,118.91236877441406,4962700
2021-04-29,142.10000610351562,144.42999267578125,141.97000122070312,143.94000244140625,120.6814193725586,4699900
2021-04-30,143.32000732421875,144.24000549316406,142.5,144.16000366210938,120.86587524414062,5051100
2021-05-03,145.02999877929688,146.77999877929688,144.10000610351562,145.7899932861328,122.23245239257812,6109800
2021-05-04,145.97999572753906,146.77000427246094,143.49000549316406,143.9600067138672,120.69817352294922,6603800
2021-05-05,143.72000122070312,144.57000732421875,143.5,143.88999938964844,120.63947296142578,5305200
2021-05-06,144.47000122070312,145.9600067138672,144.00999450683594,145.55999755859375,122.03961181640625,4472200
2021-05-07,145.22999572753906,146.0,144.57000732421875,145.55999755859375,122.03961181640625,4181000
2021-05-10,146.49000549316406,147.99000549316406,146.11000061035156,146.72000122070312,123.01221466064453,5270600
2021-05-11,147.1699981689453,147.63999938964844,145.02000427246094,145.64999389648438,122.11509704589844,5266100
2021-05-12,144.8800048828125,145.74000549316406,143.85000610351562,144.22999572753906,120.924560546875,5651700
2021-05-13,144.24000549316406,147.1199951171875,143.5800018310547,146.3699951171875,122.71878814697266,4849400
2021-05-14,147.1999969482422,147.89999389648438,146.4199981689453,146.58999633789062,122.9032211303711,4224700
2021-05-17,147.0,147.39999389648438,145.7100067138672,146.1699981689453,122.55110168457031,3747100
2021-05-18,146.63999938964844,146.9499969482422,145.32000732421875,145.50999450683594,121.99769592285156,4527300
2021-05-19,144.63999938964844,145.6300048828125,144.0800018310547,145.42999267578125,121.9306411743164,4432700
2021-05-20,145.25,147.72999572753906,145.11000061035156,147.22999572753906,123.43983459472656,3964600
2021-05-21,147.8699951171875,148.30999755859375,146.52000427246094,147.10000610351562,123.33084106445312,5194200
2021-05-24,147.63999938964844,148.35000610351562,147.00999450683594,147.85000610351562,123.95963287353516,3627800
2021-05-25,147.85000610351562,148.3699951171875,147.00999450683594,148.3000030517578,124.33692932128906,4649300
2021-05-26,147.91000366210938,148.6699981689453,147.67999267578125,148.3000030517578,124.33692932128906,4462600
2021-05-27,148.55999755859375,148.77000427246094,146.44000244140625,146.50999450683594,122.83615112304688,9203600
2021-05-28,147.41000366210938,148.5,147.24000549316406,147.94000244140625,124.03508758544922,4913700
2021-06-01,148.77999877929688,148.85000610351562,147.08999633789062,147.6300048828125,123.77520751953125,5530300
2021-06-02,148.1999969482422,148.52999877929688,147.22999572753906,148.22000122070312,124.26985931396484,4546900
2021-06-03,146.7100067138672,147.75999450683594,146.16000366210938,147.6699981689453,124.71322631835938,4651600
2021-06-04,148.0,148.58999633789062,147.47000122070312,147.83999633789062,124.8568115234375,4427400
2021-06-07,147.75999450683594,148.25,146.7100067138672,147.75,124.7807846069336,4724100
2021-06-08,147.6999969482422,147.8699951171875,145.9199981689453,146.3699951171875,123.61532592773438,5997200
2021-06-09,147.25,147.58999633789062,146.02000427246094,146.10000610351562,123.3873291015625,4008000
2021-06-10,146.30999755859375,148.00999450683594,146.1300048828125,147.60000610351562,124.65411376953125,4698200
2021-06-11,148.0500030517578,148.1199951171875,146.7899932861328,147.69000244140625,124.73009490966797,4364600
2021-06-14,147.47000122070312,148.6300048828125,146.7899932861328,148.57000732421875,125.47331237792969,3831900
2021-06-15,148.89999389648438,149.1699981689453,148.07000732421875,148.5800018310547,125.48178100585938,4256500
2021-06-16,148.86000061035156,149.27000427246094,146.75,147.10000610351562,124.23187255859375,5492100
2021-06-17,147.25,149.0,146.91000366210938,148.52000427246094,125.43110656738281,5316400
2021-06-18,147.97999572753906,147.97999572753906,145.22999572753906,145.4199981689453,122.81299591064453,10661700
2021-06-21,145.75,146.74000549316406,145.4499969482422,146.55999755859375,123.77578735351562,4904300
2021-06-22,146.72999572753906,147.5,146.2899932861328,146.77999877929688,123.96158599853516,3518000
2021-06-23,146.05999755859375,146.1300048828125,144.8300018310547,144.85000610351562,122.33162689208984,3901700
2021-06-24,144.86000061035156,145.94000244140625,144.61000061035156,145.6699981689453,123.02415466308594,3818900
2021-06-25,145.75999450683594,146.7899932861328,145.24000549316406,146.41000366210938,123.64911651611328,6387600
2021-06-28,146.75999450683594,147.58999633789062,146.6199951171875,147.0399932861328,124.1811294555664,4282800
2021-06-29,147.4499969482422,147.6999969482422,146.39999389648438,146.94000244140625,124.09671020507812,3197700
2021-06-30,147.42999267578125,148.30999755859375,147.1999969482422,148.1699981689453,125.13550567626953,4943700
2021-07-01,148.0800018310547,149.0800018310547,147.94000244140625,148.1999969482422,125.16082000732422,3997600
2021-07-02,148.89999389648438,149.77999877929688,148.55999755859375,148.91000366210938,125.76049041748047,3835500
2021-07-06,149.07000732421875,149.4199981689453,147.77000427246094,149.1300048828125,125.94625091552734,4313800
2021-07-07,149.2899932861328,150.6999969482422,149.0,149.7899932861328,126.503662109375,4225000
2021-07-08,149.4199981689453,150.6699981689453,149.19000244140625,149.86000061035156,126.56278228759766,4216000
2021-07-09,149.41000366210938,150.30999755859375,149.1699981689453,149.47999572753906,126.2418441772461,4088600
2021-07-12,149.49000549316406,149.7899932861328,148.77999877929688,149.50999450683594,126.26717376708984,4873700
2021-07-13,151.14999389648438,153.91000366210938,150.75,152.9600067138672,129.1808624267578,8750800
2021-07-14,152.88999938964844,155.13999938964844,152.8000030517578,154.5399932861328,130.51519775390625,6390300
2021-07-15,154.07000732421875,155.36000061035156,153.25999450683594,155.25,131.11485290527344,4920600
2021-07-16,155.67999267578125,156.83999633789062,155.11000061035156,155.82000732421875,131.59620666503906,5852500
2021-07-19,155.99000549316406,157.5399932861328,154.75999450683594,155.8000030517578,131.579345703125,5750200
2021-07-20,156.1999969482422,157.3300018310547,155.55999755859375,155.82000732421875,131.59620666503906,5213500
2021-07-21,155.3000030517578,156.1199951171875,154.57000732421875,155.24000549316406,131.1063995361328,4905900
2021-07-22,155.19000244140625,155.75999450683594,153.97000122070312,155.19000244140625,131.06417846679688,3333500
2021-07-23,155.55999755859375,157.7899932861328,155.24000549316406,157.17999267578125,132.74478149414062,3588400
2021-07-26,156.7899932861328,157.47000122070312,156.02999877929688,157.07000732421875,132.6519317626953,2999800
2021-07-27,157.30999755859375,158.66000366210938,157.02999877929688,157.94000244140625,133.3866424560547,4043900
2021-07-28,157.60000610351562,157.9600067138672,155.91000366210938,156.49000549316406,132.16201782226562,3556800
2021-07-29,157.22999572753906,157.42999267578125,156.1999969482422,156.80999755859375,132.4323272705078,3055600
2021-07-30,157.3699951171875,157.60000610351562,156.6199951171875,156.9499969482422,132.550537109375,3757300
2021-08-02,157.0,157.11000061035156,155.50999450683594,156.32000732421875,132.01852416992188,3425900
2021-08-03,157.0,157.14999389648438,156.30999755859375,156.6699981689453,132.31410217285156,3359900
2021-08-04,156.19000244140625,156.66000366210938,153.8699951171875,154.0500030517578,130.10140991210938,4846300
2021-08-05,154.97999572753906,155.19000244140625,153.8699951171875,154.30999755859375,130.3209686279297,3733500
2021-08-06,153.77000427246094,154.75999450683594,153.63999938964844,154.3300018310547,130.33787536621094,3430900
2021-08-09,154.63999938964844,154.7899932861328,153.7100067138672,154.35000610351562,130.35472106933594,2636600
2021-08-10,154.30999755859375,155.30999755859375,153.80999755859375,154.42999267578125,130.42227172851562,2670200
2021-08-11,154.7100067138672,156.02000427246094,154.47000122070312,155.0399932861328,130.93748474121094,3058000
2021-08-12,155.22999572753906,155.3000030517578,154.60000610351562,155.07000732421875,130.96282958984375,1958700
2021-08-13,155.10000610351562,156.6699981689453,154.89999389648438,156.52000427246094,132.18739318847656,2113800
2021-08-16,156.92999267578125,158.1199951171875,156.72999572753906,158.0500030517578,133.47952270507812,3224000
2021-08-17,157.91000366210938,158.4499969482422,157.24000549316406,157.89999389648438,133.3528594970703,3736300
2021-08-18,157.67999267578125,158.1999969482422,156.1999969482422,156.27999877929688,131.98472595214844,3419200
2021-08-19,155.82000732421875,159.4199981689453,155.77999877929688,158.91000366210938,134.2058868408203,4745600
2021-08-20,158.92999267578125,159.6300048828125,158.25,158.35000610351562,133.73292541503906,3484100
2021-08-23,157.8300018310547,158.52000427246094,157.32000732421875,157.85000610351562,133.31063842773438,3102100
2021-08-24,157.75,157.75,155.67999267578125,155.88999938964844,131.6553497314453,3760800
2021-08-25,155.36000061035156,155.6699981689453,154.16000366210938,155.1999969482422,131.07260131835938,3346700
2021-08-26,155.50999450683594,155.6699981689453,154.08999633789062,154.6300048828125,130.5912322998047,3220700
2021-08-27,154.83999633789062,155.41000366210938,154.2100067138672,154.94000244140625,130.85304260253906,4166500
2021-08-30,155.17999267578125,156.1699981689453,155.00999450683594,156.0,131.7482452392578,2540300
2021-08-31,156.08999633789062,156.47000122070312,155.33999633789062,156.38999938964844,132.07762145996094,5291200
2021-09-01,156.83999633789062,158.19000244140625,156.50999450683594,157.91000366210938,133.36135864257812,4231400
2021-09-02,156.7899932861328,157.2899932861328,155.8699951171875,156.9499969482422,133.45909118652344,2862500
2021-09-03,156.1999969482422,157.4199981689453,155.89999389648438,157.08999633789062,133.5781707763672,2035100
2021-09-07,156.47999572753906,156.75999450683594,153.67999267578125,154.52999877929688,131.40127563476562,4609900
2021-09-08,154.66000366210938,156.75,154.3000030517578,156.72000122070312,133.26351928710938,3199100
2021-09-09,156.8800048828125,156.97000122070312,155.39999389648438,155.72999572753906,132.4216766357422,3560400
2021-09-10,155.97999572753906,156.25,155.00999450683594,155.4600067138672,132.19212341308594,3851500
2021-09-13,155.94000244140625,157.39999389648438,155.38999938964844,155.75999450683594,132.4471893310547,3367200
2021-09-14,156.3800048828125,156.6699981689453,154.82000732421875,155.14999389648438,131.92849731445312,2808600
2021-09-15,155.22000122070312,156.3800048828125,154.77999877929688,156.02000427246094,132.66830444335938,3702400
2021-09-16,155.38999938964844,156.1199951171875,153.80999755859375,155.55999755859375,132.27713012695312,4589900
2021-09-17,155.22999572753906,155.5,153.8300018310547,154.1300048828125,131.06114196777344,8127400
2021-09-20,153.89999389648438,154.9499969482422,152.4199981689453,153.61000061035156,130.61898803710938,5484600
2021-09-21,154.61000061035156,156.1199951171875,152.97000122070312,153.5399932861328,130.55947875976562,4479800
2021-09-22,154.6199951171875,155.08999633789062,153.4499969482422,154.00999450683594,130.95913696289062,3001000
2021-09-23,153.69000244140625,154.92999267578125,153.5399932861328,154.1300048828125,131.06114196777344,2712500
2021-09-24,153.75,154.6199951171875,153.5500030517578,154.1999969482422,131.1206817626953,2366100
2021-09-27,153.8000030517578,154.14999389648438,152.38999938964844,152.72000122070312,129.86221313476562,4482000
2021-09-28,152.3699951171875,152.5,150.10000610351562,151.0500030517578,128.4421844482422,5910900
2021-09-29,151.33999633789062,153.1699981689453,150.69000244140625,152.3000030517578,129.5050811767578,3326500
2021-09-30,153.22000122070312,153.42999267578125,150.3699951171875,150.41000366210938,127.89793395996094,4949200
2021-10-01,151.35000610351562,151.61000061035156,149.52000427246094,150.9499969482422,128.3571319580078,4274300
2021-10-04,150.8800048828125,153.0,149.47999572753906,150.1999969482422,127.71939849853516,5404900
2021-10-05,151.36000061035156,152.38999938964844,150.07000732421875,151.08999633789062,128.47618103027344,6103100
2021-10-06,150.83999633789062,155.16000366210938,149.9600067138672,154.9600067138672,131.76693725585938,5499200
2021-10-07,155.52000427246094,157.75,155.52000427246094,156.38999938964844,132.98289489746094,4605100
2021-10-08,156.57000732421875,156.7100067138672,155.49000549316406,156.02999877929688,132.67681884765625,4186000
2021-10-11,156.38999938964844,157.22999572753906,155.66000366210938,156.24000549316406,132.85536193847656,2738100
2021-10-12,156.22000122070312,157.85000610351562,156.2100067138672,156.92999267578125,133.44212341308594,3195400
2021-10-13,157.4600067138672,158.0500030517578,156.02000427246094,157.99000549316406,134.3434295654297,3599900
2021-10-14,158.6199951171875,159.49000549316406,158.61000061035156,159.25999450683594,135.42335510253906,3677100
2021-10-15,159.66000366210938,159.66000366210938,157.50999450683594,158.80999755859375,135.04071044921875,4313000
2021-10-18,158.1999969482422,158.6999969482422,156.8000030517578,158.08999633789062,134.428466796875,3274200
2021-10-19,158.63999938964844,160.16000366210938,157.5399932861328,160.10000610351562,136.1376495361328,3125800
2021-10-20,160.5800018310547,161.8800048828125,159.67999267578125,161.30999755859375,137.16651916503906,3716500
2021-10-21,161.38999938964844,161.42999267578125,158.97999572753906,159.17999267578125,135.3553466796875,4164700
2021-10-22,159.5800018310547,160.47000122070312,159.47000122070312,159.97000122070312,136.02708435058594,3240300
2021-10-25,159.9499969482422,159.9499969482422,158.7899932861328,159.22000122070312,135.38937377929688,3281200
2021-10-26,159.1699981689453,161.39999389648438,159.10000610351562,161.1699981689453,137.04754638671875,3684700
2021-10-27,161.75,161.83999633789062,159.55999755859375,160.61000061035156,136.5713348388672,3751800
2021-10-28,160.85000610351562,161.72999572753906,160.47000122070312,161.6199951171875,137.43011474609375,3589600
2021-10-29,161.02999877929688,162.25999450683594,160.91000366210938,161.60000610351562,137.4131317138672,4558200
2021-11-01,161.1999969482422,161.5,160.17999267578125,161.25999450683594,137.12400817871094,3017100
2021-11-02,161.5500030517578,162.80999755859375,160.94000244140625,162.74000549316406,138.38250732421875,3464500
2021-11-03,162.14999389648438,164.38999938964844,162.14999389648438,164.3000030517578,139.7090301513672,3595000
2021-11-04,164.22000122070312,164.55999755859375,163.35000610351562,164.30999755859375,139.71751403808594,3310100
2021-11-05,165.5500030517578,166.42999267578125,164.52000427246094,166.0,141.1545867919922,3754300
2021-11-08,165.80999755859375,166.10000610351562,161.14999389648438,162.42999267578125,138.11888122558594,5766400
2021-11-09,162.30999755859375,163.86000061035156,162.0,163.50999450683594,139.03726196289062,3778600
2021-11-10,164.74000549316406,165.0,163.02999877929688,164.0399932861328,139.4879150390625,2683500
2021-11-11,163.97000122070312,163.97999572753906,162.5500030517578,162.69000244140625,138.33998107910156,2453000
2021-11-12,163.00999450683594,163.92999267578125,162.0800018310547,162.64999389648438,138.3059844970703,3540900
2021-11-15,162.50999450683594,163.8800048828125,162.49000549316406,163.8000030517578,139.28384399414062,3357100
2021-11-16,164.27000427246094,164.99000549316406,163.22999572753906,163.30999755859375,138.86717224121094,2899400
2021-11-17,162.6199951171875,163.6699981689453,162.0800018310547,163.3699951171875,138.918212890625,3332200
2021-11-18,162.80999755859375,163.52000427246094,161.75,163.4199981689453,138.9607391357422,3498900
2021-11-19,164.5,165.02999877929688,163.44000244140625,163.80999755859375,139.29237365722656,5242200
2021-11-22,163.1999969482422,166.8000030517578,163.17999267578125,164.14999389648438,139.58145141601562,4157200
2021-11-23,163.55999755859375,165.72000122070312,163.30999755859375,165.25,140.51683044433594,3878000
2021-11-24,165.08999633789062,165.5,162.5800018310547,163.74000549316406,139.23289489746094,3309500
2021-11-26,162.7100067138672,163.66000366210938,160.88999938964844,161.13999938964844,137.02198791503906,3402900
2021-11-29,162.6699981689453,164.5800018310547,161.13999938964844,164.13999938964844,139.57298278808594,5305800
2021-11-30,163.8300018310547,164.0,158.38999938964844,159.77999877929688,135.86553955078125,7610000
2021-12-01,162.47000122070312,163.25,160.0500030517578,160.16000366210938,136.1886749267578,5385600
2021-12-02,160.1300048828125,161.69000244140625,159.8300018310547,160.6199951171875,137.502685546875,4619800
2021-12-03,161.47000122070312,164.8800048828125,161.33999633789062,164.7100067138672,141.0040740966797,6465900
2021-12-06,166.0500030517578,167.2899932861328,165.7899932861328,166.4199981689453,142.46798706054688,5403100
2021-12-07,166.4199981689453,166.9600067138672,165.66000366210938,166.22999572753906,142.30531311035156,5460100
2021-12-08,166.13999938964844,166.69000244140625,164.02999877929688,166.52000427246094,142.55357360839844,3891900
2021-12-09,165.9199981689453,166.8800048828125,164.85000610351562,166.30999755859375,142.37379455566406,3644500
2021-12-10,167.5399932861328,169.1199951171875,166.89999389648438,168.97000122070312,144.65093994140625,5025700
2021-12-13,168.92999267578125,171.25999450683594,168.0500030517578,169.80999755859375,145.37010192871094,5411800
2021-12-14,169.35000610351562,170.38999938964844,168.3000030517578,169.38999938964844,145.01052856445312,4985000
2021-12-15,169.77000427246094,171.77999877929688,169.4600067138672,171.57000732421875,146.87672424316406,5507800
2021-12-16,171.57000732421875,173.55999755859375,171.02000427246094,171.82000732421875,147.09078979492188,6909900
2021-12-17,171.11000061035156,172.3800048828125,168.0500030517578,168.3000030517578,144.07736206054688,10159600
2021-12-20,167.16000366210938,169.5,166.75,169.4199981689453,145.03619384765625,5263600
2021-12-21,169.22999572753906,169.60000610351562,167.77999877929688,168.9199981689453,144.6081085205078,3401400
2021-12-22,168.9600067138672,169.99000549316406,168.27000427246094,169.97000122070312,145.5070343017578,4362900
2021-12-23,169.97999572753906,170.6300048828125,169.25,169.77999877929688,145.3444061279297,3241700
2021-12-27,169.99000549316406,171.55999755859375,169.77000427246094,171.47000122070312,146.7911376953125,2868800
2021-12-28,171.4600067138672,172.7899932861328,171.1999969482422,172.36000061035156,147.5530548095703,2332100
2021-12-29,172.7899932861328,173.4600067138672,171.92999267578125,172.97000122070312,148.0752716064453,2299500
2021-12-30,173.5399932861328,173.6199951171875,172.22999572753906,172.6699981689453,147.81842041015625,1988900
2021-12-31,172.4600067138672,174.02000427246094,172.11000061035156,173.7100067138672,148.70877075195312,2914900
2022-01-03,172.1999969482422,173.19000244140625,170.57000732421875,172.97999572753906,148.08380126953125,5488900
2022-01-04,172.66000366210938,174.4499969482422,172.1999969482422,173.22999572753906,148.2978515625,4717600
2022-01-05,173.36000061035156,175.36000061035156,173.22999572753906,173.82000732421875,148.8029327392578,6564600
2022-01-06,173.91000366210938,175.60000610351562,173.22999572753906,173.86000061035156,148.83714294433594,4288700
2022-01-07,174.08999633789062,174.69000244140625,172.61000061035156,174.0800018310547,149.0255126953125,4916000
2022-01-10,174.44000244140625,175.83999633789062,173.6199951171875,174.1699981689453,149.10252380371094,5055900
2022-01-11,173.67999267578125,174.22999572753906,171.6199951171875,174.08999633789062,149.03404235839844,6452300
2022-01-12,173.89999389648438,174.3300018310547,172.9499969482422,173.89999389648438,148.87139892578125,5268000
2022-01-13,173.7100067138672,174.69000244140625,173.24000549316406,174.17999267578125,149.11114501953125,4310300
2022-01-14,174.57000732421875,175.94000244140625,173.39999389648438,175.63999938964844,150.36099243164062,4474500
2022-01-18,173.6199951171875,174.75999450683594,173.14999389648438,173.9600067138672,148.92276000976562,5789500
2022-01-19,173.9600067138672,175.9600067138672,173.57000732421875,175.2100067138672,149.9928741455078,6424500
2022-01-20,175.41000366210938,176.8800048828125,173.83999633789062,173.94000244140625,148.90565490722656,6284200
2022-01-21,175.3300018310547,177.24000549316406,174.11000061035156,174.22000122070312,149.1453399658203,6753200
2022-01-24,175.49000549316406,176.5,168.9600067138672,173.3300018310547,148.3834228515625,9263900
2022-01-25,172.0800018310547,172.47999572753906,169.74000549316406,171.33999633789062,146.67987060546875,6536900
2022-01-26,169.36000061035156,171.80999755859375,166.4499969482422,169.52999877929688,145.13035583496094,6841800
2022-01-27,170.77999877929688,173.27999877929688,168.77999877929688,169.3699951171875,144.9933624267578,6543500
2022-01-28,168.50999450683594,172.72999572753906,167.2100067138672,172.6699981689453,147.81842041015625,5796000
2022-01-31,170.77000427246094,174.11000061035156,170.58999633789062,173.52000427246094,148.54608154296875,5908000
2022-02-01,173.14999389648438,173.42999267578125,169.55999755859375,172.33999633789062,147.53594970703125,5952700
2022-02-02,172.75999450683594,175.63999938964844,172.57000732421875,175.47000122070312,150.2154083251953,5767000
2022-02-03,175.27000427246094,176.66000366210938,173.8300018310547,175.3699951171875,150.1298065185547,4632700
2022-02-04,173.10000610351562,174.88999938964844,171.19000244140625,172.49000549316406,147.6643524169922,4592400
2022-02-07,172.74000549316406,172.99000549316406,171.2100067138672,171.80999755859375,147.08221435546875,4813300
2022-02-08,172.6300048828125,172.63999938964844,170.30999755859375,172.02000427246094,147.26197814941406,3957700
2022-02-09,172.5,172.77999877929688,171.00999450683594,171.94000244140625,147.1935272216797,6780200
2022-02-10,168.66000366210938,171.4499969482422,167.3000030517578,168.3699951171875,144.13731384277344,7899800
2022-02-11,168.05999755859375,170.30999755859375,167.69000244140625,168.5800018310547,144.3170928955078,7299600
2022-02-14,169.4199981689453,169.67999267578125,165.10000610351562,166.6999969482422,142.7076416015625,6822500
2022-02-15,167.22000122070312,168.25,165.25999450683594,165.9600067138672,142.07418823242188,4943800
2022-02-16,165.6300048828125,167.1999969482422,164.5399932861328,166.3000030517578,142.365234375,4161700
2022-02-17,166.00999450683594,167.9499969482422,165.0,166.75,142.75047302246094,5156800
2022-02-18,167.11000061035156,168.24000549316406,166.22000122070312,167.7100067138672,143.5723114013672,5181600
2022-02-22,168.57000732421875,168.94000244140625,166.22999572753906,168.35000610351562,144.1201629638672,7733900
2022-02-23,169.1199951171875,169.1199951171875,166.52000427246094,166.69000244140625,142.6990966796875,5812800
2022-02-24,165.7100067138672,166.33999633789062,160.2899932861328,163.7899932861328,140.2164764404297,8888800
2022-02-25,164.4199981689453,168.4600067138672,164.25999450683594,168.3800048828125,144.14585876464844,6535600
2022-02-28,164.0399932861328,165.2100067138672,161.41000366210938,163.74000549316406,140.17373657226562,7677000
2022-03-01,163.07000732421875,164.39999389648438,161.3000030517578,162.27000427246094,138.915283203125,5107900
2022-03-02,162.97999572753906,165.82000732421875,162.49000549316406,164.52000427246094,140.8414306640625,5452100
2022-03-03,163.97000122070312,165.19000244140625,162.8000030517578,163.27000427246094,140.69064331054688,5352200
2022-03-04,162.0,166.5,160.9199981689453,165.75,142.82766723632812,6340300
2022-03-07,164.07000732421875,165.14999389648438,162.1300048828125,162.4499969482422,139.98403930664062,6319500
2022-03-08,162.3800048828125,163.97000122070312,157.69000244140625,157.8699951171875,136.0373992919922,6163700
2022-03-09,159.80999755859375,160.05999755859375,156.39999389648438,157.39999389648438,135.63246154785156,5764900
2022-03-10,155.7899932861328,156.25,153.3699951171875,154.50999450683594,133.14208984375,6103700
2022-03-11,155.4499969482422,156.88999938964844,153.47999572753906,153.72999572753906,132.46995544433594,4762600
2022-03-14,155.14999389648438,157.8000030517578,154.5,155.88999938964844,134.3312530517578,6075600
2022-03-15,157.32000732421875,159.5,156.8300018310547,159.0,137.01112365722656,6203400
2022-03-16,158.41000366210938,159.99000549316406,157.0399932861328,159.6999969482422,137.61434936523438,6299000
2022-03-17,159.8300018310547,161.6300048828125,159.3000030517578,160.94000244140625,138.68284606933594,3587600
2022-03-18,161.3800048828125,162.92999267578125,160.05999755859375,162.7899932861328,140.27699279785156,12123000
2022-03-21,162.27000427246094,163.80999755859375,161.07000732421875,162.55999755859375,140.07875061035156,5122600
2022-03-22,162.83999633789062,164.77000427246094,162.22999572753906,164.33999633789062,141.61264038085938,5779200
2022-03-23,164.25,165.27999877929688,162.6300048828125,163.47999572753906,140.87158203125,4533700
2022-03-24,164.05999755859375,164.72999572753906,163.27000427246094,164.47000122070312,141.7246551513672,3160300
2022-03-25,164.42999267578125,165.89999389648438,164.42999267578125,165.24000549316406,142.38818359375,4146800
2022-03-28,165.10000610351562,165.77000427246094,163.7100067138672,165.72999572753906,142.81040954589844,4308000
2022-03-29,167.2899932861328,168.5800018310547,166.3699951171875,168.19000244140625,144.93023681640625,4440400
2022-03-30,168.10000610351562,168.24000549316406,166.1199951171875,167.9600067138672,144.73202514648438,3871500
2022-03-31,168.3699951171875,169.3000030517578,167.27000427246094,167.3800048828125,144.2322235107422,6076200
2022-04-01,167.88999938964844,169.92999267578125,167.3699951171875,169.75999450683594,146.28309631347656,3239600
2022-04-04,169.11000061035156,169.38999938964844,167.4499969482422,169.32000732421875,145.90396118164062,3759900
2022-04-05,168.32000732421875,171.3800048828125,168.32000732421875,169.5,146.05908203125,4480700
2022-04-06,169.9199981689453,172.6999969482422,169.49000549316406,172.38999938964844,148.54937744140625,4294800
2022-04-07,172.02999877929688,173.27999877929688,170.77999877929688,172.5500030517578,148.687255859375,5041600
2022-04-08,172.99000549316406,173.69000244140625,171.58999633789062,173.1300048828125,149.18704223632812,3883100
2022-04-11,173.61000061035156,174.97000122070312,172.32000732421875,172.60000610351562,148.73031616210938,3825100
2022-04-12,173.77999877929688,174.64999389648438,172.6300048828125,173.3000030517578,149.33355712890625,3924300
2022-04-13,173.5800018310547,173.82000732421875,171.72999572753906,173.0,149.07501220703125,4394000
2022-04-14,173.47999572753906,174.25999450683594,171.75999450683594,171.89999389648438,148.1271209716797,4834300
2022-04-18,171.22000122070312,172.30999755859375,169.9600067138672,170.4199981689453,146.85182189941406,3086000
2022-04-19,169.83999633789062,173.1699981689453,169.83999633789062,172.89999389648438,148.9888153076172,3642000
2022-04-20,173.72000122070312,175.97000122070312,173.72000122070312,175.47000122070312,151.20339965820312,4197600
2022-04-21,175.75999450683594,177.24000549316406,174.64999389648438,174.83999633789062,150.66055297851562,3701300
2022-04-22,174.99000549316406,175.27000427246094,171.94000244140625,172.14999389648438,148.34255981445312,5864000
2022-04-25,173.2100067138672,173.9199981689453,171.0,173.74000549316406,149.71266174316406,7369900
2022-04-26,173.97000122070312,175.35000610351562,172.72999572753906,173.3000030517578,149.33355712890625,7386600
2022-04-27,173.4199981689453,176.69000244140625,173.19000244140625,174.85000610351562,150.66917419433594,5180300
2022-04-28,174.52999877929688,177.6199951171875,173.82000732421875,177.5,152.9527130126953,5235800
2022-04-29,177.41000366210938,177.41000366210938,171.41000366210938,171.7100067138672,147.96343994140625,6505600
2022-05-02,173.0,173.4600067138672,165.27000427246094,167.75999450683594,144.5596466064453,7692100
2022-05-03,169.13999938964844,169.30999755859375,166.5800018310547,167.99000549316406,144.7578582763672,5564900
2022-05-04,167.61000061035156,174.1199951171875,167.61000061035156,173.86000061035156,149.81607055664062,6231500
2022-05-05,173.10000610351562,173.32000732421875,169.0800018310547,170.38999938964844,146.82595825195312,6534300
2022-05-06,169.24000549316406,170.8000030517578,168.72000122070312,170.41000366210938,146.8432159423828,5824600
2022-05-09,169.66000366210938,172.88999938964844,168.75999450683594,171.6999969482422,147.95477294921875,7269100
2022-05-10,173.1199951171875,174.5399932861328,170.75,171.49000549316406,147.77386474609375,5936700
2022-05-11,170.82000732421875,172.41000366210938,169.9199981689453,170.66000366210938,147.0586395263672,5376900
2022-05-12,171.25,171.99000549316406,168.16000366210938,170.39999389648438,146.8345947265625,6473500
2022-05-13,170.6999969482422,174.16000366210938,169.4600067138672,173.72000122070312,149.69544982910156,4714600
2022-05-16,173.7100067138672,176.3000030517578,173.4199981689453,175.47000122070312,151.20339965820312,5317200
2022-05-17,175.30999755859375,175.67999267578125,172.5800018310547,174.4600067138672,150.33311462402344,5012200
2022-05-18,173.69000244140625,173.8699951171875,162.9199981689453,163.64999389648438,141.01806640625,8875400
2022-05-19,162.5,162.77999877929688,159.6699981689453,161.1999969482422,138.9068603515625,6423800
2022-05-20,162.24000549316406,163.05999755859375,159.6199951171875,162.2100067138672,139.77720642089844,5768800
2022-05-23,164.2100067138672,166.9499969482422,163.57000732421875,165.60000610351562,142.69837951660156,4657800
2022-05-24,166.02000427246094,168.25999450683594,165.16000366210938,167.82000732421875,144.61141967773438,6327600
2022-05-25,167.85000610351562,169.49000549316406,166.9600067138672,168.97000122070312,145.60232543945312,5781000
2022-05-26,168.9600067138672,171.08999633789062,168.9600067138672,170.11000061035156,146.58470153808594,5193800
2022-05-27,171.25999450683594,171.80999755859375,170.1999969482422,171.77000427246094,148.01512145996094,6713500
2022-05-31,170.97999572753906,170.97999572753906,165.3699951171875,167.75,144.55108642578125,13610000
2022-06-01,168.17999267578125,168.3800048828125,163.82000732421875,166.49000549316406,143.46533203125,5613900
2022-06-02,165.6199951171875,166.75,162.64999389648438,166.67999267578125,144.62802124023438,4677300
2022-06-03,165.86000061035156,166.58999633789062,164.36000061035156,164.85000610351562,143.04014587402344,4222000
2022-06-06,166.4600067138672,167.6199951171875,164.72999572753906,165.5399932861328,143.63888549804688,3447800
2022-06-07,165.67999267578125,166.86000061035156,164.22000122070312,166.55999755859375,144.52389526367188,4168300
2022-06-08,165.74000549316406,166.80999755859375,165.11000061035156,165.72999572753906,143.80372619628906,2646800
2022-06-09,165.19000244140625,166.92999267578125,162.6699981689453,162.77999877929688,141.24400329589844,3522900
2022-06-10,160.97000122070312,163.9199981689453,159.4499969482422,162.52000427246094,141.01841735839844,5203300
2022-06-13,160.52999877929688,162.8699951171875,159.05999755859375,159.74000549316406,138.606201171875,6300700
2022-06-14,160.0,160.0500030517578,154.86000061035156,156.1199951171875,135.4651336669922,6159200
2022-06-15,157.9199981689453,159.83999633789062,155.92999267578125,157.7899932861328,136.9141845703125,5940100
2022-06-16,156.6300048828125,158.4600067138672,155.11000061035156,157.02999877929688,136.2547149658203,7207900
2022-06-17,157.02999877929688,158.99000549316406,156.1699981689453,157.05999755859375,136.28077697753906,9881800
2022-06-21,158.1699981689453,160.9600067138672,157.35000610351562,160.7100067138672,139.4478759765625,4449600
2022-06-22,160.3300018310547,162.99000549316406,159.55999755859375,162.02999877929688,140.5932159423828,4706500
2022-06-23,163.77999877929688,165.13999938964844,163.14999389648438,164.10000610351562,142.38934326171875,5810700
2022-06-24,165.63999938964844,166.19000244140625,163.94000244140625,166.1300048828125,144.15078735351562,5951500
2022-06-27,165.8699951171875,167.1300048828125,165.33999633789062,166.35000610351562,144.34169006347656,4595800
2022-06-28,167.14999389648438,168.4499969482422,163.85000610351562,164.00999450683594,142.31130981445312,4372900
2022-06-29,166.05999755859375,167.55999755859375,165.35000610351562,166.72999572753906,144.6714324951172,3653600
2022-06-30,167.1300048828125,167.5800018310547,165.6300048828125,166.66000366210938,144.61070251464844,6295100
2022-07-01,166.74000549316406,169.52000427246094,165.75999450683594,169.38999938964844,146.9794921875,3918700
2022-07-05,168.6300048828125,169.38999938964844,165.3300018310547,169.00999450683594,146.64976501464844,4971600
2022-07-06,170.0,171.9499969482422,169.47999572753906,170.6999969482422,148.11618041992188,4209100
2022-07-07,169.52000427246094,171.0399932861328,169.3800048828125,170.36000061035156,147.82118225097656,5150200
2022-07-08,170.57000732421875,172.6999969482422,170.5500030517578,171.8800048828125,149.1400909423828,3482900
2022-07-11,171.41000366210938,172.8000030517578,170.02000427246094,170.47000122070312,147.91661071777344,4921300
2022-07-12,173.0,173.32000732421875,168.8699951171875,169.5,147.07493591308594,5201600
2022-07-13,168.5399932861328,171.44000244140625,167.97999572753906,170.10000610351562,147.5955810546875,4533100
2022-07-14,168.2899932861328,171.16000366210938,167.6999969482422,170.97999572753906,148.35916137695312,4218300
2022-07-15,171.33999633789062,172.9199981689453,170.02000427246094,171.1199951171875,148.48060607910156,4659100
2022-07-18,171.14999389648438,171.24000549316406,167.85000610351562,168.25999450683594,145.9990234375,3479700
2022-07-19,170.25,170.75,168.6300048828125,170.05999755859375,147.56085205078125,4201600
2022-07-20,170.0500030517578,170.57000732421875,167.4600067138672,168.25999450683594,145.9990234375,3460700
2022-07-21,167.99000549316406,169.41000366210938,167.55999755859375,168.50999450683594,146.21592712402344,3088300
2022-07-22,169.13999938964844,170.57000732421875,168.49000549316406,169.61000061035156,147.17042541503906,3757800
2022-07-25,170.30999755859375,170.86000061035156,169.0399932861328,169.85000610351562,147.3786163330078,3357200
2022-07-26,170.57000732421875,171.99000549316406,169.24000549316406,171.8300018310547,149.09669494628906,3732100
2022-07-27,170.49000549316406,171.9499969482422,169.05999755859375,171.58999633789062,148.88845825195312,4479000
2022-07-28,171.8699951171875,175.1199951171875,171.19000244140625,174.83999633789062,151.7084503173828,3134200
2022-07-29,173.66000366210938,175.47999572753906,173.38999938964844,174.9600067138672,151.8125762939453,4215500
2022-08-01,174.5500030517578,177.69000244140625,174.5500030517578,176.9499969482422,153.53927612304688,4034600
2022-08-02,176.94000244140625,177.14999389648438,175.22000122070312,175.49000549316406,152.2724609375,3781100
2022-08-03,175.0800018310547,177.05999755859375,174.24000549316406,176.8300018310547,153.4351806640625,4401300
2022-08-04,176.4199981689453,176.74000549316406,174.5800018310547,175.8699951171875,152.60215759277344,3822500
2022-08-05,174.38999938964844,174.6999969482422,172.39999389648438,174.5500030517578,151.4568328857422,3295600
2022-08-08,175.7899932861328,175.97000122070312,173.32000732421875,173.85000610351562,150.84945678710938,2846100
2022-08-09,174.7899932861328,175.22999572753906,173.9600067138672,174.5,151.4134063720703,3228800
2022-08-10,175.80999755859375,176.42999267578125,174.72000122070312,175.94000244140625,152.66293334960938,4041100
2022-08-11,176.36000061035156,177.1199951171875,174.6699981689453,175.0399932861328,151.8820037841797,2743800
2022-08-12,175.92999267578125,177.3800048828125,175.3800048828125,177.3300018310547,153.8690185546875,3756200
2022-08-15,177.77000427246094,179.36000061035156,176.8000030517578,179.27999877929688,155.56105041503906,3043100
2022-08-16,179.77999877929688,180.6999969482422,178.63999938964844,180.32000732421875,156.46343994140625,3395700
2022-08-17,180.10000610351562,181.07000732421875,179.72000122070312,180.22000122070312,156.37667846679688,2666200
2022-08-18,180.82000732421875,180.92999267578125,179.94000244140625,180.39999389648438,156.53280639648438,3010600
2022-08-19,179.75999450683594,181.00999450683594,179.32000732421875,180.1699981689453,156.33331298828125,3704000
2022-08-22,180.13999938964844,180.47000122070312,178.02000427246094,178.4499969482422,154.8408660888672,3385000
2022-08-23,177.82000732421875,178.86000061035156,177.2899932861328,178.3699951171875,154.77142333984375,2575000
2022-08-24,178.3699951171875,179.5,178.11000061035156,179.25999450683594,155.54367065429688,3340600
2022-08-25,179.02999877929688,179.35000610351562,177.38999938964844,179.27000427246094,155.55238342285156,3401800
2022-08-26,179.9600067138672,179.97999572753906,174.6699981689453,175.0399932861328,151.8820037841797,5246600
2022-08-29,174.5500030517578,175.2899932861328,173.2100067138672,174.49000549316406,151.40476989746094,4184500
2022-08-30,174.33999633789062,174.69000244140625,172.3300018310547,172.99000549316406,150.10321044921875,4026300
2022-08-31,173.80999755859375,174.41000366210938,172.1999969482422,172.27000427246094,149.47848510742188,5597900
2022-09-01,170.9199981689453,172.97999572753906,170.24000549316406,172.85000610351562,150.98968505859375,4846100
2022-09-02,173.72000122070312,174.97000122070312,169.88999938964844,170.66000366210938,149.07666015625,5801500
2022-09-06,170.97999572753906,172.58999633789062,169.1300048828125,169.50999450683594,148.07208251953125,4900100
2022-09-07,170.6199951171875,173.77999877929688,169.92999267578125,173.25,151.33909606933594,6074600
2022-09-08,172.77999877929688,173.42999267578125,170.55999755859375,172.6699981689453,150.83242797851562,3888100
2022-09-09,172.64999389648438,174.5500030517578,171.6699981689453,173.22000122070312,151.3128662109375,3662000
2022-09-12,173.22000122070312,174.44000244140625,172.75,173.89999389648438,151.90687561035156,5953300
2022-09-13,172.5,172.8300018310547,166.9499969482422,167.41000366210938,146.23764038085938,6926200
2022-09-14,168.1199951171875,169.19000244140625,167.57000732421875,168.67999267578125,147.3470458984375,5156900
2022-09-15,168.52999877929688,168.55999755859375,165.33999633789062,165.8800048828125,144.9011688232422,5461000
2022-09-16,166.36000061035156,167.1699981689453,165.25,166.97000122070312,145.8533172607422,12012600
2022-09-19,167.05999755859375,168.80999755859375,166.5,168.72999572753906,147.39073181152344,3720900
2022-09-20,167.5800018310547,169.14999389648438,166.86000061035156,168.9199981689453,147.55670166015625,3872000
2022-09-21,169.8800048828125,172.02999877929688,168.33999633789062,168.44000244140625,147.1374053955078,5134500
2022-09-22,168.39999389648438,169.88999938964844,168.0500030517578,168.60000610351562,147.27719116210938,4290600
2022-09-23,168.38999938964844,168.75,166.52999877929688,168.52000427246094,147.20729064941406,4565100
2022-09-26,168.3300018310547,170.00999450683594,167.52999877929688,168.4499969482422,147.14613342285156,5326400
2022-09-27,168.24000549316406,170.0,165.24000549316406,166.00999450683594,145.01470947265625,5400700
2022-09-28,166.91000366210938,169.6199951171875,165.24000549316406,168.6699981689453,147.3383331298828,5480900
2022-09-29,168.8000030517578,169.13999938964844,165.0,166.61000061035156,145.53883361816406,5167700
2022-09-30,167.69000244140625,168.24000549316406,163.00999450683594,163.25999450683594,142.61248779296875,5971900
2022-10-03,163.52000427246094,165.69000244140625,163.02000427246094,165.25,144.35086059570312,5093400
2022-10-04,167.38999938964844,168.72999572753906,165.5500030517578,167.11000061035156,145.97560119628906,4596800
2022-10-05,166.97000122070312,167.08999633789062,163.72999572753906,166.0,145.00601196289062,3538600
2022-10-06,165.7899932861328,166.02000427246094,162.5,162.8000030517578,142.210693359375,4623400
2022-10-07,162.3000030517578,163.00999450683594,160.97999572753906,161.61000061035156,141.17117309570312,4779200
2022-10-10,161.99000549316406,163.0399932861328,161.19000244140625,161.82000732421875,141.3546600341797,4839200
2022-10-11,162.24000549316406,164.27000427246094,161.55999755859375,162.58999633789062,142.02728271484375,5222600
2022-10-12,168.72999572753906,170.6999969482422,166.60000610351562,169.38999938964844,147.96728515625,9795300
2022-10-13,167.10000610351562,175.0399932861328,166.82000732421875,174.61000061035156,152.52706909179688,8412700
2022-10-14,175.97999572753906,176.25999450683594,169.99000549316406,170.19000244140625,148.66610717773438,5937900
2022-10-17,172.27000427246094,173.58999633789062,171.07000732421875,172.72999572753906,150.88485717773438,6401800
2022-10-18,174.82000732421875,176.91000366210938,173.41000366210938,175.05999755859375,152.92015075683594,4547400
2022-10-19,174.82000732421875,175.83999633789062,172.3300018310547,173.36000061035156,151.43516540527344,5200200
2022-10-20,174.1999969482422,174.36000061035156,171.11000061035156,171.4600067138672,149.77545166015625,4314000
2022-10-21,171.1999969482422,173.69000244140625,170.5800018310547,173.05999755859375,151.17311096191406,5071500
2022-10-24,174.80999755859375,177.97999572753906,174.6699981689453,177.67999267578125,155.2087860107422,5316500
2022-10-25,178.1199951171875,178.8699951171875,176.61000061035156,178.27000427246094,155.72421264648438,5220000
2022-10-26,179.25999450683594,180.89999389648438,178.32000732421875,179.07000732421875,156.42300415039062,5136000
2022-10-27,180.3699951171875,180.92999267578125,178.57000732421875,178.8800048828125,156.25701904296875,5424100
2022-10-28,179.6999969482422,182.92999267578125,179.47999572753906,182.22999572753906,159.18338012695312,6715300
2022-10-31,181.17999267578125,182.97999572753906,180.5399932861328,181.5800018310547,158.61561584472656,4877200
2022-11-01,180.94000244140625,182.80999755859375,179.88999938964844,180.75999450683594,157.8992919921875,4084500
2022-11-02,180.77999877929688,183.5800018310547,178.1699981689453,178.24000549316406,155.69801330566406,4970600
2022-11-03,176.77999877929688,178.89999389648438,176.52999877929688,177.77999877929688,155.2961883544922,3753800
2022-11-04,177.9199981689453,179.7899932861328,176.52999877929688,178.77999877929688,156.1697235107422,3922400
2022-11-07,179.52000427246094,180.6199951171875,178.8300018310547,180.2100067138672,157.41883850097656,3246100
2022-11-08,180.44000244140625,182.11000061035156,178.8000030517578,180.7100067138672,157.85560607910156,3724700
2022-11-09,179.9499969482422,181.07000732421875,178.39999389648438,178.5500030517578,155.96878051757812,4723600
2022-11-10,182.64999389648438,182.9199981689453,178.55999755859375,181.6999969482422,158.72042846679688,6704100
2022-11-11,181.1300048828125,181.69000244140625,175.44000244140625,178.0500030517578,155.53204345703125,7390500
2022-11-14,178.6699981689453,179.17999267578125,176.5,176.72999572753906,154.37896728515625,5633000
2022-11-15,178.0399932861328,178.6999969482422,175.4199981689453,177.19000244140625,154.7808074951172,5153600
2022-11-16,178.3000030517578,179.6300048828125,177.72000122070312,178.3300018310547,155.7766571044922,4701100
2022-11-17,177.49000549316406,180.16000366210938,177.42999267578125,180.02999877929688,157.2616424560547,3920300
2022-11-18,180.2100067138672,181.83999633789062,180.02000427246094,181.3300018310547,158.39723205566406,4498100
2022-11-21,182.27000427246094,185.1300048828125,182.08999633789062,184.82000732421875,161.44586181640625,4397600
2022-11-22,185.80999755859375,186.6199951171875,184.3699951171875,184.83999633789062,161.46328735351562,4109600
2022-11-23,185.0,186.0800018310547,184.5,185.0800018310547,161.6729736328125,2511000
2022-11-25,184.5800018310547,185.0,183.94000244140625,184.11000061035156,160.8256378173828,1837000
2022-11-28,184.39999389648438,185.49000549316406,183.50999450683594,183.88999938964844,160.6334228515625,6411400
2022-11-29,183.3000030517578,183.4199981689453,181.02000427246094,182.58999633789062,159.49781799316406,4375400
2022-11-30,181.89999389648438,185.6999969482422,180.24000549316406,185.50999450683594,162.04855346679688,7915600
2022-12-01,185.47999572753906,186.3300018310547,184.16000366210938,185.89999389648438,163.40220642089844,4683300
2022-12-02,184.0,186.30999755859375,183.83999633789062,185.69000244140625,163.21762084960938,3547700
2022-12-05,183.42999267578125,183.94000244140625,182.32000732421875,183.1199951171875,160.95863342285156,4083200
2022-12-06,183.75,184.2899932861328,180.6999969482422,181.6300048828125,159.64895629882812,5835100
2022-12-07,181.80999755859375,182.4499969482422,180.69000244140625,182.17999267578125,160.13233947753906,4241700
2022-12-08,181.80999755859375,183.97999572753906,181.25999450683594,183.77999877929688,161.5387725830078,3800800
2022-12-09,184.2100067138672,184.2100067138672,183.0500030517578,183.10000610351562,160.94107055664062,3116100
2022-12-12,184.17999267578125,184.17999267578125,182.36000061035156,183.97000122070312,161.70574951171875,4691400
2022-12-13,186.47999572753906,186.83999633789062,182.94000244140625,183.8699951171875,161.61785888671875,5634900
2022-12-14,184.07000732421875,185.8800048828125,182.1300048828125,183.36000061035156,161.1696014404297,5392500
2022-12-15,181.97999572753906,182.7100067138672,178.38999938964844,180.25,158.43597412109375,6127800
2022-12-16,180.0800018310547,181.19000244140625,178.47999572753906,180.33999633789062,158.51507568359375,15708100
2022-12-19,180.86000061035156,183.47000122070312,180.35000610351562,181.33999633789062,159.39405822753906,4447800
2022-12-20,181.82000732421875,182.25,180.63999938964844,181.22999572753906,159.29734802246094,3249000
2022-12-21,181.5500030517578,183.67999267578125,181.39999389648438,182.5,160.41366577148438,4236900
2022-12-22,181.86000061035156,182.0500030517578,178.9199981689453,181.08999633789062,159.1742706298828,4304700
2022-12-23,180.91000366210938,182.5500030517578,180.4499969482422,182.25999450683594,160.2027130126953,2197800
2022-12-27,183.27999877929688,183.61000061035156,182.27000427246094,183.07000732421875,160.91468811035156,3045000
2022-12-28,184.10000610351562,184.5399932861328,181.63999938964844,181.75,159.75442504882812,2694300
2022-12-29,181.9199981689453,182.86000061035156,181.88999938964844,181.97999572753906,159.9565887451172,2549200
2022-12-30,181.3800048828125,181.9600067138672,179.2899932861328,180.66000366210938,158.7963409423828,3136200
2023-01-03,180.58999633789062,180.75,176.57000732421875,179.41000366210938,157.69761657714844,5137400
2023-01-04,179.41000366210938,180.5399932861328,177.5500030517578,178.97000122070312,157.3108673095703,4771300
2023-01-05,177.9600067138672,178.77000427246094,176.86000061035156,177.10000610351562,155.66714477539062,3647100
2023-01-06,178.80999755859375,181.8300018310547,178.8000030517578,181.10000610351562,159.18309020996094,3713200
2023-01-09,180.44000244140625,182.77000427246094,178.80999755859375,179.3300018310547,157.6272735595703,3319200
2023-01-10,178.7899932861328,179.52999877929688,177.08999633789062,177.85000610351562,156.32640075683594,3817300
2023-01-11,179.38999938964844,179.7100067138672,175.67999267578125,178.0500030517578,156.50222778320312,4369900
2023-01-12,177.66000366210938,178.3699951171875,175.32000732421875,175.77999877929688,154.50689697265625,4246600
2023-01-13,175.39999389648438,175.72999572753906,174.1699981689453,175.24000549316406,154.0322723388672,4720400
2023-01-17,176.14999389648438,177.5500030517578,175.49000549316406,176.05999755859375,154.75303649902344,5032600
2023-01-18,175.24000549316406,175.74000549316406,171.3300018310547,171.6199951171875,150.85035705566406,5032600
2023-01-19,171.27999877929688,172.1699981689453,169.47999572753906,169.6300048828125,149.10118103027344,4720400
2023-01-20,168.9499969482422,169.88999938964844,167.4600067138672,169.8800048828125,149.32093811035156,5779100
2023-01-23,170.00999450683594,170.75999450683594,168.72000122070312,169.1199951171875,148.6529083251953,5440400
2023-01-24,169.61000061035156,170.8699951171875,168.4499969482422,170.69000244140625,150.03292846679688,4125600
2023-01-25,170.33999633789062,171.97999572753906,169.33999633789062,171.92999267578125,151.12286376953125,3852800
2023-01-26,171.63999938964844,171.6699981689453,170.0399932861328,170.22000122070312,149.61981201171875,4558400
2023-01-27,169.77000427246094,170.22999572753906,168.5800018310547,169.6199951171875,149.09242248535156,5451400
2023-01-30,169.77999877929688,171.4600067138672,169.13999938964844,169.47999572753906,148.9693603515625,5191500
2023-01-31,170.1999969482422,171.07000732421875,169.32000732421875,171.02000427246094,150.32298278808594,4665500
2023-02-01,170.8800048828125,172.32000732421875,169.50999450683594,171.55999755859375,150.79763793945312,4147700
2023-02-02,169.4600067138672,170.55999755859375,168.50999450683594,169.97000122070312,149.4000701904297,5653800
2023-02-03,170.9600067138672,171.2899932861328,167.0500030517578,169.1199951171875,148.6529083251953,5308200
2023-02-06,169.74000549316406,172.3800048828125,169.58999633789062,171.82000732421875,151.0261993408203,5640000
2023-02-07,170.2899932861328,172.02999877929688,169.25999450683594,171.55999755859375,150.79763793945312,6044700
2023-02-08,171.0,171.3300018310547,170.24000549316406,171.16000366210938,150.446044921875,5687300
2023-02-09,175.32000732421875,176.49000549316406,172.0399932861328,172.77999877929688,151.87001037597656,9619400
2023-02-10,173.1199951171875,176.58999633789062,172.64999389648438,176.1999969482422,154.87608337402344,6176000
2023-02-13,176.25999450683594,178.22999572753906,176.0399932861328,177.77000427246094,156.256103515625,5205100
2023-02-14,177.10000610351562,177.25,174.7899932861328,175.77000427246094,154.49813842773438,5203000
2023-02-15,175.0,176.0500030517578,174.58999633789062,176.00999450683594,154.7090606689453,4125500
2023-02-16,174.74000549316406,176.89999389648438,174.5399932861328,175.50999450683594,154.2695770263672,4973200
2023-02-17,175.16000366210938,176.4199981689453,174.8300018310547,176.27999877929688,154.94639587402344,3952100
2023-02-21,175.5800018310547,177.41000366210938,174.6699981689453,176.17999267578125,154.85853576660156,5797300
2023-02-22,176.72000122070312,177.42999267578125,175.77000427246094,176.1199951171875,154.80577087402344,5299500
2023-02-23,176.66000366210938,176.99000549316406,174.99000549316406,176.30999755859375,154.97274780273438,3801400
2023-02-24,175.4600067138672,176.3300018310547,174.2899932861328,175.9600067138672,154.66513061523438,2959100
2023-02-27,176.97000122070312,177.25,175.64999389648438,175.91000366210938,154.6212158203125,3208500
2023-02-28,174.8800048828125,175.05999755859375,173.1999969482422,173.52999877929688,152.5292205810547,4317100
2023-03-01,172.32000732421875,172.4600067138672,169.1199951171875,171.3300018310547,150.59548950195312,5359100
2023-03-02,170.50999450683594,173.75999450683594,169.77999877929688,173.32000732421875,153.37413024902344,4476300
2023-03-03,173.0,173.4499969482422,171.3300018310547,173.14999389648438,153.22366333007812,3627100
2023-03-06,172.22000122070312,173.66000366210938,172.22000122070312,173.5,153.5334014892578,3611400
2023-03-07,173.6699981689453,174.25999450683594,171.8699951171875,172.63999938964844,152.77236938476562,4094900
2023-03-08,172.67999267578125,173.36000061035156,171.77999877929688,173.11000061035156,153.18832397460938,2920200
2023-03-09,173.6199951171875,174.36000061035156,171.1999969482422,171.8000030517578,152.02903747558594,4042100
2023-03-10,172.52999877929688,174.24000549316406,170.9600067138672,172.02999877929688,152.23255920410156,4129900
2023-03-13,172.75999450683594,177.22999572753906,172.61000061035156,173.7100067138672,153.71922302246094,8265100
2023-03-14,172.49000549316406,173.80999755859375,171.57000732421875,173.52999877929688,153.55995178222656,6480800
2023-03-15,173.52999877929688,176.66000366210938,173.19000244140625,176.6300048828125,156.30319213867188,7099800
2023-03-16,176.61000061035156,177.0,175.32000732421875,176.50999450683594,156.19700622558594,4734400
2023-03-17,176.50999450683594,176.69000244140625,174.22999572753906,175.1300048828125,154.97581481933594,8854600
2023-03-20,176.5,177.67999267578125,175.50999450683594,177.58999633789062,157.15272521972656,4367000
2023-03-21,177.66000366210938,178.1699981689453,176.27999877929688,178.00999450683594,157.5243682861328,3812000
2023-03-22,177.83999633789062,179.3699951171875,176.4199981689453,176.50999450683594,156.19700622558594,4380800
2023-03-23,176.05999755859375,177.22000122070312,175.02000427246094,175.64999389648438,155.4359893798828,4655600
2023-03-24,176.52999877929688,179.33999633789062,176.38999938964844,179.08999633789062,158.4801025390625,3713800
2023-03-27,179.5800018310547,180.64999389648438,179.30999755859375,179.49000549316406,158.83407592773438,4078600
2023-03-28,179.3300018310547,180.4600067138672,179.3300018310547,179.42999267578125,158.78094482421875,2850000
2023-03-29,180.64999389648438,180.91000366210938,179.99000549316406,180.6699981689453,159.87826538085938,4496000
2023-03-30,181.0,181.3300018310547,180.0800018310547,180.8300018310547,160.0198516845703,2743000
2023-03-31,182.16000366210938,182.49000549316406,181.32000732421875,182.3000030517578,161.32066345214844,4479800
2023-04-03,181.89999389648438,182.75999450683594,180.39999389648438,182.5,161.4976806640625,3902300
2023-04-04,182.17999267578125,183.36000061035156,181.10000610351562,181.85000610351562,160.92245483398438,3306400
2023-04-05,183.25,184.9600067138672,183.05999755859375,183.63999938964844,162.50650024414062,3826300
2023-04-06,183.3000030517578,184.74000549316406,183.10000610351562,184.36000061035156,163.1436004638672,3389700
2023-04-10,183.8300018310547,183.89999389648438,181.69000244140625,183.1999969482422,162.11708068847656,2408100
2023-04-11,183.4199981689453,183.8800048828125,182.75999450683594,182.9199981689453,161.8693389892578,3586700
2023-04-12,182.69000244140625,183.77999877929688,182.25,182.55999755859375,161.55075073242188,3620900
2023-04-13,182.6199951171875,184.61000061035156,182.11000061035156,184.3800048828125,163.1613006591797,4303600
2023-04-14,183.33999633789062,184.02000427246094,182.9199981689453,183.50999450683594,162.39141845703125,2572900
2023-04-17,184.19000244140625,184.75,183.47999572753906,184.4499969482422,163.22325134277344,3224400
2023-04-18,184.77000427246094,185.22000122070312,183.74000549316406,184.8300018310547,163.55955505371094,2438600
2023-04-19,185.24000549316406,185.32000732421875,184.25999450683594,184.72000122070312,163.4622039794922,2209900
2023-04-20,184.83999633789062,186.0399932861328,184.1999969482422,185.3300018310547,164.00196838378906,3868200
2023-04-21,185.99000549316406,186.3800048828125,185.1300048828125,185.41000366210938,164.07278442382812,3781800
2023-04-24,186.5,186.57000732421875,185.02000427246094,185.5,164.1524200439453,3540200
2023-04-25,186.55999755859375,190.17999267578125,186.24000549316406,189.7100067138672,167.87796020507812,6231600
2023-04-26,188.47999572753906,189.4199981689453,187.8699951171875,188.5399932861328,166.8425750732422,4481700
2023-04-27,188.17999267578125,189.9499969482422,187.50999450683594,189.69000244140625,167.8602294921875,4574500
2023-04-28,189.89999389648438,191.6199951171875,189.63999938964844,190.88999938964844,168.922119140625,4608900
2023-05-01,190.4499969482422,192.3300018310547,190.27999877929688,191.67999267578125,169.62123107910156,3137800
2023-05-02,191.36000061035156,192.5,189.75,192.25,170.12564086914062,3712200
2023-05-03,192.5800018310547,193.25,191.77999877929688,192.17999267578125,170.06365966796875,3389600
2023-05-04,193.0800018310547,193.9499969482422,192.16000366210938,193.3800048828125,171.12559509277344,4267600
2023-05-05,192.82000732421875,194.47999572753906,192.38999938964844,194.27000427246094,171.91314697265625,4146500
2023-05-08,193.39999389648438,194.0,192.64999389648438,193.35000610351562,171.09902954101562,2249900
2023-05-09,193.86000061035156,194.6699981689453,192.7100067138672,194.13999938964844,171.79812622070312,3087600
2023-05-10,194.11000061035156,195.5800018310547,192.6699981689453,194.27000427246094,171.91314697265625,4352900
2023-05-11,194.27999877929688,195.52000427246094,193.0,195.33999633789062,172.86001586914062,3690200
2023-05-12,195.33999633789062,196.22000122070312,194.9499969482422,196.1199951171875,173.55026245117188,2741000
2023-05-15,196.57000732421875,196.8800048828125,194.0,194.27000427246094,171.91314697265625,2946400
2023-05-16,194.47999572753906,194.47999572753906,192.5399932861328,193.42999267578125,171.16981506347656,5803100
2023-05-17,193.30999755859375,193.58999633789062,190.83999633789062,192.05999755859375,169.95745849609375,4878800
2023-05-18,191.32000732421875,191.7100067138672,190.41000366210938,191.55999755859375,169.51504516601562,3709400
2023-05-19,192.4600067138672,192.86000061035156,191.10000610351562,191.83999633789062,169.76278686523438,3883000
2023-05-22,191.19000244140625,191.38999938964844,186.41000366210938,186.63999938964844,165.16123962402344,5787000
2023-05-23,186.49000549316406,186.6300048828125,184.58999633789062,186.07000732421875,164.65679931640625,6382300
2023-05-24,186.27000427246094,186.74000549316406,184.3699951171875,184.88999938964844,163.61264038085938,3721000
2023-05-25,182.6999969482422,184.22000122070312,181.9499969482422,183.8000030517578,162.64805603027344,4712700
2023-05-26,183.7100067138672,184.25,182.39999389648438,183.5800018310547,162.45338439941406,4449300
2023-05-30,182.05999755859375,183.08999633789062,180.6999969482422,181.61000061035156,160.7100830078125,4331800
2023-05-31,182.86000061035156,184.6199951171875,181.4600067138672,182.35000610351562,161.3649444580078,20414600
2023-06-01,182.4199981689453,182.69000244140625,180.8000030517578,182.19000244140625,162.34957885742188,5277400
2023-06-02,182.02000427246094,184.2899932861328,181.6999969482422,184.05999755859375,164.0159454345703,4288300
2023-06-05,183.85000610351562,186.1699981689453,183.61000061035156,184.19000244140625,164.13180541992188,4311700
2023-06-06,184.97999572753906,185.1199951171875,180.42999267578125,181.55999755859375,161.78819274902344,3975600
2023-06-07,180.7100067138672,181.74000549316406,179.6999969482422,180.11000061035156,160.49610900878906,5162700
2023-06-08,179.6999969482422,182.3000030517578,179.3300018310547,182.10000610351562,162.2694091796875,4036100
2023-06-09,181.7100067138672,182.8300018310547,181.0,182.35000610351562,162.49217224121094,3200100
2023-06-12,182.49000549316406,182.72999572753906,180.69000244140625,181.89999389648438,162.0911865234375,4207100
2023-06-13,182.1300048828125,182.19000244140625,181.0800018310547,181.5399932861328,161.77037048339844,2838700
2023-06-14,182.0,183.64999389648438,181.44000244140625,183.1699981689453,163.22283935546875,3559300
2023-06-15,184.25999450683594,186.1699981689453,183.52000427246094,185.7100067138672,165.4862823486328,4326100
2023-06-16,186.13999938964844,187.58999633789062,185.6999969482422,186.0399932861328,165.78030395507812,8925700
2023-06-20,186.5399932861328,187.8699951171875,185.24000549316406,185.30999755859375,165.1298370361328,4154800
2023-06-21,185.72000122070312,186.8800048828125,184.19000244140625,185.42999267578125,165.23675537109375,3832400
2023-06-22,186.72999572753906,187.5800018310547,185.8699951171875,187.35000610351562,166.9476776123047,3185800
2023-06-23,188.0,188.0,185.9499969482422,186.07000732421875,165.80706787109375,7592600
2023-06-26,186.16000366210938,186.42999267578125,184.1199951171875,184.88999938964844,164.75559997558594,3706100
2023-06-27,184.6699981689453,186.61000061035156,183.9600067138672,186.22000122070312,165.9407501220703,5763000
2023-06-28,186.25,186.74000549316406,183.3800048828125,183.6999969482422,163.69517517089844,5193900
2023-06-29,183.25,183.88999938964844,181.38999938964844,183.8800048828125,163.85557556152344,5770400
2023-06-30,184.0399932861328,185.52000427246094,183.8800048828125,185.22000122070312,165.0496368408203,7635100
2023-07-03,184.3000030517578,185.63999938964844,183.47000122070312,185.60000610351562,165.3882293701172,2389000
2023-07-05,185.0,186.69000244140625,184.97000122070312,186.5800018310547,166.26150512695312,5277100
2023-07-06,185.80999755859375,186.75,184.88999938964844,186.60000610351562,166.27935791015625,5592100
2023-07-07,185.82000732421875,185.8800048828125,183.02999877929688,183.0800018310547,163.14268493652344,6309900
2023-07-10,184.07000732421875,185.91000366210938,183.77999877929688,184.3000030517578,164.2298583984375,5508800
2023-07-11,184.3800048828125,184.72999572753906,182.4199981689453,183.97999572753906,163.94464111328125,3914300
2023-07-12,183.97999572753906,184.61000061035156,182.97999572753906,183.1699981689453,163.22283935546875,6080100
2023-07-13,185.8000030517578,188.05999755859375,183.25999450683594,187.52999877929688,167.10806274414062,8223100
2023-07-14,187.86000061035156,188.6300048828125,187.08999633789062,188.2100067138672,167.7140350341797,4467600
2023-07-17,186.33999633789062,187.00999450683594,185.4199981689453,185.6300048828125,165.41497802734375,5637400
2023-07-18,185.44000244140625,186.82000732421875,183.82000732421875,184.4499969482422,164.36346435546875,5684100
2023-07-19,185.0,186.60000610351562,184.4199981689453,186.25999450683594,165.97637939453125,4140800
2023-07-20,187.5,189.99000549316406,186.80999755859375,189.3000030517578,168.68531799316406,5056500
2023-07-21,190.11000061035156,191.47000122070312,189.3000030517578,190.16000366210938,169.45167541503906,15022100
2023-07-24,190.58999633789062,191.42999267578125,190.13999938964844,190.9199981689453,170.12890625,4225800
2023-07-25,190.41000366210938,192.00999450683594,190.05999755859375,191.36000061035156,170.52098083496094,3521600
2023-07-26,191.1199951171875,192.3800048828125,190.05999755859375,191.60000610351562,170.73484802246094,3898900
2023-07-27,192.0,192.2899932861328,188.39999389648438,188.52999877929688,167.99916076660156,4141800
2023-07-28,190.13999938964844,191.3699951171875,189.7899932861328,190.30999755859375,169.5853271484375,5602300
2023-07-31,189.4499969482422,189.58999633789062,186.85000610351562,187.4600067138672,167.0457000732422,5687700
2023-08-01,187.49000549316406,188.60000610351562,186.39999389648438,186.82000732421875,166.4754180908203,2853900
2023-08-02,186.58999633789062,189.97000122070312,186.39999389648438,188.30999755859375,167.80313110351562,4285900
2023-08-03,188.1699981689453,189.22000122070312,186.97000122070312,187.1199951171875,166.74267578125,2857400
2023-08-04,187.1199951171875,188.00999450683594,184.35000610351562,184.60000610351562,164.49713134765625,4651100
2023-08-07,185.27999877929688,187.2100067138672,185.10000610351562,186.88999938964844,166.53778076171875,3323400
2023-08-08,187.1999969482422,187.47999572753906,184.02999877929688,184.44000244140625,164.35455322265625,5017900
2023-08-09,183.8800048828125,185.0,182.6300048828125,183.97999572753906,163.94464111328125,4413100
2023-08-10,184.22000122070312,185.58999633789062,183.52999877929688,183.75,163.73968505859375,3727200
2023-08-11,184.0,184.27999877929688,183.27999877929688,184.0399932861328,163.9981231689453,2873800
2023-08-14,184.38999938964844,184.86000061035156,183.1300048828125,183.6199951171875,163.6238555908203,3385600
2023-08-15,183.14999389648438,183.4600067138672,181.1300048828125,181.35000610351562,161.60104370117188,3331800
2023-08-16,181.60000610351562,182.9499969482422,180.9499969482422,181.2100067138672,161.476318359375,2633700
2023-08-17,181.2100067138672,181.41000366210938,178.32000732421875,178.4499969482422,159.016845703125,4503000
2023-08-18,178.4600067138672,179.5500030517578,177.27000427246094,178.17999267578125,158.7762908935547,6020300
2023-08-21,177.72999572753906,177.9600067138672,176.22999572753906,177.0500030517578,157.76934814453125,4284100
2023-08-22,176.17999267578125,176.82000732421875,175.30999755859375,175.6999969482422,156.5663299560547,3489300
2023-08-23,177.25,178.27999877929688,176.3699951171875,178.1199951171875,158.72280883789062,4042700
2023-08-24,178.00999450683594,180.44000244140625,177.10000610351562,177.17999267578125,157.8851776123047,5709800
2023-08-25,178.05999755859375,179.7100067138672,177.83999633789062,179.4199981689453,159.88124084472656,4710700
2023-08-28,180.82000732421875,181.17999267578125,179.33999633789062,180.25,160.62086486816406,3189800
2023-08-29,180.3000030517578,181.22000122070312,179.02000427246094,180.92999267578125,161.22682189941406,4368600
2023-08-30,181.4600067138672,182.25999450683594,180.72000122070312,181.0800018310547,161.36045837402344,3153400
2023-08-31,179.33999633789062,179.6300048828125,177.86000061035156,177.9199981689453,159.65992736816406,5566700
2023-09-01,178.72999572753906,178.80999755859375,174.63999938964844,175.32000732421875,157.32679748535156,4801400
2023-09-05,175.27000427246094,175.8800048828125,173.64999389648438,174.16000366210938,156.28587341308594,5081800
2023-09-06,174.9199981689453,174.99000549316406,173.47999572753906,174.72999572753906,156.79733276367188,5933800
2023-09-07,175.85000610351562,177.05999755859375,175.2100067138672,176.39999389648438,158.29592895507812,4934300
2023-09-08,175.80999755859375,177.14999389648438,175.61000061035156,176.27000427246094,158.17930603027344,2995000
2023-09-11,176.8300018310547,179.42999267578125,176.8300018310547,178.92999267578125,160.5662841796875,4512700
2023-09-12,178.74000549316406,178.9199981689453,177.8000030517578,178.27000427246094,159.97401428222656,3331100
2023-09-13,178.3300018310547,180.13999938964844,178.2100067138672,179.67999267578125,161.2393341064453,3781400
2023-09-14,179.94000244140625,181.69000244140625,179.3300018310547,181.22999572753906,162.6302490234375,4118300
2023-09-15,181.41000366210938,181.82000732421875,179.61000061035156,179.83999633789062,161.38290405273438,11661200
2023-09-18,181.0,181.0,178.42999267578125,179.3800048828125,160.97012329101562,3182600
2023-09-19,178.86000061035156,179.1300048828125,177.3000030517578,178.32000732421875,160.0189208984375,3369300
2023-09-20,179.08999633789062,179.4199981689453,177.55999755859375,178.3800048828125,160.07278442382812,3695800
2023-09-21,178.10000610351562,178.3300018310547,175.1300048828125,175.3800048828125,157.38064575195312,5351000
2023-09-22,174.94000244140625,176.38999938964844,174.3699951171875,175.27000427246094,157.28192138671875,4542300
2023-09-25,174.67999267578125,175.44000244140625,173.17999267578125,174.3300018310547,156.43838500976562,3553600
2023-09-26,173.0,173.72000122070312,171.63999938964844,172.52000427246094,154.81419372558594,5213700
2023-09-27,172.30999755859375,172.69000244140625,169.02999877929688,169.57000732421875,152.16696166992188,5729900
2023-09-28,169.92999267578125,170.17999267578125,168.17999267578125,169.5,152.10411071777344,4841600
2023-09-29,170.50999450683594,170.83999633789062,168.0399932861328,169.44000244140625,152.0502471923828,5194200
2023-10-02,169.0800018310547,169.49000549316406,167.32000732421875,169.1699981689453,151.8079833984375,3838800
2023-10-03,168.86000061035156,170.0,167.02999877929688,167.6999969482422,150.4888458251953,4873400
2023-10-04,168.4499969482422,169.1300048828125,167.05999755859375,168.91000366210938,151.5746612548828,4134000
2023-10-05,168.77000427246094,168.80999755859375,159.8699951171875,160.10000610351562,143.66885375976562,10556400
2023-10-06,158.77999877929688,160.9199981689453,155.8300018310547,160.2899932861328,143.83934020996094,12774700
2023-10-09,160.0,161.4199981689453,158.63999938964844,161.36000061035156,144.79949951171875,7244500
2023-10-10,164.25,165.17999267578125,162.02999877929688,164.39999389648438,147.5275421142578,11456400
2023-10-11,165.00999450683594,165.44000244140625,161.60000610351562,162.6199951171875,145.9302215576172,7371500
2023-10-12,162.60000610351562,162.64999389648438,157.42999267578125,158.0800018310547,141.8561553955078,9024100
2023-10-13,158.6199951171875,160.24000549316406,157.9499969482422,160.0,143.57913208007812,6757100
2023-10-16,161.0,161.9499969482422,159.8000030517578,161.0800018310547,144.54824829101562,5605000
2023-10-17,160.0,161.6300048828125,159.16000366210938,160.3699951171875,143.9111328125,6411300
2023-10-18,161.02000427246094,163.39999389648438,160.8699951171875,162.02999877929688,145.40077209472656,6650600
2023-10-19,161.89999389648438,162.72000122070312,160.41000366210938,160.55999755859375,144.08164978027344,6336800
2023-10-20,161.3699951171875,162.22999572753906,159.7100067138672,160.0,143.57913208007812,5486500
2023-10-23,159.60000610351562,161.60000610351562,159.05999755859375,160.0800018310547,143.65090942382812,5795800
2023-10-24,160.41000366210938,162.85000610351562,159.67999267578125,162.19000244140625,145.5443572998047,5265200
2023-10-25,162.0500030517578,163.5,161.47000122070312,162.35000610351562,145.68792724609375,4534600
2023-10-26,162.67999267578125,163.36000061035156,161.3000030517578,161.41000366210938,144.8444061279297,5147000
2023-10-27,162.02000427246094,162.13999938964844,158.88999938964844,159.6199951171875,143.23809814453125,5078000
2023-10-30,161.3000030517578,162.5800018310547,160.74000549316406,162.27999877929688,145.62510681152344,4625900
2023-10-31,162.9499969482422,163.35000610351562,161.66000366210938,163.27999877929688,146.5224609375,5947400
2023-11-01,163.6699981689453,165.42999267578125,162.75999450683594,164.8699951171875,147.9492950439453,6682500
2023-11-02,164.74000549316406,167.16000366210938,164.6699981689453,166.8300018310547,149.7081298828125,5413400
2023-11-03,168.67999267578125,168.80999755859375,166.69000244140625,166.7899932861328,149.6722412109375,4063300
2023-11-06,165.4600067138672,167.5,165.2100067138672,166.6999969482422,149.59146118164062,5784600
2023-11-07,166.8000030517578,167.7100067138672,166.1199951171875,167.17999267578125,150.022216796875,4687200
2023-11-08,168.1699981689453,168.33999633789062,166.66000366210938,167.38999938964844,150.2106475830078,4926600
2023-11-09,167.5800018310547,167.86000061035156,165.80999755859375,166.16000366210938,149.10690307617188,5639300
2023-11-10,167.30999755859375,167.77999877929688,164.86000061035156,166.9199981689453,149.78887939453125,5552900
2023-11-13,167.0,168.77999877929688,166.4600067138672,167.77000427246094,150.5516815185547,5402300
2023-11-14,167.9499969482422,168.44000244140625,166.88999938964844,168.11000061035156,150.8567657470703,6238900
2023-11-15,168.6999969482422,168.7899932861328,166.27000427246094,167.25,150.08502197265625,5611200
2023-11-16,168.38999938964844,170.0,166.39999389648438,167.7100067138672,150.49781799316406,5386400
2023-11-17,168.0500030517578,168.25,165.77000427246094,166.75999450683594,149.64532470703125,5583100
2023-11-20,166.0,166.77000427246094,165.72000122070312,166.52000427246094,149.42996215820312,4886200
2023-11-21,167.11000061035156,167.86000061035156,165.9199981689453,167.8000030517578,150.57859802246094,3980000
2023-11-22,168.35000610351562,169.57000732421875,168.3000030517578,169.22000122070312,151.8528594970703,3235600
2023-11-24,168.9499969482422,170.02000427246094,168.9499969482422,169.3699951171875,151.9874267578125,1751700
2023-11-27,169.6999969482422,169.6999969482422,168.08999633789062,168.32000732421875,151.0452117919922,3664700
2023-11-28,168.3800048828125,169.75999450683594,168.02000427246094,168.86000061035156,151.52978515625,4056100
2023-11-29,169.10000610351562,169.1199951171875,166.64999389648438,167.16000366210938,150.00425720214844,4722400
2023-11-30,166.11000061035156,168.36000061035156,164.82000732421875,168.2899932861328,152.16986083984375,7346700
2023-12-01,168.3699951171875,168.85000610351562,167.3800048828125,168.69000244140625,152.53152465820312,4897400
2023-12-04,168.39999389648438,169.9199981689453,168.19000244140625,169.13999938964844,152.9384307861328,5323300
2023-12-05,169.14999389648438,169.57000732421875,167.7100067138672,167.94000244140625,151.85337829589844,4553800
2023-12-06,167.97999572753906,168.32000732421875,166.72999572753906,167.50999450683594,151.46458435058594,4726600
2023-12-07,168.0,168.3000030517578,166.6999969482422,167.4600067138672,151.41937255859375,4934800
2023-12-08,167.0399932861328,167.1199951171875,165.27000427246094,165.67999267578125,149.80987548828125,5115200
2023-12-11,167.44000244140625,168.1300048828125,166.4600067138672,167.82000732421875,151.74488830566406,6912600
2023-12-12,169.27999877929688,169.27999877929688,167.7100067138672,168.47000122070312,152.33262634277344,4515800
2023-12-13,168.5399932861328,172.0500030517578,168.1199951171875,172.00999450683594,155.5334930419922,6082100
2023-12-14,171.64999389648438,171.97000122070312,167.94000244140625,168.25,152.13368225097656,7119300
2023-12-15,167.4499969482422,168.50999450683594,166.4499969482422,167.0,151.00344848632812,17734600
2023-12-18,168.05999755859375,170.25,167.41000366210938,168.91000366210938,152.73045349121094,5439500
2023-12-19,167.94000244140625,168.8300018310547,167.30999755859375,167.9499969482422,151.86241149902344,4855900
2023-12-20,166.50999450683594,167.47000122070312,165.6699981689453,165.69000244140625,149.8188934326172,5157800
2023-12-21,166.5,167.10000610351562,165.38999938964844,166.97000122070312,150.97630310058594,4374000
2023-12-22,167.36000061035156,168.1699981689453,166.86000061035156,167.67999267578125,151.6182861328125,3030400
2023-12-26,167.64999389648438,169.4199981689453,167.25,168.86000061035156,152.6852569580078,2779200
2023-12-27,168.89999389648438,169.49000549316406,168.36000061035156,169.39999389648438,153.1735076904297,3502500
2023-12-28,169.39999389648438,169.5399932861328,168.6999969482422,169.38999938964844,153.1644744873047,2911100
2023-12-29,169.33999633789062,170.07000732421875,169.1699981689453,169.83999633789062,153.5713653564453,3291500
2024-01-02,169.52000427246094,172.99000549316406,169.19000244140625,172.91000366210938,156.34732055664062,5743100
2024-01-03,175.0,175.1999969482422,172.6999969482422,172.9499969482422,156.3834686279297,5588200
2024-01-04,171.61000061035156,173.52999877929688,170.5800018310547,171.47000122070312,155.04522705078125,6283200
2024-01-05,171.57000732421875,171.57000732421875,167.55999755859375,168.94000244140625,152.75759887695312,5252500
2024-01-08,168.94000244140625,169.72999572753906,167.7899932861328,169.11000061035156,152.9113006591797,5735600
2024-01-09,167.7899932861328,167.88999938964844,165.92999267578125,167.1699981689453,151.15713500976562,6268800
2024-01-10,166.58999633789062,167.9600067138672,166.1999969482422,166.9199981689453,150.9310760498047,4394900
2024-01-11,167.13999938964844,167.13999938964844,164.82000732421875,166.1300048828125,150.2167510986328,4800700
2024-01-12,166.33999633789062,167.3800048828125,165.57000732421875,167.27000427246094,151.24754333496094,3546100
2024-01-16,167.27000427246094,167.52000427246094,165.19000244140625,166.1699981689453,150.2529296875,4576600
2024-01-17,165.99000549316406,166.72999572753906,165.44000244140625,166.44000244140625,150.49703979492188,4392300
2024-01-18,165.47000122070312,167.27999877929688,164.99000549316406,167.1699981689453,151.15713500976562,4709400
2024-01-19,167.13999938964844,167.24000549316406,165.57000732421875,165.77999877929688,149.90028381347656,6528600
2024-01-22,165.9600067138672,166.7100067138672,165.02000427246094,165.11000061035156,149.29443359375,5697400
2024-01-23,164.55999755859375,167.92999267578125,164.36000061035156,167.63999938964844,151.58212280273438,4932700
2024-01-24,167.63999938964844,167.74000549316406,165.52000427246094,165.60000610351562,149.73753356933594,4984700
2024-01-25,165.80999755859375,166.60000610351562,164.94000244140625,166.55999755859375,150.60556030273438,5373800
2024-01-26,166.60000610351562,168.02999877929688,166.60000610351562,167.86000061035156,151.7810516357422,4849000
2024-01-29,167.52999877929688,168.6999969482422,167.38999938964844,168.14999389648438,152.04327392578125,5713600
2024-01-30,167.6699981689453,169.6999969482422,167.32000732421875,169.6199951171875,153.37246704101562,4804200
2024-01-31,169.9600067138672,170.3800048828125,167.8800048828125,168.52999877929688,152.38687133789062,5769200
2024-02-01,168.52999877929688,171.8000030517578,167.1699981689453,171.6999969482422,155.25318908691406,4920800
2024-02-02,171.24000549316406,171.9600067138672,170.10000610351562,170.97000122070312,154.59312438964844,5307700
2024-02-05,170.5500030517578,171.5800018310547,169.0500030517578,170.9199981689453,154.5478973388672,5142700
2024-02-06,171.4499969482422,171.8300018310547,169.94000244140625,171.4199981689453,155.00001525878906,5182700
2024-02-07,172.6300048828125,172.89999389648438,171.3800048828125,171.47000122070312,155.04522705078125,5769700
2024-02-08,171.72000122070312,174.10000610351562,171.41000366210938,173.85000610351562,157.19728088378906,9269700
2024-02-09,171.1999969482422,171.38999938964844,166.97000122070312,167.6699981689453,151.60923767089844,12731700
2024-02-12,167.86000061035156,171.07000732421875,167.1999969482422,170.61000061035156,154.26759338378906,7867500
2024-02-13,171.22000122070312,171.4499969482422,167.24000549316406,168.8800048828125,152.70333862304688,7302000
2024-02-14,168.33999633789062,168.63999938964844,166.05999755859375,167.52000427246094,151.47361755371094,5731900
2024-02-15,167.9499969482422,168.3699951171875,166.67999267578125,167.86000061035156,151.7810516357422,4451400
2024-02-16,167.2100067138672,167.41000366210938,165.67999267578125,166.32000732421875,150.38858032226562,5246000
2024-02-20,167.74000549316406,169.52000427246094,167.19000244140625,168.64999389648438,152.49534606933594,6117900
2024-02-21,169.9499969482422,170.17999267578125,167.86000061035156,168.8300018310547,152.65814208984375,4192600
2024-02-22,167.63999938964844,168.8300018310547,166.10000610351562,168.25,152.13368225097656,7539200
2024-02-23,167.94000244140625,170.25,167.8000030517578,169.60000610351562,153.35435485839844,6409800
2024-02-26,169.4199981689453,169.4199981689453,167.7100067138672,168.25999450683594,152.14273071289062,3837000
2024-02-27,167.82000732421875,168.22000122070312,167.35000610351562,168.16000366210938,152.05230712890625,3567600
2024-02-28,168.1199951171875,168.5,166.4499969482422,167.02999877929688,151.03053283691406,5275300
2024-02-29,166.2100067138672,166.67999267578125,164.91000366210938,165.33999633789062,150.643310546875,8489400
2024-03-01,164.86000061035156,165.0,163.25,164.58999633789062,149.9600067138672,6109900
2024-03-04,164.4499969482422,165.64999389648438,163.60000610351562,165.3699951171875,150.670654296875,4303700
2024-03-05,165.22000122070312,165.5,161.80999755859375,162.0399932861328,147.63662719726562,6631300
2024-03-06,162.05999755859375,163.99000549316406,162.0399932861328,163.0,148.51133728027344,5302500
2024-03-07,163.82000732421875,163.89999389648438,162.5,163.11000061035156,148.61154174804688,5801600
2024-03-08,162.32000732421875,164.1999969482422,162.08999633789062,163.0500030517578,148.55686950683594,6065300
2024-03-11,163.9199981689453,165.4199981689453,163.30999755859375,164.72999572753906,150.08753967285156,5404800
2024-03-12,165.13999938964844,165.4199981689453,163.9600067138672,164.5399932861328,149.91444396972656,6158500
2024-03-13,165.10000610351562,166.13999938964844,164.74000549316406,165.3000030517578,150.6068878173828,4585800
2024-03-14,166.25999450683594,166.25999450683594,164.1999969482422,164.77999877929688,150.13308715820312,5155300
2024-03-15,165.05999755859375,165.3800048828125,163.63999938964844,164.66000366210938,150.02377319335938,21887300
2024-03-18,167.0500030517578,172.17999267578125,166.9499969482422,171.25999450683594,156.03709411621094,10478500
2024-03-19,171.10000610351562,172.64999389648438,171.0,171.8000030517578,156.52911376953125,7653700
2024-03-20,172.3000030517578,173.10000610351562,171.1199951171875,171.86000061035156,156.58377075195312,5046700
2024-03-21,171.9199981689453,173.4199981689453,171.0500030517578,172.4499969482422,157.12132263183594,4343000
2024-03-22,173.02000427246094,173.10000610351562,171.75999450683594,172.02000427246094,156.72955322265625,4106400
2024-03-25,172.1999969482422,173.08999633789062,172.11000061035156,172.60000610351562,157.25799560546875,3941900
2024-03-26,172.1699981689453,172.97000122070312,171.82000732421875,172.72999572753906,157.37643432617188,4593000
2024-03-27,174.0,174.69000244140625,173.0500030517578,173.57000732421875,158.14178466796875,4911300
2024-03-28,174.75999450683594,175.80999755859375,174.3699951171875,175.00999450683594,159.45376586914062,5710400
2024-04-01,175.57000732421875,176.22999572753906,172.64999389648438,172.97999572753906,157.60418701171875,4815400
2024-04-02,172.94000244140625,173.8699951171875,171.36000061035156,171.44000244140625,156.20111083984375,5158500
2024-04-03,170.0,170.9199981689453,168.6999969482422,169.67999267578125,154.5975341796875,5828000
2024-04-04,170.9199981689453,171.77999877929688,169.3300018310547,169.64999389648438,154.57022094726562,5422600
2024-04-05,169.39999389648438,169.97000122070312,168.07000732421875,169.13999938964844,154.1055450439453,4412200
2024-04-08,169.14999389648438,170.0500030517578,168.74000549316406,169.5800018310547,154.50643920898438,3755700
2024-04-09,170.22999572753906,170.72000122070312,168.72999572753906,170.61000061035156,155.44485473632812,3773900
2024-04-10,169.57000732421875,169.6300048828125,167.77000427246094,168.9499969482422,153.93243408203125,4581500
2024-04-11,169.6199951171875,169.8699951171875,167.77000427246094,168.36000061035156,153.39488220214844,4241500
2024-04-12,167.69000244140625,168.50999450683594,167.32000732421875,168.10000610351562,153.15802001953125,5453500
2024-04-15,169.2100067138672,169.35000610351562,166.02999877929688,166.9499969482422,152.11021423339844,5133200
2024-04-16,167.02999877929688,168.50999450683594,166.88999938964844,167.5,152.611328125,4569700
2024-04-17,169.08999633789062,169.6999969482422,168.2100067138672,169.47999572753906,154.4153289794922,4069200
2024-04-18,170.10000610351562,172.67999267578125,170.10000610351562,172.27000427246094,156.9573516845703,5574700
2024-04-19,172.27999877929688,174.27000427246094,171.8000030517578,174.1300048828125,158.65200805664062,6636700
2024-04-22,174.41000366210938,177.1999969482422,174.02999877929688,176.4600067138672,160.77491760253906,7288700
2024-04-23,174.6999969482422,174.8800048828125,170.13999938964844,171.22000122070312,156.0006561279297,9145000
2024-04-24,168.5,178.08999633789062,167.64999389648438,177.41000366210938,161.6404266357422,10016700
2024-04-25,178.27999877929688,180.6300048828125,175.82000732421875,176.67999267578125,160.97531127929688,7441500
2024-04-26,174.44000244140625,178.57000732421875,174.33999633789062,175.5800018310547,159.9730987548828,4472100
2024-04-29,175.5,176.32000732421875,175.02000427246094,176.13999938964844,160.48333740234375,3224500
2024-04-30,176.27000427246094,176.47000122070312,174.83999633789062,175.91000366210938,160.2737579345703,4465100
2024-05-01,175.4600067138672,176.22999572753906,173.66000366210938,175.14999389648438,159.58131408691406,4340500
2024-05-02,175.5800018310547,176.32000732421875,174.5500030517578,175.4499969482422,159.85467529296875,3964800
2024-05-03,175.8000030517578,176.49000549316406,175.0,176.14999389648438,160.492431640625,3491900
2024-05-06,176.75999450683594,176.75999450683594,175.1300048828125,175.82000732421875,160.1917724609375,3576200
2024-05-07,177.0,178.14999389648438,176.50999450683594,178.02000427246094,162.19619750976562,3708000
2024-05-08,178.7100067138672,178.8800048828125,177.19000244140625,177.41000366210938,161.6404266357422,3400900
2024-05-09,177.25999450683594,178.42999267578125,177.08999633789062,178.05999755859375,162.23265075683594,2421400
2024-05-10,177.9499969482422,180.16000366210938,177.61000061035156,179.7899932861328,163.8089141845703,4201600
2024-05-13,180.50999450683594,181.35000610351562,179.85000610351562,180.89999389648438,164.82022094726562,4408100
2024-05-14,181.0500030517578,181.27999877929688,178.60000610351562,179.8699951171875,163.8817901611328,3508600
2024-05-15,179.24000549316406,180.39999389648438,179.0,179.4600067138672,163.5082244873047,4785100
2024-05-16,179.6300048828125,183.41000366210938,179.4600067138672,183.11000061035156,166.83380126953125,5984700
2024-05-17,182.58999633789062,182.9600067138672,181.8300018310547,182.19000244140625,165.99557495117188,4449100
2024-05-20,182.08999633789062,182.1300048828125,179.91000366210938,180.30999755859375,164.28265380859375,3221100
2024-05-21,181.5,181.5800018310547,179.8000030517578,181.0800018310547,164.98422241210938,3288100
2024-05-22,180.4499969482422,182.1300048828125,179.97999572753906,182.08999633789062,165.90444946289062,4047000
2024-05-23,181.3300018310547,181.88999938964844,179.0399932861328,179.27000427246094,163.33511352539062,4009000
2024-05-24,179.3699951171875,179.4199981689453,177.8699951171875,177.99000549316406,162.1688995361328,3447400
2024-05-28,176.22999572753906,176.27999877929688,171.89999389648438,173.3800048828125,157.9686737060547,6178100
2024-05-29,172.42999267578125,173.17999267578125,170.72000122070312,171.14999389648438,155.93687438964844,5352100
2024-05-30,171.35000610351562,171.7100067138672,170.39999389648438,170.47999572753906,155.326416015625,3903100
2024-05-31,169.88999938964844,172.97000122070312,169.52000427246094,172.89999389648438,157.53131103515625,8155600
2024-06-03,172.72000122070312,172.89999389648438,171.02999877929688,171.22999572753906,156.00975036621094,5032400
2024-06-04,171.2100067138672,174.38999938964844,170.82000732421875,173.88999938964844,158.43328857421875,4619100
2024-06-05,173.83999633789062,173.97000122070312,171.9600067138672,173.49000549316406,158.06886291503906,5370700
2024-06-06,174.0,174.39999389648438,172.67999267578125,173.1999969482422,157.80465698242188,5536700
2024-06-07,171.5,172.50999450683594,170.75,171.0399932861328,157.0654296875,3521100
2024-06-10,170.11000061035156,170.3699951171875,165.6199951171875,165.89999389648438,152.34539794921875,9429400
2024-06-11,164.8699951171875,165.4600067138672,163.50999450683594,165.07000732421875,151.58322143554688,8284500
2024-06-12,164.8800048828125,165.3300018310547,162.44000244140625,163.8300018310547,150.44451904296875,6281100
2024-06-13,162.0800018310547,163.55999755859375,161.5399932861328,163.3300018310547,149.98538208007812,5432600
2024-06-14,163.1300048828125,164.38999938964844,162.52999877929688,163.80999755859375,150.4261474609375,3603300
2024-06-17,163.49000549316406,166.41000366210938,162.7899932861328,166.13999938964844,152.56578063964844,5412200
2024-06-18,166.10000610351562,167.07000732421875,165.25,166.47999572753906,152.8780059814453,3519500
2024-06-20,165.72999572753906,167.63999938964844,165.72999572753906,166.67999267578125,153.0616455078125,4942400
2024-06-21,167.2100067138672,169.07000732421875,166.4499969482422,167.27999877929688,153.61265563964844,10899100
2024-06-24,167.5,169.61000061035156,167.08999633789062,168.0800018310547,154.34727478027344,4476900
2024-06-25,168.0800018310547,168.9600067138672,167.25,167.35000610351562,153.6769256591797,4217300
2024-06-26,165.88999938964844,167.00999450683594,164.85000610351562,166.74000549316406,153.1167755126953,4778300
2024-06-27,166.6300048828125,167.25,165.27000427246094,166.25999450683594,152.6759490966797,4326500
2024-06-28,165.3000030517578,166.22000122070312,164.6199951171875,164.92999267578125,151.4546356201172,8755900
2024-07-01,165.0399932861328,166.05999755859375,162.5800018310547,162.88999938964844,149.58131408691406,4508000
2024-07-02,163.5,164.47000122070312,162.32000732421875,163.5800018310547,150.21493530273438,4650800
2024-07-03,162.9199981689453,164.1300048828125,161.9600067138672,162.60000610351562,149.31500244140625,2879600
2024-07-05,162.63999938964844,164.52000427246094,162.47000122070312,164.38999938964844,150.95875549316406,4208200
2024-07-08,163.05999755859375,163.75,161.9199981689453,162.1199951171875,148.8742218017578,5268800
2024-07-09,162.19000244140625,162.55999755859375,161.5,161.89999389648438,148.67218017578125,5801200
2024-07-10,161.83999633789062,163.77000427246094,160.66000366210938,163.58999633789062,150.22413635253906,7372300
2024-07-11,159.10000610351562,164.88999938964844,158.02999877929688,163.9499969482422,150.55471801757812,10258600
2024-07-12,164.9600067138672,168.02999877929688,164.9600067138672,166.3800048828125,152.7861785888672,6677000
2024-07-15,166.00999450683594,166.3000030517578,163.64999389648438,163.86000061035156,150.47206115722656,4551800
2024-07-16,163.41000366210938,165.0399932861328,162.83999633789062,164.75999450683594,151.2985382080078,4461700
2024-07-17,166.0399932861328,170.07000732421875,165.88999938964844,169.88999938964844,156.0093994140625,7671000
2024-07-18,168.7100067138672,172.6699981689453,168.38999938964844,170.3699951171875,156.45018005371094,6228600
2024-07-19,170.27999877929688,170.49000549316406,168.47000122070312,169.36000061035156,155.52268981933594,5332800
2024-07-22,169.25999450683594,169.7100067138672,167.35000610351562,167.66000366210938,153.96157836914062,5308400
2024-07-23,167.7899932861328,168.36000061035156,166.17999267578125,166.27999877929688,152.69435119628906,3344300
2024-07-24,166.27999877929688,168.6699981689453,164.9499969482422,168.1699981689453,154.42991638183594,5867000
2024-07-25,169.49000549316406,173.49000549316406,168.86000061035156,171.02000427246094,157.04708862304688,6270900
2024-07-26,170.72999572753906,172.75999450683594,170.72999572753906,172.75,158.6356964111328,5746300
2024-07-29,172.2899932861328,173.49000549316406,170.85000610351562,173.2100067138672,159.05812072753906,4152700
2024-07-30,172.69000244140625,173.4499969482422,171.5500030517578,173.17999267578125,159.03057861328125,4994600
2024-07-31,173.9199981689453,174.69000244140625,172.25999450683594,172.6699981689453,158.56227111816406,6245600
2024-08-01,172.52999877929688,175.55999755859375,172.5,174.9600067138672,160.6651611328125,5994500
2024-08-02,178.83999633789062,179.9499969482422,173.83999633789062,178.0399932861328,163.4934844970703,6856100
2024-08-05,179.52000427246094,180.91000366210938,173.16000366210938,174.0399932861328,159.82034301757812,7502300
2024-08-06,173.27999877929688,176.2100067138672,172.36000061035156,172.49000549316406,158.39697265625,7287100
2024-08-07,171.6199951171875,174.38999938964844,171.3300018310547,171.7899932861328,157.75416564941406,5428900
2024-08-08,170.2100067138672,173.0,169.80999755859375,172.3699951171875,158.28677368164062,5112500
2024-08-09,172.08999633789062,172.77999877929688,170.38999938964844,172.38999938964844,158.3051300048828,3223000
2024-08-12,172.24000549316406,172.8699951171875,170.7100067138672,171.4199981689453,157.4143829345703,3802300
2024-08-13,171.6199951171875,172.4199981689453,170.22000122070312,172.3699951171875,158.28677368164062,3894700
2024-08-14,172.22999572753906,174.33999633789062,171.92999267578125,173.7100067138672,159.5172882080078,3555800
2024-08-15,173.7100067138672,174.3000030517578,171.8300018310547,172.52000427246094,158.42453002929688,4472100
2024-08-16,172.52000427246094,172.77999877929688,171.11000061035156,172.6199951171875,158.51632690429688,4614600
2024-08-19,172.66000366210938,173.97999572753906,172.44000244140625,173.82000732421875,159.61830139160156,3521700
2024-08-20,173.52999877929688,176.02999877929688,172.5,175.85000610351562,161.48245239257812,5330100
2024-08-21,175.94000244140625,176.82000732421875,174.6199951171875,175.2100067138672,160.89474487304688,4020700
2024-08-22,175.8300018310547,176.0800018310547,174.6999969482422,175.74000549316406,161.3814239501953,5265900
2024-08-23,176.6300048828125,176.67999267578125,173.6699981689453,175.8699951171875,161.5008087158203,5283600
2024-08-26,176.32000732421875,176.83999633789062,175.72999572753906,175.97000122070312,161.5926513671875,4146700
2024-08-27,176.30999755859375,176.8800048828125,174.52000427246094,175.3000030517578,160.97738647460938,3520600
2024-08-28,175.5500030517578,175.74000549316406,173.35000610351562,173.9199981689453,159.7101593017578,3915500
2024-08-29,173.75999450683594,173.9600067138672,171.91000366210938,172.08999633789062,158.02963256835938,4654300
2024-08-30,172.05999755859375,173.55999755859375,171.25,172.8800048828125,158.75509643554688,8677300
2024-09-03,172.3800048828125,177.88999938964844,171.8800048828125,177.5399932861328,163.0343475341797,7032100
2024-09-04,177.89999389648438,179.64999389648438,176.2899932861328,178.52000427246094,163.93429565429688,6188500
2024-09-05,178.72999572753906,179.72999572753906,177.52000427246094,179.3000030517578,164.65057373046875,5743100
2024-09-06,177.44000244140625,178.5800018310547,177.0,177.33999633789062,164.0907440185547,6395300
2024-09-09,177.0500030517578,178.7899932861328,175.86000061035156,178.19000244140625,164.87725830078125,4666200
2024-09-10,178.64999389648438,179.10000610351562,177.63999938964844,177.80999755859375,164.52565002441406,4315800
2024-09-11,177.44000244140625,177.75,174.42999267578125,175.77999877929688,162.64732360839844,4036000
2024-09-12,175.77999877929688,177.69000244140625,173.9499969482422,177.25,164.00750732421875,4222800
2024-09-13,177.4499969482422,177.9600067138672,176.3699951171875,177.36000061035156,164.10926818847656,3290400
2024-09-16,179.0,179.42999267578125,176.35000610351562,177.2100067138672,163.97047424316406,4940100
2024-09-17,177.0,178.08999633789062,176.3000030517578,176.8699951171875,163.65586853027344,6305100
2024-09-18,176.86000061035156,178.05999755859375,174.42999267578125,175.2100067138672,162.11990356445312,5307900
2024-09-19,175.75,176.22000122070312,174.14999389648438,174.66000366210938,161.61099243164062,5504000
2024-09-20,172.57000732421875,173.77000427246094,170.22000122070312,171.17999267578125,158.39097595214844,12198400
2024-09-23,170.8699951171875,173.94000244140625,170.72999572753906,172.11000061035156,159.25149536132812,5350300
2024-09-24,170.99000549316406,171.60000610351562,169.5,169.9199981689453,157.22512817382812,7837900
2024-09-25,170.39999389648438,170.77000427246094,168.75999450683594,169.39999389648438,156.74395751953125,4505100
2024-09-26,169.22000122070312,171.0,168.67999267578125,169.69000244140625,157.0123291015625,5673600
2024-09-27,169.9600067138672,171.64999389648438,169.67999267578125,170.0,157.29913330078125,7545800
2024-09-30,170.5800018310547,171.74000549316406,169.5800018310547,170.0500030517578,157.34539794921875,5054300
2024-10-01,171.2899932861328,171.94000244140625,169.77000427246094,171.3800048828125,158.57606506347656,7095900
2024-10-02,171.5,171.74000549316406,168.52000427246094,169.5500030517578,156.88278198242188,5786000
2024-10-03,168.13999938964844,169.11000061035156,167.1699981689453,168.52999877929688,155.93896484375,5090300
2024-10-04,167.14999389648438,168.5,166.82000732421875,167.97000122070312,155.42080688476562,4390100
2024-10-07,167.72000122070312,167.92999267578125,166.4600067138672,167.2100067138672,154.71759033203125,5459500
2024-10-08,167.72000122070312,170.64999389648438,166.85000610351562,170.4199981689453,157.68775939941406,8297800
2024-10-09,169.3800048828125,173.27999877929688,169.10000610351562,172.5399932861328,159.64935302734375,7177500
2024-10-10,172.07000732421875,173.05999755859375,171.22000122070312,172.99000549316406,160.06576538085938,5292400
2024-10-11,174.0,175.17999267578125,172.8699951171875,174.80999755859375,161.74977111816406,4720300
2024-10-14,174.9600067138672,176.27000427246094,174.44000244140625,176.10000610351562,162.9434051513672,4535900
2024-10-15,176.36000061035156,177.38999938964844,175.1199951171875,175.89999389648438,162.75833129882812,5802300
2024-10-16,175.00999450683594,175.3300018310547,173.6300048828125,174.47999572753906,161.44444274902344,4400900
2024-10-17,174.3800048828125,175.47000122070312,173.6999969482422,174.6699981689453,161.6202392578125,4125900
2024-10-18,172.3000030517578,175.3300018310547,172.1199951171875,175.05999755859375,161.98110961914062,5097000
2024-10-21,174.4600067138672,177.5,174.35000610351562,175.00999450683594,161.93484497070312,6436300
2024-10-22,174.50999450683594,174.9499969482422,173.50999450683594,174.3699951171875,161.34266662597656,3790500
2024-10-23,173.6999969482422,173.83999633789062,172.47000122070312,172.9499969482422,160.02874755859375,3800700
2024-10-24,172.9199981689453,173.5399932861328,171.6999969482422,172.16000366210938,159.2977752685547,4244900
2024-10-25,172.47000122070312,174.0,171.60000610351562,171.7899932861328,158.95541381835938,4442600
2024-10-28,172.97999572753906,172.97999572753906,169.72999572753906,169.83999633789062,157.15109252929688,5186400
2024-10-29,169.1999969482422,169.1999969482422,166.97000122070312,167.5,154.98590087890625,5127900
2024-10-30,167.0,167.63999938964844,166.0800018310547,166.2100067138672,153.79229736328125,4801500
2024-10-31,166.10000610351562,167.5,165.80999755859375,166.0800018310547,153.67201232910156,5582400
2024-11-01,166.08999633789062,166.25,165.2100067138672,165.58999633789062,153.21861267089844,6339000
2024-11-04,165.58999633789062,166.64999389648438,165.19000244140625,166.33999633789062,153.91259765625,4885500
2024-11-05,165.9499969482422,167.9600067138672,165.6699981689453,167.85000610351562,155.3097686767578,3678300
2024-11-06,167.3699951171875,167.41000366210938,163.60000610351562,164.7100067138672,152.40435791015625,7849300
2024-11-07,164.5,164.89999389648438,163.47000122070312,164.0,151.74742126464844,5333500
2024-11-08,163.83999633789062,165.82000732421875,163.64999389648438,165.11000061035156,152.7744598388672,4618300
2024-11-11,164.41000366210938,166.14999389648438,163.97999572753906,164.25999450683594,151.98797607421875,3762000
2024-11-12,164.08999633789062,165.0,163.14999389648438,164.33999633789062,152.06199645996094,5386600
2024-11-13,163.49000549316406,164.8000030517578,162.3699951171875,164.74000549316406,152.43212890625,4145000
2024-11-14,164.74000549316406,166.88999938964844,163.8300018310547,165.14999389648438,152.81149291992188,5422700
2024-11-15,164.3800048828125,164.3800048828125,158.0500030517578,158.6199951171875,146.7693328857422,9108900
2024-11-18,159.41000366210938,159.85000610351562,157.75999450683594,158.3300018310547,146.5010223388672,6991300
2024-11-19,157.75,157.8699951171875,155.85000610351562,156.72000122070312,145.0113067626953,8248900
2024-11-20,156.4499969482422,159.11000061035156,156.1999969482422,158.74000549316406,146.88040161132812,5067300
2024-11-21,158.38999938964844,160.5,157.9499969482422,160.33999633789062,148.36085510253906,5977000
2024-11-22,160.89999389648438,162.05999755859375,159.88999938964844,162.0,149.89683532714844,5846300
2024-11-25,162.6999969482422,163.58999633789062,162.0,163.0500030517578,150.86839294433594,8580400
2024-11-26,163.27000427246094,163.67999267578125,161.89999389648438,162.16000366210938,150.04486083984375,4653600
2024-11-27,161.94000244140625,165.1300048828125,161.67999267578125,162.72000122070312,150.5630340576172,3622900
2024-11-29,161.42999267578125,163.58999633789062,160.9499969482422,163.4499969482422,151.2384796142578,2799300
2024-12-02,163.32000732421875,163.64999389648438,161.75999450683594,163.0500030517578,150.86839294433594,4967400
2024-12-03,162.83999633789062,163.0500030517578,161.4199981689453,161.6999969482422,149.61924743652344,4277400
2024-12-04,160.60000610351562,161.02999877929688,159.41000366210938,160.17999267578125,148.2128143310547,6964600
2024-12-05,160.92999267578125,161.00999450683594,158.8300018310547,160.49000549316406,148.49964904785156,5229600
2024-12-06,159.35000610351562,160.8000030517578,157.69000244140625,157.7899932861328,147.2445526123047,8359200
2024-12-09,157.91000366210938,161.5,157.13999938964844,159.47000122070312,148.81227111816406,8380400
2024-12-10,159.0,160.4199981689453,157.35000610351562,159.83999633789062,149.15750122070312,5329400
2024-12-11,160.2100067138672,160.50999450683594,156.25999450683594,156.77000427246094,146.29269409179688,7925900
2024-12-12,159.08999633789062,159.39999389648438,157.97000122070312,158.89999389648438,148.2803192138672,6849500
2024-12-13,157.52999877929688,159.57000732421875,157.05999755859375,157.97000122070312,147.41249084472656,4353900
2024-12-16,157.85000610351562,158.82000732421875,155.8800048828125,156.02000427246094,145.59283447265625,6696500
2024-12-17,155.74000549316406,158.5,155.24000549316406,156.13999938964844,145.70481872558594,6572600
2024-12-18,155.02999877929688,155.8300018310547,154.11000061035156,154.42999267578125,144.10906982421875,7620900
2024-12-19,153.08999633789062,154.0800018310547,151.41000366210938,151.47000122070312,141.34690856933594,9829500
2024-12-20,150.86000061035156,153.49000549316406,150.50999450683594,152.7899932861328,142.57867431640625,19205200
2024-12-23,152.41000366210938,152.41000366210938,149.7100067138672,151.2899932861328,141.1789093017578,6822200
2024-12-24,150.5,152.8300018310547,150.41000366210938,152.80999755859375,142.59735107421875,3399800
2024-12-26,152.52999877929688,153.17999267578125,152.24000549316406,152.44000244140625,142.2520751953125,5528500
2024-12-27,151.2899932861328,153.47000122070312,151.25999450683594,152.88999938964844,142.67201232910156,4287000
2024-12-30,152.66000366210938,153.08999633789062,151.08999633789062,151.72000122070312,141.58021545410156,5397000
2024-12-31,151.8000030517578,153.14999389648438,150.94000244140625,152.05999755859375,141.89747619628906,4274800
2025-01-02,152.8800048828125,153.66000366210938,149.88999938964844,150.2100067138672,140.171142578125,4970200
2025-01-03,150.9600067138672,150.9600067138672,149.55999755859375,149.64999389648438,139.64852905273438,5218100
2025-01-06,149.60000610351562,149.9499969482422,146.10000610351562,146.27000427246094,136.49444580078125,9470600
2025-01-07,146.4600067138672,147.97000122070312,145.33999633789062,145.39999389648438,135.6825714111328,7473300
2025-01-08,145.39999389648438,146.6699981689453,144.55999755859375,146.5399932861328,136.7463836669922,6791800
2025-01-10,145.0,145.57000732421875,141.50999450683594,142.63999938964844,133.10704040527344,9632700
2025-01-13,142.7899932861328,145.13999938964844,142.13999938964844,144.5,134.8427276611328,8101400
2025-01-14,144.19000244140625,145.13999938964844,143.55999755859375,144.9499969482422,135.2626495361328,6996400
2025-01-15,145.49000549316406,146.1999969482422,144.1699981689453,144.77999877929688,135.10401916503906,7141600
2025-01-16,144.0500030517578,146.7899932861328,143.69000244140625,146.5399932861328,136.7463836669922,5068000
2025-01-17,147.72000122070312,148.6199951171875,147.1699981689453,148.25,138.34210205078125,7338900
2025-01-21,148.3300018310547,149.77999877929688,147.77000427246094,148.5500030517578,138.6220703125,7456200
2025-01-22,148.22999572753906,149.4499969482422,147.7899932861328,148.08999633789062,138.19277954101562,5905100
