Date,Open,High,Low,Close,Adj Close,Volume
2013-01-02,69.18000030517578,69.4800033569336,68.63999938964844,69.33000183105469,45.721153259277344,8055900
2013-01-03,69.27999877929688,69.4800033569336,69.05000305175781,69.36000061035156,45.740936279296875,5200100
2013-01-04,69.29000091552734,69.62999725341797,69.0999984741211,69.45999908447266,45.8068733215332,4512300
2013-01-07,69.52999877929688,69.69000244140625,69.16000366210938,69.44999694824219,45.800296783447266,5658400
2013-01-08,69.25,69.69999694824219,69.25,69.66000366210938,45.93878173828125,5072500
2013-01-09,69.94999694824219,70.04000091552734,69.56999969482422,70.01000213623047,46.16958999633789,6280900
2013-01-10,70.19000244140625,70.91999816894531,70.16000366210938,70.80999755859375,46.69717025756836,6923200
2013-01-11,70.72000122070312,70.88999938964844,70.55999755859375,70.87999725341797,46.74332809448242,4668900
2013-01-14,70.88999938964844,71.41999816894531,70.7699966430664,71.29000091552734,47.01372146606445,5631800
2013-01-15,71.16999816894531,71.73999786376953,70.87000274658203,71.5999984741211,47.21814727783203,5546100
2013-01-16,71.33000183105469,71.80000305175781,71.26000213623047,71.4800033569336,47.13901901245117,5001000
2013-01-17,71.63999938964844,72.47000122070312,71.30000305175781,72.43000030517578,47.76551818847656,7495700
2013-01-18,72.22000122070312,72.54000091552734,72.12999725341797,72.4800033569336,47.79847717285156,7741200
2013-01-22,72.38999938964844,72.44999694824219,72.0199966430664,72.19999694824219,47.613834381103516,7042200
2013-01-23,72.08000183105469,72.29000091552734,71.73999786376953,71.80999755859375,47.35663986206055,4812000
2013-01-24,71.91000366210938,72.37999725341797,71.91000366210938,72.2300033569336,47.63361358642578,5136300
2013-01-25,72.4000015258789,72.55000305175781,72.2300033569336,72.48999786376953,47.805084228515625,4153600
2013-01-28,72.41000366210938,72.66999816894531,72.30000305175781,72.61000061035156,47.88422393798828,3741000
2013-01-29,72.45999908447266,72.94999694824219,72.45999908447266,72.94000244140625,48.10185623168945,6654600
2013-01-30,72.87000274658203,73.45999908447266,72.83999633789062,73.20999908447266,48.2798957824707,5179600
2013-01-31,73.36000061035156,73.37000274658203,72.68000030517578,72.8499984741211,48.0424919128418,5677900
2013-02-01,73.08000183105469,73.11000061035156,72.56999969482422,72.66999816894531,47.92378616333008,5964900
2013-02-04,72.4800033569336,72.66999816894531,72.4000015258789,72.44999694824219,47.7786979675293,5449500
2013-02-05,72.62999725341797,73.16000366210938,72.62999725341797,73.1500015258789,48.24032211303711,5558500
2013-02-06,72.91000366210938,73.12000274658203,72.73999786376953,72.7699966430664,47.98973083496094,4782800
2013-02-07,72.81999969482422,73.02999877929688,72.45999908447266,72.80999755859375,48.016117095947266,4146400
2013-02-08,72.76000213623047,72.87000274658203,72.47000122070312,72.5999984741211,47.87760543823242,3721400
2013-02-11,72.5,72.63999938964844,72.19999694824219,72.36000061035156,47.719356536865234,3744000
2013-02-12,72.41999816894531,72.44999694824219,72.05999755859375,72.16999816894531,47.594051361083984,6398000
2013-02-13,72.23999786376953,72.37000274658203,70.9800033569336,71.5,47.15220642089844,12029800
2013-02-14,72.12000274658203,73.19999694824219,71.5,72.27999877929688,47.666587829589844,8160800
2013-02-15,72.48999786376953,73.72000122070312,72.47000122070312,73.68000030517578,48.5898551940918,9345800
2013-02-19,73.75,75.58999633789062,73.4800033569336,75.5,49.790096282958984,10825700
2013-02-20,75.29000091552734,75.86000061035156,75.29000091552734,75.41999816894531,49.73733139038086,7637900
2013-02-21,75.2699966430664,75.44000244140625,74.72000122070312,75.36000061035156,49.697776794433594,5645200
2013-02-22,75.41999816894531,75.58000183105469,75.13999938964844,75.56999969482422,49.83626937866211,4971300
2013-02-25,75.68000030517578,76.33000183105469,75.08999633789062,75.19000244140625,49.58564758300781,7600400
2013-02-26,75.4000015258789,75.7699966430664,75.0,75.62000274658203,49.86922836303711,6176900
2013-02-27,75.0999984741211,75.58999633789062,74.52999877929688,75.4800033569336,50.13290023803711,4655800
2013-02-28,75.44000244140625,75.94999694824219,75.44000244140625,75.7699966430664,50.32551956176758,6007400
2013-03-01,75.55000305175781,75.94999694824219,75.37000274658203,75.93000030517578,50.43178939819336,4282100
2013-03-04,75.77999877929688,76.62000274658203,75.54000091552734,76.5999984741211,50.87681579589844,5558800
2013-03-05,76.83999633789062,77.06999969482422,76.48999786376953,76.9000015258789,51.076053619384766,7424800
2013-03-06,77.0,77.08999633789062,76.62000274658203,76.80000305175781,51.0096549987793,3940800
2013-03-07,76.76000213623047,77.16999816894531,76.66999816894531,77.13999938964844,51.23545455932617,4461600
2013-03-08,77.16000366210938,77.41000366210938,76.6500015258789,77.19999694824219,51.275306701660156,4297000
2013-03-11,77.12000274658203,77.38999938964844,76.79000091552734,76.8499984741211,51.0428352355957,4023100
2013-03-12,76.83000183105469,77.18000030517578,76.69000244140625,76.88999938964844,51.06940841674805,4608300
2013-03-13,76.88999938964844,77.0999984741211,76.6500015258789,76.94999694824219,51.109275817871094,3544000
2013-03-14,77.05999755859375,77.22000122070312,76.86000061035156,77.19000244140625,51.268672943115234,4149900
2013-03-15,76.8499984741211,77.1500015258789,76.69999694824219,77.04000091552734,51.16904830932617,6650900
2013-03-18,76.66000366210938,76.98999786376953,76.5999984741211,76.68000030517578,50.929927825927734,4176900
2013-03-19,76.77999877929688,76.94999694824219,76.5,76.66999816894531,50.923301696777344,5040200
2013-03-20,76.94999694824219,77.06999969482422,76.06999969482422,76.31999969482422,50.690818786621094,7579800
2013-03-21,76.29000091552734,76.75,76.0,76.1500015258789,50.577903747558594,3998200
2013-03-22,76.73999786376953,79.2699966430664,76.66000366210938,78.63999938964844,52.23175048828125,14228500
2013-03-25,78.61000061035156,78.63999938964844,77.5999984741211,77.83000183105469,51.693748474121094,6873800
2013-03-26,77.9000015258789,78.94000244140625,77.79000091552734,78.91999816894531,52.417701721191406,5183700
2013-03-27,78.5,78.6500015258789,77.91000366210938,78.29000091552734,51.999290466308594,3601600
2013-03-28,78.5,79.12999725341797,78.06999969482422,79.11000061035156,52.543914794921875,5338100
2013-04-01,78.76000213623047,79.2300033569336,78.76000213623047,79.0999984741211,52.53727340698242,3639000
2013-04-02,79.3499984741211,79.87999725341797,79.2699966430664,79.73999786376953,52.962337493896484,4034100
2013-04-03,79.87000274658203,79.87999725341797,78.80000305175781,78.95999908447266,52.44426345825195,3895400
2013-04-04,78.30000305175781,79.56999969482422,78.30000305175781,79.52999877929688,52.8228759765625,5299000
2013-04-05,78.94999694824219,79.08000183105469,78.4000015258789,78.58999633789062,52.19852828979492,4244000
2013-04-08,78.56999969482422,79.51000213623047,78.25,79.5,52.80293655395508,3726400
2013-04-09,79.5999984741211,79.72000122070312,79.1500015258789,79.20999908447266,52.61034393310547,3921900
2013-04-10,79.43000030517578,80.0999984741211,79.26000213623047,80.05999755859375,53.174903869628906,3540200
2013-04-11,80.02999877929688,80.4800033569336,79.80000305175781,79.95999908447266,53.108463287353516,5389900
2013-04-12,78.93000030517578,80.04000091552734,78.73999786376953,79.98999786376953,53.12841033935547,5540000
2013-04-15,79.52999877929688,80.0199966430664,78.91000366210938,78.91999816894531,52.417701721191406,5356600
2013-04-16,79.2300033569336,80.02999877929688,79.08999633789062,80.0,53.135047912597656,5148600
2013-04-17,79.73999786376953,80.1500015258789,78.7699966430664,78.8499984741211,52.37122344970703,7532300
2013-04-18,80.20999908447266,83.44999694824219,80.11000061035156,81.25,53.96529006958008,18895600
2013-04-19,82.01000213623047,83.2699966430664,81.87000274658203,82.7699966430664,54.974815368652344,8368300
2013-04-22,82.29000091552734,83.62999725341797,82.05000305175781,83.37999725341797,55.37998962402344,6664800
2013-04-23,83.66999816894531,84.31999969482422,83.5,84.0999984741211,55.85820770263672,6670800
2013-04-24,84.05999755859375,84.29000091552734,82.22000122070312,82.33999633789062,54.68921661376953,6398300
2013-04-25,82.41000366210938,83.08999633789062,82.18000030517578,82.81999969482422,55.00802993774414,5602800
2013-04-26,82.70999908447266,82.98999786376953,82.30000305175781,82.51000213623047,54.80216979980469,3076000
2013-04-29,82.51000213623047,82.91999816894531,82.41999816894531,82.6500015258789,54.89512252807617,2849600
2013-04-30,82.41000366210938,82.63999938964844,82.0199966430664,82.47000122070312,54.77559280395508,4116100
2013-05-01,82.36000061035156,82.83999633789062,82.08000183105469,82.20999908447266,54.602909088134766,3532100
2013-05-02,82.13999938964844,82.93000030517578,82.08000183105469,82.55999755859375,54.83536148071289,2727000
2013-05-03,82.95999908447266,83.25,82.45999908447266,82.83000183105469,55.01470184326172,4777200
2013-05-06,82.69999694824219,82.69999694824219,82.22000122070312,82.5,54.79551315307617,3032100
2013-05-07,82.58999633789062,83.33999633789062,82.37000274658203,83.33999633789062,55.35342788696289,3706700
2013-05-08,83.30000305175781,83.6500015258789,82.80999755859375,83.25,55.29364776611328,4110700
2013-05-09,83.3499984741211,83.58000183105469,82.5999984741211,82.8499984741211,55.027992248535156,3711900
2013-05-10,82.9800033569336,83.25,82.58000183105469,83.0,55.127593994140625,3161800
2013-05-13,82.72000122070312,83.3499984741211,82.5199966430664,83.02999877929688,55.147518157958984,3010600
2013-05-14,83.05999755859375,83.5199966430664,82.91999816894531,83.5,55.459712982177734,4538500
2013-05-15,83.37999725341797,84.44999694824219,83.23999786376953,84.25,55.95785140991211,4087900
2013-05-16,84.04000091552734,84.77999877929688,83.66999816894531,83.73999786376953,55.61910629272461,4496300
2013-05-17,83.91000366210938,84.04000091552734,83.11000061035156,83.80000305175781,55.658958435058594,4505200
2013-05-20,83.79000091552734,83.83999633789062,82.47000122070312,82.58999633789062,54.85527420043945,3958200
2013-05-21,82.62999725341797,82.93000030517578,82.12000274658203,82.62999725341797,54.88184356689453,3982600
2013-05-22,82.58999633789062,84.2699966430664,82.58000183105469,82.97000122070312,55.107666015625,5239900
2013-05-23,82.30000305175781,82.7300033569336,81.51000213623047,82.12000274658203,54.54314041137695,4687000
2013-05-24,81.80999755859375,82.77999877929688,81.55000305175781,82.58000183105469,54.84865951538086,3579600
2013-05-28,83.08999633789062,83.4800033569336,82.16999816894531,82.43000030517578,54.749019622802734,4052500
2013-05-29,82.2300033569336,82.2300033569336,80.91999816894531,81.12000274658203,53.878944396972656,4346000
2013-05-30,81.13999938964844,81.48999786376953,80.69999694824219,81.22000122070312,53.94533920288086,4959800
2013-05-31,81.0199966430664,81.61000061035156,80.72000122070312,80.7699966430664,53.64646911621094,7813300
2013-06-03,80.66999816894531,81.48999786376953,79.7300033569336,81.4000015258789,54.06490707397461,5758100
2013-06-04,81.6500015258789,82.05999755859375,81.0199966430664,81.62999725341797,54.217681884765625,4543000
2013-06-05,80.88999938964844,81.52999877929688,80.72000122070312,81.19999694824219,54.30995559692383,6998200
2013-06-06,81.19000244140625,81.66000366210938,80.70999908447266,81.66000366210938,54.61761474609375,6031600
2013-06-07,81.9800033569336,82.51000213623047,81.48999786376953,82.51000213623047,55.1861572265625,6448200
2013-06-10,82.5999984741211,83.05999755859375,82.11000061035156,82.8499984741211,55.4135627746582,5036600
2013-06-11,82.37999725341797,82.80999755859375,81.81999969482422,82.52999877929688,55.19951248168945,6505000
2013-06-12,82.80999755859375,83.19000244140625,82.04000091552734,82.11000061035156,54.91861343383789,4277900
2013-06-13,82.05999755859375,82.23999786376953,81.25,81.9800033569336,54.8316535949707,5410700
2013-06-14,82.0,83.0,81.98999786376953,82.12999725341797,54.93199920654297,4034300
2013-06-17,82.58999633789062,82.93000030517578,82.08999633789062,82.55000305175781,55.212894439697266,4655200
2013-06-18,82.37000274658203,82.69000244140625,82.0,82.56999969482422,55.22628402709961,3355200
2013-06-19,82.26000213623047,82.66999816894531,80.88999938964844,80.88999938964844,54.102603912353516,5487200
2013-06-20,80.4800033569336,80.87999725341797,78.7699966430664,78.91000366210938,52.7783088684082,7031200
2013-06-21,79.55999755859375,80.41999816894531,79.22000122070312,80.12999725341797,53.59429931640625,9417000
2013-06-24,78.68000030517578,80.75,78.19999694824219,80.12999725341797,53.59429931640625,6787400
2013-06-25,80.41999816894531,80.55000305175781,79.66999816894531,80.04000091552734,53.53412628173828,5929200
2013-06-26,80.62000274658203,81.56999969482422,80.62000274658203,81.30000305175781,54.3768424987793,4519100
2013-06-27,81.7699966430664,82.54000091552734,81.5199966430664,81.73999786376953,54.67112731933594,4464300
2013-06-28,81.97000122070312,82.2699966430664,81.5999984741211,81.79000091552734,54.704586029052734,5996000
2013-07-01,81.95999908447266,82.5,81.76000213623047,82.04000091552734,54.871788024902344,3804900
2013-07-02,81.94000244140625,82.2300033569336,81.31999969482422,81.68000030517578,54.63099670410156,5056000
2013-07-03,81.44000244140625,81.44000244140625,80.31999969482422,80.7300033569336,53.99563217163086,3862500
2013-07-05,81.0999984741211,81.27999877929688,80.29000091552734,80.80000305175781,54.04243469238281,3343200
2013-07-08,81.31999969482422,81.83999633789062,81.06999969482422,81.77999877929688,54.69791030883789,3749900
2013-07-09,82.20999908447266,82.87000274658203,81.95999908447266,82.7699966430664,55.36003875732422,3834500
2013-07-10,82.7699966430664,83.41999816894531,82.66999816894531,82.98999786376953,55.50718688964844,5654100
2013-07-11,83.6500015258789,84.62999725341797,83.6500015258789,84.55000305175781,56.55058288574219,4746500
2013-07-12,84.05000305175781,84.5199966430664,83.83999633789062,84.31999969482422,56.39676284790039,4349300
2013-07-15,84.43000030517578,84.91999816894531,84.33000183105469,84.72000122070312,56.664302825927734,4215000
2013-07-16,83.93000030517578,84.30000305175781,83.30999755859375,84.0199966430664,56.196083068847656,4480500
2013-07-17,84.05000305175781,85.51000213623047,83.93000030517578,85.23999786376953,57.01210021972656,7280100
2013-07-18,85.33000183105469,87.05999755859375,85.30000305175781,86.80000305175781,58.055477142333984,9202600
2013-07-19,86.33999633789062,86.83999633789062,85.87000274658203,86.41000366210938,57.79463195800781,6146200
2013-07-22,86.19000244140625,86.94000244140625,86.02999877929688,86.4000015258789,57.787925720214844,4780500
2013-07-23,86.37000274658203,86.43000030517578,85.97000122070312,86.19999694824219,57.65416717529297,6321200
2013-07-24,86.69999694824219,86.69999694824219,85.63999938964844,85.63999938964844,57.27960968017578,5939800
2013-07-25,85.63999938964844,85.80000305175781,85.27999877929688,85.55000305175781,57.21943664550781,5084900
2013-07-26,84.8499984741211,85.33999633789062,84.36000061035156,85.30999755859375,57.05888366699219,4189800
2013-07-29,85.26000213623047,85.5999984741211,84.95999908447266,85.25,57.018775939941406,3406300
2013-07-30,85.56999969482422,85.98999786376953,85.11000061035156,85.11000061035156,56.92513656616211,4354700
2013-07-31,85.29000091552734,85.66000366210938,83.43000030517578,83.54000091552734,55.87507247924805,8016500
2013-08-01,84.04000091552734,84.4000015258789,83.87000274658203,84.19999694824219,56.31651306152344,5790900
2013-08-02,84.0,84.33999633789062,83.4000015258789,84.29000091552734,56.376686096191406,4442800
2013-08-05,84.33999633789062,84.63999938964844,83.7699966430664,84.4800033569336,56.50376892089844,3590200
2013-08-06,84.44000244140625,85.43000030517578,84.12000274658203,85.05000305175781,56.88501739501953,3837800
2013-08-07,84.93000030517578,84.98999786376953,84.36000061035156,84.76000213623047,56.6910400390625,3832600
2013-08-08,84.9800033569336,85.08999633789062,84.44000244140625,84.68000030517578,56.63753128051758,2707900
2013-08-09,84.68000030517578,84.7699966430664,84.18000030517578,84.33999633789062,56.41012954711914,3753900
2013-08-12,83.93000030517578,84.02999877929688,83.52999877929688,83.80999755859375,56.0556526184082,2868600
2013-08-13,83.91000366210938,84.0999984741211,83.26000213623047,83.38999938964844,55.774715423583984,2953000
2013-08-14,83.33999633789062,83.54000091552734,82.7300033569336,82.75,55.3466682434082,3080600
2013-08-15,82.23999786376953,82.27999877929688,80.83000183105469,80.91000366210938,54.11598587036133,5350200
2013-08-16,80.5999984741211,80.75,79.94000244140625,80.18000030517578,53.62775802612305,6032400
2013-08-19,80.11000061035156,81.05000305175781,79.81999969482422,80.87999725341797,54.095943450927734,4945100
2013-08-20,80.95999908447266,80.95999908447266,80.26000213623047,80.29000091552734,53.701332092285156,3452900
2013-08-21,80.05999755859375,80.16000366210938,79.01000213623047,79.08000183105469,52.892024993896484,5453900
2013-08-22,78.98999786376953,79.69000244140625,78.70999908447266,79.25,53.00572204589844,3821500
2013-08-23,79.5199966430664,79.9800033569336,79.2699966430664,79.8499984741211,53.40703582763672,3026900
2013-08-26,79.97000122070312,80.0999984741211,79.66999816894531,79.69000244140625,53.30001449584961,4079000
2013-08-27,79.19000244140625,79.38999938964844,78.61000061035156,79.05999755859375,52.8786506652832,5179700
2013-08-28,78.95999908447266,79.68000030517578,78.94000244140625,79.37000274658203,53.086002349853516,5057400
2013-08-29,79.25,79.73999786376953,79.05000305175781,79.33000183105469,53.05923843383789,5617000
2013-08-30,79.41999816894531,79.83999633789062,79.2300033569336,79.7300033569336,53.32676696777344,4362700
2013-09-03,80.4800033569336,80.79000091552734,80.04000091552734,80.19999694824219,53.6411247253418,5966600
2013-09-04,79.70999908447266,79.70999908447266,79.0,79.52999877929688,53.57243728637695,5335000
2013-09-05,79.52999877929688,79.70999908447266,78.80000305175781,79.06999969482422,53.262550354003906,4025500
2013-09-06,79.11000061035156,79.68000030517578,78.31999969482422,79.26000213623047,53.390541076660156,4443600
2013-09-09,79.25,79.4800033569336,78.79000091552734,79.37999725341797,53.47136688232422,3757100
2013-09-10,79.76000213623047,79.80000305175781,79.02999877929688,79.43000030517578,53.505062103271484,4682500
2013-09-11,79.47000122070312,79.9000015258789,79.13999938964844,79.8499984741211,53.78798294067383,4437900
2013-09-12,79.97000122070312,80.05000305175781,79.55999755859375,79.87000274658203,53.80142593383789,3322300
2013-09-13,80.0999984741211,80.4000015258789,79.9000015258789,80.31999969482422,54.10457992553711,3416100
2013-09-16,80.79000091552734,81.22000122070312,80.61000061035156,81.0199966430664,54.576072692871094,4083900
2013-09-17,81.01000213623047,81.83999633789062,80.97000122070312,81.66000366210938,55.0071907043457,4139300
2013-09-18,81.69000244140625,82.93000030517578,81.25,82.87999725341797,55.829010009765625,4916800
2013-09-19,82.87999725341797,82.94000244140625,81.33999633789062,81.81999969482422,55.114986419677734,5351700
2013-09-20,82.0,82.0,81.4800033569336,81.73999786376953,55.06108093261719,5330500
2013-09-23,81.55999755859375,81.58000183105469,80.94999694824219,81.0199966430664,54.576072692871094,5384600
2013-09-24,80.95999908447266,81.2300033569336,80.45999908447266,80.54000091552734,54.25277328491211,5686200
2013-09-25,80.68000030517578,81.16000366210938,80.08000183105469,80.20999908447266,54.03047561645508,5174300
2013-09-26,80.27999877929688,80.56999969482422,79.8499984741211,80.54000091552734,54.25277328491211,3941600
2013-09-27,80.36000061035156,80.68000030517578,79.9000015258789,80.19999694824219,54.023738861083984,3429200
2013-09-30,79.86000061035156,79.91999816894531,79.25,79.5,53.55220413208008,5231400
2013-10-01,79.37999725341797,79.81999969482422,79.0199966430664,79.81999969482422,53.76774597167969,4135500
2013-10-02,79.52999877929688,79.58000183105469,78.66999816894531,79.55999755859375,53.592613220214844,5448300
2013-10-03,79.56999969482422,79.91000366210938,79.29000091552734,79.44000244140625,53.511783599853516,3987600
2013-10-04,79.58000183105469,79.93000030517578,79.12999725341797,79.62000274658203,53.633056640625,2841500
2013-10-07,79.25,79.58999633789062,78.95999908447266,79.05999755859375,53.25581741333008,4867100
2013-10-08,79.29000091552734,79.3499984741211,78.86000061035156,78.93000030517578,53.168251037597656,5526500
2013-10-09,79.11000061035156,80.19000244140625,78.87000274658203,79.5,53.55220413208008,5298600
2013-10-10,79.95999908447266,80.69000244140625,79.80999755859375,80.69000244140625,54.35381317138672,4663300
2013-10-11,80.7300033569336,81.08999633789062,80.44999694824219,80.83000183105469,54.44811248779297,4111000
2013-10-14,80.44999694824219,81.12000274658203,80.33999633789062,81.08999633789062,54.62323760986328,3642800
2013-10-15,81.16999816894531,81.52999877929688,80.4000015258789,80.5999984741211,54.29316711425781,5427700
2013-10-16,82.0,82.4000015258789,81.37999725341797,82.2699966430664,55.41810607910156,7383200
2013-10-17,82.05000305175781,82.62000274658203,81.62999725341797,82.58000183105469,55.626953125,4469200
2013-10-18,82.6500015258789,83.01000213623047,82.2300033569336,83.01000213623047,55.916603088378906,6371200
2013-10-21,82.97000122070312,82.97000122070312,82.19000244140625,82.37000274658203,55.48546600341797,3997400
2013-10-22,82.44999694824219,83.7300033569336,82.30000305175781,83.44000244140625,56.20623779296875,5125900
2013-10-23,83.2699966430664,83.44000244140625,82.79000091552734,83.33000183105469,56.13215637207031,4665200
2013-10-24,83.41000366210938,83.41000366210938,82.54000091552734,82.54000091552734,55.59999465942383,5510800
2013-10-25,82.55000305175781,83.37000274658203,82.44000244140625,83.3499984741211,56.14561080932617,4065100
2013-10-28,83.36000061035156,84.70999908447266,83.2300033569336,84.61000061035156,56.99436950683594,5402000
2013-10-29,84.75,85.5,84.5,85.48999786376953,57.58713912963867,4349400
2013-10-30,85.47000122070312,85.48999786376953,84.61000061035156,84.72000122070312,57.068477630615234,3556100
2013-10-31,84.6500015258789,84.9000015258789,84.08999633789062,84.08999633789062,56.644081115722656,4572200
2013-11-01,84.1500015258789,84.69000244140625,83.83999633789062,84.55999755859375,56.960670471191406,4170000
2013-11-04,84.62000274658203,84.98999786376953,84.13999938964844,84.37000274658203,56.83271026611328,3572800
2013-11-05,84.05999755859375,84.91000366210938,83.83000183105469,84.62000274658203,57.00110626220703,3207600
2013-11-06,84.94999694824219,86.7300033569336,84.66999816894531,86.68000030517578,58.388736724853516,6017100
2013-11-07,86.56999969482422,86.68000030517578,85.08999633789062,85.30000305175781,57.45917510986328,5870000
2013-11-08,85.29000091552734,85.87999725341797,84.31999969482422,85.8499984741211,57.82963943481445,5208100
2013-11-11,85.75,86.12000274658203,85.26000213623047,85.44999694824219,57.56020736694336,4309200
2013-11-12,85.41000366210938,85.68000030517578,85.02999877929688,85.63999938964844,57.688175201416016,4561000
2013-11-13,85.47000122070312,86.01000213623047,85.19000244140625,85.94999694824219,57.89702606201172,3228400
2013-11-14,85.9800033569336,86.62999725341797,85.87999725341797,86.38999938964844,58.19340133666992,2897300
2013-11-15,86.33000183105469,86.58000183105469,85.55999755859375,86.02999877929688,57.950897216796875,3324000
2013-11-18,86.0199966430664,86.18000030517578,85.4000015258789,85.86000061035156,57.836387634277344,4157500
2013-11-19,85.61000061035156,85.80999755859375,84.93000030517578,85.29000091552734,57.452423095703125,4026200
2013-11-20,85.4800033569336,86.08999633789062,84.9800033569336,85.12999725341797,57.34465789794922,4471100
2013-11-21,85.79000091552734,85.91999816894531,85.22000122070312,85.62000274658203,57.67472839355469,3137000
2013-11-22,85.55999755859375,85.80000305175781,85.11000061035156,85.73999786376953,57.755577087402344,3380100
2013-11-25,85.80999755859375,86.12000274658203,85.23999786376953,85.37000274658203,57.50631332397461,2536200
2013-11-26,85.4000015258789,85.75,84.37999725341797,84.38999938964844,56.846160888671875,4633800
2013-11-27,84.51000213623047,84.5999984741211,84.06999969482422,84.41999816894531,56.86637496948242,3611600
2013-11-29,84.62000274658203,84.87999725341797,84.19999694824219,84.45999908447266,56.8933219909668,2698100
2013-12-02,84.43000030517578,84.5199966430664,83.54000091552734,83.69999694824219,56.381378173828125,4495900
2013-12-03,83.52999877929688,83.95999908447266,83.33000183105469,83.80000305175781,56.448753356933594,5767500
2013-12-04,83.0199966430664,83.0199966430664,82.11000061035156,82.6500015258789,56.05401611328125,6819800
2013-12-05,82.41000366210938,82.58999633789062,81.88999938964844,81.9000015258789,55.54536819458008,5321600
2013-12-06,82.5199966430664,83.25,82.23999786376953,83.1500015258789,56.39313507080078,4841200
2013-12-09,82.91999816894531,83.19999694824219,82.36000061035156,82.69000244140625,56.081172943115234,5371700
2013-12-10,82.44999694824219,82.80999755859375,82.11000061035156,82.4000015258789,55.884483337402344,4888900
2013-12-11,82.31999969482422,83.06999969482422,82.31999969482422,82.66999816894531,56.06760025024414,6606300
2013-12-12,82.55999755859375,82.6500015258789,80.97000122070312,81.27999877929688,55.12488555908203,6327400
2013-12-13,81.52999877929688,81.83999633789062,80.8499984741211,80.93000030517578,54.887489318847656,3798300
2013-12-16,81.05999755859375,81.30000305175781,80.5999984741211,81.0,54.93498992919922,4245600
2013-12-17,81.05000305175781,81.25,80.3499984741211,80.45999908447266,54.568763732910156,8210200
2013-12-18,80.58000183105469,81.61000061035156,79.95999908447266,81.41999816894531,55.21982955932617,7416900
2013-12-19,81.27999877929688,81.79000091552734,81.0199966430664,81.66000366210938,55.3825798034668,4075700
2013-12-20,81.55000305175781,82.0999984741211,81.47000122070312,81.80999755859375,55.484317779541016,7496100
2013-12-23,82.33999633789062,82.37999725341797,81.44999694824219,81.86000061035156,55.51824951171875,3718700
2013-12-24,82.05999755859375,82.20999908447266,81.80000305175781,82.04000091552734,55.64030075073242,1115400
2013-12-26,82.13999938964844,82.44999694824219,82.01000213623047,82.44999694824219,55.91838455200195,1799000
2013-12-27,82.73999786376953,83.11000061035156,82.45999908447266,82.70999908447266,56.09470748901367,2361300
2013-12-30,82.70999908447266,83.08999633789062,82.68000030517578,82.91000366210938,56.2303466796875,2006900
2013-12-31,82.9800033569336,83.33000183105469,82.54000091552734,82.94000244140625,56.25070571899414,3009500
2014-01-02,82.93000030517578,82.98999786376953,81.81999969482422,82.0999984741211,55.68098831176758,3275900
2014-01-03,82.12000274658203,82.87000274658203,82.12000274658203,82.23999786376953,55.77595520019531,3287200
2014-01-06,82.19999694824219,82.61000061035156,82.08000183105469,82.27999877929688,55.80307388305664,3888400
2014-01-07,82.62000274658203,83.98999786376953,82.61000061035156,83.4800033569336,56.616947174072266,6332400
2014-01-08,83.33000183105469,83.62000274658203,82.80999755859375,83.23999786376953,56.45416259765625,5653300
2014-01-09,83.33999633789062,83.38999938964844,82.37000274658203,82.8499984741211,56.189674377441406,4565900
2014-01-10,83.19999694824219,83.63999938964844,82.75,83.5,56.63051223754883,3712000
2014-01-13,83.05999755859375,83.56999969482422,82.31999969482422,82.37000274658203,55.864112854003906,4487100
2014-01-14,82.62999725341797,82.86000061035156,82.26000213623047,82.37000274658203,55.864112854003906,4389200
2014-01-15,82.4800033569336,83.19999694824219,82.27999877929688,82.88999938964844,56.21678161621094,4189100
2014-01-16,82.68000030517578,83.16999816894531,82.30000305175781,82.86000061035156,56.19645309448242,3724700
2014-01-17,82.94000244140625,82.9800033569336,82.04000091552734,82.19999694824219,55.748817443847656,6259600
2014-01-21,82.20999908447266,83.06999969482422,82.1500015258789,82.91999816894531,56.23713302612305,4790700
2014-01-22,82.83000183105469,83.0,82.47000122070312,82.8499984741211,56.189674377441406,3920400
2014-01-23,82.8499984741211,82.8499984741211,81.87000274658203,82.43000030517578,55.904808044433594,5429100
2014-01-24,82.06999969482422,82.62999725341797,81.43000030517578,81.43000030517578,55.226600646972656,5906200
2014-01-27,81.43000030517578,82.7699966430664,81.41999816894531,82.05999755859375,55.65387725830078,5811000
2014-01-28,82.38999938964844,82.66999816894531,81.70999908447266,82.31999969482422,55.830204010009766,3867800
2014-01-29,81.87000274658203,81.87000274658203,80.0999984741211,80.22000122070312,54.40596389770508,7539700
2014-01-30,80.62000274658203,81.36000061035156,80.55000305175781,81.08000183105469,54.989227294921875,4589100
2014-01-31,80.19999694824219,80.81999969482422,79.9000015258789,80.36000061035156,54.500919342041016,6728600
2014-02-03,80.3499984741211,80.51000213623047,78.5199966430664,78.56999969482422,53.28693389892578,7073500
2014-02-04,78.97000122070312,79.16999816894531,78.27999877929688,78.81999969482422,53.45647048950195,5431700
2014-02-05,78.56999969482422,79.62000274658203,78.44000244140625,79.41999816894531,53.8634033203125,4829600
2014-02-06,80.19000244140625,80.19999694824219,78.8499984741211,79.38999938964844,53.84306335449219,6113800
2014-02-07,79.68000030517578,80.26000213623047,79.26000213623047,80.22000122070312,54.40596389770508,4553800
2014-02-10,80.16999816894531,80.72000122070312,80.16000366210938,80.5999984741211,54.66368865966797,4742000
2014-02-11,80.4800033569336,81.33000183105469,80.33000183105469,81.25,55.10454559326172,5068100
2014-02-12,81.4800033569336,81.8499984741211,80.9800033569336,81.48999786376953,55.26729202270508,4471200
2014-02-13,80.7699966430664,80.87000274658203,78.36000061035156,79.69000244140625,54.04652404785156,11197000
2014-02-14,79.76000213623047,79.81999969482422,78.05999755859375,78.08999633789062,52.96139144897461,13206500
2014-02-18,78.62999725341797,78.62999725341797,77.77999877929688,78.18000030517578,53.022430419921875,9800200
2014-02-19,78.04000091552734,78.43000030517578,77.01000213623047,77.0999984741211,52.289955139160156,10353400
2014-02-20,77.43000030517578,78.87000274658203,77.37000274658203,78.01000213623047,52.90713119506836,9580300
2014-02-21,78.01000213623047,78.91000366210938,77.9000015258789,78.22000122070312,53.04956817626953,7488400
2014-02-24,78.30999755859375,79.58999633789062,78.30999755859375,78.87999725341797,53.49717330932617,7747000
2014-02-25,79.0199966430664,79.75,78.93000030517578,79.2300033569336,53.734561920166016,7509200
2014-02-26,79.5,79.87999725341797,78.56999969482422,78.6500015258789,53.34117889404297,6586200
2014-02-27,78.6500015258789,79.45999908447266,78.4000015258789,79.06999969482422,53.62602615356445,7809200
2014-02-28,79.08999633789062,80.4000015258789,78.8499984741211,80.06999969482422,54.30424499511719,9870600
2014-03-03,79.16999816894531,79.70999908447266,79.0999984741211,79.5199966430664,53.93122863769531,5767200
2014-03-04,79.80999755859375,80.93000030517578,79.80000305175781,80.8499984741211,54.833221435546875,7518000
2014-03-05,80.38999938964844,81.47000122070312,80.30999755859375,81.11000061035156,55.39879608154297,6398300
2014-03-06,81.16999816894531,81.44000244140625,80.95999908447266,81.33000183105469,55.549041748046875,5874500
2014-03-07,81.51000213623047,81.62999725341797,81.02999877929688,81.55999755859375,55.70610427856445,4032200
2014-03-10,81.55000305175781,81.83000183105469,81.20999908447266,81.7300033569336,55.82224655151367,4313500
2014-03-11,81.83999633789062,82.9800033569336,81.79000091552734,82.80999755859375,56.55987548828125,5837300
2014-03-12,82.19999694824219,82.55000305175781,81.86000061035156,82.1500015258789,56.109092712402344,5674500
2014-03-13,82.20999908447266,82.70999908447266,81.62999725341797,81.80000305175781,55.87006378173828,6119000
2014-03-14,81.7300033569336,82.19000244140625,80.86000061035156,81.0,55.32365417480469,7763000
2014-03-17,81.47000122070312,82.13999938964844,81.29000091552734,82.05000305175781,56.04079818725586,7762000
2014-03-18,82.0199966430664,82.22000122070312,81.58999633789062,81.94999694824219,55.97250747680664,3488300
2014-03-19,81.9800033569336,81.98999786376953,81.19000244140625,81.37000274658203,55.57636260986328,5106000
2014-03-20,81.36000061035156,81.91000366210938,81.25,81.86000061035156,55.91104507446289,3241100
2014-03-21,82.22000122070312,82.56999969482422,81.5,82.13999938964844,56.10227584838867,9206700
2014-03-24,82.33000183105469,82.56999969482422,81.52999877929688,81.88999938964844,55.931522369384766,5253600
2014-03-25,81.9000015258789,82.5,81.9000015258789,82.4000015258789,56.27987289428711,4170500
2014-03-26,82.56999969482422,83.73999786376953,82.48999786376953,82.87000274658203,56.60087203979492,6388200
2014-03-27,82.8499984741211,83.20999908447266,82.5,82.54000091552734,56.37548828125,4352000
2014-03-28,82.69999694824219,83.20999908447266,82.69999694824219,82.94999694824219,56.655521392822266,4078100
2014-03-31,83.73999786376953,83.80000305175781,83.16999816894531,83.5,57.03116989135742,6620900
2014-04-01,83.06999969482422,83.2699966430664,82.7300033569336,82.87999725341797,56.607688903808594,4676800
2014-04-02,82.81999969482422,82.94999694824219,82.44000244140625,82.7300033569336,56.505271911621094,4919200
2014-04-03,82.91999816894531,83.0999984741211,82.5999984741211,82.91000366210938,56.6281852722168,3362700
2014-04-04,83.16999816894531,83.18000030517578,82.58000183105469,82.58999633789062,56.409637451171875,4404100
2014-04-07,82.37000274658203,84.2300033569336,82.30000305175781,83.91000366210938,57.311195373535156,8976500
2014-04-08,83.93000030517578,84.0,83.1500015258789,83.47000122070312,57.01066970825195,6552700
2014-04-09,83.47000122070312,84.0,83.27999877929688,83.91000366210938,57.311195373535156,4926400
2014-04-10,83.8499984741211,84.81999969482422,83.5999984741211,83.62000274658203,57.11311340332031,7665500
2014-04-11,81.98999786376953,84.22000122070312,81.98999786376953,83.1500015258789,56.792118072509766,6703700
2014-04-14,83.56999969482422,83.91000366210938,83.05000305175781,83.55000305175781,57.06532287597656,4617800
2014-04-15,83.97000122070312,84.04000091552734,83.54000091552734,83.95999908447266,57.34535217285156,5673800
2014-04-16,84.41999816894531,84.9800033569336,84.37000274658203,84.7699966430664,57.89857864379883,5578400
2014-04-17,85.9000015258789,85.94000244140625,84.48999786376953,85.55000305175781,58.43134307861328,11168400
2014-04-21,85.20999908447266,85.94999694824219,85.01000213623047,85.91000366210938,58.67722702026367,4889800
2014-04-22,85.83000183105469,85.83000183105469,85.13999938964844,85.13999938964844,58.15131759643555,4483300
2014-04-23,85.2699966430664,85.69999694824219,85.05999755859375,85.41000366210938,58.33574676513672,4805300
2014-04-24,85.37999725341797,85.66999816894531,85.0,85.5199966430664,58.41083526611328,3749700
2014-04-25,85.45999908447266,85.79000091552734,85.11000061035156,85.25,58.226436614990234,3749300
2014-04-28,85.54000091552734,87.0,85.44999694824219,86.81999969482422,59.29877471923828,5978500
2014-04-29,86.93000030517578,86.94000244140625,85.76000213623047,85.76000213623047,58.57476043701172,4869100
2014-04-30,85.7300033569336,86.06999969482422,85.43000030517578,85.88999938964844,58.663543701171875,4387500
2014-05-01,86.0,86.12999725341797,84.94999694824219,85.56999969482422,58.445003509521484,3848700
2014-05-02,85.3499984741211,85.86000061035156,85.0999984741211,85.5199966430664,58.41083526611328,3438000
2014-05-05,85.16999816894531,86.08000183105469,85.13999938964844,85.91000366210938,58.67722702026367,2989800
2014-05-06,85.48999786376953,85.9800033569336,85.31999969482422,85.37000274658203,58.30840301513672,3141100
2014-05-07,85.30999755859375,87.12000274658203,85.30999755859375,86.80000305175781,59.285091400146484,5500600
2014-05-08,86.79000091552734,87.08999633789062,86.41999816894531,86.66000366210938,59.1894645690918,3507900
2014-05-09,86.56999969482422,87.25,86.41999816894531,87.16999816894531,59.53779602050781,3330100
2014-05-12,87.31999969482422,87.68000030517578,86.62999725341797,86.93000030517578,59.3739013671875,3218600
2014-05-13,86.94999694824219,87.44000244140625,86.80999755859375,87.2300033569336,59.57879638671875,2259400
2014-05-14,87.23999786376953,87.44000244140625,86.77999877929688,86.83999633789062,59.31241989135742,2726300
2014-05-15,86.83999633789062,86.9000015258789,85.69000244140625,85.73999786376953,58.561126708984375,3877100
2014-05-16,85.58999633789062,86.62000274658203,85.56999969482422,86.54000091552734,59.10750961303711,3672600
2014-05-19,85.94000244140625,86.19999694824219,85.44999694824219,86.0999984741211,58.80699157714844,4201400
2014-05-20,85.95999908447266,86.23999786376953,85.36000061035156,85.6500015258789,58.499637603759766,4510200
2014-05-21,85.77999877929688,86.1500015258789,85.52999877929688,86.0999984741211,58.80699157714844,2647100
2014-05-22,86.05999755859375,86.0999984741211,85.4000015258789,85.58000183105469,58.45180892944336,2970600
2014-05-23,85.36000061035156,86.05000305175781,85.36000061035156,85.83000183105469,58.62258529663086,2750700
2014-05-27,85.80999755859375,86.62999725341797,85.6500015258789,86.52999877929688,59.1006965637207,4400100
2014-05-28,86.3499984741211,87.16000366210938,86.33999633789062,87.06999969482422,59.469505310058594,4030700
2014-05-29,86.98999786376953,87.83999633789062,86.87999725341797,87.7300033569336,59.9202880859375,4647300
2014-05-30,87.61000061035156,88.4800033569336,87.41000366210938,88.33000183105469,60.330108642578125,5181600
2014-06-02,88.12000274658203,88.38999938964844,87.76000213623047,87.87000274658203,60.01590347290039,2876100
2014-06-03,87.44000244140625,88.23999786376953,87.30999755859375,88.22000122070312,60.25497055053711,5174700
2014-06-04,87.5199966430664,88.05000305175781,87.33999633789062,87.43000030517578,60.16205596923828,3872400
2014-06-05,87.79000091552734,87.91999816894531,87.22000122070312,87.76000213623047,60.38914108276367,2937800
2014-06-06,87.86000061035156,88.06999969482422,87.52999877929688,87.91000366210938,60.49236297607422,3675400
2014-06-09,87.81999969482422,88.33000183105469,87.81999969482422,88.0,60.554290771484375,2280100
2014-06-10,87.83999633789062,88.72000122070312,87.66999816894531,88.41999816894531,60.84333038330078,3420600
2014-06-11,88.1500015258789,88.5,87.73999786376953,87.77999877929688,60.402915954589844,3747600
2014-06-12,87.58999633789062,87.70999908447266,86.94999694824219,87.22000122070312,60.01755142211914,3856200
2014-06-13,87.1500015258789,87.36000061035156,86.81999969482422,87.19000244140625,59.99692153930664,3047500
2014-06-16,86.87000274658203,87.73999786376953,86.70999908447266,87.55000305175781,60.244632720947266,3894500
2014-06-17,87.6500015258789,87.97000122070312,87.06999969482422,87.27999877929688,60.05881118774414,3393100
2014-06-18,87.33999633789062,88.97000122070312,87.11000061035156,88.9000015258789,61.17359161376953,5314400
2014-06-19,88.95999908447266,90.0999984741211,88.91999816894531,90.0999984741211,61.99932861328125,5380400
2014-06-20,90.13999938964844,90.23999786376953,89.0999984741211,89.0999984741211,61.31123733520508,5697000
2014-06-23,89.19999694824219,89.26000213623047,87.73999786376953,88.38999938964844,60.822662353515625,4187700
2014-06-24,88.2300033569336,88.56999969482422,87.83999633789062,88.05000305175781,60.58869552612305,4309700
2014-06-25,87.9800033569336,88.72000122070312,87.9000015258789,88.58000183105469,60.95338439941406,3965300
2014-06-26,89.08999633789062,89.13999938964844,87.98999786376953,88.61000061035156,60.974029541015625,3539300
2014-06-27,88.44000244140625,88.91999816894531,88.36000061035156,88.76000213623047,61.07725524902344,3646100
2014-06-30,88.45999908447266,89.5,88.3499984741211,89.33999633789062,61.476356506347656,4473400
2014-07-01,89.12000274658203,89.27999877929688,88.83000183105469,89.12999725341797,61.33189010620117,3541000
2014-07-02,89.29000091552734,89.69000244140625,89.01000213623047,89.66999816894531,61.70346450805664,2829600
2014-07-03,89.9000015258789,90.13999938964844,89.52999877929688,90.0199966430664,61.94428253173828,2216800
2014-07-07,89.61000061035156,89.94000244140625,89.4800033569336,89.86000061035156,61.834205627441406,2534500
2014-07-08,90.05999755859375,90.08000183105469,89.4800033569336,89.7300033569336,61.7447395324707,3128700
2014-07-09,89.9000015258789,90.0999984741211,89.62000274658203,89.7699966430664,61.77226638793945,2603300
2014-07-10,89.2300033569336,90.22000122070312,89.1500015258789,90.0999984741211,61.99932861328125,3145600
2014-07-11,89.93000030517578,90.20999908447266,89.44999694824219,89.8499984741211,61.82730484008789,3655300
2014-07-14,90.19999694824219,91.38999938964844,90.06999969482422,91.08000183105469,62.673675537109375,4496100
2014-07-15,90.30999755859375,90.94999694824219,90.18000030517578,90.33999633789062,62.16448211669922,3959100
2014-07-16,90.62999725341797,90.87999725341797,90.05999755859375,90.5,62.27457809448242,5121600
2014-07-17,90.1500015258789,90.66999816894531,89.97000122070312,89.98999786376953,61.92366027832031,2823800
2014-07-18,90.12999725341797,90.27999877929688,89.69000244140625,90.08999633789062,61.99245071411133,5273200
2014-07-21,89.62000274658203,90.13999938964844,89.37999725341797,89.91000366210938,61.86860656738281,3024100
2014-07-22,89.61000061035156,89.63999938964844,89.01000213623047,89.16999816894531,61.35939407348633,5304400
2014-07-23,91.26000213623047,93.08999633789062,90.76000213623047,90.81999969482422,62.49477767944336,10953700
2014-07-24,91.62000274658203,92.33999633789062,91.36000061035156,91.91000366210938,63.24482727050781,5614700
2014-07-25,91.9800033569336,92.1500015258789,91.29000091552734,91.55000305175781,62.99710464477539,2925000
2014-07-28,91.55000305175781,91.80000305175781,90.63999938964844,90.97000122070312,62.597999572753906,4653900
2014-07-29,90.91000366210938,90.97000122070312,90.13999938964844,90.13999938964844,62.02687454223633,4268600
2014-07-30,90.48999786376953,90.55000305175781,88.72000122070312,88.91000366210938,61.18045425415039,4250200
2014-07-31,88.23999786376953,88.91000366210938,88.06999969482422,88.0999984741211,60.623104095458984,4825900
2014-08-01,87.70999908447266,88.93000030517578,87.45999908447266,88.11000061035156,60.629981994628906,3987700
2014-08-04,88.33000183105469,89.72000122070312,88.12999725341797,89.69000244140625,61.71721267700195,6488900
2014-08-05,89.37999725341797,89.68000030517578,88.88999938964844,89.19999694824219,61.380008697509766,7678800
2014-08-06,88.43000030517578,90.76000213623047,88.43000030517578,90.51000213623047,62.281463623046875,6589900
2014-08-07,90.79000091552734,90.8499984741211,89.54000091552734,89.9000015258789,61.861717224121094,4625600
2014-08-08,89.9000015258789,90.3499984741211,89.51000213623047,90.29000091552734,62.130088806152344,4739900
2014-08-11,91.0999984741211,91.86000061035156,90.69999694824219,91.79000091552734,63.162261962890625,5231100
2014-08-12,91.45999908447266,91.88999938964844,91.0199966430664,91.20999908447266,62.763160705566406,2776000
2014-08-13,91.55999755859375,91.87000274658203,91.08000183105469,91.73999786376953,63.127845764160156,3690300
2014-08-14,91.81999969482422,92.08000183105469,91.45999908447266,91.79000091552734,63.162261962890625,3624900
2014-08-15,92.0999984741211,92.75,91.29000091552734,91.8499984741211,63.20354461669922,3844600
2014-08-18,92.19999694824219,92.5199966430664,92.0,92.1500015258789,63.40996551513672,2974700
2014-08-19,92.22000122070312,92.36000061035156,91.77999877929688,91.86000061035156,63.21044158935547,3086300
2014-08-20,91.81999969482422,92.44000244140625,91.5199966430664,92.2300033569336,63.465030670166016,5709300
2014-08-21,92.56999969482422,93.19000244140625,92.01000213623047,92.05000305175781,63.341190338134766,4060300
2014-08-22,92.2699966430664,92.58999633789062,91.5999984741211,91.5999984741211,63.03151321411133,3865500
2014-08-25,92.58000183105469,93.44999694824219,92.58000183105469,93.19000244140625,64.12562561035156,5031800
2014-08-26,93.20999908447266,93.51000213623047,92.55999755859375,92.5999984741211,63.719635009765625,3143400
2014-08-27,92.72000122070312,92.72000122070312,92.05999755859375,92.2300033569336,63.465030670166016,2955100
2014-08-28,92.08999633789062,92.69999694824219,91.80999755859375,92.58000183105469,63.70586013793945,3234300
2014-08-29,92.7300033569336,92.91000366210938,92.01000213623047,92.48999786376953,63.643943786621094,3657700
2014-09-02,92.62000274658203,93.13999938964844,92.37999725341797,92.4800033569336,63.63706970214844,5130300
2014-09-03,92.4000015258789,92.76000213623047,91.80999755859375,92.75,64.27810668945312,4929600
2014-09-04,92.94999694824219,93.1500015258789,91.7699966430664,91.8499984741211,63.65439987182617,4466800
2014-09-05,91.8499984741211,91.8499984741211,91.38999938964844,91.75,63.5850830078125,3148000
2014-09-08,91.4800033569336,92.25,91.38999938964844,91.86000061035156,63.661312103271484,3534300
2014-09-09,91.5,91.79000091552734,91.30000305175781,91.41999816894531,63.35636901855469,3259200
2014-09-10,91.66999816894531,91.91999816894531,91.52999877929688,91.79000091552734,63.61280059814453,3720500
2014-09-11,91.69000244140625,91.94999694824219,91.4800033569336,91.6500015258789,63.51578140258789,3670600
2014-09-12,91.5999984741211,91.80000305175781,90.58000183105469,90.87000274658203,62.975223541259766,3587700
2014-09-15,91.06999969482422,91.30999755859375,90.77999877929688,91.19999694824219,63.20390319824219,3770700
2014-09-16,91.13999938964844,93.08999633789062,90.94999694824219,92.56999969482422,64.15336608886719,5155400
2014-09-17,92.66999816894531,93.30999755859375,92.05000305175781,92.8499984741211,64.34740447998047,4997200
2014-09-18,92.97000122070312,93.5,92.69999694824219,93.37000274658203,64.70777893066406,4753300
2014-09-19,93.86000061035156,94.20999908447266,93.41999816894531,93.79000091552734,64.99886322021484,6259500
2014-09-22,93.41999816894531,93.77999877929688,93.29000091552734,93.58000183105469,64.85332489013672,3790600
2014-09-23,93.55000305175781,93.58000183105469,92.83999633789062,92.93000030517578,64.40287780761719,3386300
2014-09-24,93.11000061035156,94.04000091552734,93.08000183105469,93.5,64.79788970947266,4227300
2014-09-25,93.4000015258789,93.43000030517578,92.4800033569336,92.66999816894531,64.2226791381836,4372400
2014-09-26,92.5,93.33000183105469,92.44000244140625,93.12999725341797,64.54145050048828,3536300
2014-09-29,92.51000213623047,93.38999938964844,92.51000213623047,93.1500015258789,64.55532836914062,2973500
2014-09-30,92.94999694824219,93.43000030517578,92.91999816894531,93.08999633789062,64.51371002197266,4219300
2014-10-01,92.66999816894531,93.22000122070312,92.41999816894531,92.6500015258789,64.20881652832031,4842800
2014-10-02,92.80999755859375,92.91999816894531,92.33000183105469,92.58000183105469,64.1602783203125,3513800
2014-10-03,93.01000213623047,93.52999877929688,92.6500015258789,93.5,64.79788970947266,4084400
2014-10-06,93.5,93.6500015258789,92.79000091552734,93.37000274658203,64.70777893066406,3733100
2014-10-07,93.29000091552734,93.54000091552734,92.9000015258789,93.0999984741211,64.52066802978516,6799900
2014-10-08,92.94999694824219,93.94000244140625,92.76000213623047,93.94000244140625,65.10279083251953,5715200
2014-10-09,95.3499984741211,96.22000122070312,93.55999755859375,93.56999969482422,64.84638977050781,9094000
2014-10-10,93.66000366210938,95.9000015258789,93.66000366210938,94.6500015258789,65.59484100341797,8350900
2014-10-13,94.70999908447266,95.44999694824219,93.83000183105469,93.94000244140625,65.10279083251953,5194500
2014-10-14,94.45999908447266,94.5199966430664,92.58999633789062,93.01000213623047,64.45830535888672,5869000
2014-10-15,91.83999633789062,92.55999755859375,90.76000213623047,91.7699966430664,63.598941802978516,8580700
2014-10-16,90.2699966430664,91.02999877929688,89.81999969482422,90.79000091552734,62.91976547241211,7226400
2014-10-17,91.08999633789062,92.0,90.55000305175781,91.51000213623047,63.41877746582031,6260100
2014-10-20,91.66000366210938,93.72000122070312,91.58999633789062,93.55000305175781,64.83251953125,6883100
2014-10-21,93.26000213623047,93.95999908447266,92.16999816894531,93.7300033569336,64.95728302001953,6982200
2014-10-22,93.8499984741211,95.0199966430664,93.63999938964844,94.45999908447266,65.46318054199219,5148200
2014-10-23,94.94000244140625,95.31999969482422,93.5,93.76000213623047,64.97806549072266,5805000
2014-10-24,93.76000213623047,94.79000091552734,93.55000305175781,94.5999984741211,65.56023406982422,4005800
2014-10-27,94.4800033569336,95.23999786376953,94.30999755859375,94.62000274658203,65.57405853271484,3135500
2014-10-28,94.69000244140625,95.26000213623047,94.30000305175781,95.26000213623047,66.0176010131836,3368300
2014-10-29,95.5,95.5,94.06999969482422,94.69000244140625,65.62257385253906,3274300
2014-10-30,94.44999694824219,96.0999984741211,94.1500015258789,95.6500015258789,66.28790283203125,3567200
2014-10-31,96.41000366210938,96.73999786376953,95.58000183105469,96.16999816894531,66.64824676513672,5259300
2014-11-03,95.94000244140625,96.43000030517578,95.61000061035156,95.83000183105469,66.41263580322266,4330400
2014-11-04,96.13999938964844,96.83999633789062,95.98999786376953,96.7300033569336,67.0363540649414,3944500
2014-11-05,97.5199966430664,97.86000061035156,96.37000274658203,96.88999938964844,67.1472396850586,3804100
2014-11-06,96.95999908447266,97.19999694824219,96.51000213623047,96.80999755859375,67.0917739868164,4198500
2014-11-07,96.80999755859375,96.80999755859375,95.5,96.80000305175781,67.0848617553711,5273400
2014-11-10,96.4000015258789,96.98999786376953,96.16000366210938,96.97000122070312,67.20264434814453,3345500
2014-11-11,96.95999908447266,97.37999725341797,96.63999938964844,96.69999694824219,67.01554870605469,3263600
2014-11-12,96.69999694824219,97.38999938964844,96.22000122070312,97.16000366210938,67.33433532714844,3247500
2014-11-13,96.52999877929688,98.95999908447266,96.52999877929688,98.54000091552734,68.29071044921875,6257900
2014-11-14,98.48999786376953,98.55000305175781,97.36000061035156,97.72000122070312,67.72244262695312,4335400
2014-11-17,96.8499984741211,98.55000305175781,96.8499984741211,98.41999816894531,68.20755004882812,3745200
2014-11-18,98.41999816894531,98.5,97.86000061035156,97.94000244140625,67.87490844726562,3908600
2014-11-19,97.94000244140625,98.44000244140625,97.75,98.41000366210938,68.20065307617188,3396800
2014-11-20,98.01000213623047,98.62000274658203,97.87000274658203,98.05999755859375,67.95806121826172,3727100
2014-11-21,99.02999877929688,99.12999725341797,98.23999786376953,98.88999938964844,68.53329467773438,5259800
2014-11-24,98.87999725341797,99.25,98.48999786376953,98.68000030517578,68.38776397705078,4540700
2014-11-25,98.51000213623047,99.19000244140625,98.5,98.93000030517578,68.56099700927734,3640900
2014-11-26,99.25,99.63999938964844,99.01000213623047,99.3499984741211,68.85208129882812,2685600
2014-11-28,99.72000122070312,100.69999694824219,99.5199966430664,100.0999984741211,69.37185668945312,2504300
2014-12-01,98.55999755859375,100.1500015258789,98.48999786376953,99.66999816894531,69.07383728027344,3658500
2014-12-02,99.9800033569336,100.56999969482422,99.61000061035156,100.38999938964844,69.57283782958984,3888000
2014-12-03,99.69999694824219,99.69999694824219,98.18000030517578,98.31999969482422,68.58576202392578,4943800
2014-12-04,98.04000091552734,98.27999877929688,97.4000015258789,97.75,68.1881332397461,4582600
2014-12-05,97.62000274658203,97.93000030517578,97.19999694824219,97.76000213623047,68.19509887695312,5308200
2014-12-08,97.87000274658203,98.11000061035156,97.5,97.77999877929688,68.20905303955078,4233800
2014-12-09,97.22000122070312,97.75,96.20999908447266,97.12999725341797,67.75563049316406,3459700
2014-12-10,97.2300033569336,97.5999984741211,96.06999969482422,96.18000030517578,67.09292602539062,3972300
2014-12-11,96.30000305175781,97.0,96.01000213623047,96.29000091552734,67.16966247558594,4784700
2014-12-12,95.66000366210938,96.7699966430664,94.70999908447266,94.73999786376953,66.08839416503906,3935900
2014-12-15,95.12999725341797,95.72000122070312,93.86000061035156,94.13999938964844,65.66986846923828,4555200
2014-12-16,93.54000091552734,94.97000122070312,92.52999877929688,92.58999633789062,64.58863830566406,6962800
2014-12-17,92.79000091552734,94.0999984741211,92.43000030517578,93.72000122070312,65.37689208984375,6189200
2014-12-18,94.70999908447266,95.41000366210938,93.73999786376953,95.36000061035156,66.52093505859375,8122800
2014-12-19,95.30000305175781,96.19999694824219,95.20999908447266,95.44000244140625,66.57672882080078,7678700
2014-12-22,95.79000091552734,96.66000366210938,95.47000122070312,96.62000274658203,67.39988708496094,3623000
2014-12-23,97.23999786376953,97.5,96.86000061035156,97.36000061035156,67.91607666015625,3065800
2014-12-24,97.5,97.88999938964844,97.05000305175781,97.08999633789062,67.72772979736328,1604100
2014-12-26,97.12000274658203,97.56999969482422,96.97000122070312,97.05000305175781,67.69983673095703,1492700
2014-12-29,96.62000274658203,97.0999984741211,96.0199966430664,96.7300033569336,67.47660827636719,2453800
2014-12-30,96.20999908447266,96.77999877929688,95.91999816894531,95.95999908447266,66.93949890136719,2134400
2014-12-31,95.66999816894531,95.9800033569336,94.54000091552734,94.55999755859375,65.96285247802734,3727400
2015-01-02,94.93000030517578,95.33999633789062,94.05000305175781,94.44000244140625,65.87916564941406,3545700
2015-01-05,94.44999694824219,95.05000305175781,93.72000122070312,93.7300033569336,65.3838882446289,6441000
2015-01-06,94.08000183105469,94.62000274658203,92.94000244140625,93.0199966430664,64.88861846923828,6195000
2015-01-07,95.12999725341797,96.2300033569336,94.43000030517578,95.73999786376953,66.78599548339844,6526300
2015-01-08,96.73999786376953,97.91000366210938,96.68000030517578,97.4800033569336,67.99978637695312,7131600
2015-01-09,97.55000305175781,97.66999816894531,96.58999633789062,96.81999969482422,67.53937530517578,4061500
2015-01-12,96.94999694824219,97.33999633789062,96.19000244140625,96.41999816894531,67.2603530883789,4192700
2015-01-13,96.66999816894531,97.48999786376953,95.81999969482422,96.3499984741211,67.2115249633789,5371300
2015-01-14,95.45999908447266,96.80000305175781,95.45999908447266,96.66999816894531,67.43476867675781,5127800
2015-01-15,97.13999938964844,97.31999969482422,96.37999725341797,96.66999816894531,67.43476867675781,4424000
2015-01-16,96.66000366210938,97.43000030517578,96.33999633789062,97.29000091552734,67.86725616455078,4404400
2015-01-20,98.33000183105469,98.33000183105469,96.83000183105469,97.51000213623047,68.02072143554688,7029500
2015-01-21,97.0199966430664,98.22000122070312,96.5999984741211,97.4000015258789,67.9439926147461,5031100
2015-01-22,97.4800033569336,99.0,97.04000091552734,98.9000015258789,68.9903564453125,7620400
2015-01-23,98.36000061035156,98.98999786376953,98.0999984741211,98.52999877929688,68.73223114013672,4857700
2015-01-26,98.19000244140625,98.94999694824219,97.66999816894531,98.69000244140625,68.84385681152344,4298700
2015-01-27,97.6500015258789,98.05000305175781,95.25,96.72000122070312,67.46963500976562,7365300
2015-01-28,97.20999908447266,97.7699966430664,95.66000366210938,95.72000122070312,66.7720718383789,6280100
2015-01-29,95.72000122070312,96.4800033569336,94.87000274658203,96.02999877929688,66.98831176757812,4600300
2015-01-30,95.11000061035156,95.33000183105469,93.55999755859375,93.77999877929688,65.41875457763672,7741500
2015-02-02,93.86000061035156,95.44000244140625,93.5999984741211,95.33000183105469,66.50000762939453,6889500
2015-02-03,96.0199966430664,96.55999755859375,95.58000183105469,96.19999694824219,67.10688781738281,5090400
2015-02-04,96.02999877929688,97.2699966430664,96.02999877929688,96.5999984741211,67.38590240478516,5064700
2015-02-05,97.2300033569336,97.2300033569336,96.41000366210938,96.61000061035156,67.39286804199219,4466200
2015-02-06,96.68000030517578,97.05999755859375,96.3499984741211,96.70999908447266,67.462646484375,4629200
2015-02-09,96.58000183105469,96.91000366210938,95.58999633789062,95.97000122070312,66.94644165039062,4217100
2015-02-10,96.7300033569336,98.0999984741211,96.37999725341797,97.98999786376953,68.35552978515625,6797400
2015-02-11,100.05000305175781,100.76000213623047,99.19999694824219,100.4000015258789,70.03671264648438,9736400
2015-02-12,100.05000305175781,100.5,99.37999725341797,100.2699966430664,69.9460220336914,9062300
2015-02-13,100.1500015258789,100.1500015258789,98.94000244140625,99.12999725341797,69.15080261230469,5643000
2015-02-17,98.44999694824219,98.70999908447266,98.0,98.36000061035156,68.61365509033203,5877800
2015-02-18,98.23999786376953,99.48999786376953,98.16000366210938,99.33000183105469,69.29031372070312,3472500
2015-02-19,99.30000305175781,99.5999984741211,98.52999877929688,98.72000122070312,68.86480712890625,4186300
2015-02-20,98.22000122070312,99.06999969482422,97.83000183105469,99.05999755859375,69.10194396972656,3945500
2015-02-23,99.16000366210938,99.4800033569336,98.73999786376953,99.44999694824219,69.3740463256836,3075700
2015-02-24,99.44999694824219,99.97000122070312,99.13999938964844,99.58000183105469,69.46469116210938,3389900
2015-02-25,99.68000030517578,99.81999969482422,98.91000366210938,99.5,69.40888977050781,3366100
2015-02-26,99.1500015258789,99.36000061035156,98.9800033569336,99.06999969482422,69.10892486572266,5722000
2015-02-27,99.22000122070312,99.37000274658203,98.97000122070312,98.9800033569336,69.0461654663086,6461700
2015-03-02,98.9800033569336,99.30000305175781,98.7300033569336,99.0,69.06010437011719,3613600
2015-03-03,98.81999969482422,98.94999694824219,98.12000274658203,98.4000015258789,68.64155578613281,4148100
2015-03-04,97.72000122070312,97.8499984741211,97.12000274658203,97.36000061035156,68.3711929321289,3884200
2015-03-05,97.69999694824219,97.83000183105469,97.20999908447266,97.2300033569336,68.27991485595703,3537200
2015-03-06,97.0,97.1500015258789,95.94000244140625,96.16999816894531,67.53551483154297,6466100
2015-03-09,96.0,96.5,95.97000122070312,96.04000091552734,67.4442138671875,4810500
2015-03-10,95.37999725341797,95.5999984741211,94.43000030517578,94.43000030517578,66.31359100341797,5390300
2015-03-11,94.45999908447266,94.62999725341797,93.44999694824219,93.62999725341797,65.75177001953125,4637300
2015-03-12,93.95999908447266,95.76000213623047,93.83999633789062,95.70999908447266,67.2125015258789,4455000
2015-03-13,94.88999938964844,95.58999633789062,93.94000244140625,94.31999969482422,66.2363510131836,4703800
2015-03-16,94.55999755859375,95.52999877929688,94.4800033569336,95.44999694824219,67.0299072265625,4687400
2015-03-17,94.94000244140625,95.29000091552734,94.05999755859375,94.12999725341797,66.10292053222656,4507400
2015-03-18,93.98999786376953,95.05000305175781,92.23999786376953,94.63999938964844,66.46107482910156,7692100
2015-03-19,94.43000030517578,94.58000183105469,93.69999694824219,94.0999984741211,66.08184814453125,4386400
2015-03-20,94.19999694824219,95.4800033569336,94.0999984741211,95.33999633789062,66.95263671875,8810400
2015-03-23,95.47000122070312,96.12000274658203,95.33999633789062,95.8499984741211,67.31077575683594,4739400
2015-03-24,96.70999908447266,97.16000366210938,95.80999755859375,95.86000061035156,67.31781768798828,7118600
2015-03-25,96.43000030517578,96.44000244140625,95.2300033569336,95.26000213623047,66.89645385742188,4965600
2015-03-26,95.25,95.9800033569336,94.79000091552734,95.62999725341797,67.1562728881836,5077700
2015-03-27,95.27999877929688,96.16000366210938,95.18000030517578,95.94999694824219,67.38102722167969,4245600
2015-03-30,96.27999877929688,96.68000030517578,95.55000305175781,96.5199966430664,67.78130340576172,5021200
2015-03-31,96.22000122070312,96.58999633789062,95.62000274658203,95.62000274658203,67.14927673339844,4397600
2015-04-01,95.16000366210938,95.27999877929688,94.16999816894531,95.08999633789062,66.777099609375,4241200
2015-04-02,94.77999877929688,95.93000030517578,94.77999877929688,95.69000244140625,67.19844055175781,3586200
2015-04-06,95.52999877929688,97.08999633789062,95.52999877929688,96.4800033569336,67.75320434570312,4861800
2015-04-07,96.66999816894531,96.87000274658203,96.19000244140625,96.20999908447266,67.5635986328125,3376600
2015-04-08,96.0999984741211,96.5999984741211,95.69000244140625,96.02999877929688,67.43721008300781,3879100
2015-04-09,95.83000183105469,96.62999725341797,95.63999938964844,96.3499984741211,67.66191864013672,3487000
2015-04-10,96.27999877929688,96.5199966430664,96.1500015258789,96.19999694824219,67.55657958984375,2704900
2015-04-13,96.01000213623047,96.27999877929688,95.4800033569336,95.52999877929688,67.08607482910156,3772900
2015-04-14,95.66999816894531,96.80000305175781,95.38999938964844,96.48999786376953,67.76024627685547,4501700
2015-04-15,96.73999786376953,97.30000305175781,96.5,96.62999725341797,67.8585433959961,3508700
2015-04-16,96.52999877929688,96.91999816894531,96.20999908447266,96.44999694824219,67.73213958740234,3699000
2015-04-17,95.83999633789062,96.12000274658203,95.36000061035156,95.80999755859375,67.2826919555664,4991600
2015-04-20,96.26000213623047,96.94000244140625,96.23999786376953,96.5,67.76725769042969,4468600
2015-04-21,97.19999694824219,97.55999755859375,96.54000091552734,96.77999877929688,67.96388244628906,4184300
2015-04-22,97.25,97.63999938964844,96.68000030517578,97.27999877929688,68.31499481201172,5293600
2015-04-23,96.66999816894531,97.44000244140625,95.44999694824219,95.7300033569336,67.22650146484375,7827700
2015-04-24,95.70999908447266,95.70999908447266,94.51000213623047,95.16999816894531,66.8332748413086,5381700
2015-04-27,95.16999816894531,95.2699966430664,94.45999908447266,94.48999786376953,66.3557357788086,5348500
2015-04-28,94.73999786376953,94.7699966430664,94.0199966430664,94.41999816894531,66.30656433105469,5065900
2015-04-29,94.22000122070312,94.47000122070312,93.26000213623047,94.37999725341797,66.2784652709961,4963600
2015-04-30,94.16000366210938,95.33000183105469,93.76000213623047,95.12000274658203,66.79813385009766,6714400
2015-05-01,95.16000366210938,95.62000274658203,94.76000213623047,95.55999755859375,67.10712432861328,4622300
2015-05-04,95.44999694824219,96.25,95.26000213623047,95.94999694824219,67.38102722167969,3729400
2015-05-05,96.0199966430664,96.16999816894531,95.23999786376953,95.41999816894531,67.00884246826172,3502800
2015-05-06,95.91999816894531,95.97000122070312,94.94999694824219,95.4800033569336,67.05095672607422,3376400
2015-05-07,95.1500015258789,95.66999816894531,94.94999694824219,95.1500015258789,66.81922149658203,3157400
2015-05-08,95.91000366210938,96.61000061035156,95.55000305175781,96.55000305175781,67.8023452758789,5231600
2015-05-11,96.2699966430664,97.0999984741211,96.12000274658203,96.3499984741211,67.66191864013672,3070300
2015-05-12,96.0,96.37999725341797,95.0,96.19999694824219,67.55657958984375,4229900
2015-05-13,96.2699966430664,96.95999908447266,96.16999816894531,96.41000366210938,67.70405578613281,3739800
2015-05-14,96.83999633789062,98.0,96.73999786376953,98.0,68.82064819335938,4018500
2015-05-15,97.83000183105469,98.44000244140625,97.75,98.22000122070312,68.97512817382812,3809500
2015-05-18,98.01000213623047,98.33000183105469,97.66999816894531,98.05000305175781,68.85572814941406,3328300
2015-05-19,97.94000244140625,98.33999633789062,97.56999969482422,97.94999694824219,68.7855224609375,3323900
2015-05-20,98.0,98.33000183105469,97.68000030517578,97.69000244140625,68.60293579101562,2789800
2015-05-21,97.4000015258789,97.79000091552734,96.9000015258789,97.19999694824219,68.25882720947266,3406100
2015-05-22,97.20999908447266,97.20999908447266,96.2300033569336,96.26000213623047,67.59869384765625,3311100
2015-05-26,96.05999755859375,96.27999877929688,95.5,95.79000091552734,67.26866912841797,3806200
2015-05-27,95.98999786376953,96.58000183105469,95.70999908447266,96.37999725341797,67.68301391601562,4028200
2015-05-28,96.55000305175781,97.38999938964844,95.93000030517578,97.05999755859375,68.1605224609375,5321700
2015-05-29,97.20999908447266,97.23999786376953,95.94000244140625,96.43000030517578,67.71809387207031,5731700
2015-06-01,96.58999633789062,96.58999633789062,95.63999938964844,95.97000122070312,67.39505767822266,4407000
2015-06-02,95.62999725341797,96.3499984741211,95.37000274658203,96.05000305175781,67.45126342773438,3959800
2015-06-03,95.81999969482422,96.0,95.1500015258789,95.30000305175781,67.4179916381836,3248800
2015-06-04,95.01000213623047,95.62000274658203,94.12000274658203,94.13999938964844,66.59735870361328,4793700
2015-06-05,93.87000274658203,93.9800033569336,92.9000015258789,93.05000305175781,65.82624816894531,4741200
2015-06-08,93.30000305175781,93.41000366210938,92.73999786376953,92.83999633789062,65.67770385742188,4466600
2015-06-09,92.80000305175781,93.31999969482422,92.72000122070312,93.06999969482422,65.84044647216797,3411900
2015-06-10,93.37000274658203,94.08000183105469,93.12999725341797,93.69000244140625,66.279052734375,3892000
2015-06-11,94.0,94.29000091552734,93.88999938964844,94.08999633789062,66.56201934814453,3020100
2015-06-12,93.95999908447266,94.06999969482422,93.44000244140625,93.73999786376953,66.31439971923828,3748500
2015-06-15,93.2699966430664,93.41999816894531,92.54000091552734,92.63999938964844,65.53622436523438,7203000
2015-06-16,92.7699966430664,93.70999908447266,92.58000183105469,93.55000305175781,66.17999267578125,2728700
2015-06-17,93.56999969482422,94.2699966430664,93.25,94.05000305175781,66.5337142944336,3108900
2015-06-18,94.33000183105469,95.5199966430664,94.12000274658203,95.2300033569336,67.36847686767578,4035400
2015-06-19,94.87999725341797,95.30999755859375,94.72000122070312,94.86000061035156,67.10672760009766,5463300
2015-06-22,95.0,95.87999725341797,95.0,95.5999984741211,67.63021850585938,3626700
2015-06-23,95.61000061035156,95.73999786376953,95.13999938964844,95.5999984741211,67.63021850585938,3679900
2015-06-24,95.26000213623047,95.7699966430664,95.26000213623047,95.29000091552734,67.41092681884766,4742000
2015-06-25,95.75,95.98999786376953,94.83000183105469,94.83000183105469,67.08550262451172,4426400
2015-06-26,95.0999984741211,95.44999694824219,94.83000183105469,94.91000366210938,67.14208984375,5119600
2015-06-29,94.4000015258789,94.76000213623047,93.62000274658203,93.69000244140625,66.279052734375,3625600
2015-06-30,94.51000213623047,94.69999694824219,93.26000213623047,93.33999633789062,66.03141784667969,4188500
2015-07-01,93.80000305175781,94.56999969482422,93.55000305175781,94.5199966430664,66.8661880493164,4808600
2015-07-02,94.5999984741211,94.9800033569336,94.20999908447266,94.66000366210938,66.96527099609375,3209600
2015-07-06,94.04000091552734,94.91999816894531,94.01000213623047,94.4000015258789,66.78130340576172,4952400
2015-07-07,94.77999877929688,96.66000366210938,94.54000091552734,96.4000015258789,68.19617462158203,7724800
2015-07-08,95.70999908447266,96.27999877929688,95.51000213623047,95.61000061035156,67.63729858398438,6055100
2015-07-09,97.33999633789062,97.3499984741211,94.08000183105469,94.58999633789062,66.91571807861328,9932300
2015-07-10,95.41999816894531,96.2699966430664,95.01000213623047,95.55000305175781,67.59486389160156,7233600
2015-07-13,96.30000305175781,97.48999786376953,96.16000366210938,97.22000122070312,68.77623748779297,7263800
2015-07-14,97.4000015258789,97.4800033569336,96.7300033569336,97.12999725341797,68.71258544921875,4479400
2015-07-15,97.06999969482422,97.33999633789062,96.31999969482422,96.3499984741211,68.16078186035156,5464700
2015-07-16,97.08999633789062,97.33999633789062,96.87000274658203,96.9000015258789,68.54988861083984,4253000
2015-07-17,96.54000091552734,96.81999969482422,96.05000305175781,96.77999877929688,68.4649887084961,3573300
2015-07-20,97.08000183105469,97.4800033569336,96.80000305175781,97.30999755859375,68.83992004394531,3391800
2015-07-21,97.4800033569336,97.4800033569336,96.83999633789062,96.93000030517578,68.57112121582031,3065400
2015-07-22,97.0199966430664,97.4800033569336,96.80000305175781,97.16999816894531,68.74088287353516,3371300
2015-07-23,97.0,97.37000274658203,96.45999908447266,96.87000274658203,68.5286636352539,2742900
2015-07-24,96.66999816894531,96.88999938964844,96.08999633789062,96.18000030517578,68.04051971435547,3631700
2015-07-27,96.02999877929688,96.41999816894531,95.33000183105469,95.66000366210938,67.67267608642578,4783400
2015-07-28,96.2300033569336,96.2300033569336,95.63999938964844,96.11000061035156,67.9909896850586,4937100
2015-07-29,96.18000030517578,96.7699966430664,96.05000305175781,96.52999877929688,68.28813171386719,3851100
2015-07-30,96.18000030517578,96.87999725341797,96.1500015258789,96.62999725341797,68.35887145996094,3380700
2015-07-31,97.16999816894531,97.16999816894531,96.19999694824219,96.3499984741211,68.16078186035156,5049600
2015-08-03,96.19000244140625,97.4800033569336,96.16999816894531,97.44999694824219,68.93897247314453,3711100
2015-08-04,97.30000305175781,98.0,97.18000030517578,97.80999755859375,69.19364166259766,3955000
2015-08-05,98.0199966430664,99.3499984741211,97.88999938964844,99.19000244140625,70.16989135742188,4320400
2015-08-06,99.66000366210938,100.61000061035156,99.0999984741211,99.1500015258789,70.14159393310547,6224000
2015-08-07,99.01000213623047,99.44999694824219,98.72000122070312,99.0999984741211,70.10623931884766,4608300
2015-08-10,99.5199966430664,99.69999694824219,98.88999938964844,99.08999633789062,70.09915161132812,4753700
2015-08-11,98.5999984741211,98.75,98.1500015258789,98.62000274658203,69.76667785644531,3581300
2015-08-12,98.04000091552734,98.43000030517578,97.0,98.37999725341797,69.59688568115234,3743300
2015-08-13,98.4000015258789,99.2300033569336,98.02999877929688,98.79000091552734,69.88692474365234,4190600
2015-08-14,98.83000183105469,99.2699966430664,98.69999694824219,99.2300033569336,70.19817352294922,3375600
2015-08-17,98.81999969482422,100.08999633789062,98.75,99.86000061035156,70.64384460449219,3253100
2015-08-18,99.5,100.41999816894531,99.5,99.7699966430664,70.58020782470703,4578500
2015-08-19,99.37999725341797,99.68000030517578,98.63999938964844,98.98999786376953,70.02841186523438,3903500
2015-08-20,98.30999755859375,98.5999984741211,97.9800033569336,97.9800033569336,69.31389617919922,3956800
2015-08-21,97.19999694824219,97.5999984741211,96.0999984741211,96.25,68.0900650024414,7514400
2015-08-24,91.58000183105469,92.33000183105469,76.4800033569336,91.83000183105469,64.96320343017578,13366900
2015-08-25,94.13999938964844,94.13999938964844,89.55000305175781,89.63999938964844,63.41393280029297,8258100
2015-08-26,91.72000122070312,92.62999725341797,89.69000244140625,92.48999786376953,65.43010711669922,7614100
2015-08-27,93.5,93.98999786376953,91.86000061035156,93.5999984741211,66.2153549194336,6690000
2015-08-28,93.0,93.83999633789062,92.77999877929688,93.52999877929688,66.16585540771484,6002300
2015-08-31,92.94000244140625,93.33000183105469,92.63999938964844,92.93000030517578,65.74140167236328,5328000
2015-09-01,91.12000274658203,92.16000366210938,90.87999725341797,91.33000183105469,64.6094970703125,8367800
2015-09-02,91.37999725341797,92.16000366210938,90.87000274658203,91.63999938964844,65.33167266845703,5935400
2015-09-03,92.0,92.75,91.87999725341797,92.12999725341797,65.6810073852539,3774100
2015-09-04,91.0,91.54000091552734,90.63999938964844,90.91999816894531,64.81840515136719,5653600
2015-09-08,91.93000030517578,92.4000015258789,91.58000183105469,92.37000274658203,65.85211944580078,3638200
2015-09-09,93.04000091552734,93.08000183105469,90.5,90.83000183105469,64.75421905517578,4474400
2015-09-10,90.5,91.69999694824219,90.43000030517578,91.05999755859375,64.91817474365234,3928100
2015-09-11,90.91999816894531,91.63999938964844,90.69000244140625,91.62000274658203,65.31741333007812,4062600
2015-09-14,91.62000274658203,91.63999938964844,90.98999786376953,91.19999694824219,65.01799011230469,4383600
2015-09-15,91.66999816894531,92.33999633789062,91.1500015258789,92.05999755859375,65.631103515625,3725100
2015-09-16,92.3499984741211,93.31999969482422,92.1500015258789,93.06999969482422,66.35115814208984,4152000
2015-09-17,93.30999755859375,94.37000274658203,92.61000061035156,93.37000274658203,66.56504821777344,5300800
2015-09-18,92.19000244140625,93.62999725341797,91.79000091552734,93.05000305175781,66.33687591552734,9622400
2015-09-21,93.31999969482422,94.2699966430664,93.2300033569336,93.70999908447266,66.80741882324219,3654000
2015-09-22,92.98999786376953,93.08000183105469,91.94999694824219,92.37000274658203,65.85211944580078,4547900
2015-09-23,92.2699966430664,92.69999694824219,91.86000061035156,92.4000015258789,65.8735122680664,3401600
2015-09-24,91.88999938964844,92.86000061035156,91.44999694824219,92.47000122070312,65.92339324951172,4064000
2015-09-25,92.94000244140625,94.18000030517578,92.66999816894531,93.47000122070312,66.6363296508789,4897200
2015-09-28,92.97000122070312,93.6500015258789,92.19999694824219,92.47000122070312,65.92339324951172,4659200
2015-09-29,92.55000305175781,93.36000061035156,92.30999755859375,93.04000091552734,66.32978057861328,5632200
2015-09-30,94.05999755859375,94.4000015258789,93.52999877929688,94.30000305175781,67.2280502319336,5873600
2015-10-01,94.19999694824219,94.5,93.12999725341797,93.8499984741211,66.90724182128906,5061800
2015-10-02,93.16999816894531,94.22000122070312,92.52999877929688,94.16000366210938,67.12821960449219,5163700
2015-10-05,94.91000366210938,95.9800033569336,94.58999633789062,95.80999755859375,68.30453491210938,5700200
2015-10-06,97.95999908447266,98.0,96.7300033569336,97.06999969482422,69.20283508300781,7094300
2015-10-07,97.19000244140625,98.98999786376953,97.08000183105469,98.5199966430664,70.23654174804688,6528200
2015-10-08,97.5999984741211,99.01000213623047,97.5999984741211,98.97000122070312,70.55736541748047,4683300
2015-10-09,98.9000015258789,99.62000274658203,98.80999755859375,99.47000122070312,70.91381072998047,5607000
2015-10-12,98.94999694824219,100.0999984741211,98.69000244140625,99.13999938964844,70.67855834960938,4581300
2015-10-13,98.95999908447266,99.16000366210938,97.88999938964844,97.91999816894531,69.80879974365234,5989400
2015-10-14,97.7699966430664,98.20999908447266,97.41000366210938,97.48999786376953,69.50222778320312,4238400
2015-10-15,98.11000061035156,98.48999786376953,97.43000030517578,98.27999877929688,70.06544494628906,5763900
2015-10-16,98.8499984741211,99.80999755859375,98.30000305175781,99.69999694824219,71.07779693603516,5550800
2015-10-19,99.69999694824219,100.2699966430664,99.5199966430664,100.18000030517578,71.41999816894531,4902700
2015-10-20,99.94999694824219,100.38999938964844,99.66999816894531,100.2699966430664,71.48414611816406,3613600
2015-10-21,99.9000015258789,100.9000015258789,99.73999786376953,100.25,71.46989440917969,4332000
2015-10-22,100.66999816894531,103.37999725341797,100.33000183105469,103.08000183105469,73.48741912841797,5934800
2015-10-23,103.31999969482422,103.44000244140625,101.93000030517578,102.43000030517578,73.02405548095703,5015800
2015-10-26,102.38999938964844,102.80999755859375,101.8499984741211,102.54000091552734,73.10247039794922,3770700
2015-10-27,102.12999725341797,103.19999694824219,102.01000213623047,102.94000244140625,73.38764953613281,3995700
2015-10-28,103.11000061035156,103.19999694824219,101.4800033569336,102.73999786376953,73.24508666992188,5164800
2015-10-29,102.08999633789062,103.0999984741211,101.9000015258789,102.80000305175781,73.2878189086914,3008100
2015-10-30,102.62999725341797,103.23999786376953,102.19000244140625,102.19000244140625,72.85295104980469,5425800
2015-11-02,102.13999938964844,102.58000183105469,101.0999984741211,101.4000015258789,72.28974151611328,5007300
2015-11-03,101.16000366210938,101.20999908447266,99.83000183105469,100.91999816894531,71.94754791259766,4174900
2015-11-04,100.88999938964844,101.33999633789062,100.4000015258789,100.62000274658203,71.73367309570312,3345600
2015-11-05,100.62000274658203,100.94000244140625,100.19000244140625,100.61000061035156,71.72655487060547,2834100
2015-11-06,100.06999969482422,100.29000091552734,99.1500015258789,99.72000122070312,71.0920639038086,4660400
2015-11-09,99.4800033569336,99.5999984741211,98.2300033569336,98.87999725341797,70.4931869506836,3959900
2015-11-10,98.5,99.22000122070312,98.37999725341797,98.83000183105469,70.45755004882812,3367800
2015-11-11,99.27999877929688,99.95999908447266,99.08999633789062,99.43000030517578,70.88529968261719,3147300
2015-11-12,98.9000015258789,99.33000183105469,98.33999633789062,98.37000274658203,70.12960052490234,3892800
2015-11-13,98.19000244140625,98.94999694824219,97.80999755859375,98.04000091552734,69.89434814453125,4001000
2015-11-16,97.75,99.66000366210938,97.6500015258789,99.55999755859375,70.97799682617188,3446600
2015-11-17,99.54000091552734,99.87999725341797,98.55999755859375,98.83000183105469,70.45755004882812,3446500
2015-11-18,99.06999969482422,100.37999725341797,98.91000366210938,100.2699966430664,71.48414611816406,4074200
2015-11-19,100.5199966430664,101.37000274658203,100.5,100.93000030517578,71.95466613769531,3496000
2015-11-20,101.5199966430664,102.1500015258789,100.0,100.0999984741211,71.36296081542969,4800600
2015-11-23,100.4800033569336,101.69000244140625,100.23999786376953,100.8499984741211,71.89766693115234,4604000
2015-11-24,100.33000183105469,101.0,100.0,100.62999725341797,71.74081420898438,3405400
2015-11-25,100.52999877929688,100.94000244140625,100.44999694824219,100.5,71.64810943603516,2906000
2015-11-27,100.08999633789062,100.98999786376953,100.08999633789062,100.73999786376953,71.81924438476562,1463400
2015-11-30,100.73999786376953,100.97000122070312,100.12999725341797,100.16000366210938,71.40575408935547,6083300
2015-12-01,100.11000061035156,101.12000274658203,100.11000061035156,101.05999755859375,72.04734802246094,4473200
2015-12-02,100.36000061035156,100.37999725341797,99.36000061035156,99.4800033569336,71.41777801513672,4361600
2015-12-03,99.62000274658203,99.98999786376953,98.76000213623047,99.08999633789062,71.13778686523438,5661000
2015-12-04,99.19999694824219,101.37000274658203,98.54000091552734,101.05999755859375,72.55203247070312,6422700
2015-12-07,101.02999877929688,101.51000213623047,100.12000274658203,100.66999816894531,72.2720718383789,3408000
2015-12-08,100.4000015258789,100.80999755859375,99.62999725341797,100.16999816894531,71.91311645507812,3385200
2015-12-09,99.52999877929688,100.95999908447266,98.98999786376953,99.12999725341797,71.16648864746094,4195100
2015-12-10,99.30999755859375,99.5999984741211,98.44999694824219,98.9000015258789,71.00135803222656,3926600
2015-12-11,97.93000030517578,98.79000091552734,97.54000091552734,97.77999877929688,70.19729614257812,5429700
2015-12-14,98.08999633789062,98.62000274658203,96.80999755859375,97.94999694824219,70.3193588256836,6633900
2015-12-15,98.52999877929688,99.66999816894531,98.19999694824219,99.38999938964844,71.35313415527344,5554200
2015-12-16,99.83999633789062,101.33000183105469,99.6500015258789,101.08000183105469,72.56642150878906,4994500
2015-12-17,101.0,101.11000061035156,100.16999816894531,100.19999694824219,71.93463897705078,4303600
2015-12-18,99.75,99.76000213623047,97.87999725341797,97.9000015258789,70.283447265625,6926800
2015-12-21,98.38999938964844,98.63999938964844,97.7699966430664,98.62000274658203,70.80034637451172,3089100
2015-12-22,98.91000366210938,100.06999969482422,98.62999725341797,99.80000305175781,71.64749908447266,3882100
2015-12-23,100.19999694824219,100.76000213623047,100.0199966430664,100.63999938964844,72.25051879882812,2929600
2015-12-24,100.51000213623047,100.97000122070312,100.11000061035156,100.54000091552734,72.1787338256836,1044300
2015-12-28,100.38999938964844,100.79000091552734,100.13999938964844,100.68000030517578,72.27925872802734,4017700
2015-12-29,101.11000061035156,101.69999694824219,100.7699966430664,101.44999694824219,72.83203887939453,2362200
2015-12-30,101.51000213623047,101.54000091552734,100.9800033569336,101.1500015258789,72.61662292480469,2333000
2015-12-31,100.52999877929688,100.91000366210938,99.80999755859375,99.91999816894531,71.73362731933594,3041500
2016-01-04,98.55999755859375,99.0,97.80000305175781,98.7699966430664,70.90802764892578,6689000
2016-01-05,98.80999755859375,99.8499984741211,98.70999908447266,99.44999694824219,71.39620971679688,4893800
2016-01-06,98.37999725341797,99.76000213623047,98.12000274658203,99.4800033569336,71.41777801513672,5483400
2016-01-07,98.45999908447266,98.9800033569336,97.20999908447266,97.56999969482422,70.04652404785156,5440000
2016-01-08,97.83000183105469,98.62999725341797,96.94000244140625,97.20999908447266,69.7880859375,4853500
2016-01-11,97.33999633789062,97.91999816894531,96.87000274658203,97.44000244140625,69.95321655273438,5638000
2016-01-12,98.41000366210938,98.41000366210938,97.13999938964844,97.62000274658203,70.08244323730469,5185800
2016-01-13,97.47000122070312,97.94000244140625,96.3499984741211,96.5,69.27838897705078,5161500
2016-01-14,96.4000015258789,97.08000183105469,95.66000366210938,95.80999755859375,68.78301239013672,6592500
2016-01-15,93.94999694824219,94.55999755859375,93.30000305175781,93.93000030517578,67.43335723876953,8229400
2016-01-19,94.66000366210938,96.0999984741211,94.45999908447266,95.7699966430664,68.7542953491211,6828900
2016-01-20,94.8499984741211,95.41999816894531,93.30000305175781,93.7699966430664,67.31847381591797,7558100
2016-01-21,94.04000091552734,94.66999816894531,93.25,94.47000122070312,67.82102966308594,6076300
2016-01-22,94.87999725341797,96.29000091552734,94.12000274658203,95.8499984741211,68.81173706054688,6946600
2016-01-25,95.91999816894531,96.83000183105469,95.52999877929688,95.94000244140625,68.87633514404297,4407000
2016-01-26,95.91000366210938,97.22000122070312,95.7699966430664,96.31999969482422,69.1491470336914,3735200
2016-01-27,95.88999938964844,97.27999877929688,95.55999755859375,95.94000244140625,68.87633514404297,5795100
2016-01-28,96.43000030517578,97.9000015258789,96.08000183105469,97.44999694824219,69.96038055419922,5169900
2016-01-29,97.87000274658203,99.30000305175781,97.58000183105469,99.30000305175781,71.28853607177734,7340600
2016-02-01,98.52999877929688,99.4000015258789,97.5199966430664,99.02999877929688,71.09469604492188,3648100
2016-02-02,98.6500015258789,98.68000030517578,98.0,98.20999908447266,70.50601959228516,3809900
2016-02-03,98.87000274658203,99.02999877929688,97.5999984741211,98.72000122070312,70.8721694946289,5146000
2016-02-04,98.68000030517578,98.9000015258789,97.0,97.38999938964844,69.91731262207031,5212000
2016-02-05,97.63999938964844,97.70999908447266,96.80000305175781,97.31999969482422,69.86705780029297,5574800
2016-02-08,97.13999938964844,97.88999938964844,96.4000015258789,97.5199966430664,70.01066589355469,4729500
2016-02-09,96.69000244140625,98.79000091552734,96.44000244140625,98.27999877929688,70.55624389648438,4994200
2016-02-10,98.20999908447266,98.7300033569336,97.5199966430664,97.62000274658203,70.08244323730469,4505500
2016-02-11,96.38999938964844,97.94000244140625,96.08999633789062,96.9000015258789,69.56555938720703,5898500
2016-02-12,96.4000015258789,98.58999633789062,96.1500015258789,98.48999786376953,70.70702362060547,5110600
2016-02-16,99.19999694824219,99.30000305175781,98.0999984741211,98.5999984741211,70.7859878540039,4709700
2016-02-17,99.0,99.88999938964844,98.80000305175781,99.55000305175781,71.46800994873047,4493200
2016-02-18,99.56999969482422,99.97000122070312,98.97000122070312,99.62000274658203,71.51825714111328,3729100
2016-02-19,98.45999908447266,100.19000244140625,98.45999908447266,99.58000183105469,71.48951721191406,4531300
2016-02-22,99.9800033569336,100.55999755859375,99.58000183105469,99.87000274658203,71.69776153564453,4731500
2016-02-23,99.88999938964844,100.0,99.37999725341797,99.54000091552734,71.46080780029297,3721100
2016-02-24,99.0,99.75,98.4000015258789,99.68000030517578,71.56133270263672,5691200
2016-02-25,99.83000183105469,100.69999694824219,99.83000183105469,100.66999816894531,72.2720718383789,4668900
2016-02-26,100.48999786376953,100.54000091552734,97.83999633789062,98.36000061035156,70.61370849609375,6506200
2016-02-29,98.36000061035156,99.0199966430664,97.79000091552734,97.81999969482422,70.22600555419922,5955300
2016-03-01,98.5,99.13999938964844,98.05000305175781,99.08999633789062,71.13778686523438,5160200
2016-03-02,98.05000305175781,98.36000061035156,97.54000091552734,98.33000183105469,71.09654998779297,4180000
2016-03-03,98.3499984741211,99.2300033569336,98.0199966430664,99.16000366210938,71.69669342041016,4856600
2016-03-04,98.80999755859375,100.0,98.56999969482422,100.0,72.30403900146484,7067200
2016-03-07,99.25,99.5999984741211,98.97000122070312,99.25,71.76176452636719,5967100
2016-03-08,98.97000122070312,100.12000274658203,98.75,99.73999786376953,72.11605072021484,4871200
2016-03-09,100.0,100.58000183105469,99.73999786376953,100.19999694824219,72.44863891601562,5085000
2016-03-10,100.44999694824219,100.87999725341797,100.0199966430664,100.77999877929688,72.86800384521484,5502800
2016-03-11,101.0,101.41000366210938,100.58999633789062,101.30999755859375,73.25123596191406,5912400
2016-03-14,101.12999725341797,101.44999694824219,100.62000274658203,100.6500015258789,72.77399444580078,3580500
2016-03-15,100.2699966430664,101.56999969482422,100.25,101.1500015258789,73.13550567626953,3860300
2016-03-16,100.94000244140625,101.33999633789062,100.01000213623047,100.83000183105469,72.9041748046875,4176600
2016-03-17,101.0,102.12000274658203,100.79000091552734,101.87000274658203,73.65613555908203,5635800
2016-03-18,101.66999816894531,101.94000244140625,101.01000213623047,101.29000091552734,73.23674774169922,7273900
2016-03-21,100.91000366210938,102.12000274658203,100.31999969482422,101.54000091552734,73.41751098632812,4420300
2016-03-22,101.27999877929688,101.51000213623047,100.43000030517578,100.7699966430664,72.86078643798828,3457600
2016-03-23,100.69000244140625,101.76000213623047,100.52999877929688,100.80999755859375,72.88969421386719,3407900
2016-03-24,100.69999694824219,100.91999816894531,100.1500015258789,100.68000030517578,72.79570770263672,3183100
2016-03-28,100.95999908447266,101.61000061035156,100.81999969482422,100.9800033569336,73.01261901855469,3785500
2016-03-29,101.05000305175781,101.63999938964844,100.76000213623047,101.37000274658203,73.29461669921875,3356700
2016-03-30,101.45999908447266,102.88999938964844,101.41000366210938,102.69000244140625,74.24900817871094,4673600
2016-03-31,102.54000091552734,103.44999694824219,102.30000305175781,102.4800033569336,74.09717559814453,5367700
2016-04-01,101.97000122070312,103.88999938964844,101.94999694824219,103.77999877929688,75.03712463378906,4128600
2016-04-04,103.80000305175781,103.94999694824219,102.7699966430664,103.81999969482422,75.0660171508789,4220400
2016-04-05,103.7699966430664,103.93000030517578,102.87000274658203,103.0999984741211,74.54545593261719,3589200
2016-04-06,103.25,103.98999786376953,102.87000274658203,103.91999816894531,75.13835144042969,4196800
2016-04-07,103.33999633789062,103.97000122070312,103.02999877929688,103.5999984741211,74.9070053100586,6220900
2016-04-08,103.98999786376953,105.25,103.9000015258789,105.08000183105469,75.9770736694336,6154500
2016-04-11,105.16000366210938,105.7699966430664,104.16000366210938,104.30000305175781,75.4131088256836,5354000
2016-04-12,104.16999816894531,105.12000274658203,104.12000274658203,104.91000366210938,75.85415649414062,3777200
2016-04-13,105.33999633789062,105.3499984741211,103.76000213623047,104.12000274658203,75.28294372558594,3802400
2016-04-14,102.7300033569336,104.08999633789062,102.70999908447266,103.16000366210938,74.58885955810547,5593300
2016-04-15,103.23999786376953,103.80999755859375,103.01000213623047,103.7699966430664,75.0299072265625,4553500
2016-04-18,104.16000366210938,104.58999633789062,103.5,103.72000122070312,74.9937515258789,7736900
2016-04-19,103.80999755859375,104.61000061035156,103.76000213623047,104.31999969482422,75.42757415771484,4996200
2016-04-20,104.2300033569336,104.3499984741211,102.38999938964844,102.44000244140625,74.06825256347656,4778000
2016-04-21,102.33999633789062,102.33999633789062,100.41999816894531,100.98999786376953,73.01982879638672,7145600
2016-04-22,101.16999816894531,102.05999755859375,100.94000244140625,101.9800033569336,73.73564910888672,5660200
2016-04-25,101.80000305175781,102.83000183105469,101.61000061035156,102.80000305175781,74.32854461669922,3501300
2016-04-26,103.19999694824219,103.4000015258789,102.19000244140625,102.5999984741211,74.18392944335938,3222900
2016-04-27,102.72000122070312,103.36000061035156,101.91000366210938,102.62999725341797,74.20563507080078,3730900
2016-04-28,102.16999816894531,103.1500015258789,102.16000366210938,102.97000122070312,74.45144653320312,4350200
2016-04-29,102.93000030517578,103.16999816894531,102.4000015258789,102.95999908447266,74.4442367553711,4604000
2016-05-02,102.73999786376953,103.87000274658203,102.63999938964844,103.43000030517578,74.78406524658203,3998100
2016-05-03,103.41000366210938,103.93000030517578,103.0,103.55999755859375,74.87805938720703,3945400
2016-05-04,103.51000213623047,104.44000244140625,103.12999725341797,104.0199966430664,75.21065521240234,3852600
2016-05-05,103.87000274658203,104.87999725341797,103.5999984741211,104.20999908447266,75.34803771972656,3401400
2016-05-06,103.68000030517578,104.97000122070312,103.68000030517578,104.95999908447266,75.89030456542969,3547700
2016-05-09,104.91999816894531,105.7300033569336,104.91000366210938,105.27999877929688,76.12167358398438,4432300
2016-05-10,105.43000030517578,106.62999725341797,105.33000183105469,106.56999969482422,77.05438995361328,3885500
2016-05-11,106.26000213623047,106.94000244140625,105.62999725341797,105.72000122070312,76.4398193359375,3424900
2016-05-12,106.12999725341797,106.4000015258789,105.58000183105469,106.0999984741211,76.7145767211914,3195200
2016-05-13,105.75,106.0999984741211,103.54000091552734,104.18000030517578,75.32633972167969,7811500
2016-05-16,103.9800033569336,104.6500015258789,103.62999725341797,104.12999725341797,75.29019165039062,4243200
2016-05-17,104.16999816894531,104.37999725341797,102.01000213623047,102.37000274658203,74.01763916015625,5443300
2016-05-18,101.94999694824219,102.0,100.2699966430664,100.91000366210938,72.96200561523438,6970100
2016-05-19,100.75,101.44000244140625,100.30000305175781,101.33000183105469,73.26567840576172,4722400
2016-05-20,101.70999908447266,101.79000091552734,100.0,100.0999984741211,72.3763427734375,5704000
2016-05-23,100.12000274658203,100.7699966430664,100.0,100.41999816894531,72.60771942138672,4185900
2016-05-24,100.91000366210938,101.37999725341797,100.69000244140625,101.08999633789062,73.0921630859375,3446300
2016-05-25,101.16999816894531,101.5999984741211,100.95999908447266,101.08999633789062,73.0921630859375,3223800
2016-05-26,101.19999694824219,101.95999908447266,101.01000213623047,101.9000015258789,73.67782592773438,4543100
2016-05-27,102.12999725341797,102.37999725341797,101.5999984741211,101.95999908447266,73.72119140625,2877000
2016-05-31,102.13999938964844,102.37000274658203,100.81999969482422,101.16999816894531,73.14998626708984,6368700
2016-06-01,100.55999755859375,101.5999984741211,100.30000305175781,101.56999969482422,73.98991394042969,4741400
2016-06-02,101.33000183105469,102.01000213623047,101.16999816894531,102.0,74.30313873291016,3618200
2016-06-03,101.91999816894531,102.83000183105469,101.91999816894531,102.52999877929688,74.68920135498047,4511700
2016-06-06,102.54000091552734,103.05999755859375,102.2300033569336,102.69999694824219,74.81307220458984,2944200
2016-06-07,102.81999969482422,103.18000030517578,102.27999877929688,102.48999786376953,74.66010284423828,4078700
2016-06-08,102.36000061035156,103.3499984741211,102.16999816894531,103.18000030517578,75.1627197265625,2860800
2016-06-09,102.9000015258789,103.81999969482422,102.54000091552734,103.66000366210938,75.51238250732422,3552200
2016-06-10,103.25,103.48999786376953,102.77999877929688,103.30999755859375,75.2574234008789,3462400
2016-06-13,103.23999786376953,103.69000244140625,102.9800033569336,103.05999755859375,75.0753173828125,4368300
2016-06-14,102.5999984741211,103.29000091552734,101.73999786376953,103.2300033569336,75.19916534423828,4363600
2016-06-15,103.2699966430664,103.56999969482422,102.75,102.86000061035156,74.92961883544922,3434400
2016-06-16,102.51000213623047,103.93000030517578,102.51000213623047,103.8499984741211,75.65081024169922,3520900
2016-06-17,103.58999633789062,103.86000061035156,102.4000015258789,103.41000366210938,75.33027648925781,5577900
2016-06-20,104.06999969482422,104.68000030517578,103.3499984741211,103.37000274658203,75.30113220214844,3567000
2016-06-21,103.80999755859375,104.41000366210938,103.76000213623047,104.08000183105469,75.81836700439453,3214500
2016-06-22,104.08000183105469,104.48999786376953,103.62999725341797,103.73999786376953,75.57064819335938,3398900
2016-06-23,104.45999908447266,104.5,103.91000366210938,104.44000244140625,76.08057403564453,3068100
2016-06-24,102.48999786376953,103.44999694824219,101.80000305175781,101.9800033569336,74.28856658935547,8654800
2016-06-27,101.7699966430664,102.33999633789062,101.30000305175781,102.12999725341797,74.39783477783203,6381900
2016-06-28,102.16000366210938,102.33999633789062,101.5,102.13999938964844,74.40511322021484,5195100
2016-06-29,102.81999969482422,103.33000183105469,102.45999908447266,103.12000274658203,75.11903381347656,4898700
2016-06-30,103.75,106.0,103.52999877929688,105.94000244140625,77.17326354980469,7973200
2016-07-01,106.2300033569336,106.4000015258789,105.37999725341797,105.62999725341797,76.94746398925781,4115700
2016-07-05,105.66999816894531,106.9800033569336,105.62999725341797,106.41999816894531,77.52294158935547,5365200
2016-07-06,106.58999633789062,106.7300033569336,105.62999725341797,105.91999816894531,77.15874481201172,6126500
2016-07-07,108.52999877929688,109.0,107.06999969482422,107.48999786376953,78.3023910522461,9912800
2016-07-08,108.04000091552734,108.5,107.31999969482422,108.2699966430664,78.87059783935547,6052800
2016-07-11,108.16000366210938,109.12999725341797,107.7699966430664,108.91000366210938,79.33683013916016,6446600
2016-07-12,108.41999816894531,109.11000061035156,108.37000274658203,108.79000091552734,79.24939727783203,4175800
2016-07-13,109.06999969482422,110.05999755859375,108.88999938964844,109.91000366210938,80.0652847290039,5232100
2016-07-14,109.83000183105469,110.94000244140625,109.76000213623047,109.95999908447266,80.10171508789062,4834300
2016-07-15,109.7699966430664,110.48999786376953,108.97000122070312,109.66000366210938,79.88317108154297,5230600
2016-07-18,109.66000366210938,109.69999694824219,108.83999633789062,109.20999908447266,79.55535888671875,3688700
2016-07-19,108.86000061035156,109.55999755859375,108.70999908447266,109.52999877929688,79.78846740722656,3987500
2016-07-20,109.86000061035156,109.91000366210938,108.68000030517578,108.91999816894531,79.34410095214844,3021800
2016-07-21,108.70999908447266,108.87000274658203,108.11000061035156,108.58000183105469,79.0964126586914,2765400
2016-07-22,108.77999877929688,109.41000366210938,108.77999877929688,109.19000244140625,79.54078674316406,2693100
2016-07-25,109.23999786376953,109.27999877929688,108.37999725341797,109.0199966430664,79.41693878173828,3053100
2016-07-26,109.0,109.2300033569336,108.02999877929688,108.19999694824219,78.819580078125,3386100
2016-07-27,108.04000091552734,108.04000091552734,106.69000244140625,107.4800033569336,78.29511260986328,4724200
2016-07-28,107.55000305175781,108.37999725341797,107.16999816894531,108.12999725341797,78.76861572265625,3446500
2016-07-29,108.26000213623047,109.11000061035156,108.12000274658203,108.91999816894531,79.34410095214844,3995300
2016-08-01,108.72000122070312,109.08999633789062,108.33999633789062,108.93000030517578,79.35137939453125,3880700
2016-08-02,109.25,109.25,108.27999877929688,108.72000122070312,79.19840240478516,3431600
2016-08-03,108.93000030517578,108.9800033569336,107.68000030517578,108.04000091552734,78.70307159423828,3691900
2016-08-04,108.16999816894531,108.55000305175781,107.9800033569336,108.41999816894531,78.97986602783203,3226900
2016-08-05,108.73999786376953,109.36000061035156,108.37000274658203,108.66000366210938,79.15469360351562,3189400
2016-08-08,108.41999816894531,108.62000274658203,107.66999816894531,108.13999938964844,78.7759017944336,3304200
2016-08-09,108.25,108.75,108.05999755859375,108.27999877929688,78.87789154052734,2378200
2016-08-10,108.44999694824219,108.95999908447266,108.44999694824219,108.81999969482422,79.27127075195312,2189900
2016-08-11,109.01000213623047,109.18000030517578,108.44999694824219,108.4800033569336,79.02356719970703,2786800
2016-08-12,108.63999938964844,108.94000244140625,108.37000274658203,108.58999633789062,79.10370635986328,2563400
2016-08-15,108.70999908447266,108.98999786376953,108.63999938964844,108.72000122070312,79.19840240478516,2357800
2016-08-16,108.25,108.69000244140625,107.91000366210938,108.0,78.67391967773438,2677200
2016-08-17,107.94999694824219,108.52999877929688,107.5999984741211,108.47000122070312,79.01628875732422,2963900
2016-08-18,108.41000366210938,108.81999969482422,108.19999694824219,108.27999877929688,78.87789154052734,2373000
2016-08-19,108.04000091552734,108.26000213623047,107.54000091552734,108.16999816894531,78.79774475097656,2846600
2016-08-22,108.08000183105469,108.20999908447266,107.7699966430664,107.95999908447266,78.644775390625,2304600
2016-08-23,108.25,108.55000305175781,107.69999694824219,107.87999725341797,78.58649444580078,2473000
2016-08-24,107.81999969482422,108.29000091552734,107.55000305175781,108.11000061035156,78.75405883789062,3422600
2016-08-25,108.08999633789062,108.37999725341797,107.79000091552734,107.87999725341797,78.58649444580078,2129500
2016-08-26,107.91999816894531,108.5,107.33000183105469,107.44999694824219,78.27326965332031,2868900
2016-08-29,107.5,108.01000213623047,107.4000015258789,107.98999786376953,78.66661834716797,2576400
2016-08-30,107.91999816894531,108.05999755859375,107.02999877929688,107.20999908447266,78.09840393066406,3708100
2016-08-31,106.33999633789062,106.87999725341797,106.26000213623047,106.75,78.31336975097656,3995000
2016-09-01,106.45999908447266,107.33999633789062,106.29000091552734,107.29000091552734,78.70951843261719,3799000
2016-09-02,107.58000183105469,108.25,107.5,107.87000274658203,79.13502502441406,3671200
2016-09-06,107.79000091552734,108.12000274658203,107.4000015258789,107.91999816894531,79.17169952392578,2913300
2016-09-07,107.76000213623047,107.97000122070312,106.77999877929688,107.20999908447266,78.65083312988281,3260500
2016-09-08,107.0999984741211,107.33999633789062,106.48999786376953,106.87999725341797,78.40873718261719,3491400
2016-09-09,106.0199966430664,106.19000244140625,104.05000305175781,104.05000305175781,76.33262634277344,6134500
2016-09-12,104.30000305175781,106.22000122070312,104.30000305175781,106.0199966430664,77.7778091430664,4569400
2016-09-13,105.94000244140625,105.94999694824219,104.29000091552734,104.58999633789062,76.72876739501953,4597700
2016-09-14,104.81999969482422,105.63999938964844,104.5999984741211,105.05000305175781,77.06623840332031,4007800
2016-09-15,104.94999694824219,105.72000122070312,104.69999694824219,105.4800033569336,77.3816909790039,3598600
2016-09-16,105.0,105.5,104.58000183105469,105.27999877929688,77.23494720458984,4934100
2016-09-19,105.20999908447266,106.12000274658203,104.91999816894531,105.66999816894531,77.52106475830078,3439300
2016-09-20,106.0999984741211,106.70999908447266,105.95999908447266,106.30000305175781,77.98323822021484,3561700
2016-09-21,106.30000305175781,107.37000274658203,105.87999725341797,107.12999725341797,78.59214782714844,3913900
2016-09-22,107.48999786376953,107.94000244140625,107.30999755859375,107.81999969482422,79.09834289550781,3869400
2016-09-23,107.68000030517578,107.98999786376953,107.04000091552734,107.33999633789062,78.74620056152344,3235900
2016-09-26,107.23999786376953,107.37999725341797,106.87000274658203,107.02999877929688,78.518798828125,4440400
2016-09-27,107.37000274658203,107.87000274658203,106.7300033569336,107.48999786376953,78.85624694824219,3779300
2016-09-28,107.91000366210938,107.91000366210938,106.86000061035156,107.37999725341797,78.77557373046875,5030500
2016-09-29,109.5,109.70999908447266,107.70999908447266,107.76000213623047,79.05432891845703,7249100
2016-09-30,108.37000274658203,109.23999786376953,108.37000274658203,108.7699966430664,79.79527282714844,7173300
2016-10-03,108.7699966430664,108.83000183105469,107.47000122070312,108.25,79.41380310058594,4566000
2016-10-04,108.30999755859375,108.37000274658203,106.58000183105469,107.0999984741211,78.57014465332031,5830100
2016-10-05,107.23999786376953,107.48999786376953,105.69000244140625,106.01000213623047,77.77052307128906,6297000
2016-10-06,105.7300033569336,106.52999877929688,105.45999908447266,106.4000015258789,78.0566177368164,4886000
2016-10-07,106.76000213623047,106.91999816894531,105.6500015258789,105.98999786376953,77.75581359863281,4398400
2016-10-10,106.44999694824219,106.62000274658203,105.81999969482422,106.22000122070312,77.92456817626953,3119300
2016-10-11,106.12000274658203,106.20999908447266,105.0,105.56999969482422,77.44770050048828,3814400
2016-10-12,105.87000274658203,106.16000366210938,105.5,106.08000183105469,77.82183837890625,3419800
2016-10-13,105.8499984741211,106.16999816894531,105.29000091552734,105.91999816894531,77.7044906616211,3582600
2016-10-14,106.06999969482422,107.05999755859375,105.77999877929688,106.83000183105469,78.37208557128906,4788600
2016-10-17,106.83000183105469,107.06999969482422,106.55999755859375,106.8499984741211,78.38672637939453,4104400
2016-10-18,107.44999694824219,108.18000030517578,106.94000244140625,106.94999694824219,78.46011352539062,3850000
2016-10-19,106.80999755859375,107.01000213623047,106.08000183105469,106.26000213623047,77.95391845703125,4330600
2016-10-20,106.11000061035156,106.31999969482422,105.58000183105469,105.87000274658203,77.66780090332031,3751600
2016-10-21,106.01000213623047,106.01000213623047,105.2699966430664,105.62000274658203,77.4843978881836,3615400
2016-10-24,106.12000274658203,107.9000015258789,106.12000274658203,107.30999755859375,78.72420501708984,5126000
2016-10-25,107.38999938964844,107.62999725341797,106.80999755859375,107.2300033569336,78.66552734375,3756300
2016-10-26,107.48999786376953,107.94999694824219,106.94999694824219,107.06999969482422,78.54814147949219,3440700
2016-10-27,107.27999877929688,107.54000091552734,106.30000305175781,106.62999725341797,78.225341796875,4205300
2016-10-28,106.9000015258789,107.52999877929688,106.5199966430664,107.06999969482422,78.54814147949219,3378900
2016-10-31,107.02999877929688,107.43000030517578,106.91999816894531,107.19999694824219,78.64352416992188,3141700
2016-11-01,107.13999938964844,107.30000305175781,106.12000274658203,106.70999908447266,78.2840347290039,4289600
2016-11-02,106.68000030517578,107.44000244140625,106.61000061035156,106.70999908447266,78.2840347290039,3679200
2016-11-03,107.06999969482422,107.13999938964844,106.5199966430664,106.62999725341797,78.225341796875,3447700
2016-11-04,106.55999755859375,106.97000122070312,105.80999755859375,105.80999755859375,77.62378692626953,2897600
2016-11-07,106.66000366210938,107.19999694824219,106.37999725341797,106.95999908447266,78.46745300292969,5469100
2016-11-08,106.97000122070312,108.93000030517578,106.97000122070312,108.72000122070312,79.75862121582031,4671000
2016-11-09,106.44999694824219,107.3499984741211,105.0,107.25,78.68019104003906,6515800
2016-11-10,106.88999938964844,106.88999938964844,102.4000015258789,103.25,75.74571990966797,9095200
2016-11-11,103.0,103.7699966430664,102.56999969482422,103.19000244140625,75.70169830322266,5888400
2016-11-14,102.86000061035156,103.33999633789062,100.44999694824219,101.38999938964844,74.38119506835938,7248800
2016-11-15,101.4000015258789,102.05000305175781,100.81999969482422,101.8499984741211,74.7186508178711,5672300
2016-11-16,102.36000061035156,102.9000015258789,101.47000122070312,101.70999908447266,74.61595916748047,3962900
2016-11-17,101.80999755859375,101.93000030517578,101.18000030517578,101.62000274658203,74.54993438720703,4212600
2016-11-18,101.4000015258789,101.80000305175781,101.18000030517578,101.30999755859375,74.32252502441406,4919200
2016-11-21,101.30999755859375,102.31999969482422,101.30999755859375,102.26000213623047,75.01941680908203,3870800
2016-11-22,102.52999877929688,103.0,102.44000244140625,102.88999938964844,75.48162078857422,4540300
2016-11-23,102.5199966430664,102.88999938964844,101.45999908447266,101.52999877929688,74.48391723632812,4658400
2016-11-25,102.0,102.91000366210938,101.73999786376953,102.16999816894531,74.95340728759766,3644900
2016-11-28,102.2699966430664,103.25,101.9000015258789,102.79000091552734,75.40824127197266,5556900
2016-11-29,102.79000091552734,103.05000305175781,102.30000305175781,102.54000091552734,75.22486877441406,3886800
2016-11-30,101.51000213623047,101.91999816894531,100.0999984741211,100.0999984741211,73.97808074951172,8123500
2016-12-01,99.88999938964844,100.05000305175781,98.5,99.02999877929688,73.18731689453125,7123000
2016-12-02,99.4000015258789,100.63999938964844,99.4000015258789,100.5999984741211,74.34761047363281,4594600
2016-12-05,100.62000274658203,100.91000366210938,100.12000274658203,100.70999908447266,74.42892456054688,3961800
2016-12-06,101.08000183105469,101.61000061035156,100.80999755859375,101.55000305175781,75.04969787597656,4828400
2016-12-07,101.16000366210938,102.93000030517578,101.16000366210938,102.80999755859375,75.98089599609375,4873400
2016-12-08,102.13999938964844,102.61000061035156,102.0,102.1500015258789,75.49313354492188,3993900
2016-12-09,102.2300033569336,104.05000305175781,102.04000091552734,103.56999969482422,76.54255676269531,5040200
2016-12-12,103.81999969482422,104.87000274658203,103.66999816894531,104.72000122070312,77.39246368408203,4858400
2016-12-13,104.80999755859375,106.01000213623047,104.68000030517578,105.62999725341797,78.06501007080078,4508600
2016-12-14,105.87999725341797,106.52999877929688,104.20999908447266,104.47000122070312,77.20769500732422,5007500
2016-12-15,104.2300033569336,105.56999969482422,104.2300033569336,105.30000305175781,77.82110595703125,4179400
2016-12-16,105.55000305175781,105.91999816894531,105.12999725341797,105.87000274658203,78.24238586425781,7499300
2016-12-19,105.45999908447266,105.87000274658203,105.12999725341797,105.41000366210938,77.90239715576172,3683800
2016-12-20,104.88999938964844,105.04000091552734,104.37000274658203,104.9000015258789,77.5255126953125,4903400
2016-12-21,104.81999969482422,105.69000244140625,104.69000244140625,104.69999694824219,77.37767791748047,3245200
2016-12-22,104.55000305175781,105.44999694824219,104.25,105.3499984741211,77.8580551147461,2605000
2016-12-23,104.97000122070312,105.25,104.62999725341797,105.08999633789062,77.66590881347656,1769300
2016-12-27,105.08999633789062,105.31999969482422,104.98999786376953,105.12999725341797,77.69548034667969,1505000
2016-12-28,104.87000274658203,105.0999984741211,104.5199966430664,104.62000274658203,77.31857299804688,1878600
2016-12-29,104.5,105.0999984741211,104.4800033569336,104.98999786376953,77.59201049804688,2438100
2016-12-30,104.70999908447266,105.1500015258789,104.33000183105469,104.62999725341797,77.32594299316406,3484000
2017-01-03,104.94000244140625,105.08999633789062,104.20999908447266,104.6500015258789,77.34073638916016,3741200
2017-01-04,105.11000061035156,105.62999725341797,104.79000091552734,104.8499984741211,77.48854064941406,3029700
2017-01-05,104.5199966430664,105.12000274658203,104.19000244140625,104.70999908447266,77.38509368896484,5087200
2017-01-06,104.9800033569336,105.16000366210938,104.12000274658203,104.55999755859375,77.27422332763672,4109700
2017-01-09,104.16000366210938,104.26000213623047,103.25,103.45999908447266,76.4612808227539,5603500
2017-01-10,103.31999969482422,103.31999969482422,101.75,101.97000122070312,75.36012268066406,5399200
2017-01-11,101.83999633789062,102.36000061035156,101.41000366210938,101.80999755859375,75.24185180664062,4650300
2017-01-12,101.70999908447266,102.5199966430664,101.58000183105469,101.83999633789062,75.26403045654297,3126000
2017-01-13,101.87999725341797,102.11000061035156,101.22000122070312,101.55000305175781,75.04969787597656,3478600
2017-01-17,101.06999969482422,102.31999969482422,101.05999755859375,102.19000244140625,75.52271270751953,3745800
2017-01-18,102.4000015258789,103.0,102.31999969482422,102.73999786376953,75.92914581298828,4340400
2017-01-19,102.27999877929688,103.0,102.16999816894531,102.36000061035156,75.64834594726562,3923100
2017-01-20,102.79000091552734,103.31999969482422,102.44000244140625,103.23999786376953,76.29869079589844,4750800
2017-01-23,102.9000015258789,104.22000122070312,102.83000183105469,104.01000213623047,76.86775970458984,4584800
2017-01-24,104.0,104.93000030517578,103.77999877929688,104.70999908447266,77.38509368896484,4992300
2017-01-25,104.70999908447266,105.19000244140625,104.54000091552734,104.61000061035156,77.31117248535156,3566100
2017-01-26,104.51000213623047,104.7300033569336,104.06999969482422,104.13999938964844,76.96381378173828,3634600
2017-01-27,104.37999725341797,104.41000366210938,103.43000030517578,103.4800033569336,76.47606658935547,4248200
2017-01-30,103.01000213623047,103.72000122070312,103.0,103.69000244140625,76.63124084472656,3462600
2017-01-31,103.20999908447266,104.16999816894531,103.20999908447266,103.77999877929688,76.69776916503906,3846600
2017-02-01,103.61000061035156,103.77999877929688,102.9800033569336,103.01000213623047,76.12872314453125,3515600
2017-02-02,103.76000213623047,104.38999938964844,103.29000091552734,104.02999877929688,76.88250732421875,3213700
2017-02-03,104.44000244140625,105.7699966430664,104.05999755859375,105.11000061035156,77.68069458007812,4287100
2017-02-06,105.0999984741211,105.23999786376953,104.52999877929688,104.56999969482422,77.28160858154297,4355200
2017-02-07,104.62999725341797,105.9000015258789,104.62999725341797,105.61000061035156,78.05022430419922,3980400
2017-02-08,105.5,106.2300033569336,105.25,105.69000244140625,78.10933685302734,3407100
2017-02-09,105.69000244140625,106.48999786376953,105.0199966430664,105.97000122070312,78.3162612915039,4012400
2017-02-10,105.83000183105469,106.3499984741211,105.58999633789062,106.0999984741211,78.41234588623047,2475500
2017-02-13,106.5,106.69000244140625,105.87999725341797,106.5199966430664,78.72273254394531,3463700
2017-02-14,106.16999816894531,107.0,105.66999816894531,106.91999816894531,79.01836395263672,5665000
2017-02-15,105.3499984741211,107.25,104.7699966430664,106.7300033569336,78.8779525756836,7617200
2017-02-16,107.1500015258789,108.18000030517578,106.31999969482422,108.12000274658203,79.90521240234375,5559900
2017-02-17,107.29000091552734,108.30000305175781,107.20999908447266,108.1500015258789,79.92738342285156,5498400
2017-02-21,108.06999969482422,109.5,107.94999694824219,109.36000061035156,80.8216323852539,5370700
2017-02-22,109.37000274658203,109.77999877929688,109.16999816894531,109.41000366210938,80.85855865478516,3815300
2017-02-23,109.12000274658203,110.0,109.12000274658203,109.54000091552734,80.95463562011719,3382700
2017-02-24,109.5,109.91999816894531,109.33000183105469,109.83000183105469,81.1689682006836,3991800
2017-02-27,109.69000244140625,109.87999725341797,109.2300033569336,109.2699966430664,80.75511169433594,3475100
2017-02-28,109.05000305175781,110.5999984741211,109.05000305175781,110.37999725341797,81.57545471191406,4684700
2017-03-01,109.5999984741211,110.31999969482422,109.16999816894531,109.7300033569336,81.6520767211914,4750700
2017-03-02,109.80999755859375,110.31999969482422,109.43000030517578,110.11000061035156,81.93487548828125,3880800
2017-03-03,110.0999984741211,110.66999816894531,109.6500015258789,110.55999755859375,82.26971435546875,4111300
2017-03-06,109.80000305175781,110.19000244140625,109.43000030517578,109.62999725341797,81.57768249511719,4491000
2017-03-07,109.16000366210938,109.7699966430664,109.0,109.31999969482422,81.3470230102539,4361100
2017-03-08,109.16999816894531,109.33000183105469,108.47000122070312,109.30000305175781,81.33209991455078,5244500
2017-03-09,109.5999984741211,109.61000061035156,108.91000366210938,109.0199966430664,81.12376403808594,4066900
2017-03-10,109.58000183105469,109.70999908447266,109.27999877929688,109.58999633789062,81.54790496826172,3488900
2017-03-13,109.31999969482422,109.80000305175781,109.02999877929688,109.41000366210938,81.41395568847656,3131200
2017-03-14,109.27999877929688,109.7300033569336,109.12000274658203,109.33999633789062,81.36187744140625,3630000
2017-03-15,109.55999755859375,111.2300033569336,109.5,111.11000061035156,82.6789779663086,4973400
2017-03-16,111.08999633789062,111.19999694824219,110.52999877929688,111.13999938964844,82.70127868652344,4580700
2017-03-17,111.4800033569336,111.5199966430664,110.93000030517578,111.38999938964844,82.8873291015625,6444400
2017-03-20,111.1500015258789,111.44000244140625,110.80999755859375,111.1500015258789,82.70872497558594,3382100
2017-03-21,111.54000091552734,112.30999755859375,111.47000122070312,111.7699966430664,83.17010498046875,5587700
2017-03-22,112.30999755859375,112.37999725341797,111.56999969482422,112.0199966430664,83.35612487792969,3882200
2017-03-23,111.94999694824219,112.33000183105469,111.66999816894531,111.77999877929688,83.17752838134766,3208400
2017-03-24,111.9800033569336,112.25,111.79000091552734,112.12000274658203,83.4305419921875,3913200
2017-03-27,111.87000274658203,112.29000091552734,111.56999969482422,111.83000183105469,83.2147216796875,3514600
2017-03-28,111.80999755859375,112.76000213623047,111.63999938964844,112.44999694824219,83.67610168457031,3945400
2017-03-29,112.05999755859375,112.54000091552734,111.97000122070312,112.43000030517578,83.66119384765625,2683700
2017-03-30,112.29000091552734,112.55000305175781,112.0,112.18000030517578,83.47517395019531,2104900
2017-03-31,112.30999755859375,112.47000122070312,111.83000183105469,111.86000061035156,83.23705291748047,3744400
2017-04-03,111.94999694824219,112.36000061035156,111.45999908447266,111.86000061035156,83.23705291748047,3587100
2017-04-04,111.98999786376953,112.22000122070312,111.62999725341797,112.08000183105469,83.4007797241211,2360700
2017-04-05,112.04000091552734,112.58999633789062,111.69000244140625,111.94000244140625,83.29660034179688,2992000
2017-04-06,112.12000274658203,112.27999877929688,111.41999816894531,111.58000183105469,83.0287094116211,2740600
2017-04-07,111.69999694824219,111.95999908447266,111.44000244140625,111.61000061035156,83.051025390625,2799600
2017-04-10,111.69999694824219,112.1500015258789,111.41000366210938,112.0199966430664,83.35612487792969,2873200
2017-04-11,111.70999908447266,112.08000183105469,111.3499984741211,111.7300033569336,83.14033508300781,3031500
2017-04-12,112.05000305175781,113.7699966430664,111.9000015258789,113.61000061035156,84.53926086425781,6260300
2017-04-13,113.25,113.37999725341797,112.6500015258789,112.68000030517578,83.84724426269531,3257300
2017-04-17,112.73999786376953,113.31999969482422,112.68000030517578,113.31999969482422,84.3234634399414,2917700
2017-04-18,113.44000244140625,114.61000061035156,113.4000015258789,114.27999877929688,85.0378189086914,4574200
2017-04-19,114.41999816894531,114.48999786376953,113.4800033569336,113.62000274658203,84.54669952392578,3044700
2017-04-20,113.5199966430664,113.97000122070312,113.38999938964844,113.58999633789062,84.52437591552734,2973000
2017-04-21,113.55000305175781,113.80000305175781,113.2699966430664,113.43000030517578,84.40532684326172,3885300
2017-04-24,114.36000061035156,114.4800033569336,113.91000366210938,114.31999969482422,85.06761932373047,3221500
2017-04-25,114.20999908447266,114.56999969482422,114.0,114.16000366210938,84.94853973388672,3643600
2017-04-26,111.75,113.76000213623047,111.33999633789062,113.33000183105469,84.33089447021484,5343900
2017-04-27,113.0999984741211,113.44000244140625,112.51000213623047,112.63999938964844,83.81747436523438,4096200
2017-04-28,112.33999633789062,113.43000030517578,112.19000244140625,113.27999877929688,84.29371643066406,4872000
2017-05-01,112.93000030517578,113.11000061035156,112.2699966430664,112.27999877929688,83.54957580566406,4074300
2017-05-02,112.75,112.88999938964844,112.06999969482422,112.29000091552734,83.55703735351562,3082400
2017-05-03,112.38999938964844,112.70999908447266,111.69999694824219,111.79000091552734,83.18497467041016,3342600
2017-05-04,112.16999816894531,113.0,111.80999755859375,112.95999908447266,84.05558013916016,3488800
2017-05-05,113.04000091552734,113.27999877929688,112.73999786376953,113.22000122070312,84.24906921386719,3046100
2017-05-08,113.19999694824219,113.43000030517578,112.77999877929688,113.22000122070312,84.24906921386719,3097200
2017-05-09,113.23999786376953,113.41000366210938,112.55000305175781,112.72000122070312,83.87700653076172,2708200
2017-05-10,112.69999694824219,112.87000274658203,112.4800033569336,112.83999633789062,83.96630096435547,2160100
2017-05-11,112.63999938964844,113.08999633789062,112.52999877929688,113.04000091552734,84.1151351928711,2277200
2017-05-12,112.93000030517578,113.30000305175781,112.72000122070312,112.91000366210938,84.01840209960938,2383500
2017-05-15,112.9000015258789,114.0,112.7699966430664,113.94000244140625,84.78483581542969,3500300
2017-05-16,114.05999755859375,114.66000366210938,113.58999633789062,113.79000091552734,84.67318725585938,2444300
2017-05-17,113.79000091552734,114.29000091552734,113.31999969482422,113.73999786376953,84.63599395751953,2999300
2017-05-18,113.77999877929688,114.27999877929688,113.29000091552734,114.02999877929688,84.8517837524414,3439500
2017-05-19,114.16999816894531,114.5,113.45999908447266,113.69000244140625,84.59880065917969,5750100
2017-05-22,113.69000244140625,115.0,113.69000244140625,114.69999694824219,85.3503646850586,3324000
2017-05-23,114.70999908447266,115.44000244140625,114.70999908447266,115.05000305175781,85.61080932617188,3261300
2017-05-24,115.30999755859375,116.33000183105469,115.12000274658203,116.05999755859375,86.36236572265625,2816000
2017-05-25,116.36000061035156,117.68000030517578,116.1500015258789,117.52999877929688,87.45621490478516,3596200
2017-05-26,117.25,118.0,117.19999694824219,117.91000366210938,87.7389907836914,3104800
2017-05-30,117.73999786376953,118.12000274658203,117.5,118.01000213623047,87.81340026855469,3231600
2017-05-31,116.91000366210938,117.94000244140625,116.87000274658203,116.87000274658203,87.5624008178711,5232900
2017-06-01,116.80000305175781,117.26000213623047,116.05999755859375,117.2300033569336,87.83209228515625,4404900
2017-06-02,117.45999908447266,117.69999694824219,117.04000091552734,117.66999816894531,88.16175842285156,3162900
2017-06-05,117.38999938964844,117.97000122070312,117.05000305175781,117.87999725341797,88.3191146850586,2968800
2017-06-06,117.77999877929688,117.94000244140625,117.45999908447266,117.69999694824219,88.18425750732422,2643200
2017-06-07,117.16999816894531,117.56999969482422,116.81999969482422,117.05000305175781,87.697265625,3681100
2017-06-08,117.05000305175781,117.08000183105469,115.58999633789062,115.88999938964844,86.8281478881836,3956700
2017-06-09,115.66000366210938,116.12999725341797,115.36000061035156,115.94000244140625,86.8656234741211,3197700
2017-06-12,115.94000244140625,116.62000274658203,115.94000244140625,116.2300033569336,87.0828857421875,3492100
2017-06-13,115.47000122070312,116.58999633789062,115.47000122070312,116.31999969482422,87.15030670166016,2760000
2017-06-14,116.91000366210938,118.05999755859375,116.83000183105469,117.37000274658203,87.93700408935547,3597200
2017-06-15,117.0,117.4800033569336,116.51000213623047,117.20999908447266,87.81713104248047,3372700
2017-06-16,117.37000274658203,117.4000015258789,116.30000305175781,116.86000061035156,87.55492401123047,5156200
2017-06-19,117.0199966430664,117.29000091552734,116.2300033569336,117.29000091552734,87.8770523071289,2436600
2017-06-20,117.29000091552734,118.13999938964844,117.18000030517578,117.94999694824219,88.37155151367188,3703500
2017-06-21,117.77999877929688,118.23999786376953,117.23999786376953,117.41999816894531,87.97447204589844,3767100
2017-06-22,117.33000183105469,117.41000366210938,116.05000305175781,116.1500015258789,87.02294921875,3288100
2017-06-23,116.20999908447266,117.37000274658203,116.08999633789062,116.95999908447266,87.62983703613281,3453400
2017-06-26,117.41999816894531,117.83000183105469,117.05999755859375,117.12000274658203,87.74969482421875,2704000
2017-06-27,117.23999786376953,117.37999725341797,115.94000244140625,115.94000244140625,86.8656234741211,2884300
2017-06-28,116.5199966430664,116.87000274658203,116.19999694824219,116.37999725341797,87.19525909423828,3110600
2017-06-29,116.06999969482422,116.19999694824219,114.88999938964844,115.18000030517578,86.29618835449219,3474400
2017-06-30,115.52999877929688,116.11000061035156,115.30000305175781,115.48999786376953,86.52845001220703,3313300
2017-07-03,115.55000305175781,116.0,115.33999633789062,115.44000244140625,86.49100494384766,2250800
2017-07-05,115.5,115.55000305175781,114.87999725341797,115.30000305175781,86.3861312866211,4023100
2017-07-06,114.97000122070312,115.41999816894531,114.8499984741211,115.12999725341797,86.25874328613281,4007000
2017-07-07,115.41000366210938,115.66000366210938,114.83000183105469,115.51000213623047,86.54346466064453,3972500
2017-07-10,115.91999816894531,116.0,114.19999694824219,114.2699966430664,85.61438751220703,5771200
2017-07-11,113.33999633789062,113.9800033569336,112.25,113.73999786376953,85.21730041503906,6368500
2017-07-12,114.48999786376953,114.9800033569336,114.27999877929688,114.7699966430664,85.98902893066406,3885200
2017-07-13,114.94999694824219,115.04000091552734,113.91999816894531,114.0199966430664,85.42707824707031,3089400
2017-07-14,114.26000213623047,115.12000274658203,114.25,114.93000030517578,86.10887145996094,2956400
2017-07-17,114.94000244140625,115.16000366210938,114.83999633789062,114.93000030517578,86.10887145996094,2481300
2017-07-18,114.8499984741211,115.1500015258789,114.38999938964844,115.01000213623047,86.16883087158203,2694800
2017-07-19,115.01000213623047,115.3499984741211,114.62999725341797,115.33999633789062,86.41607666015625,2578200
2017-07-20,115.33999633789062,116.05999755859375,115.11000061035156,115.51000213623047,86.54346466064453,3518100
2017-07-21,115.77999877929688,116.66999816894531,115.37999725341797,116.62999725341797,87.38257598876953,3476400
2017-07-24,116.5,116.66999816894531,116.08999633789062,116.12999725341797,87.00796508789062,3681300
2017-07-25,116.62999725341797,116.77999877929688,116.13999938964844,116.44999694824219,87.2477035522461,3075100
2017-07-26,116.30000305175781,117.41999816894531,116.1500015258789,117.19000244140625,87.8021469116211,3305600
2017-07-27,117.33000183105469,118.05999755859375,116.62000274658203,117.33999633789062,87.9145278930664,2954800
2017-07-28,117.30999755859375,117.47000122070312,116.19999694824219,116.61000061035156,87.36759948730469,3276300
2017-07-31,116.52999877929688,116.86000061035156,116.18000030517578,116.61000061035156,87.36759948730469,3098600
2017-08-01,116.69000244140625,116.77999877929688,115.9000015258789,115.91999816894531,86.85064697265625,2946100
2017-08-02,115.7300033569336,115.9800033569336,115.13999938964844,115.61000061035156,86.61839294433594,2626400
2017-08-03,115.7300033569336,116.66000366210938,115.68000030517578,116.30000305175781,87.13534545898438,2986200
2017-08-04,116.31999969482422,116.48999786376953,115.87000274658203,116.37000274658203,87.18777465820312,2955200
2017-08-07,116.44999694824219,117.22000122070312,116.37999725341797,116.95999908447266,87.62983703613281,2569600
2017-08-08,116.80000305175781,116.94999694824219,116.37000274658203,116.70999908447266,87.44254302978516,2412600
2017-08-09,116.48999786376953,116.69999694824219,115.95999908447266,116.62999725341797,87.38257598876953,2513800
2017-08-10,116.3499984741211,116.83999633789062,116.08000183105469,116.37999725341797,87.19525909423828,2236000
2017-08-11,116.75,117.25,116.3499984741211,116.51000213623047,87.29267120361328,2759700
2017-08-14,117.36000061035156,118.18000030517578,117.01000213623047,117.83999633789062,88.28915405273438,3191700
2017-08-15,117.87999725341797,119.1500015258789,117.8499984741211,118.97000122070312,89.1357650756836,2749800
2017-08-16,118.95999908447266,119.36000061035156,118.81999969482422,119.0999984741211,89.23316955566406,2373900
2017-08-17,119.0,119.38999938964844,118.25,118.38999938964844,88.70121002197266,3096900
2017-08-18,118.29000091552734,118.43000030517578,117.4000015258789,117.5999984741211,88.10933685302734,3776500
2017-08-21,117.80000305175781,118.45999908447266,117.55000305175781,118.26000213623047,88.60383605957031,2119500
2017-08-22,118.25,118.69999694824219,117.6500015258789,117.91999816894531,88.3490982055664,2313700
2017-08-23,117.9000015258789,118.12000274658203,117.2300033569336,117.29000091552734,87.8770523071289,2616300
2017-08-24,117.26000213623047,117.30000305175781,116.02999877929688,116.22000122070312,87.07539367675781,4760000
2017-08-25,116.73999786376953,116.9000015258789,115.80000305175781,115.8499984741211,86.79818725585938,3442500
2017-08-28,116.12000274658203,116.29000091552734,115.08000183105469,115.54000091552734,86.56590270996094,2932700
2017-08-29,115.55000305175781,116.0999984741211,115.51000213623047,115.83999633789062,86.79069519042969,2348700
2017-08-30,115.12999725341797,115.41999816894531,114.91000366210938,115.1500015258789,86.87743377685547,2491800
2017-08-31,115.23999786376953,115.83999633789062,114.93000030517578,115.7300033569336,87.3150405883789,4709500
2017-09-01,115.37999725341797,116.08999633789062,115.1500015258789,115.83999633789062,87.3980484008789,2591900
2017-09-05,115.94999694824219,116.05999755859375,115.41000366210938,115.87000274658203,87.42068481445312,2711400
2017-09-06,116.16999816894531,116.47000122070312,115.63999938964844,116.3499984741211,87.78282165527344,2617500
2017-09-07,116.6500015258789,117.29000091552734,116.38999938964844,116.98999786376953,88.26570129394531,2623800
2017-09-08,116.4000015258789,116.4800033569336,114.56999969482422,115.04000091552734,86.79444122314453,4818300
2017-09-11,115.08000183105469,115.88999938964844,114.76000213623047,115.69000244140625,87.28485107421875,3247900
2017-09-12,115.69000244140625,115.94999694824219,114.86000061035156,115.0,86.76429748535156,2998500
2017-09-13,114.87000274658203,115.16999816894531,114.0,114.44999694824219,86.34931945800781,5141500
2017-09-14,114.44000244140625,114.55000305175781,113.69999694824219,114.19000244140625,86.15316772460938,3456900
2017-09-15,114.73999786376953,114.9800033569336,114.11000061035156,114.8499984741211,86.65109252929688,5543000
2017-09-18,115.16999816894531,115.2300033569336,114.68000030517578,114.98999786376953,86.75675964355469,2441200
2017-09-19,115.05999755859375,115.12000274658203,114.36000061035156,114.48999786376953,86.37950134277344,2568300
2017-09-20,114.33999633789062,114.6500015258789,112.73999786376953,113.58000183105469,85.69291687011719,4059800
2017-09-21,113.20999908447266,113.81999969482422,112.54000091552734,112.80000305175781,85.10445404052734,3630900
2017-09-22,112.55999755859375,112.87000274658203,111.80999755859375,111.8499984741211,84.38770294189453,3746300
2017-09-25,112.04000091552734,112.13999938964844,111.41999816894531,111.94000244140625,84.45562744140625,3885000
2017-09-26,112.2300033569336,112.30000305175781,111.7300033569336,111.80999755859375,84.35750579833984,2953800
2017-09-27,111.72000122070312,111.87999725341797,110.33999633789062,111.0999984741211,83.82184600830078,4016200
2017-09-28,111.37000274658203,112.7300033569336,111.19000244140625,111.63999938964844,84.2292251586914,11581100
2017-09-29,111.87000274658203,112.02999877929688,111.20999908447266,111.43000030517578,84.07083129882812,5122300
2017-10-02,109.91000366210938,110.5199966430664,108.95999908447266,109.12000274658203,82.32799530029297,8306400
2017-10-03,109.41999816894531,109.6500015258789,108.88999938964844,109.12999725341797,82.33554077148438,6064400
2017-10-04,106.94000244140625,110.16000366210938,106.19000244140625,109.33999633789062,82.49397277832031,9092400
2017-10-05,109.66000366210938,110.98999786376953,109.55000305175781,110.44999694824219,83.3314208984375,5670400
2017-10-06,110.16999816894531,110.66999816894531,109.91999816894531,110.4000015258789,83.29373168945312,3240300
2017-10-09,110.58999633789062,110.93000030517578,109.79000091552734,110.01000213623047,82.99948120117188,1977800
2017-10-10,110.27999877929688,110.86000061035156,110.27999877929688,110.77999877929688,83.58041381835938,3032300
2017-10-11,110.9000015258789,111.80999755859375,110.7699966430664,111.51000213623047,84.13116455078125,4051100
2017-10-12,111.51000213623047,112.51000213623047,111.37999725341797,112.44999694824219,84.84037780761719,3287200
2017-10-13,112.7300033569336,112.9800033569336,112.18000030517578,112.62000274658203,84.9686508178711,3090500
2017-10-16,112.93000030517578,113.62999725341797,112.69000244140625,113.56999969482422,85.68537902832031,2675900
2017-10-17,113.22000122070312,113.55999755859375,111.66000366210938,112.19000244140625,84.64422607421875,3825200
2017-10-18,111.94999694824219,112.44000244140625,111.77999877929688,111.94999694824219,84.463134765625,2590500
2017-10-19,111.62000274658203,112.79000091552734,111.5999984741211,112.66999816894531,85.0063705444336,2673700
2017-10-20,113.01000213623047,113.0199966430664,111.37999725341797,111.61000061035156,84.2066421508789,3772300
2017-10-23,111.63999938964844,112.44999694824219,111.4000015258789,111.69000244140625,84.2669906616211,2263200
2017-10-24,111.83999633789062,111.87000274658203,110.27999877929688,110.75,83.55777740478516,3351100
2017-10-25,110.43000030517578,110.52999877929688,109.18000030517578,110.06999969482422,83.04473876953125,3836900
2017-10-26,110.66999816894531,111.23999786376953,110.41000366210938,110.7300033569336,83.54268646240234,2865000
2017-10-27,110.41000366210938,110.8499984741211,109.93000030517578,110.5999984741211,83.44458770751953,3343200
2017-10-30,110.36000061035156,110.37000274658203,109.36000061035156,109.6500015258789,82.7278823852539,2206100
2017-10-31,110.23999786376953,110.7699966430664,109.94999694824219,110.2300033569336,83.16544342041016,4379400
2017-11-01,109.76000213623047,110.68000030517578,109.61000061035156,110.12999725341797,83.09001159667969,2822400
2017-11-02,109.91000366210938,110.18000030517578,109.54000091552734,110.05000305175781,83.0296630859375,2169800
2017-11-03,110.13999938964844,110.6500015258789,110.0,110.22000122070312,83.15790557861328,1725700
2017-11-06,109.97000122070312,110.0,109.19000244140625,109.26000213623047,82.4336166381836,3331800
2017-11-07,109.1500015258789,110.58000183105469,109.1500015258789,110.47000122070312,83.34651947021484,3882000
2017-11-08,110.56999969482422,112.04000091552734,110.5,112.0,84.50088500976562,3685300
2017-11-09,111.3499984741211,112.44000244140625,111.0199966430664,111.4800033569336,84.10855102539062,2856900
2017-11-10,111.44000244140625,112.9800033569336,111.30999755859375,112.75,85.06672668457031,3699500
2017-11-13,112.69000244140625,114.19000244140625,112.63999938964844,114.04000091552734,86.03997802734375,3194500
2017-11-14,113.69000244140625,116.19000244140625,113.58999633789062,115.76000213623047,87.33768463134766,4998900
2017-11-15,115.6500015258789,115.93000030517578,114.30999755859375,115.0999984741211,86.8397445678711,3861500
2017-11-16,115.38999938964844,115.83999633789062,114.94000244140625,115.2300033569336,86.93782043457031,3058100
2017-11-17,114.7300033569336,115.13999938964844,114.52999877929688,114.68000030517578,86.52286529541016,2646400
2017-11-20,114.75,115.8499984741211,114.70999908447266,114.91000366210938,86.69636535644531,3594300
2017-11-21,114.98999786376953,116.33000183105469,114.97000122070312,116.05000305175781,87.55648040771484,3179300
2017-11-22,115.7699966430664,116.0,114.27999877929688,115.08000183105469,86.82464599609375,3598500
2017-11-24,115.6500015258789,116.30000305175781,115.43000030517578,115.9000015258789,87.44332122802734,1183000
2017-11-27,116.0,116.4000015258789,115.66000366210938,115.8499984741211,87.40560150146484,2818900
2017-11-28,116.26000213623047,116.83000183105469,115.30000305175781,116.7699966430664,88.09969329833984,3600400
2017-11-29,116.83999633789062,117.37999725341797,116.29000091552734,116.83999633789062,88.15251159667969,3276300
2017-11-30,116.5199966430664,117.20999908447266,116.08000183105469,116.5199966430664,88.52095794677734,5984000
2017-12-01,116.5,116.8499984741211,115.04000091552734,116.77999877929688,88.71849060058594,4956600
2017-12-04,117.0,118.19999694824219,116.62000274658203,117.45999908447266,89.23507690429688,4403000
2017-12-05,117.62999725341797,117.94000244140625,117.18000030517578,117.58999633789062,89.33386993408203,3198600
2017-12-06,117.83000183105469,118.91000366210938,117.63999938964844,118.9000015258789,90.32906341552734,3203500
2017-12-07,118.5199966430664,118.63999938964844,116.55000305175781,116.7300033569336,88.6805191040039,5409500
2017-12-08,116.5199966430664,116.5999984741211,115.9000015258789,116.56999969482422,88.55895233154297,3127500
2017-12-11,116.33000183105469,117.44000244140625,115.55999755859375,117.38999938964844,89.18192291259766,2429400
2017-12-12,118.22000122070312,118.37000274658203,117.12000274658203,117.4000015258789,89.18950653076172,2664600
2017-12-13,117.51000213623047,118.20999908447266,117.4800033569336,117.80000305175781,89.4933853149414,3193900
2017-12-14,117.94000244140625,118.5999984741211,117.7300033569336,118.0199966430664,89.66051483154297,4057800
2017-12-15,118.56999969482422,119.36000061035156,118.44999694824219,119.22000122070312,90.57215881347656,7173500
2017-12-18,119.30000305175781,119.73999786376953,118.0,118.05000305175781,89.68331146240234,3472700
2017-12-19,118.75,119.38999938964844,118.2300033569336,118.61000061035156,90.1087646484375,3942500
2017-12-20,118.66000366210938,119.12000274658203,117.55999755859375,119.0199966430664,90.42024230957031,4273400
2017-12-21,119.44999694824219,119.56999969482422,117.83999633789062,118.26000213623047,89.84285736083984,2790000
2017-12-22,118.5999984741211,118.75,118.16999816894531,118.5999984741211,90.10115814208984,2045600
2017-12-26,118.41000366210938,119.23999786376953,118.41000366210938,118.88999938964844,90.32147216796875,2156300
2017-12-27,118.87000274658203,119.4000015258789,118.80000305175781,119.30000305175781,90.6329574584961,2465100
2017-12-28,119.33000183105469,119.52999877929688,119.05000305175781,119.3499984741211,90.67092895507812,1999300
2017-12-29,119.45999908447266,120.56999969482422,119.41999816894531,119.91999816894531,91.10396575927734,3116400
2018-01-02,119.93000030517578,120.18000030517578,117.93000030517578,118.05999755859375,89.69092559814453,4165800
2018-01-03,117.91000366210938,118.47000122070312,117.63999938964844,117.75,89.45540618896484,4224000
2018-01-04,117.80000305175781,119.11000061035156,117.5999984741211,118.33000183105469,89.8960189819336,3147000
2018-01-05,118.41000366210938,119.08999633789062,118.25,118.66999816894531,90.15435791015625,2714200
2018-01-08,118.20999908447266,118.73999786376953,117.66999816894531,117.98999786376953,89.63775634765625,5730400
2018-01-09,118.26000213623047,118.9800033569336,117.94999694824219,118.08000183105469,89.70611572265625,4573600
2018-01-10,118.12999725341797,118.36000061035156,116.69999694824219,117.4800033569336,89.25027465820312,3363900
2018-01-11,117.63999938964844,117.8499984741211,116.37999725341797,116.87999725341797,88.79446411132812,3685200
2018-01-12,116.94999694824219,118.01000213623047,116.8499984741211,117.37999725341797,89.17432403564453,4335500
2018-01-16,117.19999694824219,118.3499984741211,117.02999877929688,117.86000061035156,89.53899383544922,4936500
2018-01-17,118.29000091552734,120.16999816894531,118.20999908447266,119.18000030517578,90.54178619384766,4554600
2018-01-18,119.08999633789062,119.62000274658203,118.6500015258789,119.05000305175781,90.44303131103516,6221800
2018-01-19,119.4800033569336,120.68000030517578,118.63999938964844,120.16999816894531,91.29387664794922,6002600
2018-01-22,120.0999984741211,121.8499984741211,120.0,121.51000213623047,92.31190490722656,4308600
2018-01-23,121.06999969482422,122.51000213623047,120.8499984741211,121.30000305175781,92.1523666381836,3536900
2018-01-24,121.23999786376953,121.4800033569336,120.81999969482422,121.13999938964844,92.03082275390625,3445200
2018-01-25,120.61000061035156,121.44999694824219,120.36000061035156,120.9000015258789,91.84845733642578,2712900
2018-01-26,120.61000061035156,121.83999633789062,120.61000061035156,121.76000213623047,92.50182342529297,3993900
2018-01-29,121.37999725341797,122.16000366210938,119.6500015258789,119.66999816894531,90.9140396118164,3854700
2018-01-30,119.68000030517578,121.19999694824219,119.5,119.88999938964844,91.0811767578125,4945200
2018-01-31,119.83999633789062,120.75,119.51000213623047,120.30000305175781,91.39265441894531,4018100
2018-02-01,119.91999816894531,121.01000213623047,119.27999877929688,120.30000305175781,91.39265441894531,3485600
2018-02-02,119.91000366210938,120.27999877929688,118.4000015258789,118.66999816894531,90.15435791015625,3348900
2018-02-05,118.56999969482422,119.66000366210938,114.41000366210938,114.45999908447266,86.95597076416016,5347600
2018-02-06,112.44000244140625,113.94999694824219,110.1500015258789,113.55999755859375,86.2722396850586,6642600
2018-02-07,113.97000122070312,115.7699966430664,112.75,113.5,86.22663879394531,4931400
2018-02-08,113.69999694824219,113.72000122070312,110.08999633789062,110.1500015258789,83.68165588378906,4907900
2018-02-09,110.80999755859375,111.98999786376953,108.87999725341797,111.18000030517578,84.4641342163086,5301700
2018-02-12,111.9000015258789,112.75,111.05999755859375,111.93000030517578,85.0339126586914,4759200
2018-02-13,112.0,112.66999816894531,110.68000030517578,112.13999938964844,85.19347381591797,5274700
2018-02-14,111.66999816894531,111.9000015258789,108.76000213623047,109.11000061035156,82.89154815673828,7702700
2018-02-15,109.52999877929688,111.04000091552734,108.72000122070312,110.97000122070312,84.30458068847656,5125200
2018-02-16,111.05999755859375,111.69999694824219,109.76000213623047,111.05999755859375,84.37298583984375,5578500
2018-02-20,110.95999908447266,110.9800033569336,109.33999633789062,109.4800033569336,83.17263793945312,3835500
2018-02-21,109.3499984741211,109.83999633789062,107.94000244140625,108.0,82.04824829101562,4501900
2018-02-22,108.33000183105469,109.97000122070312,108.0199966430664,109.26000213623047,83.0054931640625,5394700
2018-02-23,109.36000061035156,110.05000305175781,108.56999969482422,109.68000030517578,83.32455444335938,4760400
2018-02-26,110.12000274658203,111.16999816894531,110.02999877929688,110.94000244140625,84.28180694580078,5355400
2018-02-27,111.19000244140625,112.08000183105469,110.70999908447266,110.88999938964844,84.24382781982422,6385800
2018-02-28,111.0,111.6500015258789,109.68000030517578,109.7300033569336,83.36256408691406,4638900
2018-03-01,109.20999908447266,109.87999725341797,107.23999786376953,108.12000274658203,82.74649810791016,6896300
2018-03-02,107.91000366210938,109.31999969482422,107.9000015258789,109.04000091552734,83.4505615234375,4903600
2018-03-05,108.45999908447266,109.5999984741211,108.0199966430664,109.43000030517578,83.74905395507812,3781700
2018-03-06,109.36000061035156,109.62000274658203,108.44000244140625,109.58000183105469,83.86386108398438,3380800
2018-03-07,108.88999938964844,110.05999755859375,108.61000061035156,109.83999633789062,84.06285095214844,4612600
2018-03-08,110.02999877929688,112.12999725341797,109.58000183105469,112.08000183105469,85.77715301513672,5437700
2018-03-09,112.2699966430664,112.56999969482422,111.63999938964844,112.54000091552734,86.12921142578125,3680600
2018-03-12,112.5,113.08999633789062,112.08000183105469,112.75,86.28990173339844,4509600
2018-03-13,113.2699966430664,113.9000015258789,112.72000122070312,113.5999984741211,86.94043731689453,4590000
2018-03-14,113.56999969482422,113.7699966430664,112.2300033569336,112.61000061035156,86.18276977539062,4055700
2018-03-15,112.4000015258789,113.25,111.66000366210938,111.98999786376953,85.70826721191406,3906800
2018-03-16,112.33000183105469,113.19999694824219,111.58000183105469,111.63999938964844,85.4404067993164,7730800
2018-03-19,111.6500015258789,111.98999786376953,110.05000305175781,110.36000061035156,84.4607925415039,4216700
2018-03-20,110.75,111.30000305175781,109.83000183105469,109.9000015258789,84.10875701904297,3319000
2018-03-21,109.88999938964844,110.08000183105469,108.52999877929688,108.73999786376953,83.2209701538086,3867600
2018-03-22,108.44999694824219,109.66999816894531,107.80000305175781,107.94000244140625,82.60871124267578,4325500
2018-03-23,108.08999633789062,108.73999786376953,105.94000244140625,106.1500015258789,81.23880767822266,4873300
2018-03-26,106.68000030517578,107.47000122070312,106.08999633789062,106.80999755859375,81.74390411376953,4119400
2018-03-27,107.2300033569336,108.54000091552734,106.51000213623047,107.63999938964844,82.3791275024414,5036300
2018-03-28,108.13999938964844,110.11000061035156,108.0,109.18000030517578,83.55772399902344,6413000
2018-03-29,110.12000274658203,110.66000366210938,108.97000122070312,109.1500015258789,83.5347671508789,3829500
2018-04-02,108.62000274658203,109.22000122070312,106.44000244140625,107.05000305175781,81.9276123046875,4325500
2018-04-03,107.38999938964844,108.52999877929688,106.58999633789062,108.19000244140625,82.80006408691406,4699000
2018-04-04,107.77999877929688,110.7300033569336,107.23999786376953,110.18000030517578,84.32304382324219,4694200
2018-04-05,110.43000030517578,111.18000030517578,109.75,110.56999969482422,84.62152099609375,3275700
2018-04-06,110.05999755859375,110.9800033569336,108.7699966430664,109.30000305175781,83.6495590209961,3579100
2018-04-09,109.54000091552734,110.44999694824219,108.77999877929688,109.37999725341797,83.7107925415039,2620000
2018-04-10,109.73999786376953,110.19999694824219,108.91999816894531,109.4000015258789,83.72610473632812,2817000
2018-04-11,108.56999969482422,109.47000122070312,108.41999816894531,108.68000030517578,83.17506408691406,4000200
2018-04-12,108.95999908447266,109.51000213623047,108.2699966430664,108.30999755859375,82.89188385009766,2691700
2018-04-13,108.8499984741211,109.45999908447266,108.5199966430664,109.26000213623047,83.61897277832031,2828300
2018-04-16,109.75,110.63999938964844,109.5199966430664,109.91999816894531,84.12406158447266,2769800
2018-04-17,108.69000244140625,109.08000183105469,107.9800033569336,108.87000274658203,83.32047271728516,5022000
2018-04-18,108.97000122070312,109.36000061035156,106.45999908447266,106.9800033569336,81.87403106689453,6525500
2018-04-19,106.70999908447266,106.94000244140625,105.08000183105469,105.56999969482422,80.79490661621094,6320200
2018-04-20,105.44999694824219,105.5999984741211,102.2699966430664,102.4800033569336,78.43009185791016,8650000
2018-04-23,102.55000305175781,102.80000305175781,101.83999633789062,102.58000183105469,78.50660705566406,6670600
2018-04-24,102.62000274658203,102.8499984741211,100.97000122070312,101.44000244140625,77.63414001464844,5695500
2018-04-25,101.20999908447266,102.36000061035156,100.8499984741211,101.1500015258789,77.41218566894531,4828300
2018-04-26,102.25,104.08000183105469,101.1500015258789,103.26000213623047,79.02700805664062,5978800
2018-04-27,102.22000122070312,102.98999786376953,101.6500015258789,101.70999908447266,77.84077453613281,4765900
2018-04-30,101.8499984741211,102.38999938964844,100.58000183105469,100.94000244140625,77.25150299072266,5479900
2018-05-01,100.36000061035156,100.93000030517578,98.56999969482422,99.12999725341797,75.86625671386719,4543900
2018-05-02,99.16000366210938,99.36000061035156,97.02999877929688,97.2300033569336,74.4121322631836,5927700
2018-05-03,97.4800033569336,98.08999633789062,96.69999694824219,97.5999984741211,74.6952896118164,6668200
2018-05-04,97.55000305175781,99.7699966430664,97.5,98.98999786376953,75.75909423828125,5937000
2018-05-07,98.9800033569336,99.30999755859375,98.06999969482422,98.2300033569336,75.17745208740234,3475400
2018-05-08,97.91000366210938,97.98999786376953,96.43000030517578,96.79000091552734,74.07538604736328,5333700
2018-05-09,97.19000244140625,97.5199966430664,95.94000244140625,96.16000366210938,73.59325408935547,6201500
2018-05-10,96.43000030517578,97.73999786376953,96.4000015258789,97.2699966430664,74.44275665283203,3100600
2018-05-11,97.58000183105469,98.26000213623047,96.87999725341797,97.43000030517578,74.5652084350586,3507300
2018-05-14,97.69000244140625,97.7300033569336,96.7300033569336,97.1500015258789,74.35092163085938,4307900
2018-05-15,96.61000061035156,97.23999786376953,96.36000061035156,96.80000305175781,74.08307647705078,6555700
2018-05-16,96.63999938964844,97.55000305175781,96.55000305175781,97.19000244140625,74.38151550292969,5544700
2018-05-17,97.55000305175781,97.98999786376953,97.1500015258789,97.91999816894531,74.94020080566406,6531100
2018-05-18,98.30999755859375,98.44999694824219,97.31999969482422,97.51000213623047,74.62643432617188,6894000
2018-05-21,98.22000122070312,99.9800033569336,98.05999755859375,99.51000213623047,76.15706634521484,6678100
2018-05-22,99.77999877929688,100.45999908447266,99.43000030517578,99.93000030517578,76.47850036621094,6807600
2018-05-23,99.93000030517578,100.5999984741211,99.61000061035156,100.44999694824219,76.87645721435547,6249900
2018-05-24,100.30999755859375,100.58000183105469,99.76000213623047,100.18000030517578,76.66983795166016,4696700
2018-05-25,100.18000030517578,101.11000061035156,99.9000015258789,100.30999755859375,76.76931762695312,5324300
2018-05-29,100.0,101.29000091552734,100.0,101.0999984741211,77.3739242553711,8302600
2018-05-30,101.66000366210938,102.23999786376953,101.08999633789062,101.83000183105469,77.9326171875,6256600
2018-05-31,101.1500015258789,101.30000305175781,99.66000366210938,100.25,77.42903900146484,8270100
2018-06-01,100.54000091552734,100.93000030517578,99.6500015258789,100.25,77.42903900146484,4414200
2018-06-04,100.7699966430664,101.08999633789062,100.02999877929688,100.12000274658203,77.32861328125,3932000
2018-06-05,100.45999908447266,100.95999908447266,99.87999725341797,100.20999908447266,77.39813232421875,4851900
2018-06-06,100.4000015258789,100.86000061035156,99.81999969482422,100.83000183105469,77.87700653076172,3946700
2018-06-07,100.51000213623047,101.51000213623047,100.33000183105469,101.16000366210938,78.13187408447266,5052900
2018-06-08,101.18000030517578,102.61000061035156,101.18000030517578,102.48999786376953,79.15911102294922,4795500
2018-06-11,102.61000061035156,103.41000366210938,102.2699966430664,103.20999908447266,79.71521759033203,3984500
2018-06-12,103.2300033569336,104.55000305175781,102.81999969482422,104.4800033569336,80.69609832763672,5075900
2018-06-13,104.16000366210938,105.5999984741211,104.16000366210938,105.2699966430664,81.30626678466797,7553500
2018-06-14,105.26000213623047,105.36000061035156,104.43000030517578,105.12999725341797,81.1981430053711,4812600
2018-06-15,105.0999984741211,107.75,104.81999969482422,107.61000061035156,83.11359405517578,10573000
2018-06-18,107.01000213623047,107.20999908447266,104.83000183105469,105.37999725341797,81.3912353515625,5964400
2018-06-19,105.48999786376953,106.68000030517578,105.22000122070312,105.95999908447266,81.83921813964844,5504400
2018-06-20,105.7300033569336,106.11000061035156,105.36000061035156,105.80999755859375,81.72334289550781,4601400
2018-06-21,106.56999969482422,107.43000030517578,106.30000305175781,107.23999786376953,82.82782745361328,6550700
2018-06-22,107.23999786376953,108.66999816894531,107.13999938964844,108.37000274658203,83.70057678222656,5709400
2018-06-25,107.70999908447266,109.58999633789062,107.70999908447266,108.98999786376953,84.17945861816406,5183000
2018-06-26,109.05000305175781,109.16999816894531,107.47000122070312,108.05000305175781,83.4534683227539,5034100
2018-06-27,108.37000274658203,108.95999908447266,107.62000274658203,108.2699966430664,83.62337493896484,6229200
2018-06-28,108.41999816894531,109.30000305175781,108.30000305175781,108.68000030517578,83.94002532958984,4297400
2018-06-29,108.72000122070312,109.5,107.80000305175781,108.87000274658203,84.08678436279297,4721400
2018-07-02,108.69999694824219,110.0,108.30999755859375,109.52999877929688,84.59651947021484,4711900
2018-07-03,108.58000183105469,109.56999969482422,108.05999755859375,108.80000305175781,84.03272247314453,3769100
2018-07-05,108.91000366210938,109.62000274658203,108.0,109.55000305175781,84.61197662353516,4870400
2018-07-06,109.48999786376953,110.0199966430664,108.97000122070312,109.55999755859375,84.61968231201172,4387300
2018-07-09,109.12999725341797,109.30000305175781,107.5199966430664,107.76000213623047,83.22943878173828,7866400
2018-07-10,110.62000274658203,113.0,109.68000030517578,112.88999938964844,87.191650390625,16107200
2018-07-11,112.63999938964844,112.94000244140625,112.0999984741211,112.54000091552734,86.92134857177734,5521400
2018-07-12,112.54000091552734,112.70999908447266,110.97000122070312,111.52999877929688,86.1412582397461,5500100
2018-07-13,111.68000030517578,112.79000091552734,111.62000274658203,112.69000244140625,87.03718566894531,4417100
2018-07-16,112.55999755859375,113.12000274658203,111.75,112.95999908447266,87.24573516845703,5413600
2018-07-17,113.47000122070312,115.02999877929688,113.47000122070312,114.87999725341797,88.72865295410156,6783800
2018-07-18,114.91999816894531,115.0,113.88999938964844,114.83000183105469,88.69002532958984,5379000
2018-07-19,114.7699966430664,116.58999633789062,114.75,115.7699966430664,89.41605377197266,9241300
2018-07-20,115.75,116.79000091552734,115.22000122070312,116.01000213623047,89.60142517089844,27559700
2018-07-23,115.5199966430664,115.9800033569336,113.58000183105469,114.38999938964844,88.35021209716797,7769300
2018-07-24,114.13999938964844,114.91999816894531,113.8499984741211,114.73999786376953,88.62052917480469,5095100
2018-07-25,114.94000244140625,115.66999816894531,114.5,115.20999908447266,88.98353576660156,4762300
2018-07-26,116.13999938964844,116.9000015258789,114.87999725341797,115.0,88.82135009765625,5096300
2018-07-27,114.7699966430664,115.3499984741211,114.02999877929688,114.27999877929688,88.26521301269531,4563700
2018-07-30,113.77999877929688,114.58999633789062,113.66999816894531,114.18000030517578,88.18799591064453,3621800
2018-07-31,114.66000366210938,115.48999786376953,114.11000061035156,115.0,88.82135009765625,4892100
2018-08-01,114.41999816894531,114.52999877929688,113.2300033569336,113.61000061035156,87.74775695800781,4169000
2018-08-02,113.5999984741211,114.93000030517578,113.08999633789062,114.69000244140625,88.58190155029297,4167200
2018-08-03,114.7699966430664,116.69999694824219,114.37000274658203,116.30000305175781,89.82540893554688,3934500
2018-08-06,117.25,118.44000244140625,116.9000015258789,117.37999725341797,90.6595687866211,6704800
2018-08-07,116.44999694824219,116.44999694824219,113.52999877929688,114.22000122070312,88.2188949584961,6919600
2018-08-08,114.5199966430664,114.8499984741211,113.47000122070312,113.48999786376953,87.65507507324219,5172900
2018-08-09,114.12000274658203,114.12000274658203,113.37999725341797,113.69999694824219,87.81727600097656,4115400
2018-08-10,113.58999633789062,113.97000122070312,112.56999969482422,112.87000274658203,87.17623138427734,3711900
2018-08-13,112.80999755859375,113.13999938964844,112.01000213623047,113.0199966430664,87.29205322265625,3170100
2018-08-14,112.69999694824219,113.48999786376953,112.11000061035156,113.0999984741211,87.35386657714844,3836700
2018-08-15,112.76000213623047,113.73999786376953,112.25,113.44999694824219,87.62419128417969,6513300
2018-08-16,113.73999786376953,114.7300033569336,113.37000274658203,114.25,88.2420425415039,4504600
2018-08-17,114.0,115.08999633789062,114.0,114.95999908447266,88.79045867919922,3391600
2018-08-20,114.98999786376953,115.8499984741211,114.5999984741211,114.83999633789062,88.69775390625,3676000
2018-08-21,115.25,115.25,113.6500015258789,113.72000122070312,87.83272552490234,4667700
2018-08-22,113.69999694824219,113.81999969482422,111.95999908447266,112.23999786376953,86.68962097167969,3860900
2018-08-23,112.16999816894531,112.2300033569336,111.51000213623047,111.93000030517578,86.4501953125,4508800
2018-08-24,111.87000274658203,112.52999877929688,111.80000305175781,112.1500015258789,86.62010192871094,3677700
2018-08-27,112.58000183105469,112.7699966430664,111.83000183105469,112.41000366210938,86.8209228515625,3155700
2018-08-28,112.22000122070312,112.44999694824219,110.88999938964844,111.16999816894531,85.86319732666016,5229400
2018-08-29,111.30000305175781,112.12000274658203,111.22000122070312,112.05000305175781,86.54288482666016,2403200
2018-08-30,111.87000274658203,112.2300033569336,111.55000305175781,111.95999908447266,86.4733657836914,2119100
2018-08-31,111.7699966430664,112.58000183105469,111.26000213623047,112.01000213623047,86.51200103759766,4248800
2018-09-04,111.81999969482422,112.08999633789062,110.44999694824219,111.0,85.73190307617188,4576300
2018-09-05,110.76000213623047,113.16999816894531,110.69999694824219,113.12000274658203,87.36930084228516,4392100
2018-09-06,112.0,113.52999877929688,111.44000244140625,113.5,88.38790130615234,4808300
2018-09-07,112.8499984741211,113.5,111.51000213623047,112.73999786376953,87.7960433959961,3833800
2018-09-10,112.91999816894531,113.98999786376953,112.69999694824219,113.56999969482422,88.44242095947266,3289700
2018-09-11,111.8499984741211,113.75,111.8499984741211,113.33000183105469,88.25553131103516,2807300
2018-09-12,113.30999755859375,114.2300033569336,113.04000091552734,113.8499984741211,88.66046142578125,3651400
2018-09-13,114.48999786376953,115.01000213623047,113.69000244140625,114.98999786376953,89.54824829101562,3808100
2018-09-14,114.88999938964844,114.88999938964844,113.72000122070312,114.56999969482422,89.22118377685547,2698300
2018-09-17,114.5999984741211,115.44999694824219,114.22000122070312,115.4000015258789,89.86751556396484,3092600
2018-09-18,115.4800033569336,115.4800033569336,113.69000244140625,113.9800033569336,88.76171112060547,4081200
2018-09-19,113.94999694824219,114.23999786376953,113.45999908447266,113.7699966430664,88.5981674194336,2844900
2018-09-20,114.2300033569336,115.51000213623047,114.11000061035156,115.22000122070312,89.72737121582031,3375900
2018-09-21,115.26000213623047,115.5199966430664,114.83999633789062,114.91000366210938,89.48594665527344,6989500
2018-09-24,114.0999984741211,114.72000122070312,112.19999694824219,112.2699966430664,87.43003845214844,3387400
2018-09-25,112.63999938964844,112.75,111.76000213623047,111.97000122070312,87.1964340209961,3538700
2018-09-26,112.2699966430664,112.86000061035156,111.30999755859375,111.5,86.83041381835938,4053500
2018-09-27,111.43000030517578,112.4000015258789,110.91000366210938,111.05000305175781,86.4799575805664,3841500
2018-09-28,111.54000091552734,112.05000305175781,110.91000366210938,111.80000305175781,87.06404113769531,5945300
2018-10-01,112.1500015258789,112.4800033569336,110.66999816894531,110.70999908447266,86.2152099609375,5064700
2018-10-02,110.44999694824219,111.11000061035156,107.69999694824219,108.72000122070312,84.6655044555664,6702200
2018-10-03,109.20999908447266,109.70999908447266,107.16999816894531,107.5199966430664,83.73099517822266,6107500
2018-10-04,106.8499984741211,107.4000015258789,105.80000305175781,106.61000061035156,83.0223388671875,4930300
2018-10-05,106.25,107.01000213623047,105.9800033569336,106.48999786376953,82.92888641357422,3438100
2018-10-08,106.36000061035156,108.33999633789062,106.30999755859375,108.19000244140625,84.25275421142578,3994100
2018-10-09,108.68000030517578,108.94000244140625,107.5199966430664,108.12000274658203,84.1982421875,4105600
2018-10-10,107.58999633789062,109.3499984741211,107.19999694824219,107.33999633789062,83.59081268310547,5796200
2018-10-11,108.20999908447266,108.4800033569336,104.9000015258789,105.05999755859375,81.81526947021484,5755100
2018-10-12,105.30000305175781,105.76000213623047,104.52999877929688,105.27999877929688,81.9865951538086,4543000
2018-10-15,105.19999694824219,106.6500015258789,105.16999816894531,105.62999725341797,82.25916290283203,3805700
2018-10-16,106.30999755859375,107.69000244140625,105.83999633789062,107.38999938964844,83.6297607421875,4061600
2018-10-17,107.20999908447266,108.77999877929688,107.19000244140625,108.30999755859375,84.34620666503906,4495900
2018-10-18,108.4800033569336,109.3499984741211,107.55000305175781,107.93000030517578,84.05030059814453,4093700
2018-10-19,108.58999633789062,110.5999984741211,108.48999786376953,110.29000091552734,85.88813781738281,5109000
2018-10-22,110.08999633789062,110.88999938964844,109.23999786376953,109.4000015258789,85.1950454711914,5477700
2018-10-23,108.93000030517578,110.52999877929688,108.31999969482422,110.12999725341797,85.7635269165039,4484100
2018-10-24,110.19999694824219,114.16000366210938,109.94999694824219,112.95999908447266,87.9673843383789,8222900
2018-10-25,112.95999908447266,113.2699966430664,111.41999816894531,112.8499984741211,87.88172912597656,6712900
2018-10-26,111.62000274658203,112.05999755859375,109.69000244140625,110.44999694824219,86.0127182006836,5872800
2018-10-29,111.29000091552734,113.30999755859375,111.13999938964844,112.88999938964844,87.91288757324219,5706000
2018-10-30,113.75,114.2300033569336,112.5999984741211,113.7699966430664,88.5981674194336,4900400
2018-10-31,113.48999786376953,113.48999786376953,111.19000244140625,112.37999725341797,87.51570129394531,6449500
2018-11-01,112.0,113.13999938964844,110.9800033569336,111.51000213623047,86.83819580078125,5736700
2018-11-02,111.48999786376953,112.0999984741211,109.62999725341797,111.16999816894531,86.57343292236328,6705700
2018-11-05,111.69000244140625,114.44000244140625,111.27999877929688,114.38999938964844,89.08099365234375,5270400
2018-11-06,114.02999877929688,115.3499984741211,113.86000061035156,115.20999908447266,89.7195816040039,3913400
2018-11-07,115.44999694824219,115.7699966430664,114.44000244140625,115.61000061035156,90.03108215332031,4219600
2018-11-08,115.37999725341797,116.5,115.25,116.05999755859375,90.38147735595703,2925100
2018-11-09,116.08000183105469,117.70999908447266,116.08000183105469,117.4800033569336,91.48733520507812,5026300
2018-11-12,117.0,118.31999969482422,116.70999908447266,116.97000122070312,91.09015655517578,4781900
2018-11-13,117.75,117.75,116.20999908447266,117.13999938964844,91.2225570678711,3609900
2018-11-14,117.44000244140625,117.4800033569336,116.2699966430664,116.6500015258789,90.84097290039062,4423800
2018-11-15,116.43000030517578,116.98999786376953,115.5999984741211,116.80000305175781,90.9577865600586,4045700
2018-11-16,117.05000305175781,118.4800033569336,116.83999633789062,118.3499984741211,92.16480255126953,4484300
2018-11-19,118.08000183105469,119.5199966430664,117.97000122070312,119.01000213623047,92.6788101196289,4673900
2018-11-20,119.80000305175781,120.27999877929688,115.77999877929688,116.0,90.33477020263672,5087800
2018-11-21,115.88999938964844,116.88999938964844,114.91999816894531,115.27999877929688,89.77408599853516,3245000
2018-11-23,114.77999877929688,116.56999969482422,114.77999877929688,115.41000366210938,89.87531280517578,1444700
2018-11-26,115.87999725341797,116.43000030517578,114.98999786376953,115.86000061035156,90.22573852539062,2972500
2018-11-27,115.37000274658203,116.52999877929688,114.9000015258789,116.44000244140625,90.67742919921875,2884700
2018-11-28,115.9800033569336,118.5199966430664,115.56999969482422,118.5,92.28164672851562,3989400
2018-11-29,118.4000015258789,118.87000274658203,117.44000244140625,118.2699966430664,92.1025390625,2878700
2018-11-30,118.12999725341797,122.0,118.12999725341797,121.94000244140625,94.96053314208984,8051100
2018-12-03,120.4800033569336,120.91000366210938,117.51000213623047,118.9800033569336,92.65545654296875,6112600
2018-12-04,119.37000274658203,120.61000061035156,117.44999694824219,117.80000305175781,91.73651123046875,7018200
2018-12-06,116.30999755859375,117.37999725341797,114.0999984741211,116.83999633789062,91.71139526367188,5191700
2018-12-07,116.37000274658203,116.9800033569336,115.37999725341797,115.81999969482422,90.91075897216797,4615500
2018-12-10,116.4000015258789,116.62000274658203,114.45999908447266,116.19000244140625,91.20120239257812,4150600
2018-12-11,116.9000015258789,118.19000244140625,116.68000030517578,117.29000091552734,92.06462097167969,5545100
2018-12-12,118.33999633789062,118.58999633789062,116.41000366210938,117.0,91.83698272705078,4889700
2018-12-13,117.13999938964844,118.88999938964844,117.11000061035156,118.3499984741211,92.89665222167969,6181200
2018-12-14,117.31999969482422,117.55000305175781,113.66999816894531,113.94999694824219,89.44294738769531,7404200
2018-12-17,114.37000274658203,115.06999969482422,112.19999694824219,112.87000274658203,88.5952377319336,6015300
2018-12-18,113.22000122070312,113.52999877929688,110.75,111.83999633789062,87.78675079345703,5846200
2018-12-19,112.62999725341797,113.19000244140625,109.62999725341797,110.04000091552734,86.37387084960938,6915400
2018-12-20,110.19999694824219,111.93000030517578,109.19999694824219,110.20999908447266,86.50729370117188,8468300
2018-12-21,110.95999908447266,114.16000366210938,108.80999755859375,109.41999816894531,85.88722229003906,13263600
2018-12-24,110.12999725341797,111.08999633789062,105.95999908447266,106.02999877929688,83.22631072998047,3354000
2018-12-26,106.22000122070312,108.44000244140625,105.02999877929688,108.33000183105469,85.0316390991211,4537000
2018-12-27,107.7699966430664,109.47000122070312,106.02999877929688,109.41999816894531,85.88722229003906,5175900
2018-12-28,110.08999633789062,111.0999984741211,109.22000122070312,110.36000061035156,86.62503814697266,5410300
2018-12-31,110.58000183105469,111.08999633789062,109.31999969482422,110.4800033569336,86.71923828125,5019100
2019-01-02,109.1500015258789,110.0199966430664,108.2300033569336,109.27999877929688,85.7773208618164,4835400
2019-01-03,108.91000366210938,110.1500015258789,108.05000305175781,108.26000213623047,84.97669219970703,5975900
2019-01-04,109.54000091552734,110.5999984741211,108.23999786376953,110.4800033569336,86.71923828125,6293900
2019-01-07,110.01000213623047,110.37999725341797,108.6500015258789,109.52999877929688,85.97354888916016,5220300
2019-01-08,110.13999938964844,110.80000305175781,109.41999816894531,110.58000183105469,86.7977294921875,6407700
2019-01-09,110.33000183105469,110.87000274658203,107.48999786376953,107.48999786376953,84.3722915649414,8521300
2019-01-10,107.41000366210938,108.33999633789062,107.36000061035156,108.1500015258789,84.89033508300781,7905000
2019-01-11,107.86000061035156,108.5,107.63999938964844,108.16000366210938,84.89817810058594,5939000
2019-01-14,107.8499984741211,107.95999908447266,106.95999908447266,107.31999969482422,84.23884582519531,5804600
2019-01-15,107.45999908447266,109.06999969482422,106.7300033569336,108.98999786376953,85.54969787597656,4508000
2019-01-16,108.98999786376953,109.05000305175781,107.69999694824219,108.33999633789062,85.03947448730469,4953500
2019-01-17,108.13999938964844,109.47000122070312,108.08999633789062,109.22000122070312,85.730224609375,4612200
2019-01-18,109.97000122070312,110.30000305175781,109.16999816894531,110.06999969482422,86.39742279052734,5142700
2019-01-22,109.86000061035156,110.2300033569336,108.77999877929688,109.91000366210938,86.2718276977539,5298200
2019-01-23,109.68000030517578,110.79000091552734,109.51000213623047,110.7300033569336,86.91548156738281,5197400
2019-01-24,110.30999755859375,110.30999755859375,108.41000366210938,109.5,85.95001983642578,4478000
2019-01-25,110.1500015258789,110.58999633789062,109.04000091552734,109.3499984741211,85.832275390625,5074800
2019-01-28,108.95999908447266,109.5999984741211,108.0,108.81999969482422,85.41626739501953,4055900
2019-01-29,108.93000030517578,109.62000274658203,108.51000213623047,109.0,85.55754089355469,4301500
2019-01-30,108.94000244140625,111.23999786376953,108.54000091552734,110.81999969482422,86.98612213134766,5023800
2019-01-31,110.97000122070312,112.9000015258789,110.20999908447266,112.66999816894531,88.43824768066406,6183400
2019-02-01,112.94999694824219,113.27999877929688,111.44999694824219,112.19000244140625,88.06146240234375,5010500
2019-02-04,112.20999908447266,113.4000015258789,111.8499984741211,113.08999633789062,88.76791381835938,3665000
2019-02-05,113.02999877929688,113.54000091552734,112.48999786376953,112.9000015258789,88.6187744140625,4593400
2019-02-06,113.41000366210938,113.58000183105469,112.30000305175781,113.05000305175781,88.73651885986328,4209400
2019-02-07,112.81999969482422,113.16000366210938,112.16000366210938,113.08999633789062,88.76791381835938,4227700
2019-02-08,112.93000030517578,113.04000091552734,111.93000030517578,113.0199966430664,88.71295166015625,3868300
2019-02-11,113.16000366210938,113.58000183105469,112.63999938964844,112.97000122070312,88.67371368408203,4851100
2019-02-12,113.2300033569336,114.5,112.22000122070312,113.79000091552734,89.31737518310547,6765300
2019-02-13,114.11000061035156,114.7300033569336,113.62999725341797,114.12000274658203,89.57640075683594,5528000
2019-02-14,113.0,113.0,111.87999725341797,112.58999633789062,88.37545776367188,6359200
2019-02-15,115.8499984741211,116.27999877929688,114.11000061035156,115.91000366210938,90.98143005371094,8889500
2019-02-19,116.80000305175781,116.97000122070312,115.19999694824219,115.93000030517578,90.99712371826172,5596100
2019-02-20,115.75,116.63999938964844,115.41000366210938,115.83000183105469,90.91862487792969,6038900
2019-02-21,115.5,116.93000030517578,115.47000122070312,116.0999984741211,91.13053131103516,4825900
2019-02-22,116.11000061035156,116.7699966430664,115.58999633789062,116.76000213623047,91.64861297607422,4865400
2019-02-25,117.16999816894531,117.30000305175781,115.70999908447266,116.05999755859375,91.09915924072266,3755900
2019-02-26,116.37000274658203,116.5,115.43000030517578,115.97000122070312,91.02852630615234,4074600
2019-02-27,115.54000091552734,115.69999694824219,114.41000366210938,115.37000274658203,90.55755615234375,4175100
2019-02-28,114.73999786376953,116.22000122070312,114.20999908447266,115.63999938964844,91.50553131103516,5586300
2019-03-01,115.86000061035156,116.37000274658203,115.2300033569336,116.18000030517578,91.93282318115234,3629100
2019-03-04,116.55000305175781,116.93000030517578,115.5,116.16999816894531,91.92491912841797,4383100
2019-03-05,115.9800033569336,116.81999969482422,115.66000366210938,116.02999877929688,91.81414794921875,3785400
2019-03-06,115.77999877929688,116.83000183105469,115.58000183105469,116.66000366210938,92.31265258789062,4770700
2019-03-07,116.20999908447266,117.33000183105469,115.69999694824219,116.0999984741211,91.86951446533203,4858300
2019-03-08,115.83000183105469,116.26000213623047,114.26000213623047,115.2300033569336,91.18110656738281,5003300
2019-03-11,115.30000305175781,116.70999908447266,114.9800033569336,116.58999633789062,92.25727081298828,4821600
2019-03-12,116.75,117.20999908447266,116.01000213623047,116.56999969482422,92.24142456054688,4356400
2019-03-13,116.87999725341797,117.55999755859375,116.45999908447266,116.58000183105469,92.24933624267578,5968600
2019-03-14,116.86000061035156,116.9800033569336,115.44999694824219,115.5,91.39476776123047,8986600
2019-03-15,115.68000030517578,116.52999877929688,115.37000274658203,115.66000366210938,91.52135467529297,18194200
2019-03-18,116.16999816894531,117.38999938964844,116.05000305175781,117.2699966430664,92.79533386230469,9476000
2019-03-19,117.36000061035156,118.75,117.25,118.08999633789062,93.44419860839844,6751700
2019-03-20,118.06999969482422,119.4800033569336,117.3499984741211,118.31999969482422,93.62621307373047,5733500
2019-03-21,118.01000213623047,119.66999816894531,118.01000213623047,119.44000244140625,94.51246643066406,4305600
2019-03-22,119.5,121.29000091552734,119.44999694824219,120.72000122070312,95.52532958984375,6668100
2019-03-25,120.26000213623047,121.29000091552734,120.08000183105469,120.8499984741211,95.62820434570312,4275400
2019-03-26,121.45999908447266,122.16000366210938,121.26000213623047,122.0199966430664,96.55401611328125,4583000
2019-03-27,122.45999908447266,123.19000244140625,121.19000244140625,121.88999938964844,96.45113372802734,5318500
2019-03-28,121.88999938964844,122.47000122070312,121.58999633789062,121.83999633789062,96.41156005859375,3694700
2019-03-29,122.29000091552734,122.76000213623047,121.2699966430664,122.55000305175781,96.97340393066406,5758800
2019-04-01,122.58999633789062,122.88999938964844,121.58999633789062,122.0,96.5381851196289,5025700
2019-04-02,121.9000015258789,122.26000213623047,121.55999755859375,121.68000030517578,96.28496551513672,3242600
2019-04-03,121.68000030517578,122.2300033569336,120.73999786376953,121.55999755859375,96.19001007080078,4534400
2019-04-04,121.80999755859375,122.12999725341797,121.16999816894531,121.47000122070312,96.1187973022461,3022500
2019-04-05,121.3499984741211,121.66999816894531,120.81999969482422,121.62000274658203,96.23749542236328,3971500
2019-04-08,121.72000122070312,122.04000091552734,121.20999908447266,122.0,96.5381851196289,3140100
2019-04-09,121.73999786376953,122.19999694824219,120.8499984741211,122.16999816894531,96.67269134521484,3864400
2019-04-10,122.3499984741211,122.69999694824219,121.66000366210938,122.04000091552734,96.56980895996094,2681100
2019-04-11,122.36000061035156,122.75,121.16999816894531,121.66999816894531,96.27705383300781,3399700
2019-04-12,121.52999877929688,122.33000183105469,121.1500015258789,122.2300033569336,96.72016143798828,3501100
2019-04-15,122.44000244140625,124.0,122.36000061035156,123.66000366210938,97.85173797607422,4419800
2019-04-16,123.22000122070312,123.81999969482422,121.88999938964844,122.41000366210938,96.86263275146484,5263700
2019-04-17,125.0,127.11000061035156,123.83999633789062,127.01000213623047,100.5025634765625,7318200
2019-04-18,128.22999572753906,128.25999450683594,126.7300033569336,127.08999633789062,100.56587219238281,6331200
2019-04-22,126.7699966430664,127.23999786376953,125.87999725341797,126.44000244140625,100.05154418945312,3707000
2019-04-23,126.68000030517578,127.54000091552734,126.12000274658203,127.08999633789062,100.56587219238281,4464100
2019-04-24,127.41000366210938,127.9800033569336,126.66999816894531,126.91999816894531,100.43134307861328,3517200
2019-04-25,125.6500015258789,126.4000015258789,125.18000030517578,126.12999725341797,99.80623626708984,4433700
2019-04-26,126.5199966430664,127.25,126.12000274658203,126.4000015258789,100.0198745727539,3033800
2019-04-29,126.13999938964844,126.95999908447266,126.0199966430664,126.69000244140625,100.24935913085938,2793400
2019-04-30,127.05000305175781,128.38999938964844,126.33999633789062,128.0500030517578,101.32552337646484,4963600
2019-05-01,127.8499984741211,128.0,127.01000213623047,127.23999786376953,100.68458557128906,3810800
2019-05-02,127.23999786376953,127.55000305175781,126.16999816894531,126.83000183105469,100.3601303100586,2875900
2019-05-03,127.0999984741211,128.17999267578125,126.91999816894531,127.66999816894531,101.02481842041016,2854900
2019-05-06,127.30000305175781,127.62999725341797,126.76000213623047,127.2699966430664,100.70829772949219,2883900
2019-05-07,126.63999938964844,126.94999694824219,125.18000030517578,125.9800033569336,99.68753814697266,3558900
2019-05-08,125.80000305175781,126.73999786376953,124.94999694824219,126.0199966430664,99.71920776367188,3844700
2019-05-09,125.7699966430664,126.54000091552734,124.8499984741211,126.05000305175781,99.74293518066406,3127200
2019-05-10,126.13999938964844,128.27999877929688,125.62000274658203,128.00999450683594,101.29385375976562,3720400
2019-05-13,127.0199966430664,127.94000244140625,126.62999725341797,127.16000366210938,100.62128448486328,4297200
2019-05-14,127.55999755859375,128.50999450683594,127.29000091552734,127.41000366210938,100.81909942626953,5150300
2019-05-15,127.0999984741211,129.8699951171875,127.0999984741211,129.35000610351562,102.35420989990234,3751900
2019-05-16,129.3699951171875,130.75,128.75999450683594,130.27000427246094,103.08220672607422,4812900
2019-05-17,129.9199981689453,130.8699951171875,129.64999389648438,130.50999450683594,103.2720947265625,4011700
2019-05-20,130.0399932861328,130.4499969482422,129.5500030517578,129.99000549316406,102.86063385009766,3965600
2019-05-21,130.5800018310547,130.5800018310547,128.85000610351562,129.0500030517578,102.1168212890625,4080800
2019-05-22,129.10000610351562,130.63999938964844,128.9499969482422,130.07000732421875,102.92395782470703,3588000
2019-05-23,129.60000610351562,130.89999389648438,129.50999450683594,129.97000122070312,102.8448257446289,3901400
2019-05-24,130.3300018310547,130.47999572753906,128.9600067138672,129.5,102.47289276123047,2702700
2019-05-28,129.5,129.89999389648438,127.36000061035156,127.62999725341797,100.99317932128906,8806000
2019-05-29,127.58000183105469,128.30999755859375,126.83999633789062,128.1699981689453,101.42046356201172,5502700
2019-05-30,128.14999389648438,128.91000366210938,127.77999877929688,128.61000061035156,101.7686538696289,2710300
2019-05-31,128.0,128.4499969482422,126.98999786376953,128.0,101.28598022460938,4191200
2019-06-03,127.86000061035156,129.16000366210938,127.48999786376953,128.97999572753906,102.06140899658203,3588700
2019-06-04,129.75,129.80999755859375,128.02000427246094,129.07000732421875,102.13265228271484,4242400
2019-06-05,129.22000122070312,131.60000610351562,128.86000061035156,131.38999938964844,103.96844482421875,5084200
2019-06-06,131.0800018310547,132.27000427246094,130.55999755859375,131.97999572753906,105.19994354248047,5528000
2019-06-07,132.83999633789062,134.7100067138672,132.58999633789062,133.47000122070312,106.38761138916016,6332700
2019-06-10,133.17999267578125,133.67999267578125,132.36000061035156,133.58999633789062,106.48326110839844,2957900
2019-06-11,134.05999755859375,134.33999633789062,132.69000244140625,133.1999969482422,106.17240905761719,3553600
2019-06-12,134.00999450683594,134.44000244140625,132.66000366210938,133.13999938964844,106.12459564208984,3302800
2019-06-13,133.4499969482422,133.7899932861328,131.85000610351562,132.94000244140625,105.96514892578125,2851400
2019-06-14,133.00999450683594,133.5399932861328,132.55999755859375,132.72999572753906,105.79776763916016,3291800
2019-06-17,132.72000122070312,133.24000549316406,131.88999938964844,132.52000427246094,105.63037872314453,2725800
2019-06-18,134.4199981689453,134.4199981689453,131.86000061035156,132.05999755859375,105.2636947631836,4378200
2019-06-19,132.05999755859375,133.2899932861328,131.3300018310547,132.85000610351562,105.89344024658203,4349900
2019-06-20,133.8699951171875,134.4499969482422,133.33999633789062,134.16000366210938,106.9376220703125,3847500
2019-06-21,134.16000366210938,134.55999755859375,133.6300048828125,133.9600067138672,106.77820587158203,7696300
2019-06-24,134.64999389648438,135.24000549316406,133.94000244140625,134.13999938964844,106.92168426513672,3685800
2019-06-25,133.97999572753906,134.47999572753906,133.5399932861328,133.80999755859375,106.65861511230469,4176300
2019-06-26,133.05999755859375,133.77000427246094,132.3000030517578,132.32000732421875,105.4709701538086,6024100
2019-06-27,132.25,132.44000244140625,131.3800048828125,131.69000244140625,104.96881866455078,4750900
2019-06-28,132.27999877929688,132.41000366210938,130.75999450683594,131.1300048828125,104.52242279052734,6318500
2019-07-01,131.99000549316406,132.2899932861328,131.07000732421875,131.8699951171875,105.1122817993164,3544800
2019-07-02,132.08999633789062,132.64999389648438,131.35000610351562,132.42999267578125,105.55863952636719,3233300
2019-07-03,132.97999572753906,134.08999633789062,132.77000427246094,133.99000549316406,106.80211639404297,2859200
2019-07-05,132.88999938964844,133.49000549316406,131.5500030517578,133.02000427246094,106.02896118164062,3356000
2019-07-08,133.10000610351562,133.38999938964844,132.0399932861328,132.55999755859375,105.66228485107422,5854500
2019-07-09,133.0,133.39999389648438,130.72000122070312,131.74000549316406,105.00865936279297,8233200
2019-07-10,132.39999389648438,134.4600067138672,131.8699951171875,134.41000366210938,107.13687896728516,6141500
2019-07-11,134.2100067138672,134.74000549316406,133.35000610351562,134.35000610351562,107.08905029296875,3944200
2019-07-12,134.0,134.42999267578125,132.61000061035156,133.27999877929688,106.23617553710938,4481200
2019-07-15,133.60000610351562,134.16000366210938,132.5500030517578,134.14999389648438,106.92964935302734,3077900
2019-07-16,134.0800018310547,135.24000549316406,133.0500030517578,133.8000030517578,106.65066528320312,4019700
2019-07-17,133.9199981689453,134.27999877929688,132.47000122070312,132.77999877929688,105.83761596679688,4105100
2019-07-18,132.61000061035156,133.1999969482422,131.52000427246094,132.8800048828125,105.91732788085938,3698600
2019-07-19,133.1699981689453,133.19000244140625,130.00999450683594,130.08999633789062,103.69344329833984,5022000
2019-07-22,130.49000549316406,130.80999755859375,129.6300048828125,130.27999877929688,103.84489440917969,4411700
2019-07-23,131.1300048828125,132.24000549316406,130.41000366210938,130.74000549316406,104.2115478515625,4145800
2019-07-24,131.1999969482422,131.1999969482422,128.6199951171875,129.2100067138672,102.99201965332031,4669700
2019-07-25,128.6300048828125,129.52999877929688,128.38999938964844,128.99000549316406,102.81665802001953,3335200
2019-07-26,129.44000244140625,131.4199981689453,128.7100067138672,131.22000122070312,104.59416198730469,4580800
2019-07-29,131.5,132.05999755859375,131.17999267578125,131.52999877929688,104.84127044677734,4533400
2019-07-30,131.33999633789062,132.0800018310547,130.22999572753906,130.47999572753906,104.00433349609375,3367900
2019-07-31,130.47999572753906,130.47999572753906,126.23999786376953,127.80999755859375,101.87609100341797,5757600
2019-08-01,128.9600067138672,129.39999389648438,126.7699966430664,127.13999938964844,101.342041015625,6199400
2019-08-02,127.0999984741211,128.82000732421875,126.5,127.91999816894531,101.96376037597656,5573300
2019-08-05,128.35000610351562,129.14999389648438,123.87999725341797,124.4000015258789,99.15801239013672,6192800
2019-08-06,124.77999877929688,127.0,124.37999725341797,126.44999694824219,100.79204559326172,6258600
2019-08-07,126.4000015258789,128.33999633789062,124.62999725341797,127.77999877929688,101.85218811035156,6149000
2019-08-08,128.10000610351562,129.75,127.0,129.47000122070312,103.19927978515625,3702100
2019-08-09,129.7100067138672,129.74000549316406,127.31999969482422,128.60000610351562,102.50579071044922,2929500
2019-08-12,128.4499969482422,129.14999389648438,127.87000274658203,128.35000610351562,102.30652618408203,2920800
2019-08-13,128.27999877929688,130.3800048828125,127.94000244140625,129.92999267578125,103.56591033935547,4088200
2019-08-14,129.52000427246094,130.52999877929688,128.8000030517578,129.1199951171875,102.9202651977539,6232700
2019-08-15,129.66000366210938,131.22000122070312,129.39999389648438,130.72000122070312,104.19562530517578,3701800
2019-08-16,131.4199981689453,132.32000732421875,130.63999938964844,131.75999450683594,105.02459716796875,3405000
2019-08-19,132.07000732421875,132.85000610351562,131.94000244140625,132.57000732421875,105.67024993896484,3101200
2019-08-20,132.8000030517578,133.10000610351562,131.92999267578125,132.05999755859375,105.2636947631836,3160300
2019-08-21,132.91000366210938,133.63999938964844,131.6199951171875,132.33999633789062,105.48690032958984,2936900
2019-08-22,131.75,132.92999267578125,131.32000732421875,132.66000366210938,105.74198150634766,2484200
2019-08-23,132.4499969482422,133.35000610351562,129.5399932861328,130.27000427246094,103.8369140625,4239500
2019-08-26,130.82000732421875,133.75,130.58999633789062,133.74000549316406,106.60285186767578,3954100
2019-08-27,134.1999969482422,135.36000061035156,133.67999267578125,134.75999450683594,107.41584777832031,7187800
2019-08-28,134.5,135.33999633789062,134.27999877929688,135.19000244140625,107.75860595703125,3972600
2019-08-29,135.61000061035156,136.44000244140625,134.52000427246094,136.02000427246094,108.42019653320312,3045200
2019-08-30,136.11000061035156,137.11000061035156,135.75999450683594,136.72999572753906,108.98612213134766,3742800
2019-09-03,136.35000610351562,137.6699981689453,135.8800048828125,137.4600067138672,109.56802368164062,2989800
2019-09-04,137.80999755859375,139.17999267578125,137.25,139.14999389648438,110.91508483886719,3201700
2019-09-05,138.8000030517578,138.8000030517578,135.5500030517578,135.97999572753906,109.13736724853516,4994600
2019-09-06,136.92999267578125,137.4199981689453,136.02000427246094,137.3699951171875,110.25296783447266,3051600
2019-09-09,136.39999389648438,136.67999267578125,135.42999267578125,136.39999389648438,109.47440338134766,4062100
2019-09-10,135.74000549316406,136.50999450683594,134.67999267578125,135.86000061035156,109.04103088378906,4175000
2019-09-11,135.27000427246094,136.7899932861328,134.8800048828125,136.36000061035156,109.44235229492188,5005100
2019-09-12,136.74000549316406,138.2899932861328,136.74000549316406,137.2899932861328,110.18871307373047,4146900
2019-09-13,136.0800018310547,136.9499969482422,135.67999267578125,136.44000244140625,109.50654602050781,4008200
2019-09-16,136.38999938964844,136.5,134.3800048828125,134.8800048828125,108.25447845458984,2953600
2019-09-17,134.9600067138672,136.30999755859375,134.50999450683594,135.6999969482422,108.91261291503906,4013300
2019-09-18,135.80999755859375,136.0,134.10000610351562,135.5,108.75209045410156,2647800
2019-09-19,135.41000366210938,135.83999633789062,135.0800018310547,135.47999572753906,108.73603820800781,2804500
2019-09-20,135.0,135.75999450683594,134.47999572753906,134.7100067138672,108.11804962158203,6671100
2019-09-23,134.9600067138672,135.75,134.9600067138672,135.44000244140625,108.70394134521484,3346500
2019-09-24,136.25,136.4499969482422,134.5800018310547,135.36000061035156,108.63972473144531,4798500
2019-09-25,135.2100067138672,135.66000366210938,134.50999450683594,135.08999633789062,108.42301177978516,3579500
2019-09-26,135.8699951171875,136.3300018310547,135.00999450683594,135.72000122070312,108.92866516113281,4309600
2019-09-27,136.24000549316406,136.24000549316406,134.6699981689453,135.60000610351562,108.83235168457031,3559400
2019-09-30,136.07000732421875,137.72999572753906,135.8699951171875,137.10000610351562,110.03626251220703,3705200
2019-10-01,136.92999267578125,137.94000244140625,136.08999633789062,137.3699951171875,110.25296783447266,3638900
2019-10-02,136.88999938964844,137.3800048828125,133.49000549316406,133.94000244140625,107.50003051757812,5728600
2019-10-03,138.44000244140625,139.75,136.5,137.92999267578125,110.7024154663086,8829700
2019-10-04,137.83999633789062,140.4499969482422,137.6199951171875,140.27999877929688,112.58851623535156,5278700
2019-10-07,139.2899932861328,139.61000061035156,137.97000122070312,138.33999633789062,111.03147888183594,4273300
2019-10-08,137.64999389648438,138.4499969482422,137.0800018310547,137.24000549316406,110.14860534667969,4074900
2019-10-09,137.32000732421875,138.1699981689453,136.8300018310547,137.85000610351562,110.6382064819336,3065300
2019-10-10,137.11000061035156,138.25,136.63999938964844,137.88999938964844,110.67030334472656,2191000
2019-10-11,138.0800018310547,138.6999969482422,137.08999633789062,137.63999938964844,110.46963500976562,2761400
2019-10-14,137.83999633789062,138.3000030517578,137.24000549316406,137.4499969482422,110.31715393066406,2371500
2019-10-15,137.47999572753906,137.9499969482422,136.16000366210938,136.3300018310547,109.41824340820312,3369300
2019-10-16,136.13999938964844,136.49000549316406,135.5800018310547,136.4199981689453,109.49049377441406,2812000
2019-10-17,137.07000732421875,137.6199951171875,136.60000610351562,136.9600067138672,109.92388916015625,2322500
2019-10-18,137.27000427246094,137.3699951171875,136.22999572753906,136.25,109.35401916503906,3630400
2019-10-21,136.33999633789062,136.74000549316406,135.66000366210938,136.1199951171875,109.24969482421875,2829400
2019-10-22,136.64999389648438,137.35000610351562,136.30999755859375,136.66000366210938,109.68310546875,3248100
2019-10-23,136.61000061035156,137.5,136.61000061035156,137.4499969482422,110.31715393066406,2323600
2019-10-24,137.6999969482422,138.11000061035156,136.7899932861328,137.88999938964844,110.67030334472656,2292500
2019-10-25,137.77999877929688,137.9199981689453,136.22999572753906,136.63999938964844,109.66705322265625,2520000
2019-10-28,136.5500030517578,137.5500030517578,136.14999389648438,136.57000732421875,109.61088562011719,3212600
2019-10-29,136.8300018310547,137.1199951171875,135.94000244140625,136.0800018310547,109.21760559082031,2550300
2019-10-30,135.86000061035156,137.2899932861328,135.41000366210938,136.89999389648438,109.87572479248047,2653700
2019-10-31,136.8000030517578,137.52999877929688,136.10000610351562,137.1699981689453,110.09242248535156,4492300
2019-11-01,137.5500030517578,138.33999633789062,136.6999969482422,136.92999267578125,109.89979553222656,3054900
2019-11-04,136.8000030517578,137.10000610351562,134.72999572753906,135.16000366210938,108.47921752929688,3202400
2019-11-05,134.8300018310547,135.10000610351562,132.60000610351562,134.00999450683594,107.55623626708984,4300800
2019-11-06,134.5,134.8800048828125,133.5500030517578,134.44000244140625,107.90132141113281,3645600
2019-11-07,134.41000366210938,134.5,133.1199951171875,133.32000732421875,107.00243377685547,3338700
2019-11-08,133.2899932861328,134.1300048828125,132.57000732421875,133.1300048828125,106.84992218017578,2604000
2019-11-11,133.02999877929688,133.02999877929688,131.97000122070312,132.38999938964844,106.25598907470703,2227200
2019-11-12,132.67999267578125,132.67999267578125,131.58999633789062,131.97999572753906,105.92693328857422,3246500
2019-11-13,132.6300048828125,133.57000732421875,132.00999450683594,133.2899932861328,106.97831726074219,3166600
2019-11-14,133.60000610351562,133.91000366210938,132.72999572753906,133.3300018310547,107.01042938232422,2141900
2019-11-15,133.66000366210938,133.9199981689453,132.8000030517578,133.80999755859375,107.39568328857422,3648700
2019-11-18,134.0,135.69000244140625,133.91000366210938,134.05999755859375,107.59635162353516,3619700
2019-11-19,134.64999389648438,135.05999755859375,134.07000732421875,134.57000732421875,108.00567626953125,3019100
2019-11-20,134.30999755859375,135.1999969482422,133.39999389648438,133.74000549316406,107.33953857421875,3047700
2019-11-21,133.42999267578125,134.2100067138672,133.08999633789062,133.91000366210938,107.4759521484375,3391200
2019-11-22,133.9199981689453,134.52999877929688,133.02000427246094,134.07000732421875,107.60435485839844,3014900
2019-11-25,134.66000366210938,134.77999877929688,133.2100067138672,133.8300018310547,107.4117660522461,3612400
2019-11-26,134.2899932861328,135.8699951171875,133.8699951171875,135.6999969482422,108.91261291503906,4947400
2019-11-27,135.6999969482422,136.52000427246094,135.3300018310547,135.91000366210938,109.08116149902344,2476100
2019-11-29,136.05999755859375,136.4199981689453,135.25999450683594,135.8300018310547,109.01695251464844,2978400
2019-12-02,136.64999389648438,136.64999389648438,134.44000244140625,135.8800048828125,109.05707550048828,3866300
2019-12-03,136.66000366210938,136.66000366210938,134.32000732421875,135.4600067138672,108.72000122070312,5000000
2019-12-04,134.9499969482422,137.3699951171875,134.5399932861328,137.3000030517578,110.19679260253906,4228200
2019-12-05,136.19000244140625,136.5399932861328,135.27000427246094,136.33999633789062,110.19271850585938,3351800
2019-12-06,136.6699981689453,137.69000244140625,136.33999633789062,137.36000061035156,111.01709747314453,3216900
2019-12-09,137.14999389648438,138.0399932861328,137.0,137.16000366210938,110.85546112060547,3882900
2019-12-10,137.61000061035156,137.61000061035156,136.1699981689453,136.27000427246094,110.13616180419922,2940200
2019-12-11,137.0500030517578,137.5399932861328,136.32000732421875,137.10000610351562,110.80697631835938,3339100
2019-12-12,136.8000030517578,137.89999389648438,136.75,137.17999267578125,110.87162017822266,3502100
2019-12-13,136.92999267578125,138.25,136.19000244140625,137.94000244140625,111.48587036132812,3557900
2019-12-16,136.9499969482422,137.52000427246094,136.16000366210938,137.05999755859375,110.77460479736328,4701000
2019-12-17,137.0500030517578,137.44000244140625,135.69000244140625,136.1699981689453,110.0553207397461,5491800
2019-12-18,137.0500030517578,137.3000030517578,135.6300048828125,135.97000122070312,109.89366912841797,5370500
2019-12-19,136.22000122070312,136.74000549316406,135.9499969482422,136.47000122070312,110.29779815673828,3641700
2019-12-20,137.41000366210938,138.1300048828125,135.16000366210938,137.9199981689453,111.4697036743164,10311300
2019-12-23,137.69000244140625,138.1300048828125,136.83999633789062,137.0399932861328,110.75848388671875,2992900
2019-12-24,137.08999633789062,137.3800048828125,136.27000427246094,136.88999938964844,110.63723754882812,1220600
2019-12-26,136.86000061035156,137.33999633789062,136.10000610351562,136.69000244140625,110.47562408447266,2934700
2019-12-27,136.8800048828125,137.5800018310547,136.6300048828125,137.5399932861328,111.1625747680664,2554000
2019-12-30,136.6999969482422,137.97000122070312,136.47999572753906,136.80999755859375,110.5726089477539,3024700
2019-12-31,136.69000244140625,137.25999450683594,136.02999877929688,136.6699981689453,110.45942687988281,3229400
2020-01-02,136.8699951171875,137.22999572753906,135.13999938964844,135.82000732421875,109.77245330810547,3784100
2020-01-03,135.4600067138672,136.7899932861328,135.1300048828125,135.6300048828125,109.61891174316406,4000100
2020-01-06,135.3000030517578,136.32000732421875,135.1999969482422,136.14999389648438,110.03915405273438,4085100
2020-01-07,136.0,136.07000732421875,133.9499969482422,134.00999450683594,108.30956268310547,5718100
2020-01-08,134.4600067138672,135.36000061035156,134.07000732421875,134.6999969482422,108.86724090576172,3681400
2020-01-09,135.2899932861328,135.3800048828125,134.52999877929688,134.7899932861328,108.93997192382812,3954700
2020-01-10,135.1699981689453,135.4199981689453,134.38999938964844,134.52999877929688,108.72985076904297,3099500
2020-01-13,134.64999389648438,136.58999633789062,134.6300048828125,136.52999877929688,110.34628295898438,5127200
2020-01-14,136.17999267578125,136.94000244140625,135.6999969482422,136.85000610351562,110.60493469238281,4159700
2020-01-15,137.0399932861328,139.25,136.8000030517578,139.1999969482422,112.50423431396484,5002600
2020-01-16,139.35000610351562,140.16000366210938,138.60000610351562,139.61000061035156,112.83558654785156,4977900
2020-01-17,140.10000610351562,141.32000732421875,139.89999389648438,141.25999450683594,114.16917419433594,6908700
2020-01-21,140.61000061035156,142.1199951171875,140.33999633789062,141.86000061035156,114.65410614013672,4440000
2020-01-22,141.80999755859375,143.57000732421875,141.72000122070312,143.3800048828125,115.88258361816406,5366100
2020-01-23,143.08999633789062,143.85000610351562,142.3699951171875,143.64999389648438,116.100830078125,3915700
2020-01-24,143.8300018310547,144.14999389648438,142.4499969482422,142.9199981689453,115.51081085205078,2791500
2020-01-27,141.64999389648438,143.36000061035156,141.0500030517578,142.13999938964844,114.88038635253906,3895300
2020-01-28,142.1300048828125,142.9199981689453,141.75999450683594,142.44000244140625,115.12288665771484,2908300
2020-01-29,142.0,142.4499969482422,141.1699981689453,141.72999572753906,114.54901885986328,3263200
2020-01-30,142.32000732421875,143.9600067138672,141.52000427246094,143.8300018310547,116.24632263183594,4058500
2020-01-31,143.80999755859375,144.64999389648438,141.57000732421875,142.02000427246094,114.78341674804688,4753100
2020-02-03,142.77000427246094,143.07000732421875,141.83999633789062,142.50999450683594,115.17943572998047,3977800
2020-02-04,143.1999969482422,144.05999755859375,142.10000610351562,143.22000122070312,115.75326538085938,3494300
2020-02-05,143.67999267578125,144.58999633789062,143.42999267578125,144.3000030517578,116.62617492675781,3504900
2020-02-06,144.63999938964844,145.3000030517578,144.07000732421875,144.3300018310547,116.6504135131836,3571400
2020-02-07,144.25999450683594,145.72000122070312,143.8300018310547,145.3699951171875,117.49095153808594,3138500
2020-02-10,145.92999267578125,146.4199981689453,145.1300048828125,145.66000366210938,117.72535705566406,3775600
2020-02-11,146.2100067138672,146.36000061035156,144.8699951171875,146.0800018310547,118.06478881835938,3870500
2020-02-12,146.67999267578125,146.74000549316406,145.35000610351562,146.0800018310547,118.06478881835938,4217400
2020-02-13,145.25,147.1300048828125,143.52000427246094,146.47000122070312,118.3800048828125,5041400
2020-02-14,146.57000732421875,147.14999389648438,145.94000244140625,146.99000549316406,118.80028533935547,3555600
2020-02-18,147.11000061035156,147.1999969482422,145.39999389648438,145.60000610351562,117.67688751220703,4938700
2020-02-19,145.6199951171875,146.47999572753906,145.49000549316406,145.52999877929688,117.62028503417969,2978800
2020-02-20,145.77000427246094,145.8000030517578,143.9499969482422,145.16000366210938,117.32124328613281,2805900
2020-02-21,145.05999755859375,145.9199981689453,144.80999755859375,145.85000610351562,117.87889862060547,4271800
2020-02-24,145.86000061035156,147.14999389648438,142.55999755859375,142.63999938964844,115.28450012207031,5027700
2020-02-25,142.58999633789062,144.3800048828125,140.57000732421875,141.10000610351562,114.03984832763672,7585800
2020-02-26,142.44000244140625,143.75,141.16000366210938,141.97999572753906,114.75108337402344,6157200
2020-02-27,141.41000366210938,143.13999938964844,136.30999755859375,136.3699951171875,110.2169418334961,8605000
2020-02-28,133.24000549316406,133.75,128.35000610351562,132.02999877929688,106.70930480957031,14164000
2020-03-02,132.0,137.77000427246094,131.72000122070312,137.5800018310547,111.19490051269531,8504500
2020-03-03,137.19000244140625,139.6699981689453,134.74000549316406,135.5800018310547,109.5784683227539,8728300
2020-03-04,136.19000244140625,142.7100067138672,136.00999450683594,142.38999938964844,115.08245086669922,7635700
2020-03-05,138.80999755859375,141.4199981689453,136.6699981689453,138.10000610351562,112.36885833740234,6579100
2020-03-06,131.55999755859375,138.1699981689453,131.4499969482422,137.25999450683594,111.68535614013672,6754900
2020-03-09,130.17999267578125,133.35000610351562,128.17999267578125,130.16000366210938,105.90825653076172,8716300
2020-03-10,132.0500030517578,134.57000732421875,126.86000061035156,134.13999938964844,109.14667510986328,8258600
2020-03-11,130.5800018310547,132.5399932861328,127.62999725341797,129.75,105.57464599609375,7465100
2020-03-12,122.0999984741211,125.0,113.58999633789062,115.33999633789062,93.84954071044922,12808300
2020-03-13,120.68000030517578,127.58999633789062,115.06999969482422,127.44999694824219,103.70319366455078,12007700
2020-03-16,114.69000244140625,123.81999969482422,112.0,113.08999633789062,92.01876831054688,10733300
2020-03-17,116.69999694824219,127.86000061035156,116.38999938964844,127.72000122070312,103.92286682128906,14242300
2020-03-18,120.83999633789062,127.72000122070312,113.7699966430664,120.91999816894531,98.38985443115234,15250800
2020-03-19,121.43000030517578,122.08999633789062,116.05999755859375,117.33999633789062,95.47691345214844,9393500
2020-03-20,118.23999786376953,118.44999694824219,101.41999816894531,103.93000030517578,84.56549072265625,13093200
2020-03-23,106.0,112.87000274658203,102.87000274658203,105.18000030517578,85.58259582519531,13926800
2020-03-24,109.93000030517578,114.43000030517578,109.37000274658203,113.83999633789062,92.6290283203125,11447000
2020-03-25,112.73999786376953,116.36000061035156,111.04000091552734,112.5,91.53868865966797,9485500
2020-03-26,112.70999908447266,121.80000305175781,112.58000183105469,120.26000213623047,97.85284423828125,10376800
2020-03-27,118.56999969482422,124.6500015258789,117.98999786376953,120.45999908447266,98.01557159423828,9852500
2020-03-30,121.61000061035156,125.83999633789062,121.51000213623047,125.4800033569336,102.10025024414062,6916800
2020-03-31,124.94000244140625,125.69999694824219,119.52999877929688,120.0999984741211,97.72264099121094,7091700
2020-04-01,117.2699966430664,122.30000305175781,115.66999816894531,118.12000274658203,96.11155700683594,6873000
2020-04-02,117.22000122070312,125.18000030517578,116.4800033569336,123.86000061035156,100.78208923339844,6181800
2020-04-03,123.19000244140625,125.37000274658203,122.44000244140625,124.58999633789062,101.3760757446289,5552000
2020-04-06,128.66000366210938,132.1300048828125,125.29000091552734,131.16000366210938,106.72189331054688,8242200
2020-04-07,132.7100067138672,135.0800018310547,130.2899932861328,130.47999572753906,106.16863250732422,6253900
2020-04-08,129.63999938964844,133.2899932861328,129.1300048828125,132.61000061035156,107.90177154541016,5241100
2020-04-09,132.08999633789062,135.0800018310547,131.50999450683594,133.6300048828125,108.731689453125,5502400
2020-04-13,131.69000244140625,133.35000610351562,129.42999267578125,130.88999938964844,106.50222778320312,3785000
2020-04-14,133.22000122070312,138.6300048828125,132.35000610351562,138.39999389648438,112.61295318603516,6278700
2020-04-15,137.13999938964844,137.55999755859375,133.6999969482422,135.02999877929688,109.87086486816406,5773100
2020-04-16,136.97000122070312,136.97000122070312,133.85000610351562,135.63999938964844,110.36719512939453,4564000
2020-04-17,137.72999572753906,138.0,134.91000366210938,137.5500030517578,111.92131805419922,4866500
2020-04-20,136.94000244140625,137.3800048828125,134.50999450683594,134.5500030517578,109.48033905029297,3995400
2020-04-21,132.13999938964844,132.94000244140625,130.58999633789062,130.94000244140625,106.54292297363281,4359500
2020-04-22,132.44000244140625,133.6699981689453,131.22000122070312,132.6199951171875,107.9098892211914,4084600
2020-04-23,132.5,134.13999938964844,130.02999877929688,130.25999450683594,105.98960876464844,5527700
2020-04-24,130.8699951171875,134.82000732421875,130.64999389648438,134.36000061035156,109.32572174072266,4063100
2020-04-27,134.4199981689453,135.2100067138672,133.88999938964844,134.4600067138672,109.40706634521484,4009200
2020-04-28,136.77999877929688,137.67999267578125,134.66000366210938,136.32000732421875,110.92051696777344,6674200
2020-04-29,136.77000427246094,136.97999572753906,132.89999389648438,133.36000061035156,108.51200103759766,6706800
2020-04-30,132.41000366210938,133.1699981689453,130.4199981689453,132.2899932861328,107.6413803100586,6783000
2020-05-01,131.1199951171875,132.22999572753906,129.52000427246094,130.13999938964844,105.89196014404297,4488000
2020-05-04,130.1699981689453,131.35000610351562,129.32000732421875,130.9199981689453,106.52664184570312,5245300
2020-05-05,131.63999938964844,133.3300018310547,130.77000427246094,131.6699981689453,107.13690185546875,3580000
2020-05-06,131.5800018310547,132.22999572753906,130.69000244140625,130.77999877929688,106.41275024414062,4192200
2020-05-07,131.5500030517578,132.0,130.1199951171875,131.5500030517578,107.0392837524414,5528000
2020-05-08,133.07000732421875,135.16000366210938,132.4600067138672,134.22999572753906,109.21990966796875,4209100
2020-05-11,133.42999267578125,136.1999969482422,133.1699981689453,134.3800048828125,109.34197235107422,3591100
2020-05-12,134.75999450683594,136.3800048828125,132.86000061035156,132.94000244140625,108.17025756835938,3914600
2020-05-13,133.17999267578125,134.47000122070312,131.4499969482422,132.9600067138672,108.18653869628906,5168500
2020-05-14,132.7100067138672,133.55999755859375,130.14999389648438,133.0800018310547,108.28419494628906,5522200
2020-05-15,133.77000427246094,137.66000366210938,132.7899932861328,135.9499969482422,110.61944580078125,20338200
2020-05-18,136.85000610351562,137.99000549316406,135.05999755859375,135.52000427246094,110.2695541381836,8480300
2020-05-19,134.42999267578125,134.75999450683594,131.39999389648438,131.72999572753906,107.18572235107422,6640300
2020-05-20,132.5399932861328,132.67999267578125,130.33999633789062,131.25999450683594,106.80329132080078,8213100
2020-05-21,130.97999572753906,131.44000244140625,129.61000061035156,130.2100067138672,105.94891357421875,4886300
2020-05-22,129.61000061035156,130.6300048828125,129.1699981689453,130.47999572753906,106.16863250732422,3429200
2020-05-26,131.94000244140625,132.0500030517578,129.39999389648438,129.75,105.57464599609375,5579300
2020-05-27,129.72000122070312,130.83999633789062,128.5800018310547,130.80999755859375,106.4371337890625,5686500
2020-05-28,131.2100067138672,132.72999572753906,130.11000061035156,132.2899932861328,107.6413803100586,4974400
2020-05-29,132.00999450683594,132.24000549316406,130.32000732421875,131.5500030517578,107.0392837524414,13337900
2020-06-01,131.60000610351562,133.9499969482422,131.19000244140625,132.99000549316406,108.21096801757812,4049200
2020-06-02,133.0500030517578,133.80999755859375,131.1199951171875,132.6300048828125,107.91804504394531,5327500
2020-06-03,133.24000549316406,134.27999877929688,132.60000610351562,132.82000732421875,108.07261657714844,5421200
2020-06-04,131.58999633789062,133.55999755859375,130.17999267578125,130.57000732421875,107.0665054321289,5229700
2020-06-05,131.0,133.52000427246094,130.77000427246094,132.44000244140625,108.59990692138672,7075700
2020-06-08,131.3800048828125,132.47000122070312,131.24000549316406,132.2100067138672,108.41131591796875,5613000
2020-06-09,131.8300018310547,133.14999389648438,131.0500030517578,132.97000122070312,109.03447723388672,6446900
2020-06-10,133.27999877929688,135.16000366210938,133.1699981689453,134.1300048828125,109.98566436767578,7069900
2020-06-11,134.22000122070312,135.13999938964844,127.45999908447266,127.83999633789062,104.82792663574219,8541000
2020-06-12,129.14999389648438,129.92999267578125,127.43000030517578,129.0,105.77911376953125,7039500
2020-06-15,128.2899932861328,130.9600067138672,126.52999877929688,130.47999572753906,106.99270629882812,5481000
2020-06-16,132.67999267578125,133.05999755859375,130.1199951171875,131.6699981689453,107.96849060058594,5197700
2020-06-17,131.88999938964844,133.0399932861328,131.49000549316406,131.75999450683594,108.04229736328125,3309700
2020-06-18,131.4199981689453,133.1300048828125,130.6300048828125,132.77999877929688,108.87866973876953,3417200
2020-06-19,134.41000366210938,134.82000732421875,131.22000122070312,131.27999877929688,107.64868927001953,8310100
2020-06-22,130.5500030517578,131.75999450683594,129.9499969482422,131.0500030517578,107.46009063720703,3379900
2020-06-23,131.6199951171875,132.67999267578125,130.97999572753906,131.36000061035156,107.71427917480469,3625600
2020-06-24,130.52000427246094,131.07000732421875,128.67999267578125,129.55999755859375,106.23832702636719,4853500
2020-06-25,129.13999938964844,131.72999572753906,128.0500030517578,131.41000366210938,107.75529479980469,4442000
2020-06-26,131.67999267578125,132.3699951171875,128.05999755859375,128.92999267578125,105.72171020507812,7372700
2020-06-29,130.17999267578125,131.39999389648438,129.42999267578125,131.0800018310547,107.48468780517578,4173900
2020-06-30,131.8300018310547,132.82000732421875,130.85000610351562,132.25999450683594,108.4522705078125,4626700
2020-07-01,132.52999877929688,133.6199951171875,131.94000244140625,132.36000061035156,108.53429412841797,3633000
2020-07-02,133.5399932861328,134.1699981689453,132.5399932861328,132.85000610351562,108.93609619140625,2769200
2020-07-06,133.0800018310547,133.9499969482422,132.30999755859375,133.3000030517578,109.3050765991211,4221600
2020-07-07,132.27000427246094,134.6199951171875,132.1699981689453,133.57000732421875,109.5264892578125,4424500
2020-07-08,134.16000366210938,134.69000244140625,133.16000366210938,134.22000122070312,110.05948638916016,3798200
2020-07-09,132.89999389648438,133.94000244140625,131.72999572753906,132.7100067138672,108.82130432128906,4005200
2020-07-10,132.3699951171875,134.88999938964844,131.27999877929688,134.4600067138672,110.25627136230469,5932800
2020-07-13,136.77000427246094,138.07000732421875,134.47000122070312,134.91000366210938,110.6252670288086,8960000
2020-07-14,134.58999633789062,136.9499969482422,134.25,135.52000427246094,111.12545776367188,6766800
2020-07-15,135.35000610351562,136.19000244140625,133.25,133.69000244140625,109.62487030029297,5561300
2020-07-16,134.05999755859375,134.36000061035156,133.0500030517578,133.8800048828125,109.78069305419922,3788100
2020-07-17,134.64999389648438,135.05999755859375,133.5500030517578,134.66000366210938,110.42024993896484,3229300
2020-07-20,134.61000061035156,134.61000061035156,132.17999267578125,133.11000061035156,109.1492691040039,3620300
2020-07-21,134.0,136.41000366210938,133.7899932861328,134.42999267578125,110.2316665649414,5435400
2020-07-22,135.55999755859375,136.25,133.67999267578125,136.00999450683594,111.52728271484375,3522300
2020-07-23,136.58999633789062,137.25,135.49000549316406,137.0800018310547,112.40464782714844,5011400
2020-07-24,136.99000549316406,138.63999938964844,135.38999938964844,136.05999755859375,111.5682601928711,3300000
2020-07-27,135.52999877929688,137.75999450683594,134.85000610351562,137.6699981689453,112.88844299316406,3607700
2020-07-28,137.97999572753906,138.58999633789062,137.08999633789062,137.3800048828125,112.65064239501953,3787500
2020-07-29,137.3800048828125,139.0,137.0399932861328,137.92999267578125,113.10166931152344,3179000
2020-07-30,137.24000549316406,138.22000122070312,136.47999572753906,137.69000244140625,112.90487670898438,2817600
2020-07-31,137.25999450683594,137.6999969482422,135.1999969482422,137.66000366210938,112.88028717041016,4304100
2020-08-03,137.11000061035156,137.5,136.0,136.6999969482422,112.0930404663086,2819200
2020-08-04,137.52000427246094,137.58999633789062,136.02000427246094,137.47000122070312,112.72442626953125,2553500
2020-08-05,138.14999389648438,138.14999389648438,135.77000427246094,136.25,111.72405242919922,2924000
2020-08-06,135.27000427246094,136.2899932861328,135.27000427246094,135.86000061035156,111.40426635742188,2692900
2020-08-07,135.94000244140625,136.75999450683594,135.3699951171875,136.74000549316406,112.12583923339844,3692100
2020-08-10,136.32000732421875,136.8800048828125,135.3800048828125,135.97999572753906,111.502685546875,3052000
2020-08-11,136.97000122070312,137.4499969482422,134.6199951171875,135.1199951171875,110.79744720458984,3301200
2020-08-12,135.33999633789062,138.67999267578125,135.25,137.8000030517578,112.99504852294922,4424600
2020-08-13,137.10000610351562,138.61000061035156,137.10000610351562,138.10000610351562,113.2410659790039,2393500
2020-08-14,138.11000061035156,138.1699981689453,137.1999969482422,137.55999755859375,112.79825592041016,2461700
2020-08-17,137.5,138.88999938964844,137.0500030517578,137.9199981689453,113.09344482421875,2862500
2020-08-18,138.61000061035156,138.61000061035156,137.0399932861328,138.11000061035156,113.24925994873047,2638600
2020-08-19,138.69000244140625,138.7899932861328,136.10000610351562,136.4499969482422,111.8880844116211,3682200
2020-08-20,135.66000366210938,137.14999389648438,135.6300048828125,136.72000122070312,112.1094741821289,2263000
2020-08-21,136.3699951171875,136.66000366210938,135.25,136.4600067138672,111.896240234375,4295600
2020-08-24,136.4600067138672,137.67999267578125,136.11000061035156,137.63999938964844,112.86384582519531,3177800
2020-08-25,138.25999450683594,138.3800048828125,136.6999969482422,137.3000030517578,112.58506774902344,2597400
2020-08-26,136.5800018310547,138.66000366210938,136.3800048828125,138.47000122070312,113.54444885253906,6019700
2020-08-27,138.7100067138672,139.92999267578125,137.91000366210938,138.39999389648438,113.48705291748047,4159300
2020-08-28,138.52000427246094,139.9600067138672,137.24000549316406,139.94000244140625,114.74981689453125,3355400
2020-08-31,139.32000732421875,141.02000427246094,139.0,140.05999755859375,114.8482437133789,3828700
2020-09-01,140.25,140.47999572753906,138.50999450683594,139.19000244140625,114.13484191894531,3421700
2020-09-02,139.52000427246094,143.82000732421875,139.35000610351562,143.2899932861328,117.49681091308594,4918200
2020-09-03,142.77000427246094,144.0399932861328,138.1199951171875,139.3699951171875,115.10417938232422,6642400
2020-09-04,139.66000366210938,140.30999755859375,136.94000244140625,138.75999450683594,114.60041809082031,4836400
2020-09-08,138.30999755859375,138.6300048828125,134.41000366210938,135.5500030517578,111.94933319091797,4901500
2020-09-09,135.5,138.4600067138672,135.39999389648438,137.11000061035156,113.23772430419922,4282300
2020-09-10,136.60000610351562,137.5500030517578,133.8800048828125,134.75999450683594,111.2968521118164,6050500
2020-09-11,135.22000122070312,136.3800048828125,134.22999572753906,135.80999755859375,112.1640625,3411900
2020-09-14,136.52999877929688,137.5,135.8000030517578,136.6699981689453,112.87431335449219,2779000
2020-09-15,136.47999572753906,137.24000549316406,135.41000366210938,135.6199951171875,112.00712585449219,4080800
2020-09-16,136.27999877929688,136.60000610351562,134.77999877929688,134.97999572753906,111.47856140136719,3353500
2020-09-17,133.38999938964844,134.5500030517578,131.69000244140625,133.1999969482422,110.00846099853516,5186400
2020-09-18,133.7100067138672,134.7899932861328,130.00999450683594,131.47000122070312,108.57968139648438,8473000
2020-09-21,130.3699951171875,131.30999755859375,129.36000061035156,131.24000549316406,108.3897476196289,4402700
2020-09-22,131.0,132.88999938964844,130.4499969482422,132.14999389648438,109.14130401611328,3951000
2020-09-23,132.6999969482422,132.82000732421875,129.85000610351562,131.0,108.19151306152344,5909900
2020-09-24,131.44000244140625,132.30999755859375,129.9199981689453,131.5800018310547,108.67052459716797,4316600
2020-09-25,130.88999938964844,133.8300018310547,130.50999450683594,133.5500030517578,110.29753875732422,4576000
2020-09-28,136.0399932861328,138.5800018310547,135.6699981689453,137.97000122070312,113.94795227050781,7487500
2020-09-29,138.66000366210938,139.5399932861328,137.1300048828125,137.16000366210938,113.27902221679688,4330500
2020-09-30,137.99000549316406,139.19000244140625,136.89999389648438,138.60000610351562,114.46829223632812,7060700
2020-10-01,139.44000244140625,140.85000610351562,137.49000549316406,140.8000030517578,116.28522491455078,6483900
2020-10-02,139.27999877929688,139.91000366210938,136.1999969482422,138.05999755859375,114.02229309082031,5130200
2020-10-05,138.11000061035156,138.3800048828125,136.97999572753906,137.92999267578125,113.91492462158203,4519800
2020-10-06,138.0,138.82000732421875,135.14999389648438,135.6999969482422,112.07320404052734,5031000
2020-10-07,135.94000244140625,137.52000427246094,135.75999450683594,137.00999450683594,113.15510559082031,4347300
2020-10-08,137.27999877929688,138.1300048828125,136.75999450683594,137.85000610351562,113.8488540649414,2977400
2020-10-09,138.6999969482422,139.25999450683594,137.89999389648438,138.44000244140625,114.3361587524414,3194000
2020-10-12,141.1199951171875,143.49000549316406,139.77999877929688,142.1300048828125,117.38368225097656,6167200
2020-10-13,142.22000122070312,144.0,141.91000366210938,143.5399932861328,118.54817199707031,4293200
2020-10-14,143.5500030517578,144.11000061035156,141.6300048828125,142.52000427246094,117.70579528808594,3641000
2020-10-15,141.16000366210938,141.97000122070312,140.6199951171875,141.42999267578125,116.80552673339844,3306800
2020-10-16,141.75,142.82000732421875,141.1300048828125,141.72999572753906,117.0533218383789,5076000
2020-10-19,141.33999633789062,142.52999877929688,139.25,139.67999267578125,115.36019897460938,3223200
2020-10-20,141.0,141.22000122070312,139.41000366210938,139.7100067138672,115.385009765625,2750900
2020-10-21,139.67999267578125,140.47999572753906,139.10000610351562,139.60000610351562,115.29415893554688,2560100
2020-10-22,139.8000030517578,140.1999969482422,139.00999450683594,139.61000061035156,115.30241394042969,2909000
2020-10-23,140.22000122070312,140.52999877929688,139.0399932861328,139.55999755859375,115.2611312866211,2758400
2020-10-26,138.74000549316406,139.0800018310547,136.41000366210938,138.05999755859375,114.02229309082031,3431100
2020-10-27,138.57000732421875,139.88999938964844,138.3000030517578,139.1199951171875,114.89772033691406,3390800
2020-10-28,137.14999389648438,137.7100067138672,133.94000244140625,134.1699981689453,110.80958557128906,5196000
2020-10-29,133.75999450683594,135.6300048828125,132.25999450683594,133.99000549316406,110.66092681884766,3856500
2020-10-30,132.92999267578125,133.83999633789062,131.7100067138672,133.2899932861328,110.08281707763672,4303900
2020-11-02,135.61000061035156,136.22999572753906,133.77999877929688,135.14999389648438,111.61894226074219,3126400
2020-11-03,136.6199951171875,138.60000610351562,136.27999877929688,137.0399932861328,113.17988586425781,3293900
2020-11-04,139.0,141.6999969482422,137.66000366210938,137.86000061035156,113.85710144042969,4576300
2020-11-05,139.35000610351562,140.27000427246094,137.47000122070312,138.0500030517578,114.01402282714844,3667800
2020-11-06,138.55999755859375,139.77000427246094,137.3300018310547,138.3800048828125,114.28656768798828,2867000
2020-11-09,142.0,143.64999389648438,138.1699981689453,138.4499969482422,114.3443832397461,6111300
2020-11-10,136.99000549316406,142.44000244140625,136.19000244140625,141.72000122070312,117.04503631591797,5284500
2020-11-11,142.86000061035156,144.24000549316406,141.61000061035156,143.89999389648438,118.84547424316406,4389800
2020-11-12,144.25,144.74000549316406,142.75999450683594,143.83999633789062,118.79594421386719,2570100
2020-11-13,143.77000427246094,144.88999938964844,143.27000427246094,144.7100067138672,119.51445770263672,2580400
2020-11-16,145.0,146.25999450683594,144.69000244140625,145.75999450683594,120.38168334960938,3399000
2020-11-17,144.27000427246094,146.10000610351562,144.11000061035156,145.24000549316406,119.95219421386719,2924000
2020-11-18,145.49000549316406,146.57000732421875,143.3000030517578,143.3800048828125,118.41603088378906,4335200
2020-11-19,142.8800048828125,143.6999969482422,142.33999633789062,143.32000732421875,118.36647033691406,4263500
2020-11-20,143.64999389648438,144.63999938964844,143.0,143.4199981689453,118.44905853271484,3469100
2020-11-23,143.30999755859375,143.64999389648438,141.8800048828125,143.02000427246094,118.11872863769531,3443300
2020-11-24,143.19000244140625,144.36000061035156,142.82000732421875,144.02999877929688,118.952880859375,4472300
2020-11-25,144.4499969482422,144.9199981689453,143.6999969482422,144.16000366210938,119.06022644042969,2278300
2020-11-27,144.6199951171875,145.27999877929688,144.17999267578125,144.60000610351562,119.42363739013672,1596000
2020-11-30,144.4600067138672,144.6300048828125,142.8800048828125,144.22999572753906,119.1180419921875,4906900
2020-12-01,145.02999877929688,146.6300048828125,144.5,146.07000732421875,120.6376953125,3999200
2020-12-02,145.8800048828125,146.94000244140625,143.88999938964844,144.6199951171875,119.44012451171875,4432900
2020-12-03,143.02000427246094,144.9600067138672,143.02000427246094,144.4499969482422,120.1496353149414,4757900
2020-12-04,143.8699951171875,145.97999572753906,143.85000610351562,145.85000610351562,121.31411743164062,3592600
2020-12-07,145.67999267578125,146.55999755859375,144.6199951171875,145.3699951171875,120.91485595703125,4217300
2020-12-08,145.3300018310547,146.16000366210938,144.2899932861328,145.52000427246094,121.0396499633789,3623800
2020-12-09,145.55999755859375,146.10000610351562,144.27999877929688,145.69000244140625,121.1810302734375,3842000
2020-12-10,146.0399932861328,146.2899932861328,144.4199981689453,144.6699981689453,120.33261108398438,3985000
2020-12-11,143.6300048828125,145.10000610351562,143.41000366210938,144.97000122070312,120.5821533203125,2975500
2020-12-14,145.25,146.47000122070312,144.0500030517578,144.22999572753906,119.96666717529297,3952400
2020-12-15,144.55999755859375,145.27000427246094,143.88999938964844,144.77000427246094,120.41580963134766,3183300
2020-12-16,143.97999572753906,145.47000122070312,143.89999389648438,144.88999938964844,120.51557922363281,4915800
2020-12-17,145.25,146.1999969482422,145.17999267578125,145.7100067138672,121.19766235351562,3312500
2020-12-18,146.3300018310547,147.10000610351562,145.5,146.92999267578125,122.21241760253906,8980400
2020-12-21,145.0,145.66000366210938,143.47000122070312,145.39999389648438,120.93978881835938,3946900
2020-12-22,144.60000610351562,145.0,143.47999572753906,144.02000427246094,119.79196166992188,2653700
2020-12-23,144.49000549316406,145.60000610351562,144.07000732421875,144.41000366210938,120.11636352539062,2645100
2020-12-24,144.8300018310547,145.11000061035156,144.13999938964844,145.05999755859375,120.65702819824219,883300
2020-12-28,145.77999877929688,147.60000610351562,145.5399932861328,146.91000366210938,122.19581604003906,2493500
2020-12-29,147.67999267578125,148.77000427246094,146.83999633789062,147.4199981689453,122.62004852294922,3186700
2020-12-30,147.47000122070312,147.99000549316406,147.00999450683594,147.30999755859375,122.52852630615234,2224900
2020-12-31,147.47999572753906,148.4600067138672,146.63999938964844,148.3000030517578,123.3519515991211,2076800
2021-01-04,147.00999450683594,147.77999877929688,141.94000244140625,144.27000427246094,119.99993896484375,7486900
2021-01-05,144.07000732421875,145.17999267578125,142.89999389648438,144.6999969482422,120.35755920410156,4126000
2021-01-06,141.6699981689453,143.60000610351562,141.58999633789062,142.92999267578125,118.88532257080078,4843300
2021-01-07,142.80999755859375,143.14999389648438,141.14999389648438,142.47000122070312,118.50273132324219,4473200
2021-01-08,142.47000122070312,144.39999389648438,141.66000366210938,144.17999267578125,119.925048828125,4312000
2021-01-11,144.02999877929688,144.30999755859375,141.69000244140625,142.08999633789062,118.1866226196289,3902700
2021-01-12,141.6300048828125,142.0,139.4499969482422,141.42999267578125,117.6376724243164,5150000
2021-01-13,141.1199951171875,143.24000549316406,141.0,142.58999633789062,118.6025390625,4361600
2021-01-14,141.47999572753906,142.44000244140625,141.07000732421875,141.75999450683594,117.91215515136719,4724700
2021-01-15,141.4499969482422,142.60000610351562,140.52999877929688,141.38999938964844,117.60440063476562,4309100
2021-01-19,142.3800048828125,142.5800018310547,141.44000244140625,142.05999755859375,118.16166687011719,5158600
2021-01-20,141.0399932861328,141.77999877929688,139.9199981689453,141.3300018310547,117.55451965332031,5019300
2021-01-21,140.2899932861328,140.7899932861328,138.74000549316406,139.61000061035156,116.12384796142578,5684100
2021-01-22,139.5,139.5399932861328,138.22999572753906,138.58999633789062,115.27544403076172,4014900
2021-01-25,138.05999755859375,140.3300018310547,137.5800018310547,140.17999267578125,116.59793853759766,3829000
2021-01-26,141.30999755859375,142.08999633789062,139.75,141.8000030517578,117.9454574584961,4242500
2021-01-27,140.50999450683594,142.3300018310547,137.5500030517578,138.0399932861328,114.81796264648438,6659800
2021-01-28,138.8300018310547,140.7899932861328,137.75999450683594,139.19000244140625,115.77449798583984,5514000
2021-01-29,138.11000061035156,138.4600067138672,136.00999450683594,136.57000732421875,113.59526062011719,6778100
2021-02-01,136.97999572753906,137.9600067138672,135.89999389648438,136.97999572753906,113.936279296875,4185700
2021-02-02,137.4499969482422,139.52999877929688,136.60000610351562,138.3800048828125,115.10078430175781,3581600
2021-02-03,137.75,138.9499969482422,137.07000732421875,138.02000427246094,114.80134582519531,3609600
2021-02-04,137.75,139.75999450683594,137.75,139.67999267578125,116.18204498291016,3860300
2021-02-05,140.49000549316406,142.1199951171875,139.72999572753906,140.9600067138672,117.24674224853516,4437900
2021-02-08,141.19000244140625,141.80999755859375,139.5,140.39999389648438,116.78092193603516,4112200
2021-02-09,141.1300048828125,141.14999389648438,139.49000549316406,139.60000610351562,116.11553955078125,3179300
2021-02-10,141.1199951171875,141.1199951171875,136.75999450683594,137.6999969482422,114.53515625,6966600
2021-02-11,137.85000610351562,138.2100067138672,134.33999633789062,134.97000122070312,112.264404296875,7528000
2021-02-12,135.25999450683594,135.60000610351562,133.4499969482422,133.8699951171875,111.34947204589844,5659300
2021-02-16,134.55999755859375,134.80999755859375,133.39999389648438,134.3800048828125,111.77367401123047,5180100
2021-02-17,134.05999755859375,135.07000732421875,133.86000061035156,134.4600067138672,111.84024047851562,3353000
2021-02-18,134.07000732421875,135.6999969482422,133.91000366210938,135.3699951171875,112.59713745117188,3935200
2021-02-19,135.00999450683594,135.1199951171875,132.2899932861328,132.50999450683594,110.21826934814453,5414900
2021-02-22,132.0399932861328,132.60000610351562,130.75999450683594,131.99000549316406,109.78575897216797,5792900
2021-02-23,132.64999389648438,134.33999633789062,131.3000030517578,132.77999877929688,110.44283294677734,6264300
2021-02-24,131.85000610351562,132.2899932861328,131.1999969482422,132.08999633789062,109.8689193725586,4944000
2021-02-25,131.35000610351562,132.08999633789062,129.8000030517578,130.0,108.13053131103516,5702300
2021-02-26,130.57000732421875,130.8699951171875,128.57000732421875,129.19000244140625,107.45677947998047,8329000
2021-03-01,130.61000061035156,131.97000122070312,130.33999633789062,130.6199951171875,108.64620971679688,5287300
2021-03-02,130.5,132.02999877929688,130.3800048828125,131.07000732421875,109.02052307128906,5614000
2021-03-03,129.8000030517578,130.52999877929688,128.97999572753906,129.13999938964844,107.4151840209961,7505800
2021-03-04,129.25,131.75,128.32000732421875,128.8300018310547,108.01298522949219,9102800
2021-03-05,129.63999938964844,133.41000366210938,129.19000244140625,133.02999877929688,111.53431701660156,10186500
2021-03-08,133.22999572753906,134.17999267578125,131.99000549316406,132.1300048828125,110.77974700927734,8634900
2021-03-09,132.94000244140625,133.91000366210938,132.0,132.25,110.88035583496094,8930200
2021-03-10,132.52000427246094,134.47000122070312,130.5399932861328,133.5800018310547,111.9954605102539,7791700
2021-03-11,133.35000610351562,134.5800018310547,133.10000610351562,133.22000122070312,111.6936264038086,4458900
2021-03-12,133.1199951171875,133.7899932861328,132.63999938964844,133.0399932861328,111.54270935058594,5275100
2021-03-15,133.55999755859375,133.6300048828125,131.97000122070312,133.02999877929688,111.53431701660156,5389200
2021-03-16,133.0800018310547,134.5800018310547,132.75,134.00999450683594,112.35594177246094,5544700
2021-03-17,134.36000061035156,134.55999755859375,133.3800048828125,133.6199951171875,112.02902221679688,6199500
2021-03-18,132.36000061035156,133.0800018310547,131.41000366210938,132.52999877929688,111.11509704589844,6476700
2021-03-19,132.30999755859375,135.00999450683594,132.17999267578125,134.5,112.76678466796875,16114400
2021-03-22,135.6300048828125,138.1999969482422,135.08999633789062,137.8000030517578,115.53356170654297,7813400
2021-03-23,138.4499969482422,140.1699981689453,138.17999267578125,139.4600067138672,116.92533874511719,6978400
2021-03-24,139.00999450683594,140.11000061035156,138.77999877929688,138.80999755859375,116.38034057617188,5082300
2021-03-25,139.17999267578125,140.25,138.33999633789062,139.6300048828125,117.0678482055664,5827600
2021-03-26,139.6199951171875,143.0,139.1300048828125,142.6999969482422,119.64181518554688,6785600
2021-03-29,142.8699951171875,144.9600067138672,142.4199981689453,144.80999755859375,121.41084289550781,6105800
2021-03-30,143.67999267578125,144.75,142.1199951171875,142.5399932861328,119.50765991210938,4372700
2021-03-31,143.32000732421875,143.3300018310547,141.1699981689453,141.4499969482422,118.5937728881836,6257900
2021-04-01,141.19000244140625,142.3000030517578,140.11000061035156,141.27999877929688,118.45124816894531,4823400
2021-04-05,141.85000610351562,144.33999633789062,141.32000732421875,143.16000366210938,120.0274658203125,5980700
2021-04-06,143.0399932861328,144.1999969482422,142.55999755859375,143.6699981689453,120.45503234863281,4751900
2021-04-07,144.0,144.10000610351562,143.02000427246094,143.41000366210938,120.237060546875,4849200
2021-04-08,143.67999267578125,144.16000366210938,142.0500030517578,142.5399932861328,119.50765991210938,6725100
2021-04-09,142.24000549316406,143.13999938964844,141.61000061035156,142.57000732421875,119.53278350830078,4950800
2021-04-12,142.1999969482422,143.47000122070312,142.0500030517578,143.02000427246094,119.91009521484375,4386700
2021-04-13,142.07000732421875,143.97000122070312,141.8699951171875,143.0500030517578,119.93524169921875,5283300
2021-04-14,142.57000732421875,142.72000122070312,141.24000549316406,142.11000061035156,119.14714050292969,4685300
2021-04-15,141.6699981689453,143.10000610351562,141.4199981689453,142.30999755859375,119.31482696533203,4777100
2021-04-16,143.4600067138672,144.32000732421875,142.4600067138672,144.16000366210938,120.8658676147461,6481400
2021-04-19,144.49000549316406,145.60000610351562,143.25999450683594,144.75,121.36053466796875,6621200
2021-04-20,144.1300048828125,146.64999389648438,143.92999267578125,145.7100067138672,122.1654052734375,4999700
2021-04-21,147.35000610351562,147.8000030517578,146.2100067138672,146.97999572753906,123.23020935058594,6316000
2021-04-22,146.24000549316406,146.64999389648438,145.3800048828125,146.07000732421875,122.46725463867188,4904400
2021-04-23,145.50999450683594,146.33999633789062,145.05999755859375,145.8300018310547,122.26604461669922,4354700
2021-04-26,145.5500030517578,145.77000427246094,142.97999572753906,143.36000061035156,120.19513702392578,5817700
2021-04-27,142.6199951171875,143.17999267578125,142.1300048828125,142.88999938964844,119.80108642578125,4693700
2021-04-28,143.49000549316406,143.69000244140625,141.72999572753906,141.8300018310547,118.9123764038086,4962700
2021-04-29,142.10000610351562,144.42999267578125,141.97000122070312,143.94000244140625,120.6814193725586,4699900
2021-04-30,143.32000732421875,144.24000549316406,142.5,144.16000366210938,120.8658676147461,5051100
2021-05-03,145.02999877929688,146.77999877929688,144.10000610351562,145.7899932861328,122.23248291015625,6109800
2021-05-04,145.97999572753906,146.77000427246094,143.49000549316406,143.9600067138672,120.69820404052734,6603800
2021-05-05,143.72000122070312,144.57000732421875,143.5,143.88999938964844,120.63953399658203,5305200
2021-05-06,144.47000122070312,145.9600067138672,144.00999450683594,145.55999755859375,122.03963470458984,4472200
2021-05-07,145.22999572753906,146.0,144.57000732421875,145.55999755859375,122.03963470458984,4181000
2021-05-10,146.49000549316406,147.99000549316406,146.11000061035156,146.72000122070312,123.01224517822266,5270600
2021-05-11,147.1699981689453,147.63999938964844,145.02000427246094,145.64999389648438,122.1150894165039,5266100
2021-05-12,144.8800048828125,145.74000549316406,143.85000610351562,144.22999572753906,120.924560546875,5651700
2021-05-13,144.24000549316406,147.1199951171875,143.5800018310547,146.3699951171875,122.71875,4849400
2021-05-14,147.1999969482422,147.89999389648438,146.4199981689453,146.58999633789062,122.90320587158203,4224700
2021-05-17,147.0,147.39999389648438,145.7100067138672,146.1699981689453,122.55110931396484,3747100
2021-05-18,146.63999938964844,146.9499969482422,145.32000732421875,145.50999450683594,121.99771881103516,4527300
2021-05-19,144.63999938964844,145.6300048828125,144.0800018310547,145.42999267578125,121.93064880371094,4432700
2021-05-20,145.25,147.72999572753906,145.11000061035156,147.22999572753906,123.43984985351562,3964600
2021-05-21,147.8699951171875,148.30999755859375,146.52000427246094,147.10000610351562,123.33082580566406,5194200
2021-05-24,147.63999938964844,148.35000610351562,147.00999450683594,147.85000610351562,123.95962524414062,3627800
2021-05-25,147.85000610351562,148.3699951171875,147.00999450683594,148.3000030517578,124.33687591552734,4649300
2021-05-26,147.91000366210938,148.6699981689453,147.67999267578125,148.3000030517578,124.33687591552734,4462600
2021-05-27,148.55999755859375,148.77000427246094,146.44000244140625,146.50999450683594,122.83616638183594,9203600
2021-05-28,147.41000366210938,148.5,147.24000549316406,147.94000244140625,124.03510284423828,4913700
2021-06-01,148.77999877929688,148.85000610351562,147.08999633789062,147.6300048828125,123.77516174316406,5530300
2021-06-02,148.1999969482422,148.52999877929688,147.22999572753906,148.22000122070312,124.26981353759766,4546900
2021-06-03,146.7100067138672,147.75999450683594,146.16000366210938,147.6699981689453,124.7132568359375,4651600
2021-06-04,148.0,148.58999633789062,147.47000122070312,147.83999633789062,124.85676574707031,4427400
2021-06-07,147.75999450683594,148.25,146.7100067138672,147.75,124.78079986572266,4724100
2021-06-08,147.6999969482422,147.8699951171875,145.9199981689453,146.3699951171875,123.61531066894531,5997200
2021-06-09,147.25,147.58999633789062,146.02000427246094,146.10000610351562,123.3873062133789,4008000
2021-06-10,146.30999755859375,148.00999450683594,146.1300048828125,147.60000610351562,124.65408325195312,4698200
2021-06-11,148.0500030517578,148.1199951171875,146.7899932861328,147.69000244140625,124.73014068603516,4364600
2021-06-14,147.47000122070312,148.6300048828125,146.7899932861328,148.57000732421875,125.47332000732422,3831900
2021-06-15,148.89999389648438,149.1699981689453,148.07000732421875,148.5800018310547,125.48174285888672,4256500
2021-06-16,148.86000061035156,149.27000427246094,146.75,147.10000610351562,124.23184967041016,5492100
2021-06-17,147.25,149.0,146.91000366210938,148.52000427246094,125.43109130859375,5316400
2021-06-18,147.97999572753906,147.97999572753906,145.22999572753906,145.4199981689453,122.81299591064453,10661700
2021-06-21,145.75,146.74000549316406,145.4499969482422,146.55999755859375,123.77580261230469,4904300
2021-06-22,146.72999572753906,147.5,146.2899932861328,146.77999877929688,123.96158599853516,3518000
2021-06-23,146.05999755859375,146.1300048828125,144.8300018310547,144.85000610351562,122.33163452148438,3901700
2021-06-24,144.86000061035156,145.94000244140625,144.61000061035156,145.6699981689453,123.02413940429688,3818900
2021-06-25,145.75999450683594,146.7899932861328,145.24000549316406,146.41000366210938,123.64912414550781,6387600
2021-06-28,146.75999450683594,147.58999633789062,146.6199951171875,147.0399932861328,124.18118286132812,4282800
2021-06-29,147.4499969482422,147.6999969482422,146.39999389648438,146.94000244140625,124.09671783447266,3197700
2021-06-30,147.42999267578125,148.30999755859375,147.1999969482422,148.1699981689453,125.13548278808594,4943700
2021-07-01,148.0800018310547,149.0800018310547,147.94000244140625,148.1999969482422,125.16082763671875,3997600
2021-07-02,148.89999389648438,149.77999877929688,148.55999755859375,148.91000366210938,125.76042175292969,3835500
2021-07-06,149.07000732421875,149.4199981689453,147.77000427246094,149.1300048828125,125.94625091552734,4313800
2021-07-07,149.2899932861328,150.6999969482422,149.0,149.7899932861328,126.503662109375,4225000
2021-07-08,149.4199981689453,150.6699981689453,149.19000244140625,149.86000061035156,126.56275939941406,4216000
2021-07-09,149.41000366210938,150.30999755859375,149.1699981689453,149.47999572753906,126.24185180664062,4088600
2021-07-12,149.49000549316406,149.7899932861328,148.77999877929688,149.50999450683594,126.26719665527344,4873700
2021-07-13,151.14999389648438,153.91000366210938,150.75,152.9600067138672,129.18084716796875,8750800
2021-07-14,152.88999938964844,155.13999938964844,152.8000030517578,154.5399932861328,130.51519775390625,6390300
2021-07-15,154.07000732421875,155.36000061035156,153.25999450683594,155.25,131.1148223876953,4920600
2021-07-16,155.67999267578125,156.83999633789062,155.11000061035156,155.82000732421875,131.59625244140625,5852500
2021-07-19,155.99000549316406,157.5399932861328,154.75999450683594,155.8000030517578,131.57936096191406,5750200
2021-07-20,156.1999969482422,157.3300018310547,155.55999755859375,155.82000732421875,131.59625244140625,5213500
2021-07-21,155.3000030517578,156.1199951171875,154.57000732421875,155.24000549316406,131.1063995361328,4905900
2021-07-22,155.19000244140625,155.75999450683594,153.97000122070312,155.19000244140625,131.06417846679688,3333500
2021-07-23,155.55999755859375,157.7899932861328,155.24000549316406,157.17999267578125,132.74478149414062,3588400
2021-07-26,156.7899932861328,157.47000122070312,156.02999877929688,157.07000732421875,132.65187072753906,2999800
2021-07-27,157.30999755859375,158.66000366210938,157.02999877929688,157.94000244140625,133.3866729736328,4043900
2021-07-28,157.60000610351562,157.9600067138672,155.91000366210938,156.49000549316406,132.162109375,3556800
2021-07-29,157.22999572753906,157.42999267578125,156.1999969482422,156.80999755859375,132.4323272705078,3055600
2021-07-30,157.3699951171875,157.60000610351562,156.6199951171875,156.9499969482422,132.550537109375,3757300
2021-08-02,157.0,157.11000061035156,155.50999450683594,156.32000732421875,132.0184783935547,3425900
2021-08-03,157.0,157.14999389648438,156.30999755859375,156.6699981689453,132.3140869140625,3359900
2021-08-04,156.19000244140625,156.66000366210938,153.8699951171875,154.0500030517578,130.1013946533203,4846300
2021-08-05,154.97999572753906,155.19000244140625,153.8699951171875,154.30999755859375,130.32098388671875,3733500
2021-08-06,153.77000427246094,154.75999450683594,153.63999938964844,154.3300018310547,130.33786010742188,3430900
2021-08-09,154.63999938964844,154.7899932861328,153.7100067138672,154.35000610351562,130.35476684570312,2636600
2021-08-10,154.30999755859375,155.30999755859375,153.80999755859375,154.42999267578125,130.42230224609375,2670200
2021-08-11,154.7100067138672,156.02000427246094,154.47000122070312,155.0399932861328,130.93746948242188,3058000
2021-08-12,155.22999572753906,155.3000030517578,154.60000610351562,155.07000732421875,130.96282958984375,1958700
2021-08-13,155.10000610351562,156.6699981689453,154.89999389648438,156.52000427246094,132.18740844726562,2113800
2021-08-16,156.92999267578125,158.1199951171875,156.72999572753906,158.0500030517578,133.4795379638672,3224000
2021-08-17,157.91000366210938,158.4499969482422,157.24000549316406,157.89999389648438,133.3528594970703,3736300
2021-08-18,157.67999267578125,158.1999969482422,156.1999969482422,156.27999877929688,131.98471069335938,3419200
2021-08-19,155.82000732421875,159.4199981689453,155.77999877929688,158.91000366210938,134.20584106445312,4745600
2021-08-20,158.92999267578125,159.6300048828125,158.25,158.35000610351562,133.73292541503906,3484100
2021-08-23,157.8300018310547,158.52000427246094,157.32000732421875,157.85000610351562,133.31065368652344,3102100
2021-08-24,157.75,157.75,155.67999267578125,155.88999938964844,131.65533447265625,3760800
2021-08-25,155.36000061035156,155.6699981689453,154.16000366210938,155.1999969482422,131.07261657714844,3346700
2021-08-26,155.50999450683594,155.6699981689453,154.08999633789062,154.6300048828125,130.59121704101562,3220700
2021-08-27,154.83999633789062,155.41000366210938,154.2100067138672,154.94000244140625,130.85304260253906,4166500
2021-08-30,155.17999267578125,156.1699981689453,155.00999450683594,156.0,131.74822998046875,2540300
2021-08-31,156.08999633789062,156.47000122070312,155.33999633789062,156.38999938964844,132.07762145996094,5291200
2021-09-01,156.83999633789062,158.19000244140625,156.50999450683594,157.91000366210938,133.361328125,4231400
2021-09-02,156.7899932861328,157.2899932861328,155.8699951171875,156.9499969482422,133.45912170410156,2862500
2021-09-03,156.1999969482422,157.4199981689453,155.89999389648438,157.08999633789062,133.57815551757812,2035100
2021-09-07,156.47999572753906,156.75999450683594,153.67999267578125,154.52999877929688,131.40126037597656,4609900
2021-09-08,154.66000366210938,156.75,154.3000030517578,156.72000122070312,133.2635498046875,3199100
2021-09-09,156.8800048828125,156.97000122070312,155.39999389648438,155.72999572753906,132.4217071533203,3560400
2021-09-10,155.97999572753906,156.25,155.00999450683594,155.4600067138672,132.192138671875,3851500
2021-09-13,155.94000244140625,157.39999389648438,155.38999938964844,155.75999450683594,132.4472198486328,3367200
2021-09-14,156.3800048828125,156.6699981689453,154.82000732421875,155.14999389648438,131.9285125732422,2808600
2021-09-15,155.22000122070312,156.3800048828125,154.77999877929688,156.02000427246094,132.6683349609375,3702400
2021-09-16,155.38999938964844,156.1199951171875,153.80999755859375,155.55999755859375,132.27716064453125,4589900
2021-09-17,155.22999572753906,155.5,153.8300018310547,154.1300048828125,131.06118774414062,8127400
2021-09-20,153.89999389648438,154.9499969482422,152.4199981689453,153.61000061035156,130.61898803710938,5484600
2021-09-21,154.61000061035156,156.1199951171875,152.97000122070312,153.5399932861328,130.55947875976562,4479800
2021-09-22,154.6199951171875,155.08999633789062,153.4499969482422,154.00999450683594,130.95912170410156,3001000
2021-09-23,153.69000244140625,154.92999267578125,153.5399932861328,154.1300048828125,131.06118774414062,2712500
2021-09-24,153.75,154.6199951171875,153.5500030517578,154.1999969482422,131.12069702148438,2366100
2021-09-27,153.8000030517578,154.14999389648438,152.38999938964844,152.72000122070312,129.8622283935547,4482000
2021-09-28,152.3699951171875,152.5,150.10000610351562,151.0500030517578,128.442138671875,5910900
2021-09-29,151.33999633789062,153.1699981689453,150.69000244140625,152.3000030517578,129.50503540039062,3326500
2021-09-30,153.22000122070312,153.42999267578125,150.3699951171875,150.41000366210938,127.8979721069336,4949200
2021-10-01,151.35000610351562,151.61000061035156,149.52000427246094,150.9499969482422,128.3571319580078,4274300
2021-10-04,150.8800048828125,153.0,149.47999572753906,150.1999969482422,127.7193603515625,5404900
2021-10-05,151.36000061035156,152.38999938964844,150.07000732421875,151.08999633789062,128.4761962890625,6103100
2021-10-06,150.83999633789062,155.16000366210938,149.9600067138672,154.9600067138672,131.76693725585938,5499200
2021-10-07,155.52000427246094,157.75,155.52000427246094,156.38999938964844,132.98292541503906,4605100
2021-10-08,156.57000732421875,156.7100067138672,155.49000549316406,156.02999877929688,132.67678833007812,4186000
2021-10-11,156.38999938964844,157.22999572753906,155.66000366210938,156.24000549316406,132.8553924560547,2738100
2021-10-12,156.22000122070312,157.85000610351562,156.2100067138672,156.92999267578125,133.44210815429688,3195400
2021-10-13,157.4600067138672,158.0500030517578,156.02000427246094,157.99000549316406,134.3434295654297,3599900
2021-10-14,158.6199951171875,159.49000549316406,158.61000061035156,159.25999450683594,135.4233856201172,3677100
2021-10-15,159.66000366210938,159.66000366210938,157.50999450683594,158.80999755859375,135.0407257080078,4313000
2021-10-18,158.1999969482422,158.6999969482422,156.8000030517578,158.08999633789062,134.42849731445312,3274200
2021-10-19,158.63999938964844,160.16000366210938,157.5399932861328,160.10000610351562,136.13766479492188,3125800
2021-10-20,160.5800018310547,161.8800048828125,159.67999267578125,161.30999755859375,137.16653442382812,3716500
2021-10-21,161.38999938964844,161.42999267578125,158.97999572753906,159.17999267578125,135.35537719726562,4164700
2021-10-22,159.5800018310547,160.47000122070312,159.47000122070312,159.97000122070312,136.027099609375,3240300
2021-10-25,159.9499969482422,159.9499969482422,158.7899932861328,159.22000122070312,135.38934326171875,3281200
2021-10-26,159.1699981689453,161.39999389648438,159.10000610351562,161.1699981689453,137.0474853515625,3684700
2021-10-27,161.75,161.83999633789062,159.55999755859375,160.61000061035156,136.57131958007812,3751800
2021-10-28,160.85000610351562,161.72999572753906,160.47000122070312,161.6199951171875,137.4300994873047,3589600
2021-10-29,161.02999877929688,162.25999450683594,160.91000366210938,161.60000610351562,137.41314697265625,4558200
2021-11-01,161.1999969482422,161.5,160.17999267578125,161.25999450683594,137.12400817871094,3017100
2021-11-02,161.5500030517578,162.80999755859375,160.94000244140625,162.74000549316406,138.38250732421875,3464500
2021-11-03,162.14999389648438,164.38999938964844,162.14999389648438,164.3000030517578,139.70904541015625,3595000
2021-11-04,164.22000122070312,164.55999755859375,163.35000610351562,164.30999755859375,139.71754455566406,3310100
2021-11-05,165.5500030517578,166.42999267578125,164.52000427246094,166.0,141.154541015625,3754300
2021-11-08,165.80999755859375,166.10000610351562,161.14999389648438,162.42999267578125,138.118896484375,5766400
2021-11-09,162.30999755859375,163.86000061035156,162.0,163.50999450683594,139.03724670410156,3778600
2021-11-10,164.74000549316406,165.0,163.02999877929688,164.0399932861328,139.48793029785156,2683500
2021-11-11,163.97000122070312,163.97999572753906,162.5500030517578,162.69000244140625,138.33999633789062,2453000
2021-11-12,163.00999450683594,163.92999267578125,162.0800018310547,162.64999389648438,138.30599975585938,3540900
2021-11-15,162.50999450683594,163.8800048828125,162.49000549316406,163.8000030517578,139.28382873535156,3357100
2021-11-16,164.27000427246094,164.99000549316406,163.22999572753906,163.30999755859375,138.86720275878906,2899400
2021-11-17,162.6199951171875,163.6699981689453,162.0800018310547,163.3699951171875,138.918212890625,3332200
2021-11-18,162.80999755859375,163.52000427246094,161.75,163.4199981689453,138.96070861816406,3498900
2021-11-19,164.5,165.02999877929688,163.44000244140625,163.80999755859375,139.2923583984375,5242200
2021-11-22,163.1999969482422,166.8000030517578,163.17999267578125,164.14999389648438,139.58143615722656,4157200
2021-11-23,163.55999755859375,165.72000122070312,163.30999755859375,165.25,140.51686096191406,3878000
2021-11-24,165.08999633789062,165.5,162.5800018310547,163.74000549316406,139.23284912109375,3309500
2021-11-26,162.7100067138672,163.66000366210938,160.88999938964844,161.13999938964844,137.02198791503906,3402900
2021-11-29,162.6699981689453,164.5800018310547,161.13999938964844,164.13999938964844,139.57296752929688,5305800
2021-11-30,163.8300018310547,164.0,158.38999938964844,159.77999877929688,135.86553955078125,7610000
2021-12-01,162.47000122070312,163.25,160.0500030517578,160.16000366210938,136.18862915039062,5385600
2021-12-02,160.1300048828125,161.69000244140625,159.8300018310547,160.6199951171875,137.5027313232422,4619800
2021-12-03,161.47000122070312,164.8800048828125,161.33999633789062,164.7100067138672,141.0040740966797,6465900
2021-12-06,166.0500030517578,167.2899932861328,165.7899932861328,166.4199981689453,142.46798706054688,5403100
2021-12-07,166.4199981689453,166.9600067138672,165.66000366210938,166.22999572753906,142.3053436279297,5460100
2021-12-08,166.13999938964844,166.69000244140625,164.02999877929688,166.52000427246094,142.55355834960938,3891900
2021-12-09,165.9199981689453,166.8800048828125,164.85000610351562,166.30999755859375,142.37379455566406,3644500
2021-12-10,167.5399932861328,169.1199951171875,166.89999389648438,168.97000122070312,144.6509552001953,5025700
2021-12-13,168.92999267578125,171.25999450683594,168.0500030517578,169.80999755859375,145.3700408935547,5411800
2021-12-14,169.35000610351562,170.38999938964844,168.3000030517578,169.38999938964844,145.01048278808594,4985000
2021-12-15,169.77000427246094,171.77999877929688,169.4600067138672,171.57000732421875,146.87677001953125,5507800
2021-12-16,171.57000732421875,173.55999755859375,171.02000427246094,171.82000732421875,147.09080505371094,6909900
2021-12-17,171.11000061035156,172.3800048828125,168.0500030517578,168.3000030517578,144.07737731933594,10159600
2021-12-20,167.16000366210938,169.5,166.75,169.4199981689453,145.0361785888672,5263600
2021-12-21,169.22999572753906,169.60000610351562,167.77999877929688,168.9199981689453,144.60816955566406,3401400
2021-12-22,168.9600067138672,169.99000549316406,168.27000427246094,169.97000122070312,145.5070343017578,4362900
2021-12-23,169.97999572753906,170.6300048828125,169.25,169.77999877929688,145.3444061279297,3241700
2021-12-27,169.99000549316406,171.55999755859375,169.77000427246094,171.47000122070312,146.7911376953125,2868800
2021-12-28,171.4600067138672,172.7899932861328,171.1999969482422,172.36000061035156,147.55303955078125,2332100
2021-12-29,172.7899932861328,173.4600067138672,171.92999267578125,172.97000122070312,148.07525634765625,2299500
2021-12-30,173.5399932861328,173.6199951171875,172.22999572753906,172.6699981689453,147.81845092773438,1988900
2021-12-31,172.4600067138672,174.02000427246094,172.11000061035156,173.7100067138672,148.70872497558594,2914900
2022-01-03,172.1999969482422,173.19000244140625,170.57000732421875,172.97999572753906,148.0837860107422,5488900
2022-01-04,172.66000366210938,174.4499969482422,172.1999969482422,173.22999572753906,148.29783630371094,4717600
2022-01-05,173.36000061035156,175.36000061035156,173.22999572753906,173.82000732421875,148.80294799804688,6564600
2022-01-06,173.91000366210938,175.60000610351562,173.22999572753906,173.86000061035156,148.837158203125,4288700
2022-01-07,174.08999633789062,174.69000244140625,172.61000061035156,174.0800018310547,149.0255126953125,4916000
2022-01-10,174.44000244140625,175.83999633789062,173.6199951171875,174.1699981689453,149.1025390625,5055900
2022-01-11,173.67999267578125,174.22999572753906,171.6199951171875,174.08999633789062,149.03404235839844,6452300
2022-01-12,173.89999389648438,174.3300018310547,172.9499969482422,173.89999389648438,148.8714141845703,5268000
2022-01-13,173.7100067138672,174.69000244140625,173.24000549316406,174.17999267578125,149.11111450195312,4310300
2022-01-14,174.57000732421875,175.94000244140625,173.39999389648438,175.63999938964844,150.3610076904297,4474500
2022-01-18,173.6199951171875,174.75999450683594,173.14999389648438,173.9600067138672,148.92279052734375,5789500
2022-01-19,173.9600067138672,175.9600067138672,173.57000732421875,175.2100067138672,149.9928741455078,6424500
2022-01-20,175.41000366210938,176.8800048828125,173.83999633789062,173.94000244140625,148.9056396484375,6284200
2022-01-21,175.3300018310547,177.24000549316406,174.11000061035156,174.22000122070312,149.14535522460938,6753200
2022-01-24,175.49000549316406,176.5,168.9600067138672,173.3300018310547,148.38340759277344,9263900
2022-01-25,172.0800018310547,172.47999572753906,169.74000549316406,171.33999633789062,146.6798553466797,6536900
2022-01-26,169.36000061035156,171.80999755859375,166.4499969482422,169.52999877929688,145.13037109375,6841800
2022-01-27,170.77999877929688,173.27999877929688,168.77999877929688,169.3699951171875,144.9933624267578,6543500
2022-01-28,168.50999450683594,172.72999572753906,167.2100067138672,172.6699981689453,147.81845092773438,5796000
2022-01-31,170.77000427246094,174.11000061035156,170.58999633789062,173.52000427246094,148.5460968017578,5908000
2022-02-01,173.14999389648438,173.42999267578125,169.55999755859375,172.33999633789062,147.53591918945312,5952700
2022-02-02,172.75999450683594,175.63999938964844,172.57000732421875,175.47000122070312,150.21543884277344,5767000
2022-02-03,175.27000427246094,176.66000366210938,173.8300018310547,175.3699951171875,150.1298370361328,4632700
2022-02-04,173.10000610351562,174.88999938964844,171.19000244140625,172.49000549316406,147.66436767578125,4592400
2022-02-07,172.74000549316406,172.99000549316406,171.2100067138672,171.80999755859375,147.08221435546875,4813300
2022-02-08,172.6300048828125,172.63999938964844,170.30999755859375,172.02000427246094,147.26197814941406,3957700
2022-02-09,172.5,172.77999877929688,171.00999450683594,171.94000244140625,147.19351196289062,6780200
2022-02-10,168.66000366210938,171.4499969482422,167.3000030517578,168.3699951171875,144.13731384277344,7899800
2022-02-11,168.05999755859375,170.30999755859375,167.69000244140625,168.5800018310547,144.3170928955078,7299600
2022-02-14,169.4199981689453,169.67999267578125,165.10000610351562,166.6999969482422,142.70762634277344,6822500
2022-02-15,167.22000122070312,168.25,165.25999450683594,165.9600067138672,142.0741729736328,4943800
2022-02-16,165.6300048828125,167.1999969482422,164.5399932861328,166.3000030517578,142.36524963378906,4161700
2022-02-17,166.00999450683594,167.9499969482422,165.0,166.75,142.75045776367188,5156800
2022-02-18,167.11000061035156,168.24000549316406,166.22000122070312,167.7100067138672,143.5723114013672,5181600
2022-02-22,168.57000732421875,168.94000244140625,166.22999572753906,168.35000610351562,144.1201934814453,7733900
2022-02-23,169.1199951171875,169.1199951171875,166.52000427246094,166.69000244140625,142.6990966796875,5812800
2022-02-24,165.7100067138672,166.33999633789062,160.2899932861328,163.7899932861328,140.2164764404297,8888800
2022-02-25,164.4199981689453,168.4600067138672,164.25999450683594,168.3800048828125,144.14588928222656,6535600
2022-02-28,164.0399932861328,165.2100067138672,161.41000366210938,163.74000549316406,140.17369079589844,7677000
2022-03-01,163.07000732421875,164.39999389648438,161.3000030517578,162.27000427246094,138.91525268554688,5107900
2022-03-02,162.97999572753906,165.82000732421875,162.49000549316406,164.52000427246094,140.84144592285156,5452100
2022-03-03,163.97000122070312,165.19000244140625,162.8000030517578,163.27000427246094,140.69061279296875,5352200
2022-03-04,162.0,166.5,160.9199981689453,165.75,142.82765197753906,6340300
2022-03-07,164.07000732421875,165.14999389648438,162.1300048828125,162.4499969482422,139.9840087890625,6319500
2022-03-08,162.3800048828125,163.97000122070312,157.69000244140625,157.8699951171875,136.0373992919922,6163700
2022-03-09,159.80999755859375,160.05999755859375,156.39999389648438,157.39999389648438,135.63241577148438,5764900
2022-03-10,155.7899932861328,156.25,153.3699951171875,154.50999450683594,133.14208984375,6103700
2022-03-11,155.4499969482422,156.88999938964844,153.47999572753906,153.72999572753906,132.46994018554688,4762600
2022-03-14,155.14999389648438,157.8000030517578,154.5,155.88999938964844,134.33126831054688,6075600
2022-03-15,157.32000732421875,159.5,156.8300018310547,159.0,137.0111541748047,6203400
2022-03-16,158.41000366210938,159.99000549316406,157.0399932861328,159.6999969482422,137.6143341064453,6299000
2022-03-17,159.8300018310547,161.6300048828125,159.3000030517578,160.94000244140625,138.68284606933594,3587600
2022-03-18,161.3800048828125,162.92999267578125,160.05999755859375,162.7899932861328,140.27699279785156,12123000
2022-03-21,162.27000427246094,163.80999755859375,161.07000732421875,162.55999755859375,140.07882690429688,5122600
2022-03-22,162.83999633789062,164.77000427246094,162.22999572753906,164.33999633789062,141.6126251220703,5779200
2022-03-23,164.25,165.27999877929688,162.6300048828125,163.47999572753906,140.87156677246094,4533700
2022-03-24,164.05999755859375,164.72999572753906,163.27000427246094,164.47000122070312,141.72467041015625,3160300
2022-03-25,164.42999267578125,165.89999389648438,164.42999267578125,165.24000549316406,142.38819885253906,4146800
2022-03-28,165.10000610351562,165.77000427246094,163.7100067138672,165.72999572753906,142.81039428710938,4308000
2022-03-29,167.2899932861328,168.5800018310547,166.3699951171875,168.19000244140625,144.9302215576172,4440400
2022-03-30,168.10000610351562,168.24000549316406,166.1199951171875,167.9600067138672,144.73204040527344,3871500
2022-03-31,168.3699951171875,169.3000030517578,167.27000427246094,167.3800048828125,144.23223876953125,6076200
2022-04-01,167.88999938964844,169.92999267578125,167.3699951171875,169.75999450683594,146.2830810546875,3239600
2022-04-04,169.11000061035156,169.38999938964844,167.4499969482422,169.32000732421875,145.9039764404297,3759900
2022-04-05,168.32000732421875,171.3800048828125,168.32000732421875,169.5,146.05905151367188,4480700
2022-04-06,169.9199981689453,172.6999969482422,169.49000549316406,172.38999938964844,148.5493927001953,4294800
2022-04-07,172.02999877929688,173.27999877929688,170.77999877929688,172.5500030517578,148.68727111816406,5041600
2022-04-08,172.99000549316406,173.69000244140625,171.58999633789062,173.1300048828125,149.18707275390625,3883100
2022-04-11,173.61000061035156,174.97000122070312,172.32000732421875,172.60000610351562,148.73033142089844,3825100
2022-04-12,173.77999877929688,174.64999389648438,172.6300048828125,173.3000030517578,149.3335418701172,3924300
2022-04-13,173.5800018310547,173.82000732421875,171.72999572753906,173.0,149.07501220703125,4394000
2022-04-14,173.47999572753906,174.25999450683594,171.75999450683594,171.89999389648438,148.1271514892578,4834300
2022-04-18,171.22000122070312,172.30999755859375,169.9600067138672,170.4199981689453,146.8518524169922,3086000
2022-04-19,169.83999633789062,173.1699981689453,169.83999633789062,172.89999389648438,148.9888458251953,3642000
2022-04-20,173.72000122070312,175.97000122070312,173.72000122070312,175.47000122070312,151.20343017578125,4197600
2022-04-21,175.75999450683594,177.24000549316406,174.64999389648438,174.83999633789062,150.66055297851562,3701300
2022-04-22,174.99000549316406,175.27000427246094,171.94000244140625,172.14999389648438,148.3425750732422,5864000
2022-04-25,173.2100067138672,173.9199981689453,171.0,173.74000549316406,149.71267700195312,7369900
2022-04-26,173.97000122070312,175.35000610351562,172.72999572753906,173.3000030517578,149.3335418701172,7386600
2022-04-27,173.4199981689453,176.69000244140625,173.19000244140625,174.85000610351562,150.6691436767578,5180300
2022-04-28,174.52999877929688,177.6199951171875,173.82000732421875,177.5,152.9527130126953,5235800
2022-04-29,177.41000366210938,177.41000366210938,171.41000366210938,171.7100067138672,147.9634246826172,6505600
2022-05-02,173.0,173.4600067138672,165.27000427246094,167.75999450683594,144.5596466064453,7692100
2022-05-03,169.13999938964844,169.30999755859375,166.5800018310547,167.99000549316406,144.75790405273438,5564900
2022-05-04,167.61000061035156,174.1199951171875,167.61000061035156,173.86000061035156,149.8160858154297,6231500
2022-05-05,173.10000610351562,173.32000732421875,169.0800018310547,170.38999938964844,146.82595825195312,6534300
2022-05-06,169.24000549316406,170.8000030517578,168.72000122070312,170.41000366210938,146.84320068359375,5824600
2022-05-09,169.66000366210938,172.88999938964844,168.75999450683594,171.6999969482422,147.95480346679688,7269100
2022-05-10,173.1199951171875,174.5399932861328,170.75,171.49000549316406,147.77386474609375,5936700
2022-05-11,170.82000732421875,172.41000366210938,169.9199981689453,170.66000366210938,147.05860900878906,5376900
2022-05-12,171.25,171.99000549316406,168.16000366210938,170.39999389648438,146.83457946777344,6473500
2022-05-13,170.6999969482422,174.16000366210938,169.4600067138672,173.72000122070312,149.69546508789062,4714600
2022-05-16,173.7100067138672,176.3000030517578,173.4199981689453,175.47000122070312,151.20343017578125,5317200
2022-05-17,175.30999755859375,175.67999267578125,172.5800018310547,174.4600067138672,150.33311462402344,5012200
2022-05-18,173.69000244140625,173.8699951171875,162.9199981689453,163.64999389648438,141.01805114746094,8875400
2022-05-19,162.5,162.77999877929688,159.6699981689453,161.1999969482422,138.9069061279297,6423800
2022-05-20,162.24000549316406,163.05999755859375,159.6199951171875,162.2100067138672,139.77720642089844,5768800
2022-05-23,164.2100067138672,166.9499969482422,163.57000732421875,165.60000610351562,142.69839477539062,4657800
2022-05-24,166.02000427246094,168.25999450683594,165.16000366210938,167.82000732421875,144.61138916015625,6327600
2022-05-25,167.85000610351562,169.49000549316406,166.9600067138672,168.97000122070312,145.60235595703125,5781000
2022-05-26,168.9600067138672,171.08999633789062,168.9600067138672,170.11000061035156,146.584716796875,5193800
2022-05-27,171.25999450683594,171.80999755859375,170.1999969482422,171.77000427246094,148.01513671875,6713500
2022-05-31,170.97999572753906,170.97999572753906,165.3699951171875,167.75,144.55108642578125,13610000
2022-06-01,168.17999267578125,168.3800048828125,163.82000732421875,166.49000549316406,143.46533203125,5613900
2022-06-02,165.6199951171875,166.75,162.64999389648438,166.67999267578125,144.6280517578125,4677300
2022-06-03,165.86000061035156,166.58999633789062,164.36000061035156,164.85000610351562,143.04014587402344,4222000
2022-06-06,166.4600067138672,167.6199951171875,164.72999572753906,165.5399932861328,143.6388397216797,3447800
2022-06-07,165.67999267578125,166.86000061035156,164.22000122070312,166.55999755859375,144.52391052246094,4168300
2022-06-08,165.74000549316406,166.80999755859375,165.11000061035156,165.72999572753906,143.8037109375,2646800
2022-06-09,165.19000244140625,166.92999267578125,162.6699981689453,162.77999877929688,141.24398803710938,3522900
2022-06-10,160.97000122070312,163.9199981689453,159.4499969482422,162.52000427246094,141.01840209960938,5203300
2022-06-13,160.52999877929688,162.8699951171875,159.05999755859375,159.74000549316406,138.60621643066406,6300700
2022-06-14,160.0,160.0500030517578,154.86000061035156,156.1199951171875,135.465087890625,6159200
2022-06-15,157.9199981689453,159.83999633789062,155.92999267578125,157.7899932861328,136.9141845703125,5940100
2022-06-16,156.6300048828125,158.4600067138672,155.11000061035156,157.02999877929688,136.25474548339844,7207900
2022-06-17,157.02999877929688,158.99000549316406,156.1699981689453,157.05999755859375,136.28076171875,9881800
2022-06-21,158.1699981689453,160.9600067138672,157.35000610351562,160.7100067138672,139.44786071777344,4449600
2022-06-22,160.3300018310547,162.99000549316406,159.55999755859375,162.02999877929688,140.59326171875,4706500
2022-06-23,163.77999877929688,165.13999938964844,163.14999389648438,164.10000610351562,142.3893585205078,5810700
2022-06-24,165.63999938964844,166.19000244140625,163.94000244140625,166.1300048828125,144.1508026123047,5951500
2022-06-27,165.8699951171875,167.1300048828125,165.33999633789062,166.35000610351562,144.34169006347656,4595800
2022-06-28,167.14999389648438,168.4499969482422,163.85000610351562,164.00999450683594,142.3112335205078,4372900
2022-06-29,166.05999755859375,167.55999755859375,165.35000610351562,166.72999572753906,144.6714324951172,3653600
2022-06-30,167.1300048828125,167.5800018310547,165.6300048828125,166.66000366210938,144.61068725585938,6295100
2022-07-01,166.74000549316406,169.52000427246094,165.75999450683594,169.38999938964844,146.9794921875,3918700
2022-07-05,168.6300048828125,169.38999938964844,165.3300018310547,169.00999450683594,146.64979553222656,4971600
2022-07-06,170.0,171.9499969482422,169.47999572753906,170.6999969482422,148.11619567871094,4209100
2022-07-07,169.52000427246094,171.0399932861328,169.3800048828125,170.36000061035156,147.82113647460938,5150200
2022-07-08,170.57000732421875,172.6999969482422,170.5500030517578,171.8800048828125,149.1400909423828,3482900
2022-07-11,171.41000366210938,172.8000030517578,170.02000427246094,170.47000122070312,147.91661071777344,4921300
2022-07-12,173.0,173.32000732421875,168.8699951171875,169.5,147.07496643066406,5201600
2022-07-13,168.5399932861328,171.44000244140625,167.97999572753906,170.10000610351562,147.59556579589844,4533100
2022-07-14,168.2899932861328,171.16000366210938,167.6999969482422,170.97999572753906,148.35911560058594,4218300
2022-07-15,171.33999633789062,172.9199981689453,170.02000427246094,171.1199951171875,148.48057556152344,4659100
2022-07-18,171.14999389648438,171.24000549316406,167.85000610351562,168.25999450683594,145.9989776611328,3479700
2022-07-19,170.25,170.75,168.6300048828125,170.05999755859375,147.56085205078125,4201600
2022-07-20,170.0500030517578,170.57000732421875,167.4600067138672,168.25999450683594,145.9989776611328,3460700
2022-07-21,167.99000549316406,169.41000366210938,167.55999755859375,168.50999450683594,146.21591186523438,3088300
2022-07-22,169.13999938964844,170.57000732421875,168.49000549316406,169.61000061035156,147.17037963867188,3757800
2022-07-25,170.30999755859375,170.86000061035156,169.0399932861328,169.85000610351562,147.378662109375,3357200
2022-07-26,170.57000732421875,171.99000549316406,169.24000549316406,171.8300018310547,149.09666442871094,3732100
2022-07-27,170.49000549316406,171.9499969482422,169.05999755859375,171.58999633789062,148.888427734375,4479000
2022-07-28,171.8699951171875,175.1199951171875,171.19000244140625,174.83999633789062,151.7084503173828,3134200
2022-07-29,173.66000366210938,175.47999572753906,173.38999938964844,174.9600067138672,151.81260681152344,4215500
2022-08-01,174.5500030517578,177.69000244140625,174.5500030517578,176.9499969482422,153.53929138183594,4034600
2022-08-02,176.94000244140625,177.14999389648438,175.22000122070312,175.49000549316406,152.2724151611328,3781100
2022-08-03,175.0800018310547,177.05999755859375,174.24000549316406,176.8300018310547,153.43519592285156,4401300
2022-08-04,176.4199981689453,176.74000549316406,174.5800018310547,175.8699951171875,152.6021728515625,3822500
2022-08-05,174.38999938964844,174.6999969482422,172.39999389648438,174.5500030517578,151.45680236816406,3295600
2022-08-08,175.7899932861328,175.97000122070312,173.32000732421875,173.85000610351562,150.84945678710938,2846100
2022-08-09,174.7899932861328,175.22999572753906,173.9600067138672,174.5,151.41343688964844,3228800
2022-08-10,175.80999755859375,176.42999267578125,174.72000122070312,175.94000244140625,152.66293334960938,4041100
2022-08-11,176.36000061035156,177.1199951171875,174.6699981689453,175.0399932861328,151.88197326660156,2743800
2022-08-12,175.92999267578125,177.3800048828125,175.3800048828125,177.3300018310547,153.8690185546875,3756200
2022-08-15,177.77000427246094,179.36000061035156,176.8000030517578,179.27999877929688,155.56105041503906,3043100
2022-08-16,179.77999877929688,180.6999969482422,178.63999938964844,180.32000732421875,156.4634552001953,3395700
2022-08-17,180.10000610351562,181.07000732421875,179.72000122070312,180.22000122070312,156.37667846679688,2666200
2022-08-18,180.82000732421875,180.92999267578125,179.94000244140625,180.39999389648438,156.53286743164062,3010600
2022-08-19,179.75999450683594,181.00999450683594,179.32000732421875,180.1699981689453,156.33326721191406,3704000
2022-08-22,180.13999938964844,180.47000122070312,178.02000427246094,178.4499969482422,154.84085083007812,3385000
2022-08-23,177.82000732421875,178.86000061035156,177.2899932861328,178.3699951171875,154.7714385986328,2575000
2022-08-24,178.3699951171875,179.5,178.11000061035156,179.25999450683594,155.54368591308594,3340600
2022-08-25,179.02999877929688,179.35000610351562,177.38999938964844,179.27000427246094,155.5523681640625,3401800
2022-08-26,179.9600067138672,179.97999572753906,174.6699981689453,175.0399932861328,151.88197326660156,5246600
2022-08-29,174.5500030517578,175.2899932861328,173.2100067138672,174.49000549316406,151.4047393798828,4184500
2022-08-30,174.33999633789062,174.69000244140625,172.3300018310547,172.99000549316406,150.1031951904297,4026300
2022-08-31,173.80999755859375,174.41000366210938,172.1999969482422,172.27000427246094,149.47848510742188,5597900
2022-09-01,170.9199981689453,172.97999572753906,170.24000549316406,172.85000610351562,150.98968505859375,4846100
2022-09-02,173.72000122070312,174.97000122070312,169.88999938964844,170.66000366210938,149.07662963867188,5801500
2022-09-06,170.97999572753906,172.58999633789062,169.1300048828125,169.50999450683594,148.07208251953125,4900100
2022-09-07,170.6199951171875,173.77999877929688,169.92999267578125,173.25,151.33908081054688,6074600
2022-09-08,172.77999877929688,173.42999267578125,170.55999755859375,172.6699981689453,150.83242797851562,3888100
2022-09-09,172.64999389648438,174.5500030517578,171.6699981689453,173.22000122070312,151.3129119873047,3662000
2022-09-12,173.22000122070312,174.44000244140625,172.75,173.89999389648438,151.90687561035156,5953300
2022-09-13,172.5,172.8300018310547,166.9499969482422,167.41000366210938,146.23765563964844,6926200
2022-09-14,168.1199951171875,169.19000244140625,167.57000732421875,168.67999267578125,147.3470458984375,5156900
2022-09-15,168.52999877929688,168.55999755859375,165.33999633789062,165.8800048828125,144.9011688232422,5461000
2022-09-16,166.36000061035156,167.1699981689453,165.25,166.97000122070312,145.8533477783203,12012600
2022-09-19,167.05999755859375,168.80999755859375,166.5,168.72999572753906,147.3907012939453,3720900
2022-09-20,167.5800018310547,169.14999389648438,166.86000061035156,168.9199981689453,147.55670166015625,3872000
2022-09-21,169.8800048828125,172.02999877929688,168.33999633789062,168.44000244140625,147.1374053955078,5134500
2022-09-22,168.39999389648438,169.88999938964844,168.0500030517578,168.60000610351562,147.27720642089844,4290600
2022-09-23,168.38999938964844,168.75,166.52999877929688,168.52000427246094,147.20729064941406,4565100
2022-09-26,168.3300018310547,170.00999450683594,167.52999877929688,168.4499969482422,147.1461639404297,5326400
2022-09-27,168.24000549316406,170.0,165.24000549316406,166.00999450683594,145.01475524902344,5400700
2022-09-28,166.91000366210938,169.6199951171875,165.24000549316406,168.6699981689453,147.33831787109375,5480900
2022-09-29,168.8000030517578,169.13999938964844,165.0,166.61000061035156,145.5388641357422,5167700
2022-09-30,167.69000244140625,168.24000549316406,163.00999450683594,163.25999450683594,142.61251831054688,5971900
2022-10-03,163.52000427246094,165.69000244140625,163.02000427246094,165.25,144.35086059570312,5093400
2022-10-04,167.38999938964844,168.72999572753906,165.5500030517578,167.11000061035156,145.97561645507812,4596800
2022-10-05,166.97000122070312,167.08999633789062,163.72999572753906,166.0,145.00601196289062,3538600
2022-10-06,165.7899932861328,166.02000427246094,162.5,162.8000030517578,142.21067810058594,4623400
2022-10-07,162.3000030517578,163.00999450683594,160.97999572753906,161.61000061035156,141.17120361328125,4779200
2022-10-10,161.99000549316406,163.0399932861328,161.19000244140625,161.82000732421875,141.35464477539062,4839200
2022-10-11,162.24000549316406,164.27000427246094,161.55999755859375,162.58999633789062,142.02728271484375,5222600
2022-10-12,168.72999572753906,170.6999969482422,166.60000610351562,169.38999938964844,147.96726989746094,9795300
2022-10-13,167.10000610351562,175.0399932861328,166.82000732421875,174.61000061035156,152.527099609375,8412700
2022-10-14,175.97999572753906,176.25999450683594,169.99000549316406,170.19000244140625,148.6660919189453,5937900
2022-10-17,172.27000427246094,173.58999633789062,171.07000732421875,172.72999572753906,150.8848419189453,6401800
2022-10-18,174.82000732421875,176.91000366210938,173.41000366210938,175.05999755859375,152.92018127441406,4547400
2022-10-19,174.82000732421875,175.83999633789062,172.3300018310547,173.36000061035156,151.4351806640625,5200200
2022-10-20,174.1999969482422,174.36000061035156,171.11000061035156,171.4600067138672,149.7754669189453,4314000
2022-10-21,171.1999969482422,173.69000244140625,170.5800018310547,173.05999755859375,151.1731414794922,5071500
2022-10-24,174.80999755859375,177.97999572753906,174.6699981689453,177.67999267578125,155.20883178710938,5316500
2022-10-25,178.1199951171875,178.8699951171875,176.61000061035156,178.27000427246094,155.72421264648438,5220000
2022-10-26,179.25999450683594,180.89999389648438,178.32000732421875,179.07000732421875,156.42303466796875,5136000
2022-10-27,180.3699951171875,180.92999267578125,178.57000732421875,178.8800048828125,156.25704956054688,5424100
2022-10-28,179.6999969482422,182.92999267578125,179.47999572753906,182.22999572753906,159.18336486816406,6715300
2022-10-31,181.17999267578125,182.97999572753906,180.5399932861328,181.5800018310547,158.61558532714844,4877200
2022-11-01,180.94000244140625,182.80999755859375,179.88999938964844,180.75999450683594,157.89927673339844,4084500
2022-11-02,180.77999877929688,183.5800018310547,178.1699981689453,178.24000549316406,155.69801330566406,4970600
2022-11-03,176.77999877929688,178.89999389648438,176.52999877929688,177.77999877929688,155.29617309570312,3753800
2022-11-04,177.9199981689453,179.7899932861328,176.52999877929688,178.77999877929688,156.169677734375,3922400
2022-11-07,179.52000427246094,180.6199951171875,178.8300018310547,180.2100067138672,157.4188232421875,3246100
2022-11-08,180.44000244140625,182.11000061035156,178.8000030517578,180.7100067138672,157.85560607910156,3724700
2022-11-09,179.9499969482422,181.07000732421875,178.39999389648438,178.5500030517578,155.9687957763672,4723600
2022-11-10,182.64999389648438,182.9199981689453,178.55999755859375,181.6999969482422,158.72042846679688,6704100
2022-11-11,181.1300048828125,181.69000244140625,175.44000244140625,178.0500030517578,155.53204345703125,7390500
2022-11-14,178.6699981689453,179.17999267578125,176.5,176.72999572753906,154.3789825439453,5633000
2022-11-15,178.0399932861328,178.6999969482422,175.4199981689453,177.19000244140625,154.78079223632812,5153600
2022-11-16,178.3000030517578,179.6300048828125,177.72000122070312,178.3300018310547,155.776611328125,4701100
2022-11-17,177.49000549316406,180.16000366210938,177.42999267578125,180.02999877929688,157.26161193847656,3920300
2022-11-18,180.2100067138672,181.83999633789062,180.02000427246094,181.3300018310547,158.39723205566406,4498100
2022-11-21,182.27000427246094,185.1300048828125,182.08999633789062,184.82000732421875,161.44581604003906,4397600
2022-11-22,185.80999755859375,186.6199951171875,184.3699951171875,184.83999633789062,161.46331787109375,4109600
2022-11-23,185.0,186.0800018310547,184.5,185.0800018310547,161.67294311523438,2511000
2022-11-25,184.5800018310547,185.0,183.94000244140625,184.11000061035156,160.82557678222656,1837000
2022-11-28,184.39999389648438,185.49000549316406,183.50999450683594,183.88999938964844,160.63345336914062,6411400
2022-11-29,183.3000030517578,183.4199981689453,181.02000427246094,182.58999633789062,159.4978485107422,4375400
2022-11-30,181.89999389648438,185.6999969482422,180.24000549316406,185.50999450683594,162.04856872558594,7915600
2022-12-01,185.47999572753906,186.3300018310547,184.16000366210938,185.89999389648438,163.4021759033203,4683300
2022-12-02,184.0,186.30999755859375,183.83999633789062,185.69000244140625,163.21762084960938,3547700
2022-12-05,183.42999267578125,183.94000244140625,182.32000732421875,183.1199951171875,160.95860290527344,4083200
2022-12-06,183.75,184.2899932861328,180.6999969482422,181.6300048828125,159.64894104003906,5835100
2022-12-07,181.80999755859375,182.4499969482422,180.69000244140625,182.17999267578125,160.1324005126953,4241700
2022-12-08,181.80999755859375,183.97999572753906,181.25999450683594,183.77999877929688,161.5387420654297,3800800
2022-12-09,184.2100067138672,184.2100067138672,183.0500030517578,183.10000610351562,160.9410400390625,3116100
2022-12-12,184.17999267578125,184.17999267578125,182.36000061035156,183.97000122070312,161.70574951171875,4691400
2022-12-13,186.47999572753906,186.83999633789062,182.94000244140625,183.8699951171875,161.61785888671875,5634900
2022-12-14,184.07000732421875,185.8800048828125,182.1300048828125,183.36000061035156,161.16958618164062,5392500
2022-12-15,181.97999572753906,182.7100067138672,178.38999938964844,180.25,158.4359588623047,6127800
2022-12-16,180.0800018310547,181.19000244140625,178.47999572753906,180.33999633789062,158.5150604248047,15708100
2022-12-19,180.86000061035156,183.47000122070312,180.35000610351562,181.33999633789062,159.39405822753906,4447800
2022-12-20,181.82000732421875,182.25,180.63999938964844,181.22999572753906,159.29736328125,3249000
2022-12-21,181.5500030517578,183.67999267578125,181.39999389648438,182.5,160.4136505126953,4236900
2022-12-22,181.86000061035156,182.0500030517578,178.9199981689453,181.08999633789062,159.17428588867188,4304700
2022-12-23,180.91000366210938,182.5500030517578,180.4499969482422,182.25999450683594,160.20269775390625,2197800
2022-12-27,183.27999877929688,183.61000061035156,182.27000427246094,183.07000732421875,160.91470336914062,3045000
2022-12-28,184.10000610351562,184.5399932861328,181.63999938964844,181.75,159.75442504882812,2694300
2022-12-29,181.9199981689453,182.86000061035156,181.88999938964844,181.97999572753906,159.95660400390625,2549200
2022-12-30,181.3800048828125,181.9600067138672,179.2899932861328,180.66000366210938,158.79635620117188,3136200
2023-01-03,180.58999633789062,180.75,176.57000732421875,179.41000366210938,157.6976318359375,5137400
2023-01-04,179.41000366210938,180.5399932861328,177.5500030517578,178.97000122070312,157.3108673095703,4771300
2023-01-05,177.9600067138672,178.77000427246094,176.86000061035156,177.10000610351562,155.66717529296875,3647100
2023-01-06,178.80999755859375,181.8300018310547,178.8000030517578,181.10000610351562,159.18309020996094,3713200
2023-01-09,180.44000244140625,182.77000427246094,178.80999755859375,179.3300018310547,157.62730407714844,3319200
2023-01-10,178.7899932861328,179.52999877929688,177.08999633789062,177.85000610351562,156.32640075683594,3817300
2023-01-11,179.38999938964844,179.7100067138672,175.67999267578125,178.0500030517578,156.502197265625,4369900
2023-01-12,177.66000366210938,178.3699951171875,175.32000732421875,175.77999877929688,154.50692749023438,4246600
2023-01-13,175.39999389648438,175.72999572753906,174.1699981689453,175.24000549316406,154.03228759765625,4720400
2023-01-17,176.14999389648438,177.5500030517578,175.49000549316406,176.05999755859375,154.75303649902344,5032600
2023-01-18,175.24000549316406,175.74000549316406,171.3300018310547,171.6199951171875,150.85032653808594,5032600
2023-01-19,171.27999877929688,172.1699981689453,169.47999572753906,169.6300048828125,149.10122680664062,4720400
2023-01-20,168.9499969482422,169.88999938964844,167.4600067138672,169.8800048828125,149.32093811035156,5779100
2023-01-23,170.00999450683594,170.75999450683594,168.72000122070312,169.1199951171875,148.65292358398438,5440400
2023-01-24,169.61000061035156,170.8699951171875,168.4499969482422,170.69000244140625,150.0329132080078,4125600
2023-01-25,170.33999633789062,171.97999572753906,169.33999633789062,171.92999267578125,151.1228790283203,3852800
2023-01-26,171.63999938964844,171.6699981689453,170.0399932861328,170.22000122070312,149.61981201171875,4558400
2023-01-27,169.77000427246094,170.22999572753906,168.5800018310547,169.6199951171875,149.09242248535156,5451400
2023-01-30,169.77999877929688,171.4600067138672,169.13999938964844,169.47999572753906,148.9693603515625,5191500
2023-01-31,170.1999969482422,171.07000732421875,169.32000732421875,171.02000427246094,150.322998046875,4665500
2023-02-01,170.8800048828125,172.32000732421875,169.50999450683594,171.55999755859375,150.79763793945312,4147700
2023-02-02,169.4600067138672,170.55999755859375,168.50999450683594,169.97000122070312,149.40008544921875,5653800
2023-02-03,170.9600067138672,171.2899932861328,167.0500030517578,169.1199951171875,148.65292358398438,5308200
2023-02-06,169.74000549316406,172.3800048828125,169.58999633789062,171.82000732421875,151.02618408203125,5640000
2023-02-07,170.2899932861328,172.02999877929688,169.25999450683594,171.55999755859375,150.79763793945312,6044700
2023-02-08,171.0,171.3300018310547,170.24000549316406,171.16000366210938,150.446044921875,5687300
2023-02-09,175.32000732421875,176.49000549316406,172.0399932861328,172.77999877929688,151.86997985839844,9619400
2023-02-10,173.1199951171875,176.58999633789062,172.64999389648438,176.1999969482422,154.87608337402344,6176000
2023-02-13,176.25999450683594,178.22999572753906,176.0399932861328,177.77000427246094,156.25607299804688,5205100
2023-02-14,177.10000610351562,177.25,174.7899932861328,175.77000427246094,154.49815368652344,5203000
2023-02-15,175.0,176.0500030517578,174.58999633789062,176.00999450683594,154.70909118652344,4125500
2023-02-16,174.74000549316406,176.89999389648438,174.5399932861328,175.50999450683594,154.2695770263672,4973200
2023-02-17,175.16000366210938,176.4199981689453,174.8300018310547,176.27999877929688,154.94642639160156,3952100
2023-02-21,175.5800018310547,177.41000366210938,174.6699981689453,176.17999267578125,154.8585205078125,5797300
2023-02-22,176.72000122070312,177.42999267578125,175.77000427246094,176.1199951171875,154.80575561523438,5299500
2023-02-23,176.66000366210938,176.99000549316406,174.99000549316406,176.30999755859375,154.9727783203125,3801400
2023-02-24,175.4600067138672,176.3300018310547,174.2899932861328,175.9600067138672,154.6651611328125,2959100
2023-02-27,176.97000122070312,177.25,175.64999389648438,175.91000366210938,154.62118530273438,3208500
2023-02-28,174.8800048828125,175.05999755859375,173.1999969482422,173.52999877929688,152.52920532226562,4317100
2023-03-01,172.32000732421875,172.4600067138672,169.1199951171875,171.3300018310547,150.595458984375,5359100
2023-03-02,170.50999450683594,173.75999450683594,169.77999877929688,173.32000732421875,153.37413024902344,4476300
2023-03-03,173.0,173.4499969482422,171.3300018310547,173.14999389648438,153.22366333007812,3627100
2023-03-06,172.22000122070312,173.66000366210938,172.22000122070312,173.5,153.5334014892578,3611400
2023-03-07,173.6699981689453,174.25999450683594,171.8699951171875,172.63999938964844,152.77236938476562,4094900
2023-03-08,172.67999267578125,173.36000061035156,171.77999877929688,173.11000061035156,153.18829345703125,2920200
2023-03-09,173.6199951171875,174.36000061035156,171.1999969482422,171.8000030517578,152.02903747558594,4042100
2023-03-10,172.52999877929688,174.24000549316406,170.9600067138672,172.02999877929688,152.2325439453125,4129900
2023-03-13,172.75999450683594,177.22999572753906,172.61000061035156,173.7100067138672,153.71925354003906,8265100
2023-03-14,172.49000549316406,173.80999755859375,171.57000732421875,173.52999877929688,153.55995178222656,6480800
2023-03-15,173.52999877929688,176.66000366210938,173.19000244140625,176.6300048828125,156.30322265625,7099800
2023-03-16,176.61000061035156,177.0,175.32000732421875,176.50999450683594,156.19700622558594,4734400
2023-03-17,176.50999450683594,176.69000244140625,174.22999572753906,175.1300048828125,154.97581481933594,8854600
2023-03-20,176.5,177.67999267578125,175.50999450683594,177.58999633789062,157.1527099609375,4367000
2023-03-21,177.66000366210938,178.1699981689453,176.27999877929688,178.00999450683594,157.52438354492188,3812000
2023-03-22,177.83999633789062,179.3699951171875,176.4199981689453,176.50999450683594,156.19700622558594,4380800
2023-03-23,176.05999755859375,177.22000122070312,175.02000427246094,175.64999389648438,155.43597412109375,4655600
2023-03-24,176.52999877929688,179.33999633789062,176.38999938964844,179.08999633789062,158.48007202148438,3713800
2023-03-27,179.5800018310547,180.64999389648438,179.30999755859375,179.49000549316406,158.8340606689453,4078600
2023-03-28,179.3300018310547,180.4600067138672,179.3300018310547,179.42999267578125,158.7809600830078,2850000
2023-03-29,180.64999389648438,180.91000366210938,179.99000549316406,180.6699981689453,159.87826538085938,4496000
2023-03-30,181.0,181.3300018310547,180.0800018310547,180.8300018310547,160.0198516845703,2743000
2023-03-31,182.16000366210938,182.49000549316406,181.32000732421875,182.3000030517578,161.32066345214844,4479800
2023-04-03,181.89999389648438,182.75999450683594,180.39999389648438,182.5,161.49765014648438,3902300
2023-04-04,182.17999267578125,183.36000061035156,181.10000610351562,181.85000610351562,160.92251586914062,3306400
2023-04-05,183.25,184.9600067138672,183.05999755859375,183.63999938964844,162.5064697265625,3826300
2023-04-06,183.3000030517578,184.74000549316406,183.10000610351562,184.36000061035156,163.1436309814453,3389700
2023-04-10,183.8300018310547,183.89999389648438,181.69000244140625,183.1999969482422,162.11709594726562,2408100
2023-04-11,183.4199981689453,183.8800048828125,182.75999450683594,182.9199981689453,161.86932373046875,3586700
2023-04-12,182.69000244140625,183.77999877929688,182.25,182.55999755859375,161.55072021484375,3620900
2023-04-13,182.6199951171875,184.61000061035156,182.11000061035156,184.3800048828125,163.1613311767578,4303600
2023-04-14,183.33999633789062,184.02000427246094,182.9199981689453,183.50999450683594,162.39146423339844,2572900
2023-04-17,184.19000244140625,184.75,183.47999572753906,184.4499969482422,163.22325134277344,3224400
2023-04-18,184.77000427246094,185.22000122070312,183.74000549316406,184.8300018310547,163.5595245361328,2438600
2023-04-19,185.24000549316406,185.32000732421875,184.25999450683594,184.72000122070312,163.46218872070312,2209900
2023-04-20,184.83999633789062,186.0399932861328,184.1999969482422,185.3300018310547,164.0019989013672,3868200
2023-04-21,185.99000549316406,186.3800048828125,185.1300048828125,185.41000366210938,164.0727996826172,3781800
2023-04-24,186.5,186.57000732421875,185.02000427246094,185.5,164.15243530273438,3540200
2023-04-25,186.55999755859375,190.17999267578125,186.24000549316406,189.7100067138672,167.87796020507812,6231600
2023-04-26,188.47999572753906,189.4199981689453,187.8699951171875,188.5399932861328,166.84255981445312,4481700
2023-04-27,188.17999267578125,189.9499969482422,187.50999450683594,189.69000244140625,167.8602294921875,4574500
2023-04-28,189.89999389648438,191.6199951171875,189.63999938964844,190.88999938964844,168.92214965820312,4608900
2023-05-01,190.4499969482422,192.3300018310547,190.27999877929688,191.67999267578125,169.6212158203125,3137800
2023-05-02,191.36000061035156,192.5,189.75,192.25,170.12562561035156,3712200
2023-05-03,192.5800018310547,193.25,191.77999877929688,192.17999267578125,170.06365966796875,3389600
2023-05-04,193.0800018310547,193.9499969482422,192.16000366210938,193.3800048828125,171.12559509277344,4267600
2023-05-05,192.82000732421875,194.47999572753906,192.38999938964844,194.27000427246094,171.9131622314453,4146500
2023-05-08,193.39999389648438,194.0,192.64999389648438,193.35000610351562,171.09906005859375,2249900
2023-05-09,193.86000061035156,194.6699981689453,192.7100067138672,194.13999938964844,171.79812622070312,3087600
2023-05-10,194.11000061035156,195.5800018310547,192.6699981689453,194.27000427246094,171.9131622314453,4352900
2023-05-11,194.27999877929688,195.52000427246094,193.0,195.33999633789062,172.86001586914062,3690200
2023-05-12,195.33999633789062,196.22000122070312,194.9499969482422,196.1199951171875,173.55026245117188,2741000
2023-05-15,196.57000732421875,196.8800048828125,194.0,194.27000427246094,171.9131622314453,2946400
2023-05-16,194.47999572753906,194.47999572753906,192.5399932861328,193.42999267578125,171.16983032226562,5803100
2023-05-17,193.30999755859375,193.58999633789062,190.83999633789062,192.05999755859375,169.95750427246094,4878800
2023-05-18,191.32000732421875,191.7100067138672,190.41000366210938,191.55999755859375,169.51502990722656,3709400
2023-05-19,192.4600067138672,192.86000061035156,191.10000610351562,191.83999633789062,169.7628173828125,3883000
2023-05-22,191.19000244140625,191.38999938964844,186.41000366210938,186.63999938964844,165.16123962402344,5787000
2023-05-23,186.49000549316406,186.6300048828125,184.58999633789062,186.07000732421875,164.65682983398438,6382300
2023-05-24,186.27000427246094,186.74000549316406,184.3699951171875,184.88999938964844,163.61260986328125,3721000
2023-05-25,182.6999969482422,184.22000122070312,181.9499969482422,183.8000030517578,162.6480712890625,4712700
2023-05-26,183.7100067138672,184.25,182.39999389648438,183.5800018310547,162.45338439941406,4449300
2023-05-30,182.05999755859375,183.08999633789062,180.6999969482422,181.61000061035156,160.71009826660156,4331800
2023-05-31,182.86000061035156,184.6199951171875,181.4600067138672,182.35000610351562,161.36497497558594,20414600
2023-06-01,182.4199981689453,182.69000244140625,180.8000030517578,182.19000244140625,162.34959411621094,5277400
2023-06-02,182.02000427246094,184.2899932861328,181.6999969482422,184.05999755859375,164.0159454345703,4288300
2023-06-05,183.85000610351562,186.1699981689453,183.61000061035156,184.19000244140625,164.1317901611328,4311700
2023-06-06,184.97999572753906,185.1199951171875,180.42999267578125,181.55999755859375,161.78817749023438,3975600
2023-06-07,180.7100067138672,181.74000549316406,179.6999969482422,180.11000061035156,160.49607849121094,5162700
2023-06-08,179.6999969482422,182.3000030517578,179.3300018310547,182.10000610351562,162.2694091796875,4036100
2023-06-09,181.7100067138672,182.8300018310547,181.0,182.35000610351562,162.49220275878906,3200100
2023-06-12,182.49000549316406,182.72999572753906,180.69000244140625,181.89999389648438,162.09117126464844,4207100
2023-06-13,182.1300048828125,182.19000244140625,181.0800018310547,181.5399932861328,161.77040100097656,2838700
2023-06-14,182.0,183.64999389648438,181.44000244140625,183.1699981689453,163.22286987304688,3559300
2023-06-15,184.25999450683594,186.1699981689453,183.52000427246094,185.7100067138672,165.4862518310547,4326100
2023-06-16,186.13999938964844,187.58999633789062,185.6999969482422,186.0399932861328,165.78030395507812,8925700
2023-06-20,186.5399932861328,187.8699951171875,185.24000549316406,185.30999755859375,165.12982177734375,4154800
2023-06-21,185.72000122070312,186.8800048828125,184.19000244140625,185.42999267578125,165.2367706298828,3832400
2023-06-22,186.72999572753906,187.5800018310547,185.8699951171875,187.35000610351562,166.9476776123047,3185800
2023-06-23,188.0,188.0,185.9499969482422,186.07000732421875,165.80709838867188,7592600
2023-06-26,186.16000366210938,186.42999267578125,184.1199951171875,184.88999938964844,164.75555419921875,3706100
2023-06-27,184.6699981689453,186.61000061035156,183.9600067138672,186.22000122070312,165.94073486328125,5763000
2023-06-28,186.25,186.74000549316406,183.3800048828125,183.6999969482422,163.69515991210938,5193900
2023-06-29,183.25,183.88999938964844,181.38999938964844,183.8800048828125,163.85557556152344,5770400
2023-06-30,184.0399932861328,185.52000427246094,183.8800048828125,185.22000122070312,165.0496368408203,7635100
2023-07-03,184.3000030517578,185.63999938964844,183.47000122070312,185.60000610351562,165.3882598876953,2389000
2023-07-05,185.0,186.69000244140625,184.97000122070312,186.5800018310547,166.26150512695312,5277100
2023-07-06,185.80999755859375,186.75,184.88999938964844,186.60000610351562,166.2793426513672,5592100
2023-07-07,185.82000732421875,185.8800048828125,183.02999877929688,183.0800018310547,163.14266967773438,6309900
2023-07-10,184.07000732421875,185.91000366210938,183.77999877929688,184.3000030517578,164.22982788085938,5508800
2023-07-11,184.3800048828125,184.72999572753906,182.4199981689453,183.97999572753906,163.94467163085938,3914300
2023-07-12,183.97999572753906,184.61000061035156,182.97999572753906,183.1699981689453,163.22286987304688,6080100
2023-07-13,185.8000030517578,188.05999755859375,183.25999450683594,187.52999877929688,167.1080780029297,8223100
2023-07-14,187.86000061035156,188.6300048828125,187.08999633789062,188.2100067138672,167.71405029296875,4467600
2023-07-17,186.33999633789062,187.00999450683594,185.4199981689453,185.6300048828125,165.41494750976562,5637400
2023-07-18,185.44000244140625,186.82000732421875,183.82000732421875,184.4499969482422,164.3634796142578,5684100
2023-07-19,185.0,186.60000610351562,184.4199981689453,186.25999450683594,165.97637939453125,4140800
2023-07-20,187.5,189.99000549316406,186.80999755859375,189.3000030517578,168.685302734375,5056500
2023-07-21,190.11000061035156,191.47000122070312,189.3000030517578,190.16000366210938,169.45164489746094,15022100
2023-07-24,190.58999633789062,191.42999267578125,190.13999938964844,190.9199981689453,170.12890625,4225800
2023-07-25,190.41000366210938,192.00999450683594,190.05999755859375,191.36000061035156,170.52099609375,3521600
2023-07-26,191.1199951171875,192.3800048828125,190.05999755859375,191.60000610351562,170.73484802246094,3898900
2023-07-27,192.0,192.2899932861328,188.39999389648438,188.52999877929688,167.99920654296875,4141800
2023-07-28,190.13999938964844,191.3699951171875,189.7899932861328,190.30999755859375,169.58535766601562,5602300
2023-07-31,189.4499969482422,189.58999633789062,186.85000610351562,187.4600067138672,167.0457305908203,5687700
2023-08-01,187.49000549316406,188.60000610351562,186.39999389648438,186.82000732421875,166.4754180908203,2853900
2023-08-02,186.58999633789062,189.97000122070312,186.39999389648438,188.30999755859375,167.80311584472656,4285900
2023-08-03,188.1699981689453,189.22000122070312,186.97000122070312,187.1199951171875,166.74270629882812,2857400
2023-08-04,187.1199951171875,188.00999450683594,184.35000610351562,184.60000610351562,164.4971466064453,4651100
2023-08-07,185.27999877929688,187.2100067138672,185.10000610351562,186.88999938964844,166.53773498535156,3323400
2023-08-08,187.1999969482422,187.47999572753906,184.02999877929688,184.44000244140625,164.3545684814453,5017900
2023-08-09,183.8800048828125,185.0,182.6300048828125,183.97999572753906,163.94467163085938,4413100
2023-08-10,184.22000122070312,185.58999633789062,183.52999877929688,183.75,163.73974609375,3727200
2023-08-11,184.0,184.27999877929688,183.27999877929688,184.0399932861328,163.9981231689453,2873800
2023-08-14,184.38999938964844,184.86000061035156,183.1300048828125,183.6199951171875,163.6238555908203,3385600
2023-08-15,183.14999389648438,183.4600067138672,181.1300048828125,181.35000610351562,161.60107421875,3331800
2023-08-16,181.60000610351562,182.9499969482422,180.9499969482422,181.2100067138672,161.476318359375,2633700
2023-08-17,181.2100067138672,181.41000366210938,178.32000732421875,178.4499969482422,159.01686096191406,4503000
2023-08-18,178.4600067138672,179.5500030517578,177.27000427246094,178.17999267578125,158.77627563476562,6020300
2023-08-21,177.72999572753906,177.9600067138672,176.22999572753906,177.0500030517578,157.76930236816406,4284100
2023-08-22,176.17999267578125,176.82000732421875,175.30999755859375,175.6999969482422,156.5663604736328,3489300
2023-08-23,177.25,178.27999877929688,176.3699951171875,178.1199951171875,158.72279357910156,4042700
2023-08-24,178.00999450683594,180.44000244140625,177.10000610351562,177.17999267578125,157.88519287109375,5709800
2023-08-25,178.05999755859375,179.7100067138672,177.83999633789062,179.4199981689453,159.88124084472656,4710700
2023-08-28,180.82000732421875,181.17999267578125,179.33999633789062,180.25,160.62086486816406,3189800
2023-08-29,180.3000030517578,181.22000122070312,179.02000427246094,180.92999267578125,161.226806640625,4368600
2023-08-30,181.4600067138672,182.25999450683594,180.72000122070312,181.0800018310547,161.3604736328125,3153400
2023-08-31,179.33999633789062,179.6300048828125,177.86000061035156,177.9199981689453,159.6599578857422,5566700
2023-09-01,178.72999572753906,178.80999755859375,174.63999938964844,175.32000732421875,157.3267822265625,4801400
2023-09-05,175.27000427246094,175.8800048828125,173.64999389648438,174.16000366210938,156.28585815429688,5081800
2023-09-06,174.9199981689453,174.99000549316406,173.47999572753906,174.72999572753906,156.7973175048828,5933800
2023-09-07,175.85000610351562,177.05999755859375,175.2100067138672,176.39999389648438,158.29592895507812,4934300
2023-09-08,175.80999755859375,177.14999389648438,175.61000061035156,176.27000427246094,158.17933654785156,2995000
2023-09-11,176.8300018310547,179.42999267578125,176.8300018310547,178.92999267578125,160.5662841796875,4512700
2023-09-12,178.74000549316406,178.9199981689453,177.8000030517578,178.27000427246094,159.97402954101562,3331100
2023-09-13,178.3300018310547,180.13999938964844,178.2100067138672,179.67999267578125,161.2393341064453,3781400
2023-09-14,179.94000244140625,181.69000244140625,179.3300018310547,181.22999572753906,162.6302490234375,4118300
2023-09-15,181.41000366210938,181.82000732421875,179.61000061035156,179.83999633789062,161.3828887939453,11661200
2023-09-18,181.0,181.0,178.42999267578125,179.3800048828125,160.97012329101562,3182600
2023-09-19,178.86000061035156,179.1300048828125,177.3000030517578,178.32000732421875,160.0189208984375,3369300
2023-09-20,179.08999633789062,179.4199981689453,177.55999755859375,178.3800048828125,160.07275390625,3695800
2023-09-21,178.10000610351562,178.3300018310547,175.1300048828125,175.3800048828125,157.38063049316406,5351000
2023-09-22,174.94000244140625,176.38999938964844,174.3699951171875,175.27000427246094,157.2819366455078,4542300
2023-09-25,174.67999267578125,175.44000244140625,173.17999267578125,174.3300018310547,156.43838500976562,3553600
2023-09-26,173.0,173.72000122070312,171.63999938964844,172.52000427246094,154.81414794921875,5213700
2023-09-27,172.30999755859375,172.69000244140625,169.02999877929688,169.57000732421875,152.16693115234375,5729900
2023-09-28,169.92999267578125,170.17999267578125,168.17999267578125,169.5,152.1040802001953,4841600
2023-09-29,170.50999450683594,170.83999633789062,168.0399932861328,169.44000244140625,152.05023193359375,5194200
2023-10-02,169.0800018310547,169.49000549316406,167.32000732421875,169.1699981689453,151.80795288085938,3838800
2023-10-03,168.86000061035156,170.0,167.02999877929688,167.6999969482422,150.4888458251953,4873400
2023-10-04,168.4499969482422,169.1300048828125,167.05999755859375,168.91000366210938,151.5746612548828,4134000
2023-10-05,168.77000427246094,168.80999755859375,159.8699951171875,160.10000610351562,143.66883850097656,10556400
2023-10-06,158.77999877929688,160.9199981689453,155.8300018310547,160.2899932861328,143.83932495117188,12774700
2023-10-09,160.0,161.4199981689453,158.63999938964844,161.36000061035156,144.79949951171875,7244500
2023-10-10,164.25,165.17999267578125,162.02999877929688,164.39999389648438,147.52749633789062,11456400
2023-10-11,165.00999450683594,165.44000244140625,161.60000610351562,162.6199951171875,145.93019104003906,7371500
2023-10-12,162.60000610351562,162.64999389648438,157.42999267578125,158.0800018310547,141.85614013671875,9024100
2023-10-13,158.6199951171875,160.24000549316406,157.9499969482422,160.0,143.57908630371094,6757100
2023-10-16,161.0,161.9499969482422,159.8000030517578,161.0800018310547,144.54827880859375,5605000
2023-10-17,160.0,161.6300048828125,159.16000366210938,160.3699951171875,143.9111328125,6411300
2023-10-18,161.02000427246094,163.39999389648438,160.8699951171875,162.02999877929688,145.4007568359375,6650600
2023-10-19,161.89999389648438,162.72000122070312,160.41000366210938,160.55999755859375,144.0816192626953,6336800
2023-10-20,161.3699951171875,162.22999572753906,159.7100067138672,160.0,143.57908630371094,5486500
2023-10-23,159.60000610351562,161.60000610351562,159.05999755859375,160.0800018310547,143.65089416503906,5795800
2023-10-24,160.41000366210938,162.85000610351562,159.67999267578125,162.19000244140625,145.54434204101562,5265200
2023-10-25,162.0500030517578,163.5,161.47000122070312,162.35000610351562,145.68792724609375,4534600
2023-10-26,162.67999267578125,163.36000061035156,161.3000030517578,161.41000366210938,144.84439086914062,5147000
2023-10-27,162.02000427246094,162.13999938964844,158.88999938964844,159.6199951171875,143.23806762695312,5078000
2023-10-30,161.3000030517578,162.5800018310547,160.74000549316406,162.27999877929688,145.62510681152344,4625900
2023-10-31,162.9499969482422,163.35000610351562,161.66000366210938,163.27999877929688,146.5224609375,5947400
2023-11-01,163.6699981689453,165.42999267578125,162.75999450683594,164.8699951171875,147.9492950439453,6682500
2023-11-02,164.74000549316406,167.16000366210938,164.6699981689453,166.8300018310547,149.7081298828125,5413400
2023-11-03,168.67999267578125,168.80999755859375,166.69000244140625,166.7899932861328,149.67222595214844,4063300
2023-11-06,165.4600067138672,167.5,165.2100067138672,166.6999969482422,149.5914764404297,5784600
2023-11-07,166.8000030517578,167.7100067138672,166.1199951171875,167.17999267578125,150.022216796875,4687200
2023-11-08,168.1699981689453,168.33999633789062,166.66000366210938,167.38999938964844,150.21067810058594,4926600
2023-11-09,167.5800018310547,167.86000061035156,165.80999755859375,166.16000366210938,149.1068878173828,5639300
2023-11-10,167.30999755859375,167.77999877929688,164.86000061035156,166.9199981689453,149.7888946533203,5552900
2023-11-13,167.0,168.77999877929688,166.4600067138672,167.77000427246094,150.5516357421875,5402300
2023-11-14,167.9499969482422,168.44000244140625,166.88999938964844,168.11000061035156,150.8567657470703,6238900
2023-11-15,168.6999969482422,168.7899932861328,166.27000427246094,167.25,150.0850372314453,5611200
2023-11-16,168.38999938964844,170.0,166.39999389648438,167.7100067138672,150.49781799316406,5386400
2023-11-17,168.0500030517578,168.25,165.77000427246094,166.75999450683594,149.6453094482422,5583100
2023-11-20,166.0,166.77000427246094,165.72000122070312,166.52000427246094,149.42996215820312,4886200
2023-11-21,167.11000061035156,167.86000061035156,165.9199981689453,167.8000030517578,150.57859802246094,3980000
2023-11-22,168.35000610351562,169.57000732421875,168.3000030517578,169.22000122070312,151.85281372070312,3235600
2023-11-24,168.9499969482422,170.02000427246094,168.9499969482422,169.3699951171875,151.98745727539062,1751700
2023-11-27,169.6999969482422,169.6999969482422,168.08999633789062,168.32000732421875,151.04522705078125,3664700
2023-11-28,168.3800048828125,169.75999450683594,168.02000427246094,168.86000061035156,151.52980041503906,4056100
2023-11-29,169.10000610351562,169.1199951171875,166.64999389648438,167.16000366210938,150.0042724609375,4722400
2023-11-30,166.11000061035156,168.36000061035156,164.82000732421875,168.2899932861328,152.1698760986328,7346700
2023-12-01,168.3699951171875,168.85000610351562,167.3800048828125,168.69000244140625,152.5315399169922,4897400
2023-12-04,168.39999389648438,169.9199981689453,168.19000244140625,169.13999938964844,152.9384307861328,5323300
2023-12-05,169.14999389648438,169.57000732421875,167.7100067138672,167.94000244140625,151.8533477783203,4553800
2023-12-06,167.97999572753906,168.32000732421875,166.72999572753906,167.50999450683594,151.46456909179688,4726600
2023-12-07,168.0,168.3000030517578,166.6999969482422,167.4600067138672,151.41937255859375,4934800
2023-12-08,167.0399932861328,167.1199951171875,165.27000427246094,165.67999267578125,149.8098602294922,5115200
2023-12-11,167.44000244140625,168.1300048828125,166.4600067138672,167.82000732421875,151.744873046875,6912600
2023-12-12,169.27999877929688,169.27999877929688,167.7100067138672,168.47000122070312,152.3326416015625,4515800
2023-12-13,168.5399932861328,172.0500030517578,168.1199951171875,172.00999450683594,155.53353881835938,6082100
2023-12-14,171.64999389648438,171.97000122070312,167.94000244140625,168.25,152.13368225097656,7119300
2023-12-15,167.4499969482422,168.50999450683594,166.4499969482422,167.0,151.00343322753906,17734600
2023-12-18,168.05999755859375,170.25,167.41000366210938,168.91000366210938,152.73043823242188,5439500
2023-12-19,167.94000244140625,168.8300018310547,167.30999755859375,167.9499969482422,151.86241149902344,4855900
2023-12-20,166.50999450683594,167.47000122070312,165.6699981689453,165.69000244140625,149.81890869140625,5157800
2023-12-21,166.5,167.10000610351562,165.38999938964844,166.97000122070312,150.97630310058594,4374000
2023-12-22,167.36000061035156,168.1699981689453,166.86000061035156,167.67999267578125,151.61827087402344,3030400
2023-12-26,167.64999389648438,169.4199981689453,167.25,168.86000061035156,152.6852569580078,2779200
2023-12-27,168.89999389648438,169.49000549316406,168.36000061035156,169.39999389648438,153.17352294921875,3502500
2023-12-28,169.39999389648438,169.5399932861328,168.6999969482422,169.38999938964844,153.16448974609375,2911100
2023-12-29,169.33999633789062,170.07000732421875,169.1699981689453,169.83999633789062,153.57138061523438,3291500
2024-01-02,169.52000427246094,172.99000549316406,169.19000244140625,172.91000366210938,156.3472900390625,5743100
2024-01-03,175.0,175.1999969482422,172.6999969482422,172.9499969482422,156.38348388671875,5588200
2024-01-04,171.61000061035156,173.52999877929688,170.5800018310547,171.47000122070312,155.0452423095703,6283200
2024-01-05,171.57000732421875,171.57000732421875,167.55999755859375,168.94000244140625,152.75758361816406,5252500
2024-01-08,168.94000244140625,169.72999572753906,167.7899932861328,169.11000061035156,152.9113006591797,5735600
2024-01-09,167.7899932861328,167.88999938964844,165.92999267578125,167.1699981689453,151.15713500976562,6268800
2024-01-10,166.58999633789062,167.9600067138672,166.1999969482422,166.9199981689453,150.9310760498047,4394900
2024-01-11,167.13999938964844,167.13999938964844,164.82000732421875,166.1300048828125,150.2167510986328,4800700
2024-01-12,166.33999633789062,167.3800048828125,165.57000732421875,167.27000427246094,151.24754333496094,3546100
2024-01-16,167.27000427246094,167.52000427246094,165.19000244140625,166.1699981689453,150.25289916992188,4576600
2024-01-17,165.99000549316406,166.72999572753906,165.44000244140625,166.44000244140625,150.49705505371094,4392300
2024-01-18,165.47000122070312,167.27999877929688,164.99000549316406,167.1699981689453,151.15713500976562,4709400
2024-01-19,167.13999938964844,167.24000549316406,165.57000732421875,165.77999877929688,149.90025329589844,6528600
2024-01-22,165.9600067138672,166.7100067138672,165.02000427246094,165.11000061035156,149.29443359375,5697400
2024-01-23,164.55999755859375,167.92999267578125,164.36000061035156,167.63999938964844,151.58212280273438,4932700
2024-01-24,167.63999938964844,167.74000549316406,165.52000427246094,165.60000610351562,149.73753356933594,4984700
2024-01-25,165.80999755859375,166.60000610351562,164.94000244140625,166.55999755859375,150.60552978515625,5373800
2024-01-26,166.60000610351562,168.02999877929688,166.60000610351562,167.86000061035156,151.78103637695312,4849000
2024-01-29,167.52999877929688,168.6999969482422,167.38999938964844,168.14999389648438,152.0432586669922,5713600
2024-01-30,167.6699981689453,169.6999969482422,167.32000732421875,169.6199951171875,153.37242126464844,4804200
2024-01-31,169.9600067138672,170.3800048828125,167.8800048828125,168.52999877929688,152.38685607910156,5769200
2024-02-01,168.52999877929688,171.8000030517578,167.1699981689453,171.6999969482422,155.2532196044922,4920800
2024-02-02,171.24000549316406,171.9600067138672,170.10000610351562,170.97000122070312,154.59315490722656,5307700
2024-02-05,170.5500030517578,171.5800018310547,169.0500030517578,170.9199981689453,154.54794311523438,5142700
2024-02-06,171.4499969482422,171.8300018310547,169.94000244140625,171.4199981689453,155.00003051757812,5182700
2024-02-07,172.6300048828125,172.89999389648438,171.3800048828125,171.47000122070312,155.0452423095703,5769700
2024-02-08,171.72000122070312,174.10000610351562,171.41000366210938,173.85000610351562,157.19728088378906,9269700
2024-02-09,171.1999969482422,171.38999938964844,166.97000122070312,167.6699981689453,151.60923767089844,12731700
2024-02-12,167.86000061035156,171.07000732421875,167.1999969482422,170.61000061035156,154.26760864257812,7867500
2024-02-13,171.22000122070312,171.4499969482422,167.24000549316406,168.8800048828125,152.703369140625,7302000
2024-02-14,168.33999633789062,168.63999938964844,166.05999755859375,167.52000427246094,151.47360229492188,5731900
2024-02-15,167.9499969482422,168.3699951171875,166.67999267578125,167.86000061035156,151.78103637695312,4451400
2024-02-16,167.2100067138672,167.41000366210938,165.67999267578125,166.32000732421875,150.38853454589844,5246000
2024-02-20,167.74000549316406,169.52000427246094,167.19000244140625,168.64999389648438,152.49534606933594,6117900
2024-02-21,169.9499969482422,170.17999267578125,167.86000061035156,168.8300018310547,152.65814208984375,4192600
2024-02-22,167.63999938964844,168.8300018310547,166.10000610351562,168.25,152.13368225097656,7539200
2024-02-23,167.94000244140625,170.25,167.8000030517578,169.60000610351562,153.3543701171875,6409800
2024-02-26,169.4199981689453,169.4199981689453,167.7100067138672,168.25999450683594,152.1427001953125,3837000
2024-02-27,167.82000732421875,168.22000122070312,167.35000610351562,168.16000366210938,152.05230712890625,3567600
2024-02-28,168.1199951171875,168.5,166.4499969482422,167.02999877929688,151.0305633544922,5275300
2024-02-29,166.2100067138672,166.67999267578125,164.91000366210938,165.33999633789062,150.643310546875,8489400
2024-03-01,164.86000061035156,165.0,163.25,164.58999633789062,149.95997619628906,6109900
2024-03-04,164.4499969482422,165.64999389648438,163.60000610351562,165.3699951171875,150.67062377929688,4303700
2024-03-05,165.22000122070312,165.5,161.80999755859375,162.0399932861328,147.63662719726562,6631300
2024-03-06,162.05999755859375,163.99000549316406,162.0399932861328,163.0,148.51132202148438,5302500
2024-03-07,163.82000732421875,163.89999389648438,162.5,163.11000061035156,148.61155700683594,5801600
2024-03-08,162.32000732421875,164.1999969482422,162.08999633789062,163.0500030517578,148.55686950683594,6065300
2024-03-11,163.9199981689453,165.4199981689453,163.30999755859375,164.72999572753906,150.08753967285156,5404800
2024-03-12,165.13999938964844,165.4199981689453,163.9600067138672,164.5399932861328,149.91441345214844,6158500
2024-03-13,165.10000610351562,166.13999938964844,164.74000549316406,165.3000030517578,150.6068572998047,4585800
2024-03-14,166.25999450683594,166.25999450683594,164.1999969482422,164.77999877929688,150.1331024169922,5155300
2024-03-15,165.05999755859375,165.3800048828125,163.63999938964844,164.66000366210938,150.0237274169922,21887300
2024-03-18,167.0500030517578,172.17999267578125,166.9499969482422,171.25999450683594,156.037109375,10478500
2024-03-19,171.10000610351562,172.64999389648438,171.0,171.8000030517578,156.5290985107422,7653700
2024-03-20,172.3000030517578,173.10000610351562,171.1199951171875,171.86000061035156,156.58375549316406,5046700
2024-03-21,171.9199981689453,173.4199981689453,171.0500030517578,172.4499969482422,157.12132263183594,4343000
2024-03-22,173.02000427246094,173.10000610351562,171.75999450683594,172.02000427246094,156.72955322265625,4106400
2024-03-25,172.1999969482422,173.08999633789062,172.11000061035156,172.60000610351562,157.2579803466797,3941900
2024-03-26,172.1699981689453,172.97000122070312,171.82000732421875,172.72999572753906,157.37646484375,4593000
2024-03-27,174.0,174.69000244140625,173.0500030517578,173.57000732421875,158.1417999267578,4911300
2024-03-28,174.75999450683594,175.80999755859375,174.3699951171875,175.00999450683594,159.4537811279297,5710400
2024-04-01,175.57000732421875,176.22999572753906,172.64999389648438,172.97999572753906,157.60421752929688,4815400
2024-04-02,172.94000244140625,173.8699951171875,171.36000061035156,171.44000244140625,156.20111083984375,5158500
2024-04-03,170.0,170.9199981689453,168.6999969482422,169.67999267578125,154.59754943847656,5828000
2024-04-04,170.9199981689453,171.77999877929688,169.3300018310547,169.64999389648438,154.5702362060547,5422600
2024-04-05,169.39999389648438,169.97000122070312,168.07000732421875,169.13999938964844,154.10556030273438,4412200
2024-04-08,169.14999389648438,170.0500030517578,168.74000549316406,169.5800018310547,154.50643920898438,3755700
2024-04-09,170.22999572753906,170.72000122070312,168.72999572753906,170.61000061035156,155.4448699951172,3773900
2024-04-10,169.57000732421875,169.6300048828125,167.77000427246094,168.9499969482422,153.93243408203125,4581500
2024-04-11,169.6199951171875,169.8699951171875,167.77000427246094,168.36000061035156,153.3948974609375,4241500
2024-04-12,167.69000244140625,168.50999450683594,167.32000732421875,168.10000610351562,153.15798950195312,5453500
2024-04-15,169.2100067138672,169.35000610351562,166.02999877929688,166.9499969482422,152.1101837158203,5133200
2024-04-16,167.02999877929688,168.50999450683594,166.88999938964844,167.5,152.611328125,4569700
2024-04-17,169.08999633789062,169.6999969482422,168.2100067138672,169.47999572753906,154.41531372070312,4069200
2024-04-18,170.10000610351562,172.67999267578125,170.10000610351562,172.27000427246094,156.9573516845703,5574700
2024-04-19,172.27999877929688,174.27000427246094,171.8000030517578,174.1300048828125,158.65199279785156,6636700
2024-04-22,174.41000366210938,177.1999969482422,174.02999877929688,176.4600067138672,160.77490234375,7288700
2024-04-23,174.6999969482422,174.8800048828125,170.13999938964844,171.22000122070312,156.0006866455078,9145000
2024-04-24,168.5,178.08999633789062,167.64999389648438,177.41000366210938,161.6404266357422,10016700
2024-04-25,178.27999877929688,180.6300048828125,175.82000732421875,176.67999267578125,160.97532653808594,7441500
2024-04-26,174.44000244140625,178.57000732421875,174.33999633789062,175.5800018310547,159.9730987548828,4472100
2024-04-29,175.5,176.32000732421875,175.02000427246094,176.13999938964844,160.4833526611328,3224500
2024-04-30,176.27000427246094,176.47000122070312,174.83999633789062,175.91000366210938,160.27377319335938,4465100
2024-05-01,175.4600067138672,176.22999572753906,173.66000366210938,175.14999389648438,159.58132934570312,4340500
2024-05-02,175.5800018310547,176.32000732421875,174.5500030517578,175.4499969482422,159.8546600341797,3964800
2024-05-03,175.8000030517578,176.49000549316406,175.0,176.14999389648438,160.49241638183594,3491900
2024-05-06,176.75999450683594,176.75999450683594,175.1300048828125,175.82000732421875,160.19178771972656,3576200
2024-05-07,177.0,178.14999389648438,176.50999450683594,178.02000427246094,162.19622802734375,3708000
2024-05-08,178.7100067138672,178.8800048828125,177.19000244140625,177.41000366210938,161.6404266357422,3400900
2024-05-09,177.25999450683594,178.42999267578125,177.08999633789062,178.05999755859375,162.23265075683594,2421400
2024-05-10,177.9499969482422,180.16000366210938,177.61000061035156,179.7899932861328,163.8088836669922,4201600
2024-05-13,180.50999450683594,181.35000610351562,179.85000610351562,180.89999389648438,164.8202362060547,4408100
2024-05-14,181.0500030517578,181.27999877929688,178.60000610351562,179.8699951171875,163.8817901611328,3508600
2024-05-15,179.24000549316406,180.39999389648438,179.0,179.4600067138672,163.5082550048828,4785100
2024-05-16,179.6300048828125,183.41000366210938,179.4600067138672,183.11000061035156,166.8337860107422,5984700
2024-05-17,182.58999633789062,182.9600067138672,181.8300018310547,182.19000244140625,165.99554443359375,4449100
2024-05-20,182.08999633789062,182.1300048828125,179.91000366210938,180.30999755859375,164.2826690673828,3221100
2024-05-21,181.5,181.5800018310547,179.8000030517578,181.0800018310547,164.98422241210938,3288100
2024-05-22,180.4499969482422,182.1300048828125,179.97999572753906,182.08999633789062,165.90444946289062,4047000
2024-05-23,181.3300018310547,181.88999938964844,179.0399932861328,179.27000427246094,163.33514404296875,4009000
2024-05-24,179.3699951171875,179.4199981689453,177.8699951171875,177.99000549316406,162.1688995361328,3447400
2024-05-28,176.22999572753906,176.27999877929688,171.89999389648438,173.3800048828125,157.96868896484375,6178100
2024-05-29,172.42999267578125,173.17999267578125,170.72000122070312,171.14999389648438,155.9368896484375,5352100
2024-05-30,171.35000610351562,171.7100067138672,170.39999389648438,170.47999572753906,155.32644653320312,3903100
2024-05-31,169.88999938964844,172.97000122070312,169.52000427246094,172.89999389648438,157.53131103515625,8155600
2024-06-03,172.72000122070312,172.89999389648438,171.02999877929688,171.22999572753906,156.00978088378906,5032400
2024-06-04,171.2100067138672,174.38999938964844,170.82000732421875,173.88999938964844,158.4333038330078,4619100
2024-06-05,173.83999633789062,173.97000122070312,171.9600067138672,173.49000549316406,158.0688934326172,5370700
2024-06-06,174.0,174.39999389648438,172.67999267578125,173.1999969482422,157.8046417236328,5536700
2024-06-07,171.5,172.50999450683594,170.75,171.0399932861328,157.0654296875,3521100
2024-06-10,170.11000061035156,170.3699951171875,165.6199951171875,165.89999389648438,152.34536743164062,9429400
2024-06-11,164.8699951171875,165.4600067138672,163.50999450683594,165.07000732421875,151.5832061767578,8284500
2024-06-12,164.8800048828125,165.3300018310547,162.44000244140625,163.8300018310547,150.4445343017578,6281100
2024-06-13,162.0800018310547,163.55999755859375,161.5399932861328,163.3300018310547,149.9853515625,5432600
2024-06-14,163.1300048828125,164.38999938964844,162.52999877929688,163.80999755859375,150.42613220214844,3603300
2024-06-17,163.49000549316406,166.41000366210938,162.7899932861328,166.13999938964844,152.56578063964844,5412200
2024-06-18,166.10000610351562,167.07000732421875,165.25,166.47999572753906,152.87799072265625,3519500
2024-06-20,165.72999572753906,167.63999938964844,165.72999572753906,166.67999267578125,153.06166076660156,4942400
2024-06-21,167.2100067138672,169.07000732421875,166.4499969482422,167.27999877929688,153.61264038085938,10899100
2024-06-24,167.5,169.61000061035156,167.08999633789062,168.0800018310547,154.3472900390625,4476900
2024-06-25,168.0800018310547,168.9600067138672,167.25,167.35000610351562,153.67691040039062,4217300
2024-06-26,165.88999938964844,167.00999450683594,164.85000610351562,166.74000549316406,153.1167449951172,4778300
2024-06-27,166.6300048828125,167.25,165.27000427246094,166.25999450683594,152.67596435546875,4326500
2024-06-28,165.3000030517578,166.22000122070312,164.6199951171875,164.92999267578125,151.45462036132812,8755900
2024-07-01,165.0399932861328,166.05999755859375,162.5800018310547,162.88999938964844,149.581298828125,4508000
2024-07-02,163.5,164.47000122070312,162.32000732421875,163.5800018310547,150.21493530273438,4650800
2024-07-03,162.9199981689453,164.1300048828125,161.9600067138672,162.60000610351562,149.31500244140625,2879600
2024-07-05,162.63999938964844,164.52000427246094,162.47000122070312,164.38999938964844,150.958740234375,4208200
2024-07-08,163.05999755859375,163.75,161.9199981689453,162.1199951171875,148.8742218017578,5268800
2024-07-09,162.19000244140625,162.55999755859375,161.5,161.89999389648438,148.6721954345703,5801200
2024-07-10,161.83999633789062,163.77000427246094,160.66000366210938,163.58999633789062,150.22413635253906,7372300
2024-07-11,159.10000610351562,164.88999938964844,158.02999877929688,163.9499969482422,150.55470275878906,10258600
2024-07-12,164.9600067138672,168.02999877929688,164.9600067138672,166.3800048828125,152.78619384765625,6677000
2024-07-15,166.00999450683594,166.3000030517578,163.64999389648438,163.86000061035156,150.4720458984375,4551800
2024-07-16,163.41000366210938,165.0399932861328,162.83999633789062,164.75999450683594,151.29852294921875,4461700
2024-07-17,166.0399932861328,170.07000732421875,165.88999938964844,169.88999938964844,156.00938415527344,7671000
2024-07-18,168.7100067138672,172.6699981689453,168.38999938964844,170.3699951171875,156.4501953125,6228600
2024-07-19,170.27999877929688,170.49000549316406,168.47000122070312,169.36000061035156,155.522705078125,5332800
2024-07-22,169.25999450683594,169.7100067138672,167.35000610351562,167.66000366210938,153.96156311035156,5308400
2024-07-23,167.7899932861328,168.36000061035156,166.17999267578125,166.27999877929688,152.69435119628906,3344300
2024-07-24,166.27999877929688,168.6699981689453,164.9499969482422,168.1699981689453,154.429931640625,5867000
2024-07-25,169.49000549316406,173.49000549316406,168.86000061035156,171.02000427246094,157.0470733642578,6270900
2024-07-26,170.72999572753906,172.75999450683594,170.72999572753906,172.75,158.63572692871094,5746300
2024-07-29,172.2899932861328,173.49000549316406,170.85000610351562,173.2100067138672,159.0581512451172,4152700
2024-07-30,172.69000244140625,173.4499969482422,171.5500030517578,173.17999267578125,159.03057861328125,4994600
2024-07-31,173.9199981689453,174.69000244140625,172.25999450683594,172.6699981689453,158.56227111816406,6245600
2024-08-01,172.52999877929688,175.55999755859375,172.5,174.9600067138672,160.6651611328125,5994500
2024-08-02,178.83999633789062,179.9499969482422,173.83999633789062,178.0399932861328,163.49349975585938,6856100
2024-08-05,179.52000427246094,180.91000366210938,173.16000366210938,174.0399932861328,159.82032775878906,7502300
2024-08-06,173.27999877929688,176.2100067138672,172.36000061035156,172.49000549316406,158.39695739746094,7287100
2024-08-07,171.6199951171875,174.38999938964844,171.3300018310547,171.7899932861328,157.754150390625,5428900
2024-08-08,170.2100067138672,173.0,169.80999755859375,172.3699951171875,158.28675842285156,5112500
2024-08-09,172.08999633789062,172.77999877929688,170.38999938964844,172.38999938964844,158.30511474609375,3223000
2024-08-12,172.24000549316406,172.8699951171875,170.7100067138672,171.4199981689453,157.4143829345703,3802300
2024-08-13,171.6199951171875,172.4199981689453,170.22000122070312,172.3699951171875,158.28675842285156,3894700
2024-08-14,172.22999572753906,174.33999633789062,171.92999267578125,173.7100067138672,159.51727294921875,3555800
2024-08-15,173.7100067138672,174.3000030517578,171.8300018310547,172.52000427246094,158.42453002929688,4472100
2024-08-16,172.52000427246094,172.77999877929688,171.11000061035156,172.6199951171875,158.5163116455078,4614600
2024-08-19,172.66000366210938,173.97999572753906,172.44000244140625,173.82000732421875,159.61831665039062,3521700
2024-08-20,173.52999877929688,176.02999877929688,172.5,175.85000610351562,161.48245239257812,5330100
2024-08-21,175.94000244140625,176.82000732421875,174.6199951171875,175.2100067138672,160.89474487304688,4020700
2024-08-22,175.8300018310547,176.0800018310547,174.6999969482422,175.74000549316406,161.3814239501953,5265900
2024-08-23,176.6300048828125,176.67999267578125,173.6699981689453,175.8699951171875,161.5008087158203,5283600
2024-08-26,176.32000732421875,176.83999633789062,175.72999572753906,175.97000122070312,161.59263610839844,4146700
2024-08-27,176.30999755859375,176.8800048828125,174.52000427246094,175.3000030517578,160.9773712158203,3520600
2024-08-28,175.5500030517578,175.74000549316406,173.35000610351562,173.9199981689453,159.7101593017578,3915500
2024-08-29,173.75999450683594,173.9600067138672,171.91000366210938,172.08999633789062,158.0296173095703,4654300
2024-08-30,172.05999755859375,173.55999755859375,171.25,172.8800048828125,158.7550811767578,8677300
2024-09-03,172.3800048828125,177.88999938964844,171.8800048828125,177.5399932861328,163.0343475341797,7032100
2024-09-04,177.89999389648438,179.64999389648438,176.2899932861328,178.52000427246094,163.9342803955078,6188500
2024-09-05,178.72999572753906,179.72999572753906,177.52000427246094,179.3000030517578,164.6505584716797,5743100
2024-09-06,177.44000244140625,178.5800018310547,177.0,177.33999633789062,164.09075927734375,6395300
2024-09-09,177.0500030517578,178.7899932861328,175.86000061035156,178.19000244140625,164.87725830078125,4666200
2024-09-10,178.64999389648438,179.10000610351562,177.63999938964844,177.80999755859375,164.52565002441406,4315800
2024-09-11,177.44000244140625,177.75,174.42999267578125,175.77999877929688,162.6472930908203,4036000
2024-09-12,175.77999877929688,177.69000244140625,173.9499969482422,177.25,164.0074920654297,4222800
2024-09-13,177.4499969482422,177.9600067138672,176.3699951171875,177.36000061035156,164.1092987060547,3290400
2024-09-16,179.0,179.42999267578125,176.35000610351562,177.2100067138672,163.9705047607422,4940100
2024-09-17,177.0,178.08999633789062,176.3000030517578,176.8699951171875,163.65586853027344,6305100
2024-09-18,176.86000061035156,178.05999755859375,174.42999267578125,175.2100067138672,162.1199188232422,5307900
2024-09-19,175.75,176.22000122070312,174.14999389648438,174.66000366210938,161.61099243164062,5504000
2024-09-20,172.57000732421875,173.77000427246094,170.22000122070312,171.17999267578125,158.3909912109375,12198400
2024-09-23,170.8699951171875,173.94000244140625,170.72999572753906,172.11000061035156,159.25149536132812,5350300
2024-09-24,170.99000549316406,171.60000610351562,169.5,169.9199981689453,157.22511291503906,7837900
2024-09-25,170.39999389648438,170.77000427246094,168.75999450683594,169.39999389648438,156.74398803710938,4505100
2024-09-26,169.22000122070312,171.0,168.67999267578125,169.69000244140625,157.0122833251953,5673600
2024-09-27,169.9600067138672,171.64999389648438,169.67999267578125,170.0,157.2991485595703,7545800
2024-09-30,170.5800018310547,171.74000549316406,169.5800018310547,170.0500030517578,157.34542846679688,5054300
2024-10-01,171.2899932861328,171.94000244140625,169.77000427246094,171.3800048828125,158.57603454589844,7095900
2024-10-02,171.5,171.74000549316406,168.52000427246094,169.5500030517578,156.8827667236328,5786000
2024-10-03,168.13999938964844,169.11000061035156,167.1699981689453,168.52999877929688,155.93894958496094,5090300
2024-10-04,167.14999389648438,168.5,166.82000732421875,167.97000122070312,155.4208221435547,4390100
2024-10-07,167.72000122070312,167.92999267578125,166.4600067138672,167.2100067138672,154.71759033203125,5459500
2024-10-08,167.72000122070312,170.64999389648438,166.85000610351562,170.4199981689453,157.68775939941406,8297800
2024-10-09,169.3800048828125,173.27999877929688,169.10000610351562,172.5399932861328,159.64938354492188,7177500
2024-10-10,172.07000732421875,173.05999755859375,171.22000122070312,172.99000549316406,160.06576538085938,5292400
2024-10-11,174.0,175.17999267578125,172.8699951171875,174.80999755859375,161.74977111816406,4720300
2024-10-14,174.9600067138672,176.27000427246094,174.44000244140625,176.10000610351562,162.94342041015625,4535900
2024-10-15,176.36000061035156,177.38999938964844,175.1199951171875,175.89999389648438,162.7583465576172,5802300
2024-10-16,175.00999450683594,175.3300018310547,173.6300048828125,174.47999572753906,161.44442749023438,4400900
2024-10-17,174.3800048828125,175.47000122070312,173.6999969482422,174.6699981689453,161.62025451660156,4125900
2024-10-18,172.3000030517578,175.3300018310547,172.1199951171875,175.05999755859375,161.98110961914062,5097000
2024-10-21,174.4600067138672,177.5,174.35000610351562,175.00999450683594,161.93484497070312,6436300
2024-10-22,174.50999450683594,174.9499969482422,173.50999450683594,174.3699951171875,161.3426513671875,3790500
2024-10-23,173.6999969482422,173.83999633789062,172.47000122070312,172.9499969482422,160.02874755859375,3800700
2024-10-24,172.9199981689453,173.5399932861328,171.6999969482422,172.16000366210938,159.2977752685547,4244900
2024-10-25,172.47000122070312,174.0,171.60000610351562,171.7899932861328,158.95541381835938,4442600
2024-10-28,172.97999572753906,172.97999572753906,169.72999572753906,169.83999633789062,157.15109252929688,5186400
2024-10-29,169.1999969482422,169.1999969482422,166.97000122070312,167.5,154.9859161376953,5127900
2024-10-30,167.0,167.63999938964844,166.0800018310547,166.2100067138672,153.79232788085938,4801500
2024-10-31,166.10000610351562,167.5,165.80999755859375,166.0800018310547,153.67198181152344,5582400
2024-11-01,166.08999633789062,166.25,165.2100067138672,165.58999633789062,153.21861267089844,6339000
2024-11-04,165.58999633789062,166.64999389648438,165.19000244140625,166.33999633789062,153.91258239746094,4885500
2024-11-05,165.9499969482422,167.9600067138672,165.6699981689453,167.85000610351562,155.30975341796875,3678300
2024-11-06,167.3699951171875,167.41000366210938,163.60000610351562,164.7100067138672,152.4043731689453,7849300
2024-11-07,164.5,164.89999389648438,163.47000122070312,164.0,151.7473907470703,5333500
2024-11-08,163.83999633789062,165.82000732421875,163.64999389648438,165.11000061035156,152.7744598388672,4618300
2024-11-11,164.41000366210938,166.14999389648438,163.97999572753906,164.25999450683594,151.98794555664062,3762000
2024-11-12,164.08999633789062,165.0,163.14999389648438,164.33999633789062,152.06201171875,5386600
2024-11-13,163.49000549316406,164.8000030517578,162.3699951171875,164.74000549316406,152.43212890625,4145000
2024-11-14,164.74000549316406,166.88999938964844,163.8300018310547,165.14999389648438,152.8114776611328,5422700
2024-11-15,164.3800048828125,164.3800048828125,158.0500030517578,158.6199951171875,146.76934814453125,9108900
2024-11-18,159.41000366210938,159.85000610351562,157.75999450683594,158.3300018310547,146.50100708007812,6991300
2024-11-19,157.75,157.8699951171875,155.85000610351562,156.72000122070312,145.0112762451172,8248900
2024-11-20,156.4499969482422,159.11000061035156,156.1999969482422,158.74000549316406,146.88040161132812,5067300
2024-11-21,158.38999938964844,160.5,157.9499969482422,160.33999633789062,148.36083984375,5977000
2024-11-22,160.89999389648438,162.05999755859375,159.88999938964844,162.0,149.8968505859375,5846300
2024-11-25,162.6999969482422,163.58999633789062,162.0,163.0500030517578,150.86837768554688,8580400
2024-11-26,163.27000427246094,163.67999267578125,161.89999389648438,162.16000366210938,150.0448760986328,4653600
2024-11-27,161.94000244140625,165.1300048828125,161.67999267578125,162.72000122070312,150.5630340576172,3622900
2024-11-29,161.42999267578125,163.58999633789062,160.9499969482422,163.4499969482422,151.2384796142578,2799300
2024-12-02,163.32000732421875,163.64999389648438,161.75999450683594,163.0500030517578,150.86837768554688,4967400
2024-12-03,162.83999633789062,163.0500030517578,161.4199981689453,161.6999969482422,149.61924743652344,4277400
2024-12-04,160.60000610351562,161.02999877929688,159.41000366210938,160.17999267578125,148.21278381347656,6964600
2024-12-05,160.92999267578125,161.00999450683594,158.8300018310547,160.49000549316406,148.4996337890625,5229600
2024-12-06,159.35000610351562,160.8000030517578,157.69000244140625,157.7899932861328,147.24453735351562,8359200
2024-12-09,157.91000366210938,161.5,157.13999938964844,159.47000122070312,148.812255859375,8380400
2024-12-10,159.0,160.4199981689453,157.35000610351562,159.83999633789062,149.15753173828125,5329400
2024-12-11,160.2100067138672,160.50999450683594,156.25999450683594,156.77000427246094,146.2926788330078,7925900
2024-12-12,159.08999633789062,159.39999389648438,157.97000122070312,158.89999389648438,148.28033447265625,6849500
2024-12-13,157.52999877929688,159.57000732421875,157.05999755859375,157.97000122070312,147.41249084472656,4353900
2024-12-16,157.85000610351562,158.82000732421875,155.8800048828125,156.02000427246094,145.5928192138672,6696500
2024-12-17,155.74000549316406,158.5,155.24000549316406,156.13999938964844,145.70481872558594,6572600
2024-12-18,155.02999877929688,155.8300018310547,154.11000061035156,154.42999267578125,144.1090850830078,7620900
2024-12-19,153.08999633789062,154.0800018310547,151.41000366210938,151.47000122070312,141.34689331054688,9829500
2024-12-20,150.86000061035156,153.49000549316406,150.50999450683594,152.7899932861328,142.57867431640625,19205200
2024-12-23,152.41000366210938,152.41000366210938,149.7100067138672,151.2899932861328,141.17892456054688,6822200
2024-12-24,150.5,152.8300018310547,150.41000366210938,152.80999755859375,142.59735107421875,3399800
2024-12-26,152.52999877929688,153.17999267578125,152.24000549316406,152.44000244140625,142.2520751953125,5528500
2024-12-27,151.2899932861328,153.47000122070312,151.25999450683594,152.88999938964844,142.6719970703125,4287000
2024-12-30,152.66000366210938,153.08999633789062,151.08999633789062,151.72000122070312,141.5802001953125,5397000
2024-12-31,151.8000030517578,153.14999389648438,150.94000244140625,152.05999755859375,141.89747619628906,4274800
