Date,Open,High,Low,Close,Adj Close,Volume
2013-01-02,68.6500015258789,69.38999938964844,68.3499984741211,69.38999938964844,46.935882568359375,9987000
2013-01-03,69.44000244140625,69.5,68.94000244140625,68.94999694824219,46.63825988769531,7741900
2013-01-04,69.01000213623047,69.16999816894531,68.68000030517578,69.08999633789062,46.73296356201172,5853700
2013-01-07,68.91999816894531,68.91999816894531,68.37999725341797,68.62000274658203,46.41505813598633,5269800
2013-01-08,68.5199966430664,68.7300033569336,68.4000015258789,68.51000213623047,46.34066390991211,7362000
2013-01-09,68.7699966430664,69.11000061035156,68.61000061035156,68.87999725341797,46.5909423828125,5762900
2013-01-10,68.9800033569336,69.29000091552734,68.68000030517578,69.2699966430664,46.854732513427734,12855000
2013-01-11,69.30000305175781,69.30000305175781,69.01000213623047,69.22000122070312,46.82090759277344,12193500
2013-01-14,69.30999755859375,69.97000122070312,69.2300033569336,69.62999725341797,47.09823226928711,11570700
2013-01-15,69.16000366210938,69.95999908447266,69.1500015258789,69.87999725341797,47.267337799072266,7563400
2013-01-16,69.41999816894531,69.69999694824219,69.11000061035156,69.33999633789062,47.2823371887207,7061000
2013-01-17,69.55999755859375,69.95999908447266,69.33999633789062,69.66999816894531,47.507347106933594,6263300
2013-01-18,69.69000244140625,70.0,69.66999816894531,69.94000244140625,47.691471099853516,10610800
2013-01-22,69.86000061035156,69.9800033569336,69.75,69.94999694824219,47.69829177856445,8313600
2013-01-23,69.83999633789062,70.69999694824219,69.80000305175781,70.69000244140625,48.20288848876953,10588600
2013-01-24,70.68000030517578,70.8499984741211,70.19999694824219,70.41999816894531,48.01879119873047,8877200
2013-01-25,71.75,73.25,71.75,73.25,49.94853210449219,28760300
2013-01-28,73.7300033569336,74.2300033569336,73.19000244140625,73.7699966430664,50.303104400634766,14010000
2013-01-29,73.55000305175781,75.30999755859375,73.5199966430664,75.0,51.141845703125,17576700
2013-01-30,74.75,75.4800033569336,74.66999816894531,75.08000183105469,51.196388244628906,12677800
2013-01-31,74.83000183105469,75.26000213623047,74.66999816894531,75.16000366210938,51.250919342041016,11661500
2013-02-01,75.30000305175781,75.97000122070312,75.16999816894531,75.91999816894531,51.76918029785156,12204000
2013-02-04,75.69000244140625,75.80000305175781,74.94999694824219,75.25,51.31231689453125,11086000
2013-02-05,75.44000244140625,76.69000244140625,75.31999969482422,75.69999694824219,51.619163513183594,14851700
2013-02-06,75.31999969482422,76.19000244140625,75.04000091552734,76.1500015258789,51.9260139465332,17015800
2013-02-07,75.9800033569336,76.41999816894531,75.79000091552734,76.1500015258789,51.9260139465332,9897000
2013-02-08,76.1500015258789,76.4800033569336,75.55999755859375,75.75,51.65326690673828,9130700
2013-02-11,75.41000366210938,75.91999816894531,75.12000274658203,75.80999755859375,51.69416046142578,6928200
2013-02-12,75.95999908447266,76.30999755859375,75.80999755859375,75.9800033569336,51.81010055541992,6281000
2013-02-13,76.01000213623047,76.58000183105469,75.9800033569336,76.55999755859375,52.20558547973633,7113300
2013-02-14,76.30000305175781,76.97000122070312,76.25,76.77999877929688,52.355613708496094,10049400
2013-02-15,76.72000122070312,76.95999908447266,76.20999908447266,76.54000091552734,52.191932678222656,11165600
2013-02-19,76.55999755859375,77.7699966430664,76.48999786376953,77.37999725341797,52.764732360839844,11783500
2013-02-20,77.2699966430664,77.5199966430664,76.91999816894531,77.08000183105469,52.56016159057617,9275400
2013-02-21,76.27999877929688,77.19999694824219,75.9000015258789,77.04000091552734,52.532875061035156,10305200
2013-02-22,77.05000305175781,77.19000244140625,76.75,76.98999786376953,52.498809814453125,8433200
2013-02-25,77.06999969482422,77.66999816894531,75.91999816894531,75.91999816894531,51.76918029785156,9970400
2013-02-26,75.98999786376953,76.37999725341797,75.7699966430664,76.08000183105469,51.8782958984375,8378900
2013-02-27,75.94999694824219,76.94999694824219,75.69999694824219,76.75,52.33513641357422,7567800
2013-02-28,76.66000366210938,76.91000366210938,76.16999816894531,76.18000030517578,51.94646072387695,10466900
2013-03-01,75.69999694824219,76.72000122070312,75.55999755859375,76.48999786376953,52.157859802246094,9599700
2013-03-04,76.25,76.68000030517578,75.97000122070312,76.68000030517578,52.28739929199219,7631000
2013-03-05,76.77999877929688,77.38999938964844,76.72000122070312,77.05000305175781,52.53971481323242,9716200
2013-03-06,77.01000213623047,77.44999694824219,76.80999755859375,77.19999694824219,52.64198684692383,7194700
2013-03-07,77.22000122070312,77.48999786376953,76.77999877929688,76.9000015258789,52.43742752075195,7111400
2013-03-08,77.01000213623047,77.19999694824219,76.45999908447266,77.18000030517578,52.62835693359375,7252800
2013-03-11,77.0199966430664,77.38999938964844,76.9000015258789,77.3499984741211,52.74427795410156,6621000
2013-03-12,77.19000244140625,77.44999694824219,77.0,77.16999816894531,52.62150955200195,7016700
2013-03-13,77.06999969482422,77.0999984741211,76.5199966430664,76.80000305175781,52.36924743652344,6340300
2013-03-14,76.87000274658203,77.47000122070312,76.83000183105469,77.38999938964844,52.77156066894531,8079100
2013-03-15,77.08000183105469,77.37999725341797,76.33999633789062,76.33999633789062,52.055564880371094,15237000
2013-03-18,75.9000015258789,76.55000305175781,75.80000305175781,76.16000366210938,51.932823181152344,7081800
2013-03-19,76.13999938964844,77.18000030517578,76.11000061035156,77.11000061035156,52.580623626708984,9326400
2013-03-20,77.29000091552734,77.81999969482422,77.2699966430664,77.58000183105469,52.901126861572266,8615800
2013-03-21,77.41999816894531,77.66999816894531,77.13999938964844,77.20999908447266,52.648826599121094,6319500
2013-03-22,77.18000030517578,77.44999694824219,77.0,77.2699966430664,52.68973922729492,5868400
2013-03-25,77.2699966430664,77.62000274658203,76.44000244140625,76.68000030517578,52.28739929199219,6843600
2013-03-26,77.0199966430664,77.5,76.88999938964844,77.4000015258789,52.77839660644531,5386000
2013-03-27,76.9800033569336,77.11000061035156,76.56999969482422,77.05999755859375,52.546531677246094,5274600
2013-03-28,76.94999694824219,77.16000366210938,76.66000366210938,77.05999755859375,52.546531677246094,8016700
2013-04-01,76.8499984741211,77.8499984741211,76.7300033569336,77.69999694824219,52.98295593261719,7266000
2013-04-02,77.83999633789062,79.1500015258789,77.6500015258789,78.95999908447266,53.84211349487305,13373600
2013-04-03,78.87999725341797,79.08000183105469,77.83999633789062,78.12000274658203,53.26932907104492,8426700
2013-04-04,78.31999969482422,78.9800033569336,78.25,78.54000091552734,53.55573272705078,8770600
2013-04-05,77.87999725341797,78.38999938964844,77.83000183105469,78.2300033569336,53.34434127807617,6562600
2013-04-08,78.12000274658203,78.87999725341797,77.87999725341797,78.79000091552734,53.726219177246094,6284500
2013-04-09,78.81999969482422,78.88999938964844,78.06999969482422,78.26000213623047,53.364810943603516,6760600
2013-04-10,78.48999786376953,79.48999786376953,78.43000030517578,79.23999786376953,54.033050537109375,7947600
2013-04-11,79.37000274658203,80.12999725341797,79.33000183105469,79.66999816894531,54.32628631591797,11831600
2013-04-12,79.51000213623047,80.66000366210938,79.47000122070312,80.08000183105469,54.60586166381836,9383400
2013-04-15,79.79000091552734,80.83999633789062,79.5999984741211,79.6500015258789,54.3126220703125,10877200
2013-04-16,79.83000183105469,80.20999908447266,79.37000274658203,80.0999984741211,54.61947250366211,9365600
2013-04-17,79.9800033569336,80.13999938964844,78.8499984741211,79.05999755859375,53.91032028198242,10964600
2013-04-18,79.08999633789062,80.18000030517578,79.05999755859375,79.87000274658203,54.462642669677734,10896200
2013-04-19,80.37000274658203,81.69999694824219,80.19999694824219,81.43000030517578,55.526397705078125,13147600
2013-04-22,81.30999755859375,81.58999633789062,81.12000274658203,81.4000015258789,55.50593185424805,7530300
2013-04-23,81.45999908447266,82.54000091552734,80.51000213623047,82.54000091552734,56.28330612182617,12684800
2013-04-24,79.48999786376953,79.61000061035156,76.93000030517578,77.12000274658203,52.97380828857422,25708200
2013-04-25,77.66999816894531,77.66999816894531,76.3499984741211,76.58000183105469,52.60288619995117,14702300
2013-04-26,76.72000122070312,77.22000122070312,76.58000183105469,77.0999984741211,52.96007537841797,8769100
2013-04-29,77.55999755859375,77.9800033569336,77.2300033569336,77.68000030517578,53.358482360839844,6638100
2013-04-30,77.86000061035156,77.88999938964844,76.5999984741211,76.7699966430664,52.733402252197266,9653800
2013-05-01,76.83000183105469,77.7699966430664,76.72000122070312,76.98999786376953,52.884517669677734,8388800
2013-05-02,77.38999938964844,78.27999877929688,77.13999938964844,77.76000213623047,53.41342544555664,7288200
2013-05-03,78.0999984741211,78.45999908447266,77.66000366210938,78.19000244140625,53.70882034301758,7884000
2013-05-06,78.02999877929688,78.4000015258789,77.5199966430664,77.75,53.40656280517578,7204200
2013-05-07,77.9800033569336,78.19999694824219,77.2699966430664,77.94000244140625,53.53708267211914,9574200
2013-05-08,77.9000015258789,78.51000213623047,77.2300033569336,78.44000244140625,53.8805046081543,12067300
2013-05-09,78.56999969482422,78.88999938964844,78.0199966430664,78.20999908447266,53.722530364990234,7189400
2013-05-10,78.41000366210938,78.79000091552734,78.2300033569336,78.76000213623047,54.10032272338867,6162500
2013-05-13,78.51000213623047,78.97000122070312,78.41999816894531,78.58999633789062,53.98356628417969,5420200
2013-05-14,78.93000030517578,79.47000122070312,78.73999786376953,79.47000122070312,54.58803939819336,6867400
2013-05-15,79.47000122070312,81.0,79.47000122070312,80.68000030517578,55.41918182373047,11154400
2013-05-16,80.48999786376953,80.73999786376953,79.88999938964844,80.19999694824219,55.08945083618164,8065600
2013-05-17,79.91000366210938,80.18000030517578,79.30999755859375,80.0199966430664,54.96581268310547,8549900
2013-05-20,79.9800033569336,79.9800033569336,78.77999877929688,79.08999633789062,54.32698059082031,7307300
2013-05-21,79.16999816894531,79.22000122070312,78.22000122070312,78.80000305175781,54.12779235839844,7377700
2013-05-22,78.83999633789062,79.68000030517578,78.62000274658203,78.81999969482422,54.14154815673828,8873300
2013-05-23,78.2699966430664,79.11000061035156,78.2300033569336,78.69999694824219,54.05910873413086,7141200
2013-05-24,81.87999725341797,82.3499984741211,81.44000244140625,81.87999725341797,56.243446350097656,25580900
2013-05-28,82.05000305175781,82.12999725341797,80.7699966430664,80.86000061035156,55.542816162109375,14372700
2013-05-29,80.16000366210938,80.25,78.87000274658203,78.9000015258789,54.19649124145508,9992500
2013-05-30,78.9000015258789,79.87999725341797,78.9000015258789,79.08999633789062,54.32698059082031,14761500
2013-05-31,78.79000091552734,78.80999755859375,76.75,76.76000213623047,52.72650909423828,16461900
2013-06-03,76.87000274658203,77.69999694824219,76.12000274658203,77.66000366210938,53.34473419189453,11720600
2013-06-04,77.70999908447266,78.47000122070312,76.75,77.37000274658203,53.145538330078125,11379300
2013-06-05,77.08000183105469,77.20999908447266,76.62999725341797,76.66000366210938,52.65782928466797,8826900
2013-06-06,76.55999755859375,76.97000122070312,75.83000183105469,76.81999969482422,52.76774978637695,11099900
2013-06-07,77.44000244140625,78.27999877929688,77.2699966430664,77.75,53.40656280517578,7839500
2013-06-10,77.69000244140625,78.22000122070312,77.26000213623047,78.06999969482422,53.626365661621094,8966400
2013-06-11,77.68000030517578,78.75,77.44999694824219,78.12000274658203,53.660701751708984,6781200
2013-06-12,78.63999938964844,78.88999938964844,77.4800033569336,77.5999984741211,53.303524017333984,7834200
2013-06-13,77.54000091552734,78.69000244140625,77.13999938964844,78.43000030517578,53.87363815307617,6927700
2013-06-14,78.48999786376953,78.79000091552734,77.66999816894531,78.02999877929688,53.5988883972168,6825900
2013-06-17,78.26000213623047,79.47000122070312,78.25,78.95999908447266,54.237693786621094,7359900
2013-06-18,78.94999694824219,79.2300033569336,78.69999694824219,79.04000091552734,54.29266357421875,6051400
2013-06-19,79.05000305175781,79.47000122070312,77.58999633789062,77.61000061035156,53.31037902832031,7424500
2013-06-20,77.20999908447266,77.33000183105469,75.0999984741211,75.25,51.689308166503906,15555700
2013-06-21,76.25,77.52999877929688,75.69000244140625,77.43000030517578,53.1867561340332,20055700
2013-06-24,76.94999694824219,77.43000030517578,75.62999725341797,76.58000183105469,52.60288619995117,12563300
2013-06-25,77.0999984741211,77.23999786376953,76.29000091552734,76.69000244140625,52.67845153808594,7909400
2013-06-26,77.2300033569336,77.58999633789062,77.0199966430664,77.4000015258789,53.16616439819336,7326500
2013-06-27,77.95999908447266,78.37999725341797,77.56999969482422,77.66999816894531,53.35159683227539,14731500
2013-06-28,77.62000274658203,77.94000244140625,76.9000015258789,76.98999786376953,52.884517669677734,9865300
2013-07-01,77.0199966430664,78.44999694824219,77.0,78.0199966430664,53.59200668334961,6699200
2013-07-02,77.94999694824219,78.61000061035156,77.70999908447266,78.44000244140625,53.8805046081543,10228500
2013-07-03,78.27999877929688,78.75,77.43000030517578,78.56999969482422,53.96983337402344,5339900
2013-07-05,78.88999938964844,79.0199966430664,77.77999877929688,78.33999633789062,53.811832427978516,7264700
2013-07-08,78.54000091552734,79.08000183105469,78.5,78.76000213623047,54.10032272338867,11141400
2013-07-09,79.06999969482422,79.9000015258789,79.06999969482422,79.56999969482422,54.65673065185547,11456200
2013-07-10,79.6500015258789,80.0999984741211,79.30000305175781,79.80000305175781,54.81471252441406,6862800
2013-07-11,80.55000305175781,80.98999786376953,80.29000091552734,80.7699966430664,55.48100280761719,9185400
2013-07-12,80.66999816894531,81.63999938964844,80.66999816894531,81.55000305175781,56.016780853271484,12586300
2013-07-15,81.37000274658203,81.58999633789062,80.8499984741211,81.51000213623047,55.989295959472656,10024700
2013-07-16,81.31999969482422,81.37000274658203,80.91000366210938,80.97000122070312,55.618370056152344,11208600
2013-07-17,80.48999786376953,80.8499984741211,80.01000213623047,80.08999633789062,55.42597579956055,7644300
2013-07-18,80.02999877929688,80.75,80.02999877929688,80.30000305175781,55.571319580078125,5526000
2013-07-19,80.36000061035156,81.41000366210938,80.05000305175781,81.37000274658203,56.311805725097656,7862600
2013-07-22,81.2300033569336,81.44999694824219,80.9000015258789,81.22000122070312,56.20799255371094,4813600
2013-07-23,81.22000122070312,81.4000015258789,80.77999877929688,80.94999694824219,56.0211181640625,4311700
2013-07-24,80.94999694824219,81.0,80.12999725341797,80.2699966430664,55.550559997558594,5606600
2013-07-25,80.01000213623047,80.56999969482422,79.83999633789062,80.41000366210938,55.6474494934082,6239900
2013-07-26,80.0199966430664,80.41999816894531,79.38999938964844,80.38999938964844,55.633602142333984,6543500
2013-07-29,80.0999984741211,80.44999694824219,80.05000305175781,80.08999633789062,55.42597579956055,4389400
2013-07-30,80.48999786376953,80.9000015258789,80.16000366210938,80.44000244140625,55.66822052001953,6434100
2013-07-31,80.44000244140625,81.41000366210938,80.16000366210938,80.30000305175781,55.571319580078125,11857000
2013-08-01,81.62000274658203,82.2300033569336,81.20999908447266,81.63999938964844,56.498653411865234,10724800
2013-08-02,81.41999816894531,81.5,80.55999755859375,81.29000091552734,56.25645065307617,6626300
2013-08-05,81.05000305175781,81.6500015258789,80.95999908447266,81.4000015258789,56.33257293701172,4662800
2013-08-06,81.30000305175781,81.97000122070312,81.30000305175781,81.73999786376953,56.56786346435547,6212500
2013-08-07,81.41000366210938,82.20999908447266,81.37999725341797,81.95999908447266,56.72010040283203,5828500
2013-08-08,82.11000061035156,82.4000015258789,81.51000213623047,82.16999816894531,56.865440368652344,6207900
2013-08-09,81.91999816894531,82.05999755859375,81.19000244140625,81.63999938964844,56.498653411865234,6127200
2013-08-12,81.2300033569336,81.7300033569336,81.04000091552734,81.62000274658203,56.48484420776367,4922200
2013-08-13,81.77999877929688,81.98999786376953,81.33000183105469,81.66000366210938,56.51249694824219,4936400
2013-08-14,81.66999816894531,81.77999877929688,81.19000244140625,81.25,56.22875213623047,5167500
2013-08-15,80.95999908447266,81.08000183105469,80.16999816894531,80.4800033569336,55.695892333984375,7415300
2013-08-16,80.2699966430664,80.4800033569336,79.05999755859375,79.9000015258789,55.29450225830078,9451600
2013-08-19,79.63999938964844,80.08999633789062,79.41999816894531,79.58999633789062,55.07996368408203,5959400
2013-08-20,79.72000122070312,80.0999984741211,79.27999877929688,79.52999877929688,55.038429260253906,5172500
2013-08-21,79.5,80.12000274658203,79.05000305175781,79.37999725341797,54.93462371826172,7390900
2013-08-22,79.30000305175781,80.05000305175781,78.87000274658203,79.7699966430664,55.204505920410156,6274400
2013-08-23,79.87000274658203,80.06999969482422,79.58999633789062,80.01000213623047,55.37061309814453,5219600
2013-08-26,79.91999816894531,79.9800033569336,78.52999877929688,78.54000091552734,54.353309631347656,6385400
2013-08-27,77.87000274658203,78.36000061035156,77.33000183105469,77.97000122070312,53.95886993408203,7052200
2013-08-28,77.86000061035156,77.86000061035156,76.8499984741211,76.8499984741211,53.18376541137695,9008500
2013-08-29,76.76000213623047,77.83999633789062,76.41999816894531,77.30999755859375,53.502105712890625,5961000
2013-08-30,77.52999877929688,78.06999969482422,73.61000061035156,77.88999938964844,53.90348815917969,9039100
2013-09-03,78.2699966430664,78.41999816894531,77.44000244140625,77.75,53.80659484863281,6743800
2013-09-04,77.5199966430664,77.75,77.12000274658203,77.48999786376953,53.626670837402344,6031300
2013-09-05,77.58000183105469,77.62999725341797,76.83000183105469,77.13999938964844,53.38444137573242,7163200
2013-09-06,77.12000274658203,77.61000061035156,76.4000015258789,77.1500015258789,53.39137649536133,6977400
2013-09-09,77.37000274658203,78.19999694824219,77.37000274658203,78.16000366210938,54.090328216552734,6089300
2013-09-10,78.5,78.63999938964844,77.77999877929688,77.94999694824219,53.945003509521484,6650200
2013-09-11,77.26000213623047,78.2699966430664,77.25,78.2699966430664,54.16645812988281,7049800
2013-09-12,78.4000015258789,78.80000305175781,78.16999816894531,78.26000213623047,54.15955352783203,6944900
2013-09-13,78.44000244140625,79.18000030517578,78.41000366210938,79.05000305175781,54.70626449584961,4894100
2013-09-16,79.72000122070312,80.20999908447266,79.70999908447266,80.16000366210938,55.474449157714844,7512800
2013-09-17,79.95999908447266,80.25,79.63999938964844,79.83000183105469,55.24605941772461,5457700
2013-09-18,79.05999755859375,80.4800033569336,78.52999877929688,80.30000305175781,55.571319580078125,10372100
2013-09-19,80.5,80.52999877929688,79.77999877929688,80.12000274658203,55.446754455566406,8157300
2013-09-20,80.08999633789062,80.18000030517578,79.38999938964844,79.38999938964844,54.94155502319336,11146100
2013-09-23,79.19999694824219,79.58000183105469,78.66999816894531,79.27999877929688,54.865421295166016,6304900
2013-09-24,78.97000122070312,79.4800033569336,78.58999633789062,78.62000274658203,54.40869903564453,7692100
2013-09-25,78.83999633789062,79.0,77.70999908447266,77.72000122070312,53.78583526611328,7589300
2013-09-26,77.91000366210938,78.13999938964844,77.62000274658203,78.05000305175781,54.014217376708984,4632600
2013-09-27,77.75,77.75,76.7699966430664,77.20999908447266,53.432884216308594,6551300
2013-09-30,76.80000305175781,77.16000366210938,75.3499984741211,75.58999633789062,52.31177520751953,15028300
2013-10-01,75.5199966430664,76.5,75.44000244140625,76.16000366210938,52.706241607666016,8076100
2013-10-02,75.91000366210938,76.13999938964844,75.41999816894531,75.93000030517578,52.54707336425781,8522900
2013-10-03,75.88999938964844,76.13999938964844,75.19999694824219,75.83999633789062,52.484779357910156,9251600
2013-10-04,75.9800033569336,76.12000274658203,75.51000213623047,76.0199966430664,52.60935974121094,4984700
2013-10-07,75.66000366210938,76.0999984741211,75.4800033569336,75.6500015258789,52.35332489013672,6373300
2013-10-08,76.38999938964844,77.0,76.05000305175781,76.33000183105469,52.82389831542969,9656600
2013-10-09,76.58000183105469,77.16000366210938,76.0999984741211,76.94999694824219,53.25295639038086,8470700
2013-10-10,77.41000366210938,77.91999816894531,77.1500015258789,77.88999938964844,53.90348815917969,10121900
2013-10-11,78.0,78.48999786376953,77.80999755859375,78.4800033569336,54.311798095703125,6082200
2013-10-14,78.01000213623047,78.80000305175781,77.93000030517578,78.73999786376953,54.49171829223633,6326100
2013-10-15,78.37999725341797,78.61000061035156,77.44000244140625,77.5999984741211,53.70280456542969,11192500
2013-10-16,77.3499984741211,78.48999786376953,77.26000213623047,78.33999633789062,54.63877868652344,6562600
2013-10-17,78.19000244140625,79.47000122070312,77.9800033569336,79.41999816894531,55.39202880859375,8671300
2013-10-18,79.38999938964844,79.56999969482422,78.77999877929688,79.41000366210938,55.38507843017578,7958500
2013-10-21,79.2699966430664,79.31999969482422,78.44000244140625,78.97000122070312,55.07817077636719,6478700
2013-10-22,79.30999755859375,80.61000061035156,79.27999877929688,80.37999725341797,56.06159210205078,9572300
2013-10-23,80.33999633789062,81.25,80.25,80.91000366210938,56.43125915527344,8960700
2013-10-24,80.7699966430664,80.94999694824219,80.25,80.61000061035156,56.22199249267578,7521100
2013-10-25,80.55000305175781,80.72000122070312,79.51000213623047,80.0,55.79656982421875,9606500
2013-10-28,80.11000061035156,81.86000061035156,79.94999694824219,81.30000305175781,56.703269958496094,9820900
2013-10-29,81.45999908447266,82.62000274658203,81.0999984741211,82.45999908447266,57.512290954589844,9482900
2013-10-30,82.52999877929688,82.55999755859375,81.2300033569336,81.5199966430664,56.856693267822266,6490000
2013-10-31,81.19999694824219,81.5999984741211,80.72000122070312,80.75,56.31965255737305,7786800
2013-11-01,80.68000030517578,81.33000183105469,80.63999938964844,81.1500015258789,56.598628997802734,6802300
2013-11-04,81.45999908447266,81.7300033569336,80.91000366210938,81.33000183105469,56.72416687011719,5460100
2013-11-05,81.12999725341797,81.73999786376953,80.8499984741211,81.43000030517578,56.79392623901367,4949300
2013-11-06,81.63999938964844,83.0999984741211,81.33000183105469,82.80999755859375,57.75639724731445,9526400
2013-11-07,82.91000366210938,83.0999984741211,82.11000061035156,82.31999969482422,57.41465377807617,10087700
2013-11-08,82.27999877929688,82.56999969482422,81.66999816894531,82.51000213623047,57.54716110229492,9768400
2013-11-11,82.3499984741211,82.68000030517578,82.0199966430664,82.26000213623047,57.372806549072266,6173600
2013-11-12,82.2300033569336,83.04000091552734,82.12000274658203,82.80000305175781,57.74943923950195,8201700
2013-11-13,82.56999969482422,83.5,82.45999908447266,83.5,58.237667083740234,7581600
2013-11-14,83.43000030517578,84.45999908447266,83.43000030517578,84.31999969482422,58.80957794189453,7580500
2013-11-15,84.16999816894531,84.91999816894531,84.16000366210938,84.83999633789062,59.17225646972656,9664700
2013-11-18,84.79000091552734,84.94000244140625,84.18000030517578,84.56999969482422,58.983943939208984,8507300
2013-11-19,84.30999755859375,84.58999633789062,84.20999908447266,84.33999633789062,58.823524475097656,7924200
2013-11-20,84.30999755859375,84.9800033569336,84.23999786376953,84.69000244140625,59.067630767822266,7680900
2013-11-21,84.83999633789062,84.88999938964844,84.51000213623047,84.66999816894531,59.053646087646484,7287700
2013-11-22,84.52999877929688,85.0,84.2300033569336,84.94999694824219,59.24900436401367,7436200
2013-11-25,84.95999908447266,85.81999969482422,84.8499984741211,85.41000366210938,59.56979751586914,9670500
2013-11-26,85.19999694824219,85.76000213623047,84.63999938964844,84.63999938964844,59.03276443481445,7111600
2013-11-27,84.87999725341797,84.88999938964844,84.0199966430664,84.27999877929688,58.78168487548828,4905000
2013-11-29,84.7699966430664,85.20999908447266,84.1500015258789,84.22000122070312,58.739830017089844,4954500
2013-12-02,84.04000091552734,84.1500015258789,83.0999984741211,83.33999633789062,58.126068115234375,7497500
2013-12-03,83.30000305175781,84.0,83.2300033569336,83.83000183105469,58.467830657958984,7533200
2013-12-04,83.37999725341797,83.48999786376953,82.58999633789062,83.3499984741211,58.133033752441406,6807200
2013-12-05,83.38999938964844,83.44999694824219,82.30000305175781,82.69000244140625,57.6727294921875,8186600
2013-12-06,83.2300033569336,84.52999877929688,83.16999816894531,84.5199966430664,58.949058532714844,7189400
2013-12-09,84.4800033569336,84.94000244140625,84.33999633789062,84.77999877929688,59.130409240722656,7395300
2013-12-10,84.41000366210938,84.43000030517578,83.43000030517578,83.6500015258789,58.34227752685547,7373300
2013-12-11,83.73999786376953,84.5,83.61000061035156,84.0199966430664,58.60033416748047,9787900
2013-12-12,83.81999969482422,83.87000274658203,81.93000030517578,82.30000305175781,57.400699615478516,10176300
2013-12-13,82.31999969482422,82.45999908447266,81.55999755859375,82.37000274658203,57.44953918457031,7441600
2013-12-16,82.72000122070312,83.06999969482422,81.5999984741211,81.69000244140625,56.97526168823242,8849700
2013-12-17,81.79000091552734,81.8499984741211,80.69000244140625,80.91000366210938,56.43125915527344,11416400
2013-12-18,81.20999908447266,82.41999816894531,80.4800033569336,82.37999725341797,57.45650863647461,12036100
2013-12-19,81.9800033569336,82.29000091552734,81.51000213623047,81.9000015258789,57.12171173095703,6442600
2013-12-20,81.9800033569336,82.54000091552734,81.81999969482422,81.83999633789062,57.079872131347656,13206100
2013-12-23,82.13999938964844,82.13999938964844,81.01000213623047,81.30999755859375,56.71022033691406,8653600
2013-12-24,81.33000183105469,81.61000061035156,81.25,81.30999755859375,56.71022033691406,2899100
2013-12-26,81.48999786376953,81.88999938964844,81.29000091552734,81.76000213623047,57.02409362792969,5347000
2013-12-27,82.08999633789062,82.4800033569336,81.86000061035156,82.01000213623047,57.19844055175781,4006000
2013-12-30,82.0,82.05000305175781,81.56999969482422,82.0,57.19148254394531,4145600
2013-12-31,81.83000183105469,82.0,81.08999633789062,81.41000366210938,56.77996826171875,5765300
2014-01-02,81.33000183105469,81.36000061035156,80.31999969482422,80.54000091552734,56.17318344116211,6981700
2014-01-03,80.76000213623047,80.8499984741211,80.19000244140625,80.44999694824219,56.110416412353516,6925600
2014-01-06,80.61000061035156,80.9800033569336,80.30000305175781,80.63999938964844,56.2429313659668,7208200
2014-01-07,80.70999908447266,81.58000183105469,80.62000274658203,81.41999816894531,56.78694152832031,7158200
2014-01-08,80.97000122070312,81.1500015258789,80.05000305175781,80.23999786376953,55.963951110839844,13458800
2014-01-09,80.54000091552734,80.80000305175781,80.02999877929688,80.41999816894531,56.08949661254883,10833900
2014-01-10,80.58999633789062,80.88999938964844,80.19999694824219,80.30000305175781,56.005802154541016,8448300
2014-01-13,80.01000213623047,80.5,79.69000244140625,80.01000213623047,55.803531646728516,9360800
2014-01-14,80.05999755859375,80.91999816894531,80.0199966430664,80.87000274658203,56.40336608886719,8737100
2014-01-15,80.69999694824219,81.18000030517578,80.25,80.79000091552734,56.347557067871094,8221900
2014-01-16,80.6500015258789,80.83000183105469,80.26000213623047,80.55999755859375,56.1871223449707,11673300
2014-01-17,80.41999816894531,80.63999938964844,79.80000305175781,79.87999725341797,55.71287536621094,13629800
2014-01-21,80.58999633789062,80.72000122070312,79.54000091552734,80.18000030517578,55.92210388183594,13216400
2014-01-22,79.56999969482422,79.87999725341797,79.05000305175781,79.2300033569336,55.67756652832031,8455600
2014-01-23,78.70999908447266,78.97000122070312,78.12000274658203,78.23999786376953,54.98183822631836,12667700
2014-01-24,79.33000183105469,81.69999694824219,78.77999877929688,79.18000030517578,55.64241027832031,20163200
2014-01-27,79.23999786376953,79.30000305175781,78.41999816894531,78.47000122070312,55.14347457885742,10395400
2014-01-28,78.66999816894531,79.5199966430664,78.43000030517578,79.11000061035156,55.59322738647461,10060800
2014-01-29,78.80000305175781,78.80000305175781,77.37999725341797,77.63999938964844,54.56020736694336,13443100
2014-01-30,78.05000305175781,78.05000305175781,76.7699966430664,76.87000274658203,54.01908874511719,9450500
2014-01-31,76.02999877929688,77.19000244140625,75.26000213623047,76.62000274658203,53.84343338012695,12988800
2014-02-03,76.69000244140625,76.76000213623047,75.5999984741211,75.69999694824219,53.19689178466797,14292700
2014-02-04,76.0,76.38999938964844,75.4000015258789,76.08999633789062,53.470951080322266,12055400
2014-02-05,75.94000244140625,76.80000305175781,75.66999816894531,76.44999694824219,53.72392654418945,9734100
2014-02-06,76.52999877929688,76.98999786376953,76.4800033569336,76.9000015258789,54.040184020996094,7819700
2014-02-07,76.98999786376953,77.38999938964844,76.75,77.30999755859375,54.328304290771484,7259200
2014-02-10,77.43000030517578,78.08999633789062,77.19000244140625,78.02999877929688,54.83427047729492,8959700
2014-02-11,78.0999984741211,79.11000061035156,77.63999938964844,78.83999633789062,55.403480529785156,10500800
2014-02-12,78.12999725341797,78.52999877929688,77.05999755859375,77.48999786376953,54.45478820800781,11019700
2014-02-13,77.08999633789062,77.91999816894531,77.0,77.80000305175781,54.67264175415039,7420600
2014-02-14,77.69000244140625,79.75,77.25,79.4000015258789,55.79701232910156,10791900
2014-02-18,79.4800033569336,79.62999725341797,77.55999755859375,77.97000122070312,54.792110443115234,15750700
2014-02-19,77.63999938964844,78.95999908447266,77.55000305175781,78.13999938964844,54.911582946777344,8740000
2014-02-20,77.95999908447266,78.44000244140625,77.5,77.91999816894531,54.7569694519043,8275200
2014-02-21,78.05000305175781,78.88999938964844,77.91000366210938,77.97000122070312,54.792110443115234,8089200
2014-02-24,78.02999877929688,78.7699966430664,77.61000061035156,77.86000061035156,54.714805603027344,7838700
2014-02-25,77.7300033569336,78.30999755859375,77.4000015258789,78.12000274658203,54.897518157958984,8177500
2014-02-26,78.2300033569336,78.7699966430664,77.81999969482422,77.86000061035156,54.714805603027344,7764700
2014-02-27,77.7699966430664,78.2300033569336,77.55999755859375,78.19000244140625,54.94671630859375,6549800
2014-02-28,78.23999786376953,78.91000366210938,78.01000213623047,78.66000366210938,55.277000427246094,8489600
2014-03-03,78.26000213623047,78.41000366210938,77.3499984741211,77.4800033569336,54.4477653503418,8598600
2014-03-04,78.08999633789062,78.72000122070312,77.9000015258789,78.44999694824219,55.129417419433594,8306900
2014-03-05,78.31999969482422,78.41000366210938,77.55000305175781,77.81999969482422,54.68669509887695,8542300
2014-03-06,78.04000091552734,78.44000244140625,77.83999633789062,78.05999755859375,54.85533905029297,6475600
2014-03-07,78.41000366210938,78.5999984741211,78.11000061035156,78.37999725341797,55.080223083496094,5865400
2014-03-10,78.29000091552734,78.56999969482422,78.19999694824219,78.52999877929688,55.18564987182617,5229900
2014-03-11,78.58999633789062,79.38999938964844,78.56999969482422,78.94999694824219,55.48078155517578,6595800
2014-03-12,78.66000366210938,79.44999694824219,78.62000274658203,79.23999786376953,55.68457794189453,7469300
2014-03-13,79.31999969482422,79.76000213623047,79.19000244140625,79.19000244140625,55.64944076538086,9676600
2014-03-14,79.0999984741211,79.2300033569336,78.66999816894531,78.9800033569336,55.501853942871094,14850700
2014-03-17,79.0199966430664,79.94999694824219,79.0199966430664,79.83999633789062,56.10622024536133,8452100
2014-03-18,79.83999633789062,80.08000183105469,79.51000213623047,79.7699966430664,56.0570068359375,7703200
2014-03-19,79.68000030517578,79.91000366210938,78.51000213623047,78.77999877929688,55.36132049560547,8607200
2014-03-20,78.69999694824219,78.93000030517578,78.1500015258789,78.31999969482422,55.0380744934082,8659500
2014-03-21,79.04000091552734,79.75,77.87999725341797,77.87999725341797,54.72886657714844,21244400
2014-03-24,78.5,79.83000183105469,78.47000122070312,79.30000305175781,55.72673416137695,11221600
2014-03-25,79.5199966430664,79.98999786376953,79.44000244140625,79.80999755859375,56.08513641357422,8892500
2014-03-26,80.02999877929688,80.18000030517578,79.33000183105469,79.5,55.86730194091797,8269800
2014-03-27,79.55000305175781,80.43000030517578,79.37999725341797,79.6500015258789,55.97268295288086,8134100
2014-03-28,79.94000244140625,80.31999969482422,79.5199966430664,79.76000213623047,56.05001449584961,6413500
2014-03-31,80.0,80.83000183105469,79.55000305175781,80.5999984741211,56.64030075073242,8492800
2014-04-01,80.5999984741211,80.83999633789062,80.20999908447266,80.33999633789062,56.45759201049805,8222300
2014-04-02,80.19000244140625,80.33000183105469,79.80000305175781,80.12999725341797,56.31000900268555,6741800
2014-04-03,80.27999877929688,80.58000183105469,79.93000030517578,80.0999984741211,56.28892517089844,5646000
2014-04-04,80.47000122070312,80.55999755859375,79.75,79.7699966430664,56.0570068359375,8649600
2014-04-07,80.0199966430664,81.06999969482422,79.93000030517578,80.48999786376953,56.5629997253418,13229000
2014-04-08,80.51000213623047,81.37999725341797,80.0199966430664,81.3499984741211,57.1673469543457,11880700
2014-04-09,81.80000305175781,82.23999786376953,81.31999969482422,81.48999786376953,57.265724182128906,11550700
2014-04-10,81.58000183105469,82.12999725341797,80.88999938964844,81.08999633789062,56.98465347290039,12194300
2014-04-11,80.9800033569336,81.66000366210938,80.5,80.76000213623047,56.75273895263672,11831400
2014-04-14,81.0,81.19999694824219,80.51000213623047,80.80999755859375,56.78786087036133,7105600
2014-04-15,80.79000091552734,81.08999633789062,80.5199966430664,80.83999633789062,56.808937072753906,9000800
2014-04-16,81.27999877929688,81.87999725341797,81.02999877929688,81.6500015258789,57.37815475463867,8300700
2014-04-17,81.47000122070312,81.88999938964844,81.33999633789062,81.76000213623047,57.45547866821289,8374700
2014-04-21,81.80999755859375,81.80999755859375,81.29000091552734,81.55999755859375,57.31492233276367,6391000
2014-04-22,81.54000091552734,81.66999816894531,81.1500015258789,81.25,57.0970458984375,9259100
2014-04-23,80.72000122070312,80.72000122070312,79.37999725341797,80.36000061035156,56.92280960083008,9577500
2014-04-24,80.26000213623047,81.37999725341797,80.01000213623047,81.1500015258789,57.4824104309082,9523200
2014-04-25,81.19999694824219,81.58000183105469,80.97000122070312,81.41000366210938,57.66658401489258,7497400
2014-04-28,81.54000091552734,82.9800033569336,81.51000213623047,82.94000244140625,58.7503547668457,11595100
2014-04-29,82.75,82.94999694824219,82.36000061035156,82.44000244140625,58.396175384521484,7214300
2014-04-30,82.38999938964844,82.75,82.23999786376953,82.55000305175781,58.47411346435547,6243300
2014-05-01,82.38999938964844,82.47000122070312,81.76000213623047,82.33999633789062,58.32532501220703,5305000
2014-05-02,82.22000122070312,82.5999984741211,81.75,81.91999816894531,58.027862548828125,6629200
2014-05-05,81.63999938964844,81.87999725341797,81.47000122070312,81.69999694824219,57.87200927734375,4563600
2014-05-06,81.76000213623047,81.76000213623047,81.12000274658203,81.12999725341797,57.468238830566406,4591300
2014-05-07,81.44999694824219,82.13999938964844,81.41999816894531,82.08999633789062,58.148250579833984,6639500
2014-05-08,82.05999755859375,82.31999969482422,81.81999969482422,82.16000366210938,58.197845458984375,4631200
2014-05-09,82.19999694824219,82.80000305175781,82.13999938964844,82.38999938964844,58.360755920410156,7303500
2014-05-12,82.61000061035156,82.70999908447266,81.70999908447266,81.7300033569336,57.89326095581055,7859000
2014-05-13,81.94000244140625,81.9800033569336,81.41999816894531,81.61000061035156,57.80825424194336,6540200
2014-05-14,81.73999786376953,81.91000366210938,81.12000274658203,81.16999816894531,57.496585845947266,6867200
2014-05-15,81.25,81.37000274658203,80.44000244140625,80.52999877929688,57.04324722290039,9402100
2014-05-16,80.62999725341797,80.76000213623047,80.0,80.33000183105469,56.90156555175781,11558900
2014-05-19,80.01000213623047,80.05000305175781,79.54000091552734,79.93000030517578,56.61823272705078,6068100
2014-05-20,80.0199966430664,80.58000183105469,79.97000122070312,80.2300033569336,56.830718994140625,7057200
2014-05-21,80.33999633789062,80.66999816894531,80.0199966430664,80.48999786376953,57.01490783691406,6339800
2014-05-22,80.37000274658203,80.66999816894531,80.05000305175781,80.6500015258789,57.12822723388672,5561100
2014-05-23,80.51000213623047,80.8499984741211,80.4000015258789,80.5199966430664,57.03615951538086,4472600
2014-05-27,80.55000305175781,80.58000183105469,80.05000305175781,80.08000183105469,56.7244873046875,7003800
2014-05-28,80.02999877929688,80.27999877929688,80.0199966430664,80.0999984741211,56.73866271972656,4201400
2014-05-29,80.0999984741211,80.4000015258789,80.08000183105469,80.4000015258789,56.95115280151367,3886800
2014-05-30,80.25,80.8499984741211,80.16999816894531,80.79000091552734,57.2274169921875,7433000
2014-06-02,80.66000366210938,80.66999816894531,80.29000091552734,80.36000061035156,56.92280960083008,4331700
2014-06-03,80.04000091552734,80.30000305175781,79.5999984741211,79.93000030517578,56.61823272705078,6970600
2014-06-04,80.0,80.22000122070312,79.63999938964844,79.86000061035156,56.56865692138672,5427700
2014-06-05,80.11000061035156,80.30999755859375,79.97000122070312,80.11000061035156,56.745731353759766,5787700
2014-06-06,80.08999633789062,80.23999786376953,79.81999969482422,80.02999877929688,56.6890869140625,5520500
2014-06-09,79.91000366210938,80.23999786376953,79.8499984741211,80.08999633789062,56.7315559387207,6352500
2014-06-10,80.02999877929688,80.30000305175781,80.0,80.1500015258789,56.77406692504883,5658400
2014-06-11,80.05000305175781,80.30000305175781,79.87999725341797,80.05999755859375,56.71031188964844,7453700
2014-06-12,79.81999969482422,80.02999877929688,79.69000244140625,79.76000213623047,56.497825622558594,6526800
2014-06-13,79.7300033569336,79.94000244140625,79.5,79.63999938964844,56.41281509399414,5214000
2014-06-16,79.5199966430664,79.94000244140625,79.11000061035156,79.69000244140625,56.44822692871094,5334600
2014-06-17,79.61000061035156,79.79000091552734,79.3499984741211,79.58000183105469,56.37031173706055,5337300
2014-06-18,79.44000244140625,79.94000244140625,79.12999725341797,79.79000091552734,56.51906204223633,9614200
2014-06-19,79.8499984741211,80.56999969482422,79.80000305175781,80.23999786376953,56.83781814575195,12485100
2014-06-20,80.44000244140625,80.5,79.83000183105469,79.93000030517578,56.61823272705078,11659900
2014-06-23,80.05999755859375,80.05999755859375,79.36000061035156,79.5199966430664,56.32781982421875,6938900
2014-06-24,79.41999816894531,79.44000244140625,78.91999816894531,79.01000213623047,55.9665412902832,8157300
2014-06-25,79.04000091552734,79.36000061035156,78.6500015258789,79.31999969482422,56.18612289428711,12569300
2014-06-26,79.23999786376953,79.29000091552734,78.58999633789062,78.62000274658203,55.6903076171875,7258800
2014-06-27,78.5999984741211,79.19000244140625,78.5199966430664,79.0199966430664,55.9736442565918,8974900
2014-06-30,79.01000213623047,79.45999908447266,78.43000030517578,78.58999633789062,55.669044494628906,10297700
2014-07-01,78.87000274658203,79.41000366210938,78.51000213623047,79.27999877929688,56.15779495239258,8421200
2014-07-02,79.55999755859375,79.86000061035156,79.44000244140625,79.55999755859375,56.35613250732422,6276600
2014-07-03,79.93000030517578,80.13999938964844,79.63999938964844,79.9800033569336,56.65361785888672,5501100
2014-07-07,79.75,80.19999694824219,79.66000366210938,80.19000244140625,56.802391052246094,6673600
2014-07-08,80.02999877929688,80.8499984741211,79.91000366210938,80.55999755859375,57.064476013183594,9150200
2014-07-09,80.66000366210938,81.80000305175781,80.5,81.66999816894531,57.85075378417969,12113100
2014-07-10,81.2699966430664,81.91000366210938,81.19000244140625,81.61000061035156,57.80825424194336,8786500
2014-07-11,81.05999755859375,81.56999969482422,81.0,81.16000366210938,57.489501953125,7519300
2014-07-14,81.36000061035156,81.73999786376953,81.30000305175781,81.31999969482422,57.602840423583984,6802000
2014-07-15,81.51000213623047,81.5199966430664,81.08999633789062,81.26000213623047,57.560340881347656,9637600
2014-07-16,80.9000015258789,81.19999694824219,80.75,80.94000244140625,57.79167938232422,8940500
2014-07-17,80.98999786376953,81.22000122070312,80.38999938964844,80.4000015258789,57.40610885620117,5844700
2014-07-18,80.55000305175781,80.75,80.16000366210938,80.55000305175781,57.513214111328125,6502400
2014-07-21,80.33000183105469,80.4000015258789,79.94999694824219,80.27999877929688,57.320438385009766,4434300
2014-07-22,80.29000091552734,80.58000183105469,79.7699966430664,80.0999984741211,57.19191360473633,6073200
2014-07-23,80.33000183105469,80.5,79.81999969482422,79.98999786376953,57.11335372924805,5891200
2014-07-24,80.12000274658203,80.31999969482422,79.8499984741211,80.26000213623047,57.306156158447266,6273100
2014-07-25,80.0199966430664,80.16000366210938,79.37000274658203,79.55999755859375,56.80633544921875,6293400
2014-07-28,79.41000366210938,79.62000274658203,78.8499984741211,79.26000213623047,56.592140197753906,6757300
2014-07-29,79.08999633789062,79.5,78.6500015258789,78.6500015258789,56.15658950805664,6419600
2014-07-30,78.69999694824219,79.01000213623047,78.13999938964844,78.16000366210938,55.80672836303711,8296500
2014-07-31,77.76000213623047,78.01000213623047,77.29000091552734,77.31999969482422,55.20695114135742,11235600
2014-08-01,79.25,80.66999816894531,78.83000183105469,79.6500015258789,56.87059020996094,18110700
2014-08-04,79.45999908447266,79.45999908447266,78.66000366210938,79.22000122070312,56.563575744628906,12075300
2014-08-05,78.98999786376953,79.73999786376953,78.9800033569336,79.41000366210938,56.699241638183594,7995900
2014-08-06,79.4000015258789,81.30000305175781,79.2699966430664,81.08999633789062,57.898780822753906,12839000
2014-08-07,81.0199966430664,81.18000030517578,80.01000213623047,80.13999938964844,57.220455169677734,7904000
2014-08-08,80.05000305175781,81.02999877929688,80.04000091552734,80.94999694824219,57.79878616333008,6215600
2014-08-11,81.2300033569336,81.87000274658203,81.02999877929688,81.4800033569336,58.177223205566406,8188000
2014-08-12,81.5,81.86000061035156,81.20999908447266,81.41999816894531,58.13439178466797,6591200
2014-08-13,81.63999938964844,81.80000305175781,81.11000061035156,81.4800033569336,58.177223205566406,5472200
2014-08-14,81.58999633789062,82.04000091552734,81.44000244140625,81.94999694824219,58.512821197509766,5930700
2014-08-15,82.2300033569336,82.2300033569336,81.18000030517578,81.77999877929688,58.391441345214844,7418400
2014-08-18,81.98999786376953,82.8499984741211,81.80999755859375,82.44000244140625,58.862667083740234,8450500
2014-08-19,82.3499984741211,82.87000274658203,82.12000274658203,82.69000244140625,59.04118728637695,6867700
2014-08-20,82.45999908447266,82.94000244140625,82.45999908447266,82.80999755859375,59.1268424987793,4581800
2014-08-21,82.80000305175781,83.47000122070312,82.69000244140625,83.27999877929688,59.46244430541992,7099800
2014-08-22,83.16000366210938,83.66000366210938,83.13999938964844,83.38999938964844,59.540985107421875,6978500
2014-08-25,83.73999786376953,83.81999969482422,83.30999755859375,83.54000091552734,59.648094177246094,5586800
2014-08-26,83.61000061035156,83.83000183105469,83.33000183105469,83.37999725341797,59.533817291259766,5188400
2014-08-27,83.43000030517578,83.5999984741211,83.16000366210938,83.30999755859375,59.48386001586914,4248300
2014-08-28,83.0199966430664,83.22000122070312,82.76000213623047,83.02999877929688,59.28395462036133,4278700
2014-08-29,83.08999633789062,83.12999725341797,82.5999984741211,83.11000061035156,59.341033935546875,4901300
2014-09-02,83.20999908447266,83.48999786376953,82.70999908447266,82.9800033569336,59.248233795166016,5528900
2014-09-03,83.26000213623047,83.4800033569336,82.7699966430664,82.9000015258789,59.19112777709961,5851800
2014-09-04,82.91999816894531,83.75,82.77999877929688,83.69999694824219,59.76232147216797,7444200
2014-09-05,83.44000244140625,83.80000305175781,83.06999969482422,83.7699966430664,59.81230163574219,5888900
2014-09-08,83.56999969482422,83.5999984741211,83.12999725341797,83.31999969482422,59.490997314453125,4899600
2014-09-09,83.05000305175781,83.29000091552734,82.83000183105469,82.98999786376953,59.25537872314453,5202900
2014-09-10,83.19999694824219,83.95999908447266,83.1500015258789,83.63999938964844,59.71950149536133,6715300
2014-09-11,83.61000061035156,83.75,83.37000274658203,83.48999786376953,59.61236572265625,6341600
2014-09-12,83.20999908447266,83.37999725341797,82.86000061035156,83.26000213623047,59.44819259643555,6358500
2014-09-15,83.18000030517578,84.25,83.13999938964844,83.87000274658203,59.88370895385742,7004700
2014-09-16,83.58000183105469,84.44999694824219,83.55999755859375,84.08000183105469,60.033668518066406,7143800
2014-09-17,84.0199966430664,84.5,83.93000030517578,84.16000366210938,60.09077835083008,8273800
2014-09-18,84.18000030517578,84.44000244140625,84.06999969482422,84.19000244140625,60.1121940612793,5309200
2014-09-19,84.5199966430664,84.7699966430664,84.18000030517578,84.47000122070312,60.31210708618164,11377700
2014-09-22,84.63999938964844,84.94999694824219,84.48999786376953,84.80999755859375,60.55485916137695,8397100
2014-09-23,84.6500015258789,84.91999816894531,84.44000244140625,84.44000244140625,60.29067611694336,7723500
2014-09-24,84.33000183105469,85.4000015258789,84.33000183105469,85.23999786376953,60.861881256103516,11694700
2014-09-25,85.0199966430664,85.12999725341797,84.33000183105469,84.33000183105469,60.21216583251953,8212300
2014-09-26,84.54000091552734,84.73999786376953,83.86000061035156,84.58000183105469,60.390655517578125,5478000
2014-09-29,84.11000061035156,84.47000122070312,83.66000366210938,84.44000244140625,60.29067611694336,6360000
2014-09-30,84.33999633789062,84.36000061035156,83.68000030517578,83.73999786376953,59.79087829589844,8074700
2014-10-01,84.0199966430664,84.04000091552734,83.02999877929688,83.13999938964844,59.36247634887695,9024700
2014-10-02,83.0999984741211,83.97000122070312,82.94999694824219,83.05000305175781,59.29821014404297,8858400
2014-10-03,83.44000244140625,83.94999694824219,82.87999725341797,83.79000091552734,59.826576232910156,6701500
2014-10-06,83.56999969482422,83.94000244140625,83.19000244140625,83.56999969482422,59.66949462890625,5656500
2014-10-07,83.37999725341797,83.91999816894531,83.12000274658203,83.16000366210938,59.37677764892578,7378200
2014-10-08,83.33999633789062,84.27999877929688,83.20999908447266,84.18000030517578,60.10505676269531,8107100
2014-10-09,84.20999908447266,84.87999725341797,83.52999877929688,83.66000366210938,59.73379898071289,7765700
2014-10-10,83.94999694824219,85.27999877929688,83.91000366210938,84.69000244140625,60.46918487548828,13732400
2014-10-13,84.30999755859375,84.47000122070312,83.30999755859375,83.37000274658203,59.52671813964844,10066100
2014-10-14,83.91000366210938,83.91000366210938,83.02999877929688,83.55000305175781,59.65522384643555,8210300
2014-10-15,82.58999633789062,83.58000183105469,81.76000213623047,82.94999694824219,59.22681427001953,13283200
2014-10-16,81.6500015258789,82.80000305175781,81.56999969482422,82.23999786376953,58.719879150390625,11310200
2014-10-17,82.94999694824219,83.4800033569336,82.02999877929688,83.2699966430664,59.45531463623047,11786600
2014-10-20,83.25,84.33000183105469,82.83000183105469,84.18000030517578,60.10505676269531,8558100
2014-10-21,84.47000122070312,84.63999938964844,83.66000366210938,84.61000061035156,60.41206741333008,12389600
2014-10-22,84.05999755859375,84.58999633789062,83.91999816894531,84.2300033569336,60.60200500488281,9747600
2014-10-23,84.26000213623047,84.33000183105469,82.30000305175781,83.2300033569336,59.882530212402344,14292100
2014-10-24,85.0999984741211,85.97000122070312,84.91000366210938,85.16000366210938,61.27114486694336,13465600
2014-10-27,84.95999908447266,86.4800033569336,84.83000183105469,85.94999694824219,61.83949661254883,10316600
2014-10-28,86.19999694824219,86.6500015258789,86.16999816894531,86.47000122070312,62.21366500854492,9437700
2014-10-29,86.66999816894531,86.66999816894531,85.91000366210938,86.54000091552734,62.263980865478516,6880600
2014-10-30,86.16000366210938,87.0,85.66999816894531,86.94000244140625,62.55180358886719,5560300
2014-10-31,87.08000183105469,87.36000061035156,86.70999908447266,87.2699966430664,62.78925323486328,9359800
2014-11-03,86.66000366210938,87.38999938964844,86.19999694824219,87.37999725341797,62.86837387084961,7789500
2014-11-04,87.48999786376953,88.87000274658203,87.44000244140625,88.63999938964844,63.774932861328125,10594800
2014-11-05,88.73999786376953,89.48999786376953,88.36000061035156,89.0,64.03394317626953,8462000
2014-11-06,89.08000183105469,89.19999694824219,88.56999969482422,88.9000015258789,63.9620246887207,6628900
2014-11-07,88.73999786376953,89.19999694824219,88.25,89.12999725341797,64.12747955322266,5975700
2014-11-10,88.91999816894531,89.5,88.26000213623047,89.44999694824219,64.35771942138672,5927100
2014-11-11,89.37999725341797,89.79000091552734,89.16999816894531,89.66999816894531,64.5160140991211,6343900
2014-11-12,89.5999984741211,89.87999725341797,89.41999816894531,89.4800033569336,64.37928009033203,6298700
2014-11-13,88.94000244140625,89.83999633789062,88.45999908447266,88.5999984741211,63.74614715576172,10191600
2014-11-14,88.69999694824219,88.88999938964844,87.93000030517578,88.11000061035156,63.39362335205078,7559400
2014-11-17,88.0,88.18000030517578,87.37000274658203,87.83999633789062,63.19933319091797,9475800
2014-11-18,88.0199966430664,88.18000030517578,87.48999786376953,87.94999694824219,63.27846908569336,6419400
2014-11-19,88.23999786376953,88.87000274658203,87.93000030517578,88.7300033569336,63.83970642089844,6570400
2014-11-20,88.33000183105469,88.80000305175781,88.33000183105469,88.47000122070312,63.65260696411133,5527600
2014-11-21,89.26000213623047,89.43000030517578,88.45999908447266,88.5999984741211,63.74614715576172,8984100
2014-11-24,88.87999725341797,88.88999938964844,87.86000061035156,88.11000061035156,63.39362335205078,5569200
2014-11-25,88.36000061035156,88.81999969482422,88.08000183105469,88.80000305175781,63.89007568359375,6439700
2014-11-26,88.83000183105469,88.87999725341797,88.44999694824219,88.87999725341797,63.94759750366211,4420000
2014-11-28,89.08999633789062,90.55999755859375,88.97000122070312,90.43000030517578,65.06280517578125,7661800
2014-12-01,90.16999816894531,90.66999816894531,89.5199966430664,90.08000183105469,64.81097412109375,6745100
2014-12-02,90.44000244140625,91.16999816894531,90.12000274658203,91.06999969482422,65.52326965332031,7432900
2014-12-03,90.83999633789062,90.97000122070312,89.63999938964844,90.0,64.75344848632812,6465600
2014-12-04,90.5,90.94000244140625,90.0999984741211,90.58000183105469,65.17072296142578,6406700
2014-12-05,90.31999969482422,90.41999816894531,89.20999908447266,90.37999725341797,65.0268325805664,6383400
2014-12-08,90.33999633789062,91.0,90.31999969482422,90.76000213623047,65.30023956298828,4721900
2014-12-09,90.47000122070312,90.77999877929688,89.87000274658203,90.70999908447266,65.26426696777344,5704000
2014-12-10,90.94999694824219,91.0999984741211,89.95999908447266,90.0,64.75344848632812,6293300
2014-12-11,90.0,91.27999877929688,89.9800033569336,90.41000366210938,65.04841613769531,6468700
2014-12-12,90.01000213623047,90.97000122070312,89.52999877929688,89.55000305175781,64.42964935302734,6574600
2014-12-15,89.69999694824219,90.5999984741211,89.02999877929688,89.19999694824219,64.17782592773438,6511900
2014-12-16,89.13999938964844,90.95999908447266,88.37999725341797,89.36000061035156,64.29293823242188,8773800
2014-12-17,89.55999755859375,91.16000366210938,89.4000015258789,90.69999694824219,65.25704956054688,7412700
2014-12-18,91.01000213623047,92.0,90.55000305175781,92.0,66.19237518310547,8724500
2014-12-19,92.1500015258789,92.7300033569336,91.76000213623047,92.05000305175781,66.22838592529297,14037800
2014-12-22,92.0999984741211,92.7300033569336,92.0,92.5999984741211,66.62408447265625,7157100
2014-12-23,92.73999786376953,93.4800033569336,92.69999694824219,93.29000091552734,67.1205062866211,5610600
2014-12-24,93.5,93.88999938964844,93.13999938964844,93.13999938964844,67.01260375976562,2403000
2014-12-26,93.1500015258789,93.80999755859375,93.05999755859375,93.45999908447266,67.24284362792969,3148700
2014-12-29,93.12000274658203,93.43000030517578,92.5,92.63999938964844,66.65284729003906,4657700
2014-12-30,92.25,92.81999969482422,92.0999984741211,92.4000015258789,66.48017883300781,4730000
2014-12-31,92.04000091552734,92.55000305175781,91.02999877929688,91.08999633789062,65.53766632080078,5712100
2015-01-02,90.83999633789062,91.0,89.91999816894531,90.44000244140625,65.06999206542969,7251400
2015-01-05,90.2300033569336,91.0,89.8499984741211,90.01000213623047,64.76061248779297,8626100
2015-01-06,90.30999755859375,90.55999755859375,89.26000213623047,89.5999984741211,64.46562957763672,7791200
2015-01-07,89.94000244140625,90.37000274658203,89.55999755859375,90.06999969482422,64.80379486083984,5986600
2015-01-08,90.4800033569336,91.2300033569336,90.12999725341797,91.0999984741211,65.54484558105469,6823300
2015-01-09,91.18000030517578,91.18000030517578,90.12000274658203,90.25,64.93328094482422,4872800
2015-01-12,90.4800033569336,90.62000274658203,89.51000213623047,89.91999816894531,64.69585418701172,5250900
2015-01-13,90.77999877929688,91.5,89.7699966430664,90.30000305175781,64.96928405761719,6727100
2015-01-14,89.7300033569336,90.16000366210938,89.43000030517578,89.98999786376953,64.74624633789062,6418200
2015-01-15,90.48999786376953,90.5,89.33999633789062,89.86000061035156,64.6527099609375,6768200
2015-01-16,89.94999694824219,91.33999633789062,89.87000274658203,91.25,65.65275573730469,8815700
2015-01-20,91.25,91.79000091552734,90.5,91.19000244140625,65.6095962524414,9869900
2015-01-21,90.4000015258789,91.19000244140625,89.62999725341797,90.7300033569336,65.7429428100586,6974500
2015-01-22,91.04000091552734,91.69000244140625,89.87000274658203,91.62000274658203,66.38782501220703,7211200
2015-01-23,91.16999816894531,91.19000244140625,89.94999694824219,90.08000183105469,65.27191925048828,6745700
2015-01-26,89.94999694824219,89.94999694824219,88.73999786376953,89.58000183105469,64.90968322753906,9371700
2015-01-27,87.0999984741211,87.20999908447266,86.0199966430664,86.48999786376953,62.67063903808594,14417400
2015-01-28,86.62999725341797,86.91000366210938,85.01000213623047,85.1500015258789,61.69967269897461,14033400
2015-01-29,85.77999877929688,86.11000061035156,85.1500015258789,85.66999816894531,62.07645034790039,12054500
2015-01-30,85.08999633789062,85.22000122070312,84.25,84.29000091552734,61.07650375366211,14685300
2015-02-02,84.58000183105469,85.13999938964844,83.68000030517578,85.12000274658203,61.67792510986328,10278700
2015-02-03,85.94999694824219,86.0,85.12000274658203,85.94999694824219,62.27931594848633,10747900
2015-02-04,85.88999938964844,86.4800033569336,85.55000305175781,85.79000091552734,62.163394927978516,9212800
2015-02-05,86.23999786376953,86.77999877929688,86.0999984741211,86.69999694824219,62.82280349731445,6531300
2015-02-06,86.55999755859375,86.61000061035156,85.1500015258789,85.61000061035156,62.032989501953125,8429800
2015-02-09,85.30999755859375,85.43000030517578,84.58999633789062,85.05000305175781,61.62721633911133,8811500
2015-02-10,85.33000183105469,85.56999969482422,84.81999969482422,85.38999938964844,61.873565673828125,7059300
2015-02-11,85.94999694824219,86.19999694824219,85.1500015258789,85.63999938964844,62.0546989440918,7184600
2015-02-12,86.05999755859375,86.1500015258789,85.41000366210938,86.02999877929688,62.337303161621094,6074600
2015-02-13,86.02999877929688,86.1500015258789,85.5,85.9000015258789,62.24312210083008,6272000
2015-02-17,86.05999755859375,86.05999755859375,85.0,85.48999786376953,61.94599914550781,10310400
2015-02-18,85.76000213623047,86.38999938964844,85.5199966430664,86.26000213623047,62.50398635864258,8132300
2015-02-19,86.11000061035156,86.30000305175781,85.05000305175781,85.20999908447266,61.7431640625,7271600
2015-02-20,84.94999694824219,85.05000305175781,84.19000244140625,84.87000274658203,61.496803283691406,9581300
2015-02-23,84.95999908447266,85.5,84.6500015258789,85.38999938964844,61.873565673828125,7919200
2015-02-24,85.51000213623047,85.73999786376953,85.01000213623047,85.5,61.95327377319336,6502200
2015-02-25,85.69999694824219,85.80000305175781,85.23999786376953,85.45999908447266,61.924278259277344,5975800
2015-02-26,85.41999816894531,85.76000213623047,84.88999938964844,85.16999816894531,61.71418380737305,7964500
2015-02-27,85.0199966430664,85.37999725341797,84.56999969482422,85.12999725341797,61.685184478759766,7685000
2015-03-02,85.12999725341797,85.41000366210938,84.83999633789062,85.41000366210938,61.88807678222656,7235200
2015-03-03,85.3499984741211,85.44000244140625,84.54000091552734,85.16000366210938,61.70691680908203,6095600
2015-03-04,85.04000091552734,85.23999786376953,84.20999908447266,84.3499984741211,61.12001037597656,7370000
2015-03-05,84.62000274658203,84.76000213623047,84.08999633789062,84.62999725341797,61.322879791259766,5914200
2015-03-06,84.33999633789062,84.37000274658203,82.37000274658203,82.66000366210938,59.895416259765625,11338700
2015-03-09,82.79000091552734,83.20999908447266,82.68000030517578,83.08999633789062,60.207008361816406,7326700
2015-03-10,82.47000122070312,82.87999725341797,81.54000091552734,81.54000091552734,59.0838623046875,9681400
2015-03-11,81.52999877929688,81.77999877929688,80.80999755859375,81.38999938964844,58.97517395019531,10066600
2015-03-12,81.58999633789062,82.12000274658203,81.51000213623047,82.08999633789062,59.48239517211914,6951100
2015-03-13,81.9800033569336,82.27999877929688,81.1500015258789,81.83000183105469,59.29400634765625,7492500
2015-03-16,82.08000183105469,83.94999694824219,81.98999786376953,83.55999755859375,60.54755783081055,15618300
2015-03-17,83.36000061035156,83.37000274658203,82.43000030517578,82.8499984741211,60.03310012817383,7509300
2015-03-18,82.86000061035156,84.05000305175781,82.0199966430664,83.75,60.68524932861328,12607900
2015-03-19,83.45999908447266,83.75,83.12000274658203,83.37999725341797,60.41712188720703,9257500
2015-03-20,83.98999786376953,84.79000091552734,83.7699966430664,84.73999786376953,61.40259552001953,22580300
2015-03-23,84.37000274658203,85.05000305175781,84.36000061035156,84.86000061035156,61.48952865600586,9891100
2015-03-24,84.88999938964844,85.11000061035156,83.87000274658203,83.91999816894531,60.80840301513672,7478800
2015-03-25,84.37000274658203,84.37000274658203,82.86000061035156,83.01000213623047,60.14902877807617,8482200
2015-03-26,82.58000183105469,82.61000061035156,81.94999694824219,82.1500015258789,59.5258674621582,7311600
2015-03-27,82.08000183105469,82.54000091552734,81.98999786376953,82.30999755859375,59.641807556152344,6440600
2015-03-30,82.62999725341797,82.94999694824219,82.1500015258789,82.72000122070312,59.93889236450195,6416800
2015-03-31,82.76000213623047,82.93000030517578,81.94000244140625,81.94000244140625,59.37370681762695,8649700
2015-04-01,82.44000244140625,82.44999694824219,81.44999694824219,82.31999969482422,59.64904022216797,7395300
2015-04-02,82.16999816894531,82.58999633789062,81.91999816894531,82.43000030517578,59.728763580322266,6169800
2015-04-06,81.91999816894531,83.2300033569336,81.51000213623047,83.04000091552734,60.170780181884766,6856300
2015-04-07,82.93000030517578,83.29000091552734,82.33000183105469,82.38999938964844,59.69977951049805,6329900
2015-04-08,82.30000305175781,83.18000030517578,82.2699966430664,82.7699966430664,59.9751091003418,6523400
2015-04-09,82.62999725341797,82.94999694824219,82.01000213623047,82.88999938964844,60.06209182739258,6185000
2015-04-10,82.80000305175781,83.62999725341797,82.72000122070312,83.3499984741211,60.395389556884766,7001700
2015-04-13,83.0,83.94999694824219,82.94000244140625,83.43000030517578,60.45337677001953,8290500
2015-04-14,83.38999938964844,83.87999725341797,83.05000305175781,83.5999984741211,60.576541900634766,6792600
2015-04-15,83.8499984741211,84.19999694824219,83.4800033569336,83.51000213623047,60.51132583618164,7006400
2015-04-16,83.55999755859375,84.06999969482422,83.3499984741211,83.5,60.504093170166016,7615900
2015-04-17,83.0,83.22000122070312,82.02999877929688,82.52999877929688,59.801212310791016,9533800
2015-04-20,83.08999633789062,83.9800033569336,82.80000305175781,82.87000274658203,60.047584533691406,7416000
2015-04-21,83.38999938964844,83.80000305175781,82.9000015258789,83.08000183105469,60.19975662231445,7696400
2015-04-22,83.22000122070312,83.33999633789062,82.5999984741211,83.08999633789062,60.207008361816406,6753100
2015-04-23,81.41999816894531,82.0999984741211,80.9000015258789,80.94999694824219,59.12814712524414,14569500
2015-04-24,81.04000091552734,81.52999877929688,80.9000015258789,81.0,59.1646614074707,8785500
2015-04-27,80.91000366210938,81.19999694824219,80.47000122070312,80.5999984741211,58.872520446777344,9192300
2015-04-28,80.7300033569336,80.81999969482422,80.19000244140625,80.41999816894531,58.741031646728516,8395500
2015-04-29,80.0,80.30999755859375,79.72000122070312,79.8499984741211,58.324684143066406,11858500
2015-04-30,79.94999694824219,80.1500015258789,79.06999969482422,79.51000213623047,58.07632064819336,9409300
2015-05-01,79.76000213623047,80.31999969482422,79.62999725341797,80.29000091552734,58.64608383178711,8193000
2015-05-04,80.4800033569336,80.97000122070312,80.30000305175781,80.3499984741211,58.689903259277344,7203800
2015-05-05,80.5,80.6500015258789,79.77999877929688,80.06999969482422,58.48537826538086,6589400
2015-05-06,80.33999633789062,80.58000183105469,79.5199966430664,80.4000015258789,58.726417541503906,7335700
2015-05-07,80.37000274658203,80.55000305175781,80.0,80.19999694824219,58.580322265625,7224300
2015-05-08,80.88999938964844,81.20999908447266,80.81999969482422,80.95999908447266,59.13546371459961,6929400
2015-05-11,80.94999694824219,80.98999786376953,80.26000213623047,80.2699966430664,58.631446838378906,5237800
2015-05-12,80.02999877929688,80.29000091552734,79.36000061035156,79.94999694824219,58.397735595703125,6305800
2015-05-13,80.16000366210938,80.58999633789062,79.55000305175781,79.69999694824219,58.2150993347168,6459900
2015-05-14,80.11000061035156,80.69000244140625,80.08999633789062,80.56999969482422,58.850589752197266,5634200
2015-05-15,80.83000183105469,81.12000274658203,80.7300033569336,81.05000305175781,59.20120620727539,7454800
2015-05-18,80.97000122070312,81.12999725341797,80.5,80.73999786376953,58.97478103637695,5590800
2015-05-19,80.75,80.94999694824219,80.33000183105469,80.83000183105469,59.040504455566406,5729500
2015-05-20,80.93000030517578,81.0,80.44999694824219,80.4800033569336,58.784854888916016,5487000
2015-05-21,80.16999816894531,80.58000183105469,79.83999633789062,80.41000366210938,58.733741760253906,6054700
2015-05-22,80.23999786376953,80.4000015258789,79.91999816894531,79.94999694824219,58.397735595703125,6003600
2015-05-26,79.97000122070312,80.06999969482422,78.94000244140625,79.13999938964844,57.80608367919922,6698300
2015-05-27,79.22000122070312,79.94000244140625,79.08999633789062,79.38999938964844,57.98868179321289,8094600
2015-05-28,79.43000030517578,79.44999694824219,79.0199966430664,79.33000183105469,57.944862365722656,5803400
2015-05-29,79.18000030517578,79.23999786376953,78.19000244140625,78.38999938964844,57.25827407836914,12551700
2015-06-01,78.6500015258789,79.06999969482422,78.2699966430664,78.8499984741211,57.59423828125,7588000
2015-06-02,78.45999908447266,78.72000122070312,78.16999816894531,78.54000091552734,57.36781692504883,7380800
2015-06-03,78.91000366210938,78.93000030517578,78.2699966430664,78.55999755859375,57.382423400878906,5985800
2015-06-04,78.41000366210938,78.83999633789062,78.05999755859375,78.1500015258789,57.08297348022461,7714600
2015-06-05,78.04000091552734,78.12000274658203,77.37000274658203,77.43000030517578,56.557044982910156,9439700
2015-06-08,77.4800033569336,77.9800033569336,77.0999984741211,77.70999908447266,56.76156997680664,10916200
2015-06-09,77.97000122070312,79.33000183105469,77.81999969482422,78.9000015258789,57.63079071044922,11528900
2015-06-10,79.2300033569336,79.79000091552734,79.01000213623047,79.54000091552734,58.09823989868164,9483500
2015-06-11,79.93000030517578,79.93000030517578,79.23999786376953,79.41000366210938,58.0033073425293,7633300
2015-06-12,79.16999816894531,79.31999969482422,78.56999969482422,78.87000274658203,57.608863830566406,6508600
2015-06-15,78.33000183105469,78.45999908447266,77.93000030517578,78.12000274658203,57.061031341552734,7527900
2015-06-16,79.5999984741211,79.5999984741211,78.54000091552734,79.0999984741211,57.776885986328125,8285700
2015-06-17,79.19999694824219,80.19000244140625,79.16000366210938,80.08000183105469,58.4926872253418,9305800
2015-06-18,80.33000183105469,81.22000122070312,80.30000305175781,80.81999969482422,59.033203125,10712500
2015-06-19,80.70999908447266,81.19999694824219,80.4800033569336,80.54000091552734,58.828697204589844,15598800
2015-06-22,80.91999816894531,81.18000030517578,80.33000183105469,80.44999694824219,58.76293182373047,6907900
2015-06-23,80.33000183105469,80.44999694824219,79.62000274658203,79.79000091552734,58.280845642089844,7190600
2015-06-24,79.80000305175781,79.8499984741211,79.5,79.51000213623047,58.07632064819336,8843700
2015-06-25,79.70999908447266,79.9000015258789,79.38999938964844,79.38999938964844,57.98868179321289,5855700
2015-06-26,79.54000091552734,79.73999786376953,79.27999877929688,79.33999633789062,57.952178955078125,7703200
2015-06-29,78.94999694824219,79.37000274658203,78.26000213623047,78.31999969482422,57.20710372924805,7966200
2015-06-30,78.91999816894531,79.01000213623047,78.12999725341797,78.23999786376953,57.14869689941406,8451400
2015-07-01,78.38999938964844,79.7699966430664,78.12000274658203,79.72000122070312,58.229732513427734,8868000
2015-07-02,80.01000213623047,80.3499984741211,79.7699966430664,79.93000030517578,58.383121490478516,6602500
2015-07-06,79.61000061035156,80.22000122070312,79.5,80.05000305175781,58.470794677734375,6601200
2015-07-07,80.05999755859375,81.83000183105469,80.05999755859375,81.72000122070312,59.690589904785156,11690400
2015-07-08,81.20999908447266,81.69000244140625,80.88999938964844,80.98999786376953,59.157371520996094,6724700
2015-07-09,81.75,82.0,80.5199966430664,80.66000366210938,58.91633224487305,10419800
2015-07-10,81.2300033569336,81.36000061035156,80.76000213623047,80.94999694824219,59.12814712524414,6892500
2015-07-13,81.5199966430664,82.04000091552734,81.33999633789062,81.91000366210938,59.82937240600586,7332900
2015-07-14,82.04000091552734,82.45999908447266,81.9800033569336,82.04000091552734,59.92431640625,6119500
2015-07-15,81.91000366210938,82.31999969482422,81.83999633789062,82.1500015258789,60.00465393066406,6673700
2015-07-16,82.44999694824219,82.55000305175781,82.0999984741211,82.30000305175781,60.11424255371094,6623400
2015-07-17,81.88999938964844,82.37999725341797,81.5999984741211,82.23999786376953,60.070411682128906,5827300
2015-07-20,82.08999633789062,82.3499984741211,82.0,82.19000244140625,60.03390121459961,5012900
2015-07-21,82.01000213623047,82.12999725341797,81.37000274658203,81.62999725341797,59.624839782714844,7512400
2015-07-22,81.02999877929688,81.30000305175781,80.66999816894531,80.83000183105469,59.52396011352539,6106400
2015-07-23,80.83000183105469,80.88999938964844,80.13999938964844,80.69999694824219,59.42823028564453,5380900
2015-07-24,80.51000213623047,80.7300033569336,80.2300033569336,80.29000091552734,59.12626266479492,5660800
2015-07-27,79.83000183105469,80.06999969482422,79.43000030517578,79.97000122070312,58.89065170288086,8613600
2015-07-28,80.13999938964844,80.66000366210938,79.91000366210938,80.2300033569336,59.082096099853516,8649900
2015-07-29,80.26000213623047,80.98999786376953,80.16000366210938,80.62000274658203,59.36928939819336,8921500
2015-07-30,79.4000015258789,79.4800033569336,77.1500015258789,77.38999938964844,56.99070358276367,22067800
2015-07-31,77.62999725341797,77.73999786376953,76.66000366210938,76.69999694824219,56.48259353637695,11877200
2015-08-03,76.51000213623047,77.08999633789062,76.01000213623047,76.4000015258789,56.26167678833008,9511300
2015-08-04,76.02999877929688,76.33999633789062,75.75,75.91000366210938,55.90082550048828,13369100
2015-08-05,76.05000305175781,76.54000091552734,75.75,75.7699966430664,55.79772186279297,10895400
2015-08-06,76.01000213623047,76.01000213623047,75.25,75.73999786376953,55.775638580322266,9353300
2015-08-07,75.58999633789062,75.72000122070312,75.33999633789062,75.4800033569336,55.58417892456055,10045400
2015-08-10,75.94999694824219,76.5,75.80000305175781,76.37999725341797,56.2469367980957,9165900
2015-08-11,76.04000091552734,76.44999694824219,75.80999755859375,76.22000122070312,56.12910079956055,7491900
2015-08-12,75.88999938964844,76.43000030517578,75.33999633789062,76.38999938964844,56.25429916381836,10397700
2015-08-13,76.48999786376953,76.51000213623047,75.62999725341797,75.77999877929688,55.80509567260742,5948000
2015-08-14,75.73999786376953,75.80999755859375,75.37999725341797,75.62000274658203,55.6872673034668,5586900
2015-08-17,75.80999755859375,75.80999755859375,74.75,75.52999877929688,55.62099075317383,8683900
2015-08-18,75.58000183105469,75.80000305175781,75.0,75.12999725341797,55.32644271850586,7445900
2015-08-19,74.93000030517578,74.93000030517578,74.0199966430664,74.12000274658203,54.58266067504883,9865300
2015-08-20,73.75,74.72000122070312,73.45999908447266,73.91000366210938,54.42801284790039,10696500
2015-08-21,73.55000305175781,73.9000015258789,71.83000183105469,71.83999633789062,52.90363311767578,15763900
2015-08-24,68.56999969482422,71.06999969482422,65.0199966430664,69.13999938964844,50.91534423828125,23696300
2015-08-25,72.18000030517578,72.2300033569336,68.30000305175781,68.41999816894531,50.3851318359375,21476900
2015-08-26,69.9000015258789,71.0,68.94999694824219,70.9000015258789,52.21141815185547,17464700
2015-08-27,71.4000015258789,71.75,70.0199966430664,71.4800033569336,52.63853073120117,13434000
2015-08-28,71.16999816894531,71.2699966430664,70.58999633789062,71.20999908447266,52.43970489501953,10020000
2015-08-31,71.0,71.0,70.30000305175781,70.66999816894531,52.04203796386719,9520900
2015-09-01,69.37000274658203,69.87999725341797,68.5199966430664,68.9000015258789,50.73859405517578,15437700
2015-09-02,69.6500015258789,69.8499984741211,69.22000122070312,69.80999755859375,51.40874099731445,8903700
2015-09-03,70.18000030517578,70.45999908447266,69.69999694824219,69.93000030517578,51.49707794189453,8468300
2015-09-04,69.27999877929688,69.27999877929688,68.5,68.76000213623047,50.635501861572266,11497500
2015-09-08,70.30999755859375,70.44000244140625,69.55999755859375,69.9800033569336,51.53392028808594,9182300
2015-09-09,70.44000244140625,70.54000091552734,68.37000274658203,68.4800033569336,50.429298400878906,11070600
2015-09-10,68.12000274658203,68.94999694824219,67.75,68.31999969482422,50.31147766113281,12591100
2015-09-11,68.05999755859375,68.51000213623047,67.7300033569336,68.41999816894531,50.3851318359375,11291400
2015-09-14,68.2300033569336,68.30000305175781,67.33000183105469,68.05999755859375,50.119998931884766,9712800
2015-09-15,68.0199966430664,69.73999786376953,67.9000015258789,69.44999694824219,51.14362716674805,11043700
2015-09-16,70.12000274658203,70.36000061035156,69.69999694824219,70.0999984741211,51.62226867675781,8704200
2015-09-17,70.0,71.2699966430664,69.86000061035156,70.23999786376953,51.72538757324219,11029600
2015-09-18,69.44000244140625,70.77999877929688,69.37000274658203,69.94000244140625,51.50446701049805,18210200
2015-09-21,70.1500015258789,70.87999725341797,70.01000213623047,70.6500015258789,52.027320861816406,7742800
2015-09-22,70.05999755859375,70.6500015258789,69.9800033569336,70.19000244140625,51.68857192993164,10207800
2015-09-23,70.18000030517578,70.48999786376953,69.95999908447266,70.26000213623047,51.740116119384766,6294200
2015-09-24,69.81999969482422,71.58000183105469,69.73999786376953,71.36000061035156,52.550167083740234,13423500
2015-09-25,72.38999938964844,73.37999725341797,71.94999694824219,72.66999816894531,53.514854431152344,15080700
2015-09-28,72.30999755859375,72.66999816894531,71.75,71.7699966430664,52.852081298828125,9207300
2015-09-29,71.7699966430664,72.41000366210938,71.3499984741211,72.27999877929688,53.2276611328125,9033300
2015-09-30,72.86000061035156,73.05999755859375,71.55000305175781,71.94000244140625,52.97726821899414,11041900
2015-10-01,71.76000213623047,72.18000030517578,71.4000015258789,71.94999694824219,52.98463821411133,8547600
2015-10-02,71.36000061035156,72.41999816894531,71.29000091552734,72.41999816894531,53.330745697021484,9085600
2015-10-05,72.97000122070312,73.43000030517578,72.5,73.22000122070312,53.91987991333008,9187700
2015-10-06,73.33999633789062,73.77999877929688,72.58999633789062,73.4000015258789,54.05244827270508,8851500
2015-10-07,73.72000122070312,73.87000274658203,73.31999969482422,73.72000122070312,54.288089752197266,8013200
2015-10-08,73.68000030517578,74.44000244140625,73.48999786376953,74.4000015258789,54.788841247558594,6856600
2015-10-09,74.58999633789062,74.91000366210938,74.31999969482422,74.4800033569336,54.847747802734375,6880100
2015-10-12,74.69000244140625,74.76000213623047,73.91000366210938,74.33000183105469,54.737300872802734,6255900
2015-10-13,74.23999786376953,74.27999877929688,73.66000366210938,74.11000061035156,54.575286865234375,8390200
2015-10-14,74.20999908447266,74.61000061035156,73.9000015258789,74.20999908447266,54.6489372253418,8479200
2015-10-15,74.63999938964844,74.83999633789062,74.02999877929688,74.2699966430664,54.6931037902832,8607400
2015-10-16,74.72000122070312,75.04000091552734,74.33999633789062,74.9000015258789,55.15706253051758,9578900
2015-10-19,74.6500015258789,75.19000244140625,74.52999877929688,75.16000366210938,55.34849166870117,7292200
2015-10-20,74.87000274658203,75.05000305175781,74.16000366210938,74.43000030517578,54.810943603515625,8531900
2015-10-21,73.75,74.54000091552734,73.5,73.58999633789062,54.67943572998047,8302100
2015-10-22,73.86000061035156,75.61000061035156,73.61000061035156,74.8499984741211,55.615638732910156,14080900
2015-10-23,76.76000213623047,78.44999694824219,76.30999755859375,77.02999877929688,57.235435485839844,16451200
2015-10-26,77.0,77.9000015258789,77.0,77.48999786376953,57.57722854614258,11464700
2015-10-27,77.12000274658203,77.36000061035156,76.80999755859375,77.29000091552734,57.428627014160156,9423400
2015-10-28,77.38999938964844,77.54000091552734,75.69000244140625,76.51000213623047,56.849056243896484,10178400
2015-10-29,76.75,77.19000244140625,76.23999786376953,77.0199966430664,57.2280158996582,8230700
2015-10-30,76.9800033569336,77.13999938964844,76.37999725341797,76.37999725341797,56.752464294433594,9547700
2015-11-02,76.56999969482422,76.7699966430664,76.05000305175781,76.5999984741211,56.91592788696289,7152900
2015-11-03,76.30000305175781,77.41999816894531,75.95999908447266,77.05000305175781,57.25031280517578,8013200
2015-11-04,77.02999877929688,77.13999938964844,76.51000213623047,77.05999755859375,57.25770950317383,6375400
2015-11-05,77.08999633789062,77.26000213623047,75.95999908447266,76.38999938964844,56.7598991394043,6860900
2015-11-06,75.87999725341797,76.0,74.69000244140625,75.56999969482422,56.1506233215332,9483500
2015-11-09,75.19000244140625,75.62999725341797,74.93000030517578,75.4000015258789,56.02429962158203,8607200
2015-11-10,75.37999725341797,76.23999786376953,75.2300033569336,75.7699966430664,56.299217224121094,6551000
2015-11-11,76.0199966430664,76.43000030517578,75.91999816894531,75.95999908447266,56.44038772583008,5295900
2015-11-12,75.66999816894531,76.01000213623047,74.66000366210938,74.66000366210938,55.47446823120117,7678600
2015-11-13,74.63999938964844,74.9800033569336,73.94999694824219,73.95999908447266,54.954349517822266,8468800
2015-11-16,74.25,75.33000183105469,74.01000213623047,75.30000305175781,55.95000076293945,7410600
2015-11-17,75.33000183105469,76.01000213623047,74.87000274658203,75.06999969482422,55.77909469604492,8761800
2015-11-18,74.9800033569336,75.95999908447266,74.80999755859375,75.9000015258789,56.39582061767578,6447100
2015-11-19,76.13999938964844,76.95999908447266,76.0199966430664,76.22000122070312,56.63357925415039,7899500
2015-11-20,76.55000305175781,76.86000061035156,75.68000030517578,75.81999969482422,56.33636474609375,9533200
2015-11-23,75.81999969482422,76.05999755859375,75.4000015258789,75.97000122070312,56.44782257080078,9421300
2015-11-24,75.62000274658203,76.69000244140625,75.61000061035156,76.44999694824219,56.80447006225586,7086800
2015-11-25,76.52999877929688,76.73999786376953,75.87999725341797,75.9000015258789,56.39582061767578,4266500
2015-11-27,75.88999938964844,76.37000274658203,75.5,75.69999694824219,56.247215270996094,2390100
2015-11-30,75.58000183105469,75.80999755859375,74.83999633789062,74.83999633789062,55.60820770263672,8935700
2015-12-01,74.87000274658203,76.22000122070312,74.87000274658203,75.94000244140625,56.4255256652832,8391700
2015-12-02,75.7300033569336,76.45999908447266,75.6500015258789,75.79000091552734,56.3140754699707,8104200
2015-12-03,75.83000183105469,76.19999694824219,75.16999816894531,75.73999786376953,56.27693176269531,11177800
2015-12-04,75.9800033569336,77.9000015258789,75.91999816894531,77.83000183105469,57.82985305786133,11961000
2015-12-07,77.54000091552734,78.5,77.54000091552734,78.37000274658203,58.2310905456543,9460000
2015-12-08,77.68000030517578,78.5,77.3499984741211,77.75,57.77040481567383,8312700
2015-12-09,77.5999984741211,78.98999786376953,77.44000244140625,77.69999694824219,57.73326873779297,10081900
2015-12-10,77.91000366210938,78.54000091552734,77.56999969482422,77.79000091552734,57.800148010253906,8984200
2015-12-11,77.51000213623047,78.33000183105469,77.11000061035156,77.77999877929688,57.79269790649414,12280500
2015-12-14,77.62999725341797,78.52999877929688,77.44000244140625,78.29000091552734,58.171669006347656,12179000
2015-12-15,78.70999908447266,80.0,78.4800033569336,79.68000030517578,59.204471588134766,14113400
2015-12-16,79.9800033569336,81.2300033569336,79.80000305175781,80.98999786376953,60.17782211303711,14102600
2015-12-17,80.9800033569336,81.02999877929688,80.19999694824219,80.29000091552734,59.65766906738281,9864200
2015-12-18,79.94999694824219,80.12000274658203,78.12999725341797,78.12999725341797,58.052772521972656,21342100
2015-12-21,78.62999725341797,78.9800033569336,78.1500015258789,78.94999694824219,58.662052154541016,9105800
2015-12-22,79.16000366210938,79.75,78.87999725341797,79.5999984741211,59.1450080871582,9872200
2015-12-23,79.94999694824219,80.43000030517578,79.5,79.91999816894531,59.38279724121094,8254600
2015-12-24,79.66000366210938,80.1500015258789,79.5999984741211,79.79000091552734,59.286190032958984,2498000
2015-12-28,79.73999786376953,79.97000122070312,79.47000122070312,79.91999816894531,59.38279724121094,4150000
2015-12-29,80.22000122070312,80.61000061035156,79.8499984741211,80.36000061035156,59.709720611572266,4406100
2015-12-30,80.45999908447266,80.5,80.0,80.06999969482422,59.49423599243164,3793200
2015-12-31,79.91000366210938,80.04000091552734,79.30999755859375,79.41000366210938,59.00383377075195,5077700
2016-01-04,78.36000061035156,78.5,77.54000091552734,78.37000274658203,58.2310905456543,11529800
2016-01-05,78.44000244140625,78.95999908447266,78.20999908447266,78.62000274658203,58.41686248779297,8133700
2016-01-06,77.66999816894531,78.29000091552734,77.12000274658203,77.86000061035156,57.85214614868164,9551000
2016-01-07,76.8499984741211,77.5999984741211,76.06999969482422,77.18000030517578,57.34690475463867,11973900
2016-01-08,77.36000061035156,77.4800033569336,75.66999816894531,75.97000122070312,56.44782257080078,9676400
2016-01-11,76.16999816894531,77.04000091552734,75.5999984741211,76.66999816894531,56.96794509887695,10209200
2016-01-12,77.0,77.0199966430664,75.75,76.51000213623047,56.849056243896484,8774700
2016-01-13,76.97000122070312,76.98999786376953,75.79000091552734,75.8499984741211,56.35865020751953,9310100
2016-01-14,76.0999984741211,76.94999694824219,75.87999725341797,76.1500015258789,56.58157730102539,12835100
2016-01-15,74.5,75.68000030517578,74.47000122070312,74.9800033569336,55.712223052978516,17023900
2016-01-19,75.80000305175781,76.91000366210938,75.72000122070312,76.7300033569336,57.01251983642578,13457300
2016-01-20,75.29000091552734,76.08999633789062,74.45999908447266,75.83000183105469,56.834896087646484,17795000
2016-01-21,76.0199966430664,77.18000030517578,75.41000366210938,76.72000122070312,57.501956939697266,12712900
2016-01-22,77.4000015258789,77.97000122070312,76.55000305175781,77.36000061035156,57.98163986206055,9465800
2016-01-25,77.19999694824219,77.36000061035156,76.55999755859375,76.8499984741211,57.59939956665039,9870400
2016-01-26,78.0,79.58000183105469,77.54000091552734,78.80999755859375,59.068416595458984,16374800
2016-01-27,78.52999877929688,79.8499984741211,78.1500015258789,78.80000305175781,59.060916900634766,10816100
2016-01-28,79.4000015258789,80.0,78.61000061035156,79.81999969482422,59.825408935546875,9895100
2016-01-29,79.9800033569336,82.0,79.83000183105469,81.69000244140625,61.22699737548828,19895000
2016-02-01,81.20999908447266,81.4000015258789,80.52999877929688,81.12000274658203,60.7997932434082,9657200
2016-02-02,80.08999633789062,80.54000091552734,79.80999755859375,80.22000122070312,60.12521743774414,9116400
2016-02-03,80.4800033569336,81.23999786376953,80.0199966430664,81.0999984741211,60.7847900390625,10149600
2016-02-04,80.8499984741211,81.0999984741211,80.33000183105469,80.69999694824219,60.4849853515625,8295100
2016-02-05,80.58000183105469,81.19999694824219,80.56999969482422,81.19999694824219,60.859718322753906,9957600
2016-02-08,80.29000091552734,82.72000122070312,80.29000091552734,82.62000274658203,61.924034118652344,16530200
2016-02-09,81.83000183105469,83.0,81.0199966430664,82.63999938964844,61.939022064208984,14308900
2016-02-10,82.91000366210938,83.0,81.45999908447266,81.62000274658203,61.17453384399414,10585400
2016-02-11,80.38999938964844,80.98999786376953,79.62999725341797,79.9000015258789,59.885372161865234,12343900
2016-02-12,80.36000061035156,81.0199966430664,79.79000091552734,80.98999786376953,60.70233917236328,9306100
2016-02-16,81.98999786376953,81.98999786376953,80.83999633789062,81.47000122070312,61.06211471557617,9352600
2016-02-17,81.6500015258789,82.83000183105469,81.51000213623047,82.44999694824219,61.79661178588867,10892900
2016-02-18,82.2300033569336,82.31999969482422,81.20999908447266,81.9800033569336,61.44434356689453,7702600
2016-02-19,81.95999908447266,82.26000213623047,81.4000015258789,81.79000091552734,61.30193328857422,7709600
2016-02-22,81.79000091552734,82.66999816894531,81.70999908447266,82.12999725341797,61.55677795410156,6916500
2016-02-23,82.0,82.45999908447266,81.61000061035156,81.80999755859375,61.316932678222656,5840600
2016-02-24,81.26000213623047,81.63999938964844,80.66000366210938,81.55999755859375,61.12955856323242,6759800
2016-02-25,81.69999694824219,82.33999633789062,81.47000122070312,82.33999633789062,61.71416091918945,6789700
2016-02-26,82.5199966430664,82.6500015258789,80.94999694824219,81.0999984741211,60.7847900390625,9281100
2016-02-29,81.0999984741211,81.3499984741211,80.20999908447266,80.29000091552734,60.17766189575195,11065300
2016-03-01,80.54000091552734,81.36000061035156,80.52999877929688,81.2300033569336,60.88220977783203,9483900
2016-03-02,81.58000183105469,82.66000366210938,80.8499984741211,82.55000305175781,61.87156295776367,12096600
2016-03-03,82.54000091552734,82.93000030517578,82.18000030517578,82.83999633789062,62.088924407958984,8747100
2016-03-04,82.62000274658203,83.73999786376953,82.26000213623047,83.48999786376953,62.57610321044922,9406700
2016-03-07,83.18000030517578,83.69999694824219,83.0,83.0999984741211,62.2838020324707,6792400
2016-03-08,82.97000122070312,83.75,82.66999816894531,83.05999755859375,62.25382995605469,7788400
2016-03-09,83.30000305175781,83.69000244140625,82.68000030517578,82.95999908447266,62.178871154785156,8954800
2016-03-10,83.12999725341797,83.2300033569336,81.75,82.27999877929688,61.6692008972168,10385600
2016-03-11,82.75,82.80000305175781,81.44000244140625,81.75,61.27195358276367,11109500
2016-03-14,81.56999969482422,81.8499984741211,80.68000030517578,81.16999816894531,60.83725357055664,12389300
2016-03-15,81.0,81.45999908447266,80.76000213623047,81.30999755859375,60.942169189453125,9297800
2016-03-16,81.30999755859375,81.80000305175781,80.4800033569336,81.33999633789062,60.96464538574219,9490300
2016-03-17,81.29000091552734,83.2300033569336,81.27999877929688,82.75,62.02146530151367,12061500
2016-03-18,82.86000061035156,83.5,82.44000244140625,83.1500015258789,62.32128143310547,33635200
2016-03-21,83.12000274658203,83.87000274658203,82.91000366210938,83.31999969482422,62.44868850708008,8625600
2016-03-22,83.27999877929688,83.31999969482422,82.48999786376953,82.73999786376953,62.01399612426758,7205900
2016-03-23,82.72000122070312,83.48999786376953,82.58000183105469,82.81999969482422,62.073944091796875,5594600
2016-03-24,82.45999908447266,83.12000274658203,82.43000030517578,82.88999938964844,62.126380920410156,6645700
2016-03-28,82.98999786376953,83.44999694824219,82.5199966430664,82.62000274658203,61.924034118652344,4988500
2016-03-29,82.66000366210938,83.08999633789062,82.16000366210938,82.80000305175781,62.05894088745117,6731400
2016-03-30,83.08999633789062,83.36000061035156,82.6500015258789,82.68000030517578,61.9690055847168,6925400
2016-03-31,82.75,83.0,82.1500015258789,82.30999755859375,61.69169235229492,6819200
2016-04-01,82.0,83.62000274658203,81.93000030517578,83.52999877929688,62.60606384277344,8028600
2016-04-04,83.6500015258789,83.6500015258789,83.02999877929688,83.20999908447266,62.36623764038086,5593400
2016-04-05,83.16000366210938,83.55999755859375,82.98999786376953,83.16000366210938,62.32878875732422,5259100
2016-04-06,83.13999938964844,83.83999633789062,83.08000183105469,83.80999755859375,62.81594467163086,6292100
2016-04-07,83.23999786376953,83.68000030517578,82.87000274658203,83.23999786376953,62.38872528076172,6655900
2016-04-08,83.44000244140625,83.44999694824219,82.7699966430664,83.19999694824219,62.35873794555664,5453000
2016-04-11,83.02999877929688,83.33999633789062,82.66000366210938,82.7300033569336,62.00648498535156,7081500
2016-04-12,82.70999908447266,83.20999908447266,82.44999694824219,82.83000183105469,62.08143615722656,7081600
2016-04-13,83.05000305175781,83.43000030517578,81.83999633789062,82.45999908447266,61.80410385131836,11738600
2016-04-14,81.94999694824219,82.37000274658203,81.54000091552734,82.01000213623047,61.970340728759766,6904400
2016-04-15,82.05000305175781,82.43000030517578,81.8499984741211,82.30000305175781,62.189476013183594,7299300
2016-04-18,82.30000305175781,82.98999786376953,82.0199966430664,82.83000183105469,62.589969635009766,5628000
2016-04-19,82.91000366210938,83.69999694824219,82.8499984741211,83.27999877929688,62.930023193359375,6606100
2016-04-20,83.29000091552734,83.33999633789062,81.4800033569336,81.55000305175781,61.62274932861328,9124200
2016-04-21,81.04000091552734,81.30999755859375,80.55000305175781,80.80000305175781,61.056026458740234,8802100
2016-04-22,80.4000015258789,80.94999694824219,79.91000366210938,80.94999694824219,61.16935729980469,8027700
2016-04-25,80.91999816894531,81.4800033569336,80.41999816894531,81.41000366210938,61.516963958740234,7672800
2016-04-26,81.5,81.5,79.20999908447266,79.55000305175781,60.11149978637695,13742300
2016-04-27,79.47000122070312,80.1500015258789,79.0999984741211,79.88999938964844,60.36838150024414,7689700
2016-04-28,79.4800033569336,80.2699966430664,79.38999938964844,79.76000213623047,60.27015686035156,7615900
2016-04-29,79.66999816894531,80.1500015258789,79.37000274658203,80.12000274658203,60.54219055175781,9391000
2016-05-02,80.0199966430664,81.30000305175781,80.0199966430664,80.97000122070312,61.18446731567383,7862600
2016-05-03,80.80000305175781,81.69999694824219,80.69000244140625,81.0999984741211,61.28270721435547,7617500
2016-05-04,80.87000274658203,81.7699966430664,80.87000274658203,81.5999984741211,61.660526275634766,7365900
2016-05-05,81.5999984741211,82.08999633789062,80.91999816894531,81.30000305175781,61.433837890625,6399500
2016-05-06,81.41999816894531,82.25,81.16999816894531,82.12999725341797,62.06101608276367,6297200
2016-05-09,82.20999908447266,82.7300033569336,81.97000122070312,82.12000274658203,62.053466796875,6718800
2016-05-10,82.1500015258789,82.68000030517578,82.12000274658203,82.4800033569336,62.325496673583984,6222400
2016-05-11,82.5,82.88999938964844,82.12999725341797,82.1500015258789,62.07612228393555,5975000
2016-05-12,82.4800033569336,82.73999786376953,82.11000061035156,82.41000366210938,62.27264404296875,4925000
2016-05-13,82.41999816894531,82.41999816894531,81.0,81.2300033569336,61.380958557128906,6579000
2016-05-16,81.01000213623047,81.88999938964844,80.75,81.62999725341797,61.6832160949707,6497200
2016-05-17,81.63999938964844,82.05999755859375,80.33000183105469,80.62000274658203,60.91999816894531,10188200
2016-05-18,80.58999633789062,80.7699966430664,79.41000366210938,79.8499984741211,60.33815383911133,8344100
2016-05-19,79.63999938964844,80.22000122070312,79.44999694824219,80.19000244140625,60.5950927734375,6242500
2016-05-20,80.44000244140625,80.5,79.79000091552734,80.0199966430664,60.46660232543945,6526800
2016-05-23,80.05000305175781,80.33000183105469,79.8499984741211,80.19999694824219,60.602622985839844,5620600
2016-05-24,80.30000305175781,81.37999725341797,80.30000305175781,80.97000122070312,61.18446731567383,6293300
2016-05-25,81.08000183105469,81.7699966430664,81.01000213623047,81.4800033569336,61.569862365722656,6049800
2016-05-26,81.4800033569336,81.5999984741211,81.08999633789062,81.22000122070312,61.37339782714844,4622300
2016-05-27,81.2699966430664,81.66000366210938,81.16000366210938,81.43000030517578,61.532073974609375,4322200
2016-05-31,81.58000183105469,81.81999969482422,80.73999786376953,81.04000091552734,61.237396240234375,6705000
2016-06-01,80.94999694824219,81.80000305175781,80.86000061035156,81.79000091552734,61.8040885925293,6184100
2016-06-02,81.52999877929688,81.94999694824219,81.33000183105469,81.94999694824219,61.92500305175781,5186300
2016-06-03,81.93000030517578,82.48999786376953,81.77999877929688,82.47000122070312,62.317935943603516,6306700
2016-06-06,82.4000015258789,82.83000183105469,82.2300033569336,82.7699966430664,62.544639587402344,5292300
2016-06-07,82.76000213623047,82.88999938964844,82.25,82.31999969482422,62.204620361328125,6327500
2016-06-08,82.37000274658203,82.75,82.0199966430664,82.6500015258789,62.45395278930664,4712600
2016-06-09,82.58000183105469,83.26000213623047,82.43000030517578,83.16999816894531,62.846885681152344,6144900
2016-06-10,82.7699966430664,83.33999633789062,82.61000061035156,83.19999694824219,62.86956024169922,6840800
2016-06-13,82.95999908447266,83.4000015258789,82.52999877929688,82.56999969482422,62.39352035522461,6167400
2016-06-14,82.55000305175781,83.37000274658203,82.2699966430664,83.3499984741211,62.982906341552734,6868600
2016-06-15,83.4000015258789,83.5,82.81999969482422,82.94999694824219,62.6806755065918,7082200
2016-06-16,82.66999816894531,83.61000061035156,82.66000366210938,83.41000366210938,63.02824783325195,6630100
2016-06-17,83.30999755859375,83.44000244140625,82.3499984741211,83.12999725341797,62.8166618347168,11741700
2016-06-20,83.5199966430664,83.69999694824219,83.02999877929688,83.04000091552734,62.74866485595703,6164300
2016-06-21,83.08999633789062,83.77999877929688,83.08999633789062,83.41000366210938,63.02824783325195,6594700
2016-06-22,83.5,83.76000213623047,83.29000091552734,83.56999969482422,63.149166107177734,4940100
2016-06-23,83.80999755859375,84.20999908447266,83.56999969482422,84.20999908447266,63.63277816772461,7361300
2016-06-24,82.61000061035156,83.81999969482422,81.98999786376953,82.26000213623047,62.159271240234375,12401100
2016-06-27,81.83000183105469,81.88999938964844,81.0,81.2300033569336,61.380958557128906,9601800
2016-06-28,81.44000244140625,82.48999786376953,80.94999694824219,82.45999908447266,62.31039047241211,9257100
2016-06-29,82.95999908447266,83.91000366210938,82.91000366210938,83.91000366210938,63.40607452392578,7927500
2016-06-30,83.91000366210938,84.80000305175781,83.81999969482422,84.66999816894531,63.9803466796875,10969300
2016-07-01,84.5199966430664,84.98999786376953,84.51000213623047,84.77999877929688,64.06348419189453,9531100
2016-07-05,84.4800033569336,85.94999694824219,84.44999694824219,85.44000244140625,64.56221008300781,11403100
2016-07-06,85.37000274658203,85.5,84.73999786376953,85.02999877929688,64.25241088867188,8356500
2016-07-07,85.2300033569336,85.23999786376953,84.52999877929688,84.83000183105469,64.10124969482422,7905700
2016-07-08,84.9800033569336,85.9000015258789,84.7699966430664,85.7699966430664,64.81158447265625,6827300
2016-07-11,85.61000061035156,85.94999694824219,84.91000366210938,85.75,64.79645538330078,6156800
2016-07-12,85.48999786376953,85.94000244140625,85.19000244140625,85.75,64.79645538330078,6649800
2016-07-13,85.80999755859375,86.1500015258789,85.41000366210938,85.88999938964844,64.90228271484375,7572100
2016-07-14,86.44000244140625,86.88999938964844,85.8499984741211,85.87000274658203,64.88712310791016,11342600
2016-07-15,86.25,86.4800033569336,85.79000091552734,86.01000213623047,64.992919921875,8491300
2016-07-18,86.0199966430664,86.05000305175781,85.69999694824219,85.93000030517578,64.93248748779297,4781300
2016-07-19,85.66999816894531,86.18000030517578,85.55999755859375,86.16999816894531,65.11383819580078,6078200
2016-07-20,85.37999725341797,85.7300033569336,85.12999725341797,85.31999969482422,64.97674560546875,6289000
2016-07-21,85.0199966430664,85.37000274658203,84.87999725341797,85.26000213623047,64.93103790283203,5407000
2016-07-22,85.5,85.9800033569336,85.44999694824219,85.72000122070312,65.28136444091797,6165600
2016-07-25,85.52999877929688,85.80000305175781,85.1500015258789,85.80000305175781,65.34229278564453,5605300
2016-07-26,85.68000030517578,86.08000183105469,85.16999816894531,85.2699966430664,64.93865203857422,5379300
2016-07-27,85.23999786376953,85.30000305175781,84.31999969482422,84.45999908447266,64.32183074951172,7744700
2016-07-28,84.41999816894531,84.9800033569336,84.4000015258789,84.80999755859375,64.58833312988281,5911600
2016-07-29,84.88999938964844,85.79000091552734,84.80000305175781,85.58999633789062,65.18238067626953,7520900
2016-08-01,85.44000244140625,86.58000183105469,85.41999816894531,86.41000366210938,65.80686950683594,10420600
2016-08-02,87.0199966430664,87.1500015258789,86.23999786376953,86.76000213623047,66.07337951660156,13083200
2016-08-03,86.51000213623047,86.72000122070312,85.45999908447266,85.97000122070312,65.47179412841797,8192100
2016-08-04,86.12000274658203,86.52999877929688,85.80000305175781,86.05000305175781,65.53268432617188,5564100
2016-08-05,86.08000183105469,86.44000244140625,85.52999877929688,85.77999877929688,65.32707214355469,6729700
2016-08-08,85.61000061035156,85.9000015258789,85.12999725341797,85.76000213623047,65.31183624267578,5388200
2016-08-09,85.86000061035156,86.33999633789062,85.68000030517578,85.98999786376953,65.48698425292969,4158800
2016-08-10,86.26000213623047,86.81999969482422,86.0,86.30999755859375,65.7306900024414,5981400
2016-08-11,86.69999694824219,87.0,86.4000015258789,86.7300033569336,66.050537109375,7387100
2016-08-12,86.91999816894531,87.44999694824219,86.77999877929688,87.04000091552734,66.28663635253906,8063400
2016-08-15,87.5199966430664,87.56999969482422,86.98999786376953,87.0199966430664,66.27140045166016,6871200
2016-08-16,86.9800033569336,87.4000015258789,86.47000122070312,86.58000183105469,65.93632507324219,8071100
2016-08-17,86.44999694824219,87.11000061035156,85.97000122070312,86.95999908447266,66.22571563720703,6762100
2016-08-18,86.94000244140625,87.45999908447266,86.94000244140625,87.44000244140625,66.59130096435547,7082800
2016-08-19,87.19999694824219,87.41000366210938,87.05000305175781,87.30999755859375,66.49222564697266,6199900
2016-08-22,87.13999938964844,87.20999908447266,86.58000183105469,86.8499984741211,66.14195251464844,5921100
2016-08-23,87.12999725341797,87.5,87.04000091552734,87.4000015258789,66.560791015625,5420100
2016-08-24,87.31999969482422,87.44999694824219,86.55999755859375,87.30999755859375,66.49222564697266,5713300
2016-08-25,87.30000305175781,87.94000244140625,87.04000091552734,87.9000015258789,66.94158935546875,10595500
2016-08-26,87.87000274658203,88.5,87.16999816894531,87.58000183105469,66.69790649414062,16408200
2016-08-29,87.38999938964844,88.4000015258789,87.31999969482422,88.30000305175781,67.24620056152344,8934500
2016-08-30,87.72000122070312,88.30000305175781,87.45999908447266,87.54000091552734,66.66739654541016,11619400
2016-08-31,87.75,87.8499984741211,87.02999877929688,87.30999755859375,66.49222564697266,11407800
2016-09-01,87.36000061035156,88.30999755859375,86.9800033569336,88.30999755859375,67.25381469726562,29793300
2016-09-02,88.4800033569336,88.87000274658203,88.04000091552734,88.19999694824219,67.1700668334961,17470400
2016-09-06,88.25,88.63999938964844,87.87999725341797,88.63999938964844,67.5051498413086,14472100
2016-09-07,88.30999755859375,88.41000366210938,87.70999908447266,87.94999694824219,66.97966003417969,17556400
2016-09-08,87.94999694824219,88.18000030517578,87.62999725341797,87.77999877929688,66.8501968383789,23465700
2016-09-09,87.0999984741211,87.16999816894531,86.23999786376953,86.23999786376953,65.67738342285156,21955000
2016-09-12,86.04000091552734,88.37999725341797,85.95999908447266,88.25,67.20813751220703,16105700
2016-09-13,87.55000305175781,87.91000366210938,87.01000213623047,87.05000305175781,66.29425811767578,19682700
2016-09-14,87.12000274658203,87.5999984741211,86.87000274658203,87.01000213623047,66.2637939453125,25397900
2016-09-15,86.75,88.2699966430664,86.75,88.05999755859375,67.06340789794922,13833600
2016-09-16,87.62000274658203,88.11000061035156,87.30000305175781,88.05000305175781,67.05584716796875,23518300
2016-09-19,87.91999816894531,88.94999694824219,87.25,88.37000274658203,67.29952239990234,19173900
2016-09-20,88.5,88.94999694824219,88.18000030517578,88.58000183105469,67.45944213867188,33986500
2016-09-21,88.54000091552734,88.79000091552734,86.44000244140625,87.80000305175781,66.86542510986328,55409800
2016-09-22,87.7699966430664,89.30000305175781,87.7699966430664,88.98999786376953,67.77167510986328,52692700
2016-09-23,88.62999725341797,88.94000244140625,87.48999786376953,87.76000213623047,66.83495330810547,48281400
2016-09-26,87.41999816894531,88.43000030517578,86.61000061035156,87.8499984741211,66.90351104736328,60276600
2016-09-27,88.05999755859375,88.80999755859375,87.66000366210938,88.36000061035156,67.29190063476562,65150800
2016-09-28,88.9800033569336,89.7300033569336,88.47000122070312,89.45999908447266,68.12963104248047,89806000
2016-09-29,89.16000366210938,89.2699966430664,87.54000091552734,88.2300033569336,67.19290161132812,74587500
2016-09-30,88.30000305175781,90.22000122070312,88.29000091552734,89.75,68.35050201416016,123735700
2016-10-03,89.3499984741211,89.44999694824219,88.41000366210938,88.66000366210938,67.52037048339844,26789500
2016-10-04,88.29000091552734,88.68000030517578,87.94999694824219,88.3499984741211,67.28427124023438,23317600
2016-10-05,88.4800033569336,89.0,88.20999908447266,88.8499984741211,67.66506958007812,64580300
2016-10-06,88.61000061035156,89.7300033569336,88.47000122070312,89.22000122070312,67.94685363769531,61462800
2016-10-07,89.01000213623047,90.05000305175781,88.30000305175781,90.0,68.54088592529297,20518800
2016-10-10,90.19000244140625,90.33000183105469,88.77999877929688,89.05999755859375,67.82498168945312,15492400
2016-10-11,88.83000183105469,89.12000274658203,88.19999694824219,88.54000091552734,67.42900085449219,11723100
2016-10-12,88.73999786376953,89.01000213623047,88.33000183105469,88.56999969482422,67.45182800292969,17118000
2016-10-13,88.05000305175781,88.56999969482422,87.5999984741211,88.23999786376953,67.20053100585938,11158100
2016-10-14,88.5,88.95999908447266,88.22000122070312,88.43000030517578,67.34523010253906,7369000
2016-10-17,88.43000030517578,88.6500015258789,87.70999908447266,87.83000183105469,66.88829040527344,7610600
2016-10-18,88.20999908447266,88.2699966430664,87.44000244140625,87.44999694824219,66.59888458251953,10749500
2016-10-19,86.6500015258789,86.81999969482422,85.44000244140625,85.54000091552734,65.6472396850586,12788800
2016-10-20,85.37999725341797,85.5199966430664,84.79000091552734,84.93000030517578,65.1791000366211,10175100
2016-10-21,84.41000366210938,84.86000061035156,84.23999786376953,84.33000183105469,64.71864318847656,13974100
2016-10-24,84.38999938964844,84.69999694824219,84.05999755859375,84.0999984741211,64.5421371459961,10573200
2016-10-25,87.48999786376953,88.08000183105469,86.97000122070312,86.97000122070312,66.74469757080078,20761200
2016-10-26,86.91000366210938,87.73999786376953,86.77999877929688,87.4000015258789,67.0746841430664,8464100
2016-10-27,87.51000213623047,87.5999984741211,86.44999694824219,86.58000183105469,66.44538879394531,6598300
2016-10-28,86.87000274658203,87.2300033569336,86.44999694824219,86.83999633789062,66.64495086669922,7021100
2016-10-31,87.01000213623047,87.47000122070312,86.69000244140625,86.80000305175781,66.61421966552734,8207100
2016-11-01,86.58000183105469,86.98999786376953,86.4800033569336,86.8499984741211,66.65261840820312,8564500
2016-11-02,86.7699966430664,87.41000366210938,86.55999755859375,86.73999786376953,66.56819152832031,7773200
2016-11-03,86.80000305175781,86.9800033569336,86.47000122070312,86.5999984741211,66.46073913574219,6899900
2016-11-04,86.69000244140625,86.7300033569336,85.06999969482422,85.08000183105469,65.29421997070312,9378100
2016-11-07,86.0199966430664,86.56999969482422,85.5999984741211,86.55999755859375,66.43004608154297,8878500
2016-11-08,86.7699966430664,87.69000244140625,86.58999633789062,87.45999908447266,67.1207275390625,7674600
2016-11-09,85.26000213623047,86.54000091552734,84.30999755859375,85.93000030517578,65.94657135009766,11972500
2016-11-10,85.51000213623047,85.69999694824219,82.18000030517578,82.95999908447266,63.6672248840332,22095000
2016-11-11,82.66999816894531,84.05999755859375,82.6500015258789,83.58000183105469,64.14305877685547,8905700
2016-11-14,83.55999755859375,83.77999877929688,82.76000213623047,83.0,63.69792175292969,12862500
2016-11-15,84.58000183105469,84.58000183105469,82.87999725341797,83.62000274658203,64.17374420166016,9464000
2016-11-16,83.9800033569336,84.19999694824219,83.16999816894531,83.19000244140625,63.84376907348633,8542900
2016-11-17,83.2699966430664,83.5,82.93000030517578,83.06999969482422,63.75165557861328,9083700
2016-11-18,82.91999816894531,83.0999984741211,81.98999786376953,82.0,62.930484771728516,14565500
2016-11-21,82.0,82.75,81.70999908447266,82.63999938964844,63.42164611816406,11482100
2016-11-22,83.01000213623047,83.18000030517578,82.66000366210938,82.76000213623047,63.51374435424805,7426500
2016-11-23,82.58999633789062,82.93000030517578,82.5199966430664,82.68000030517578,63.45234680175781,7693300
2016-11-25,82.98999786376953,83.45999908447266,82.94999694824219,83.45999908447266,64.05094909667969,3882900
2016-11-28,83.12999725341797,83.36000061035156,82.76000213623047,83.06999969482422,63.75165557861328,6990100
2016-11-29,83.41999816894531,83.4800033569336,82.69000244140625,82.88999938964844,63.61351776123047,6183100
2016-11-30,82.5199966430664,82.83000183105469,82.26000213623047,82.45999908447266,63.28349304199219,12115500
2016-12-01,82.20999908447266,82.31999969482422,81.18000030517578,81.86000061035156,62.82303237915039,12516900
2016-12-02,82.3499984741211,82.68000030517578,82.06999969482422,82.4000015258789,63.23746871948242,9079400
2016-12-05,82.55999755859375,83.08000183105469,82.4800033569336,82.98999786376953,63.69026184082031,8597500
2016-12-06,83.23999786376953,83.25,82.61000061035156,82.91000366210938,63.628868103027344,7327200
2016-12-07,82.73999786376953,84.27999877929688,82.70999908447266,84.18000030517578,64.6035385131836,8567700
2016-12-08,83.79000091552734,84.18000030517578,83.5,83.5,64.0816421508789,7522800
2016-12-09,83.5199966430664,84.4000015258789,83.47000122070312,84.37000274658203,64.74935913085938,8004500
2016-12-12,84.20999908447266,85.18000030517578,84.20999908447266,85.12999725341797,65.3326187133789,7494100
2016-12-13,84.66999816894531,85.36000061035156,84.52999877929688,85.18000030517578,65.3709487915039,11795900
2016-12-14,85.29000091552734,85.73999786376953,84.16999816894531,84.37000274658203,64.74935913085938,12292200
2016-12-15,84.1500015258789,84.80000305175781,83.61000061035156,84.68000030517578,64.98723602294922,8768100
2016-12-16,84.9000015258789,85.12000274658203,84.1500015258789,84.68000030517578,64.98723602294922,21172400
2016-12-19,84.75,84.9800033569336,84.31999969482422,84.70999908447266,65.01026916503906,6431200
2016-12-20,84.56999969482422,84.70999908447266,84.19000244140625,84.56999969482422,64.90284729003906,7485400
2016-12-21,84.19000244140625,84.7300033569336,84.12000274658203,84.27999877929688,64.68025970458984,6099300
2016-12-22,84.0,84.61000061035156,83.87000274658203,84.47000122070312,64.82608032226562,7864800
2016-12-23,84.68000030517578,85.18000030517578,84.55000305175781,84.95999908447266,65.20213317871094,5284200
2016-12-27,84.9000015258789,84.94000244140625,84.41999816894531,84.5999984741211,64.92584228515625,3782600
2016-12-28,84.4000015258789,84.62999725341797,83.94999694824219,84.06999969482422,64.51911926269531,4298800
2016-12-29,84.23999786376953,84.48999786376953,84.0999984741211,84.3499984741211,64.7339859008789,3718300
2016-12-30,84.16999816894531,84.44999694824219,83.91999816894531,84.08000183105469,64.52677154541016,6209800
2017-01-03,83.87999725341797,84.38999938964844,83.5,84.19999694824219,64.61886596679688,8792700
2017-01-04,84.44999694824219,84.5999984741211,84.23999786376953,84.5,64.84911346435547,8096700
2017-01-05,84.41000366210938,85.43000030517578,84.37999725341797,85.05999755859375,65.27889251708984,6852400
2017-01-06,84.94000244140625,85.25,84.62000274658203,85.02999877929688,65.25585174560547,4799900
2017-01-09,84.05999755859375,84.66000366210938,83.75,84.4000015258789,64.77238464355469,11000600
2017-01-10,84.33999633789062,84.43000030517578,83.23999786376953,83.48999786376953,64.07398223876953,10918200
2017-01-11,83.38999938964844,83.75,83.27999877929688,83.75,64.27351379394531,9572300
2017-01-12,83.70999908447266,83.87999725341797,83.37000274658203,83.83999633789062,64.34259796142578,6545400
2017-01-13,83.8499984741211,84.0199966430664,83.44000244140625,84.01000213623047,64.4730453491211,6762800
2017-01-17,83.9000015258789,85.58000183105469,83.87999725341797,85.20999908447266,65.39398193359375,13145100
2017-01-18,84.80000305175781,85.30000305175781,84.58999633789062,84.93000030517578,65.69566345214844,10520400
2017-01-19,84.62999725341797,85.0,84.27999877929688,84.69999694824219,65.51775360107422,14074500
2017-01-20,86.88999938964844,87.9800033569336,86.41999816894531,87.44999694824219,67.64495849609375,22944400
2017-01-23,87.08999633789062,87.3499984741211,86.8499984741211,86.95999908447266,67.26593017578125,9408900
2017-01-24,87.22000122070312,87.94999694824219,87.22000122070312,87.86000061035156,67.96207427978516,8704700
2017-01-25,87.83999633789062,87.9000015258789,87.05999755859375,87.16000366210938,67.4206314086914,8082900
2017-01-26,87.12000274658203,87.2300033569336,86.58999633789062,86.5999984741211,66.9874496459961,6542300
2017-01-27,86.44999694824219,86.8499984741211,86.0199966430664,86.72000122070312,67.08027648925781,9332300
2017-01-30,86.77999877929688,86.86000061035156,86.5,86.75,67.1034927368164,7350000
2017-01-31,86.62999725341797,87.66000366210938,86.52999877929688,87.5999984741211,67.76097869873047,9712400
2017-02-01,87.02999877929688,87.58999633789062,86.75,87.33000183105469,67.5521240234375,8291000
2017-02-02,87.61000061035156,88.3499984741211,87.25,87.76000213623047,67.8847427368164,8997200
2017-02-03,88.12000274658203,88.16999816894531,87.38999938964844,87.41000366210938,67.61400604248047,7161900
2017-02-06,87.5,87.79000091552734,87.12999725341797,87.4000015258789,67.60626983642578,7483000
2017-02-07,87.63999938964844,88.27999877929688,87.4800033569336,88.01000213623047,68.078125,6646100
2017-02-08,88.06999969482422,88.33999633789062,87.80999755859375,88.33000183105469,68.32565307617188,6815800
2017-02-09,88.33000183105469,88.77999877929688,88.02999877929688,88.66999816894531,68.5886459350586,9914100
2017-02-10,88.55999755859375,88.7300033569336,87.97000122070312,87.97000122070312,68.04719543457031,11057600
2017-02-13,88.04000091552734,88.36000061035156,87.63999938964844,88.30999755859375,68.3101806640625,6905100
2017-02-14,88.0,88.22000122070312,87.2300033569336,87.86000061035156,67.96207427978516,20123400
2017-02-15,89.80999755859375,91.1500015258789,89.80999755859375,91.12000274658203,70.48380279541016,25847700
2017-02-16,90.91999816894531,91.12000274658203,90.54000091552734,90.79000091552734,70.22853088378906,12408500
2017-02-17,90.61000061035156,91.36000061035156,90.44999694824219,91.08999633789062,70.4605941772461,12152400
2017-02-21,90.58000183105469,91.80000305175781,90.58000183105469,91.66999816894531,70.90921020507812,9018700
2017-02-22,91.44999694824219,91.80000305175781,91.25,91.44000244140625,70.73131561279297,6749900
2017-02-23,91.61000061035156,91.80000305175781,90.91000366210938,91.12999725341797,70.49153137207031,7611600
2017-02-24,90.97000122070312,91.33999633789062,90.66999816894531,91.05000305175781,70.42964935302734,6643400
2017-02-27,90.52999877929688,90.91000366210938,90.05999755859375,90.88999938964844,70.30589294433594,11840300
2017-02-28,90.9000015258789,91.79000091552734,90.6500015258789,91.06999969482422,70.44510650634766,10535600
2017-03-01,91.05000305175781,91.88999938964844,90.70999908447266,91.66000366210938,70.90149688720703,8792200
2017-03-02,91.4000015258789,91.58999633789062,90.87999725341797,90.91000366210938,70.32135772705078,7031200
2017-03-03,90.91000366210938,90.91000366210938,89.88999938964844,90.5,70.00422668457031,8334900
2017-03-06,89.88999938964844,90.51000213623047,89.58999633789062,90.37000274658203,69.90365600585938,9533800
2017-03-07,90.13999938964844,90.48999786376953,90.05999755859375,90.29000091552734,69.84176635742188,5363000
2017-03-08,90.0199966430664,90.3499984741211,89.76000213623047,90.13999938964844,69.7257308959961,5503700
2017-03-09,90.13999938964844,90.48999786376953,90.0999984741211,90.33999633789062,69.88043975830078,5587400
2017-03-10,90.80000305175781,91.16000366210938,90.6500015258789,91.06999969482422,70.44510650634766,6797800
2017-03-13,91.05999755859375,91.48999786376953,90.8499984741211,91.30999755859375,70.63077545166016,7397500
2017-03-14,91.26000213623047,91.58999633789062,90.81999969482422,91.0,70.39099884033203,6686400
2017-03-15,91.0,91.77999877929688,90.7300033569336,91.4000015258789,70.70038604736328,7855300
2017-03-16,91.44000244140625,91.72000122070312,91.0999984741211,91.44000244140625,70.73131561279297,6601200
2017-03-17,91.44999694824219,92.0,90.91999816894531,91.0,70.39099884033203,37010100
2017-03-20,90.95999908447266,91.41000366210938,90.94000244140625,91.22000122070312,70.56114959716797,7772900
2017-03-21,91.30000305175781,91.75,91.02999877929688,91.19000244140625,70.5379409790039,8211000
2017-03-22,91.30999755859375,91.80000305175781,90.75,90.98999786376953,70.38324737548828,7798000
2017-03-23,90.91000366210938,91.45999908447266,90.5999984741211,90.7699966430664,70.21306610107422,6831400
2017-03-24,90.7699966430664,90.91999816894531,90.20999908447266,90.56999969482422,70.05835723876953,9252000
2017-03-27,90.44999694824219,90.72000122070312,90.18000030517578,90.48999786376953,69.99647521972656,10072000
2017-03-28,90.16999816894531,91.05999755859375,90.12999725341797,90.76000213623047,70.20531463623047,11855800
2017-03-29,90.55999755859375,90.87000274658203,90.38999938964844,90.5999984741211,70.08155822753906,4252800
2017-03-30,90.5,90.56999969482422,90.0999984741211,90.19999694824219,69.77214050292969,3691900
2017-03-31,90.02999877929688,90.33999633789062,89.83999633789062,89.8499984741211,69.50142669677734,6942400
2017-04-03,89.86000061035156,90.05999755859375,89.44999694824219,89.68000030517578,69.36992645263672,6967400
2017-04-04,89.75,89.95999908447266,89.41999816894531,89.91000366210938,69.5478515625,5680800
2017-04-05,90.0,90.5,89.76000213623047,89.97000122070312,69.59423828125,6320100
2017-04-06,89.7699966430664,89.80999755859375,89.30999755859375,89.4000015258789,69.15333557128906,7231500
2017-04-07,89.45999908447266,89.61000061035156,89.18000030517578,89.2300033569336,69.02183532714844,4739100
2017-04-10,89.12999725341797,89.68000030517578,88.75,89.48999786376953,69.22296142578125,5956000
2017-04-11,89.66000366210938,89.81999969482422,89.29000091552734,89.80000305175781,69.46273040771484,5186000
2017-04-12,89.69999694824219,90.41999816894531,89.55999755859375,90.30999755859375,69.85723114013672,6286300
2017-04-13,90.05000305175781,90.54000091552734,89.79000091552734,90.02999877929688,69.64067840576172,5040100
2017-04-17,90.2300033569336,90.58999633789062,90.12999725341797,90.38999938964844,69.91910552978516,6931700
2017-04-18,90.4000015258789,91.12999725341797,90.33999633789062,90.80000305175781,70.23625946044922,7087800
2017-04-19,90.0999984741211,90.44999694824219,89.5,89.5999984741211,69.8387451171875,6919000
2017-04-20,89.69999694824219,89.69999694824219,89.30999755859375,89.33000183105469,69.6282958984375,6983500
2017-04-21,89.16999816894531,89.27999877929688,88.61000061035156,88.62000274658203,69.07487487792969,9061200
2017-04-24,89.12000274658203,89.66000366210938,89.01000213623047,89.55000305175781,69.79978942871094,8338500
2017-04-25,89.58000183105469,90.25,89.47000122070312,90.0,70.15052032470703,9088400
2017-04-26,89.8499984741211,90.0,87.61000061035156,87.73999786376953,68.38896179199219,11951300
2017-04-27,87.58000183105469,88.23999786376953,87.2300033569336,87.69000244140625,68.3499984741211,8517500
2017-04-28,87.5199966430664,87.58999633789062,87.1500015258789,87.33000183105469,68.06938934326172,8295400
2017-05-01,87.37999725341797,87.5999984741211,87.08000183105469,87.08999633789062,67.88233184814453,4546600
2017-05-02,87.29000091552734,87.29000091552734,86.0199966430664,86.22000122070312,67.20421600341797,13197500
2017-05-03,86.30000305175781,86.62999725341797,85.9000015258789,86.43000030517578,67.36788940429688,6122000
2017-05-04,86.8499984741211,87.23999786376953,86.30000305175781,86.44999694824219,67.38346862792969,5986200
2017-05-05,86.54000091552734,86.61000061035156,86.12999725341797,86.5,67.4224624633789,4506200
2017-05-08,86.33000183105469,86.62000274658203,86.23999786376953,86.55000305175781,67.46143341064453,4634600
2017-05-09,86.80000305175781,86.81999969482422,86.22000122070312,86.4000015258789,67.3445053100586,9577600
2017-05-10,86.4800033569336,86.79000091552734,86.38999938964844,86.48999786376953,67.41466522216797,6178500
2017-05-11,86.61000061035156,86.62999725341797,85.87999725341797,86.16999816894531,67.16522979736328,6064700
2017-05-12,86.23999786376953,86.31999969482422,85.91999816894531,86.19000244140625,67.18083190917969,5892400
2017-05-15,86.6500015258789,86.70999908447266,86.25,86.33000183105469,67.28993225097656,5820700
2017-05-16,86.87999725341797,87.0,86.19000244140625,86.23999786376953,67.21979522705078,6554500
2017-05-17,86.23999786376953,86.62999725341797,85.93000030517578,86.26000213623047,67.2353744506836,7805800
2017-05-18,86.18000030517578,86.22000122070312,85.5199966430664,85.87000274658203,66.93141174316406,6985600
2017-05-19,86.0,86.37999725341797,85.66999816894531,86.23999786376953,67.21979522705078,7320700
2017-05-22,86.25,86.4000015258789,86.02999877929688,86.20999908447266,67.19642639160156,4260000
2017-05-23,86.27999877929688,86.54000091552734,85.9800033569336,86.08000183105469,67.0950927734375,4394200
2017-05-24,86.44999694824219,86.6500015258789,86.20999908447266,86.5,67.4224624633789,4878800
2017-05-25,86.58000183105469,86.9800033569336,86.55000305175781,86.86000061035156,67.70304107666016,4368000
2017-05-26,86.93000030517578,87.37999725341797,86.81999969482422,87.25,68.00706481933594,4337000
2017-05-30,87.25,87.61000061035156,87.0999984741211,87.4000015258789,68.12397003173828,4594500
2017-05-31,87.66999816894531,88.3499984741211,87.44999694824219,88.08999633789062,68.66178131103516,10146600
2017-06-01,88.0199966430664,88.13999938964844,87.37000274658203,88.12999725341797,68.69295501708984,6251300
2017-06-02,88.4000015258789,88.68000030517578,88.01000213623047,88.58999633789062,69.051513671875,6136400
2017-06-05,88.30000305175781,88.76000213623047,88.0,88.73999786376953,69.16841888427734,4115300
2017-06-06,88.76000213623047,88.97000122070312,88.44999694824219,88.80000305175781,69.2151870727539,6503000
2017-06-07,88.68000030517578,88.88999938964844,88.4000015258789,88.7699966430664,69.19180297851562,4781600
2017-06-08,88.7699966430664,88.80000305175781,87.36000061035156,87.8499984741211,68.4747085571289,7712100
2017-06-09,87.8499984741211,88.20999908447266,87.55000305175781,88.16000366210938,68.71636962890625,9696900
2017-06-12,88.16000366210938,88.66000366210938,88.08999633789062,88.23999786376953,68.7787094116211,7867700
2017-06-13,88.36000061035156,88.4000015258789,87.7699966430664,88.05999755859375,68.6384048461914,6419300
2017-06-14,88.48999786376953,88.75,88.05999755859375,88.44000244140625,68.93458557128906,6183900
2017-06-15,88.2300033569336,89.62000274658203,88.2300033569336,89.37999725341797,69.66726684570312,7047500
2017-06-16,89.72000122070312,89.7699966430664,88.80999755859375,89.66000366210938,69.88551330566406,13855000
2017-06-19,89.5999984741211,89.86000061035156,89.19999694824219,89.86000061035156,70.04141235351562,5246200
2017-06-20,89.7699966430664,90.20999908447266,89.61000061035156,89.62999725341797,69.86211395263672,5674200
2017-06-21,89.62000274658203,89.94999694824219,89.29000091552734,89.4000015258789,69.68287658691406,4164500
2017-06-22,89.2699966430664,89.41000366210938,88.9000015258789,89.02999877929688,69.39443969726562,4536700
2017-06-23,89.02999877929688,89.80000305175781,88.9000015258789,89.41999816894531,69.69845581054688,8782100
2017-06-26,89.62999725341797,89.68000030517578,89.2699966430664,89.36000061035156,69.65167236328125,4373300
2017-06-27,89.36000061035156,89.36000061035156,88.61000061035156,88.61000061035156,69.06708526611328,5180400
2017-06-28,89.08000183105469,89.20999908447266,88.26000213623047,88.37000274658203,68.8800048828125,4875000
2017-06-29,88.0199966430664,88.22000122070312,86.93000030517578,86.98999786376953,67.80438232421875,8123500
2017-06-30,87.05000305175781,87.47000122070312,87.0,87.1500015258789,67.9291000366211,6070300
2017-07-03,87.4000015258789,88.0,87.18000030517578,87.73999786376953,68.38896179199219,3607400
2017-07-05,87.86000061035156,88.0,87.48999786376953,87.66999816894531,68.33439636230469,4974300
2017-07-06,87.6500015258789,87.94999694824219,87.36000061035156,87.37000274658203,68.10059356689453,6038900
2017-07-07,87.69000244140625,87.81999969482422,87.27999877929688,87.6500015258789,68.3188247680664,5142200
2017-07-10,87.62999725341797,87.87000274658203,86.88999938964844,87.08999633789062,67.88233184814453,5356400
2017-07-11,87.2300033569336,87.44999694824219,86.30999755859375,86.7699966430664,67.63290405273438,5838600
2017-07-12,87.23999786376953,87.47000122070312,86.83000183105469,86.95999908447266,67.78099060058594,4374200
2017-07-13,86.7699966430664,87.05000305175781,86.5,86.69999694824219,67.57833862304688,5448900
2017-07-14,86.95999908447266,87.29000091552734,86.7300033569336,87.0999984741211,67.89012145996094,4577700
2017-07-17,87.06999969482422,87.91000366210938,86.73999786376953,87.55000305175781,68.24085235595703,5227800
2017-07-18,87.61000061035156,88.76000213623047,87.45999908447266,88.63999938964844,69.09048461914062,7492300
2017-07-19,87.87000274658203,88.41000366210938,87.5999984741211,88.3499984741211,69.40470123291016,6008500
2017-07-20,88.31999969482422,89.30999755859375,88.30999755859375,88.5999984741211,69.60108947753906,7285000
2017-07-21,88.16000366210938,88.68000030517578,87.80999755859375,88.61000061035156,69.60894012451172,5714800
2017-07-24,88.55000305175781,88.5999984741211,87.97000122070312,88.18000030517578,69.27115631103516,6202000
2017-07-25,88.66999816894531,89.19999694824219,88.54000091552734,89.13999938964844,70.02528381347656,6766700
2017-07-26,89.0,89.41999816894531,88.87000274658203,89.30000305175781,70.15098571777344,6987000
2017-07-27,90.29000091552734,90.75,89.0,90.68000030517578,71.23505401611328,11089200
2017-07-28,90.55999755859375,91.0,89.95999908447266,90.20999908447266,70.86587524414062,6137500
2017-07-31,90.20999908447266,91.06999969482422,90.20999908447266,90.81999969482422,71.34506225585938,7835700
2017-08-01,91.02999877929688,91.7300033569336,90.72000122070312,91.0999984741211,71.56500244140625,8662100
2017-08-02,90.97000122070312,91.30000305175781,90.52999877929688,91.04000091552734,71.51787567138672,7167700
2017-08-03,90.86000061035156,91.75,90.81999969482422,90.86000061035156,71.37647247314453,6413200
2017-08-04,90.69000244140625,91.08000183105469,90.52999877929688,90.66999816894531,71.22722625732422,5824400
2017-08-07,90.66999816894531,91.55999755859375,90.5199966430664,91.44000244140625,71.83210754394531,5011300
2017-08-08,91.4000015258789,91.94000244140625,91.2300033569336,91.58000183105469,71.94207000732422,5623400
2017-08-09,91.5199966430664,91.94000244140625,91.5199966430664,91.91999816894531,72.20917510986328,5572800
2017-08-10,91.86000061035156,92.0,91.69000244140625,91.73999786376953,72.06776428222656,6338200
2017-08-11,91.94000244140625,92.08000183105469,91.29000091552734,91.33999633789062,71.75353240966797,7094200
2017-08-14,91.54000091552734,91.94999694824219,91.25,91.6500015258789,71.99708557128906,5398400
2017-08-15,91.91000366210938,92.36000061035156,91.87999725341797,92.19999694824219,72.42913818359375,5293400
2017-08-16,92.29000091552734,92.94999694824219,92.19000244140625,92.44000244140625,72.61767578125,7965500
2017-08-17,92.4000015258789,92.66999816894531,92.06999969482422,92.06999969482422,72.32701110839844,5711400
2017-08-18,91.9800033569336,92.77999877929688,91.8499984741211,92.47000122070312,72.6412353515625,6815000
2017-08-21,92.37999725341797,92.95999908447266,92.36000061035156,92.86000061035156,72.94758605957031,4334300
2017-08-22,92.91000366210938,92.95999908447266,92.58999633789062,92.79000091552734,72.8926010131836,4731500
2017-08-23,92.5,92.66000366210938,92.27999877929688,92.44000244140625,72.61767578125,3631900
2017-08-24,92.44000244140625,92.56999969482422,92.04000091552734,92.2699966430664,72.4841079711914,5173700
2017-08-25,92.6500015258789,92.86000061035156,92.41000366210938,92.51000213623047,72.67265319824219,4933000
2017-08-28,92.5199966430664,92.70999908447266,91.9800033569336,92.47000122070312,72.6412353515625,5386500
2017-08-29,92.4800033569336,92.69000244140625,92.23999786376953,92.31999969482422,72.52337646484375,3676300
2017-08-30,92.08000183105469,92.08000183105469,91.66000366210938,91.87000274658203,72.16990661621094,4709600
2017-08-31,91.88999938964844,92.38999938964844,91.83999633789062,92.2699966430664,72.4841079711914,5864400
2017-09-01,92.41999816894531,92.66000366210938,92.26000213623047,92.52999877929688,72.6883544921875,4960700
2017-09-05,92.18000030517578,92.73999786376953,92.04000091552734,92.72000122070312,72.83760833740234,6532100
2017-09-06,92.79000091552734,92.91000366210938,92.36000061035156,92.72000122070312,72.83760833740234,6747200
2017-09-07,92.73999786376953,93.36000061035156,92.33000183105469,92.97000122070312,73.03401184082031,7735400
2017-09-08,92.76000213623047,93.1500015258789,92.51000213623047,92.83999633789062,72.93189239501953,6070100
2017-09-11,93.08999633789062,94.19000244140625,92.9000015258789,93.98999786376953,73.83529663085938,10177300
2017-09-12,93.72000122070312,93.9800033569336,93.20999908447266,93.51000213623047,73.45821380615234,5804000
2017-09-13,93.5,93.7699966430664,93.44999694824219,93.55000305175781,73.48965454101562,5369300
2017-09-14,93.2300033569336,93.6500015258789,93.18000030517578,93.55000305175781,73.48965454101562,5492300
2017-09-15,93.81999969482422,93.81999969482422,92.81999969482422,93.2699966430664,73.26966857910156,12428800
2017-09-18,93.16999816894531,93.5,92.86000061035156,93.1500015258789,73.17542266845703,6177700
2017-09-19,93.33999633789062,94.44999694824219,93.33999633789062,94.16999816894531,73.97671508789062,6587200
2017-09-20,94.16999816894531,94.66999816894531,93.83000183105469,94.4000015258789,74.15738677978516,5941500
2017-09-21,94.1500015258789,94.5,92.44999694824219,92.63999938964844,72.7747802734375,9376700
2017-09-22,92.55000305175781,93.0,92.08000183105469,92.23999786376953,72.4605484008789,6837700
2017-09-25,92.43000030517578,93.08999633789062,92.33000183105469,92.72000122070312,72.83760833740234,6436200
2017-09-26,92.81999969482422,92.8499984741211,92.19999694824219,92.6500015258789,72.78264617919922,4885200
2017-09-27,92.5199966430664,92.5199966430664,90.33999633789062,90.87000274658203,71.38432312011719,9631200
2017-09-28,90.86000061035156,91.12000274658203,90.62999725341797,90.88999938964844,71.40001678466797,4999800
2017-09-29,90.97000122070312,91.43000030517578,90.69999694824219,90.9800033569336,71.47074127197266,6634500
2017-10-02,91.26000213623047,92.4000015258789,91.23999786376953,91.7699966430664,72.09130859375,7302400
2017-10-03,91.95999908447266,92.33999633789062,91.55999755859375,92.12000274658203,72.36630249023438,5909900
2017-10-04,92.12000274658203,92.80000305175781,92.0199966430664,92.41999816894531,72.6019287109375,6140700
2017-10-05,92.48999786376953,92.6500015258789,91.94000244140625,92.02999877929688,72.29558563232422,6912800
2017-10-06,92.0,92.3499984741211,91.87999725341797,92.33000183105469,72.5312728881836,5241900
2017-10-09,92.4000015258789,92.62000274658203,91.93000030517578,92.12000274658203,72.36630249023438,5149000
2017-10-10,92.37000274658203,93.04000091552734,89.86000061035156,91.62000274658203,71.97350311279297,17125600
2017-10-11,91.08999633789062,91.7300033569336,91.06999969482422,91.45999908447266,71.84781646728516,7115400
2017-10-12,91.41000366210938,92.30999755859375,91.38999938964844,92.1500015258789,72.38986206054688,5984900
2017-10-13,92.69999694824219,93.51000213623047,92.58999633789062,93.04000091552734,73.08900451660156,6956700
2017-10-16,92.97000122070312,93.37000274658203,92.70999908447266,93.13999938964844,73.16755676269531,4159100
2017-10-17,93.04000091552734,93.08999633789062,92.4000015258789,92.80000305175781,72.90048217773438,5316100
2017-10-18,92.77999877929688,92.94999694824219,92.01000213623047,92.7699966430664,72.87691497802734,7399700
2017-10-19,91.69999694824219,91.98999786376953,91.13999938964844,91.58999633789062,72.48907470703125,8585000
2017-10-20,89.72000122070312,89.95999908447266,87.58999633789062,88.25,69.84564971923828,19997800
2017-10-23,88.62999725341797,88.86000061035156,86.87000274658203,87.30000305175781,69.09378814697266,13358200
2017-10-24,87.37000274658203,87.41999816894531,86.77999877929688,86.9800033569336,68.84051513671875,11519000
2017-10-25,86.9000015258789,87.11000061035156,86.27999877929688,86.86000061035156,68.74552917480469,9024300
2017-10-26,87.19000244140625,87.7699966430664,87.0999984741211,87.5,69.2520523071289,6233800
2017-10-27,87.52999877929688,87.52999877929688,86.44999694824219,87.04000091552734,68.88800048828125,7433800
2017-10-30,86.91000366210938,87.08000183105469,86.16000366210938,86.2699966430664,68.2785873413086,5387100
2017-10-31,86.48999786376953,86.5,85.72000122070312,86.33999633789062,68.3339614868164,7119000
2017-11-01,86.33000183105469,87.13999938964844,86.11000061035156,86.88999938964844,68.76927947998047,4884100
2017-11-02,86.77999877929688,87.04000091552734,86.2300033569336,86.51000213623047,68.4685287475586,5021200
2017-11-03,86.77999877929688,87.16000366210938,86.45999908447266,86.58000183105469,68.52391052246094,5106500
2017-11-06,86.55000305175781,86.63999938964844,86.02999877929688,86.05000305175781,68.10444641113281,5186700
2017-11-07,86.04000091552734,87.0,85.41999816894531,86.9800033569336,68.84051513671875,6875100
2017-11-08,86.98999786376953,87.5999984741211,86.80000305175781,87.58000183105469,69.31539154052734,6910000
2017-11-09,87.3499984741211,88.16999816894531,87.30000305175781,87.77999877929688,69.47366333007812,5280000
2017-11-10,87.98999786376953,88.38999938964844,87.77999877929688,88.16000366210938,69.7744140625,7227300
2017-11-13,88.66999816894531,89.41000366210938,88.62999725341797,89.0,70.43921661376953,6873500
2017-11-14,88.73999786376953,89.05000305175781,88.47000122070312,88.87000274658203,70.33635711669922,5035500
2017-11-15,88.7300033569336,88.94000244140625,88.0,88.2300033569336,69.82980346679688,6688100
2017-11-16,89.83999633789062,89.9000015258789,88.7699966430664,89.25,70.6371078491211,7205100
2017-11-17,88.94999694824219,89.08999633789062,88.08000183105469,88.43000030517578,69.98812103271484,5941800
2017-11-20,88.43000030517578,88.55999755859375,87.70999908447266,88.2699966430664,69.86146545410156,4926200
2017-11-21,88.18000030517578,89.20999908447266,88.0199966430664,88.72000122070312,70.2176284790039,6196400
2017-11-22,88.5,88.91000366210938,88.05999755859375,88.33000183105469,69.90898132324219,6006900
2017-11-24,88.58999633789062,88.95999908447266,88.41999816894531,88.44999694824219,70.00393676757812,2196700
2017-11-27,88.33000183105469,89.0999984741211,88.1500015258789,88.95999908447266,70.4075927734375,6199700
2017-11-28,89.4800033569336,89.5199966430664,88.91000366210938,89.4000015258789,70.75582885742188,4841300
2017-11-29,89.4000015258789,89.80999755859375,89.02999877929688,89.37999725341797,70.73997497558594,5158900
2017-11-30,89.3499984741211,90.37000274658203,89.20999908447266,89.98999786376953,71.2227554321289,9789900
2017-12-01,90.18000030517578,90.52999877929688,89.12000274658203,90.36000061035156,71.5156021118164,7953200
2017-12-04,91.76000213623047,91.91000366210938,89.83000183105469,91.41000366210938,72.34661865234375,9003700
2017-12-05,91.5199966430664,91.83999633789062,91.06999969482422,91.4000015258789,72.33872985839844,8683000
2017-12-06,91.38999938964844,91.77999877929688,91.06999969482422,91.25,72.22000885009766,6737400
2017-12-07,91.05000305175781,91.06999969482422,89.88999938964844,90.0999984741211,71.3098373413086,7273600
2017-12-08,90.0199966430664,90.37000274658203,89.58000183105469,90.37000274658203,71.52351379394531,5883400
2017-12-11,90.2300033569336,90.33000183105469,89.75,90.2300033569336,71.4127197265625,4856000
2017-12-12,90.44999694824219,90.51000213623047,89.81999969482422,89.8499984741211,71.11197662353516,6558900
2017-12-13,90.0199966430664,91.41000366210938,89.97000122070312,90.87999725341797,71.92718505859375,7141000
2017-12-14,90.94000244140625,91.43000030517578,90.9000015258789,91.0,72.02214050292969,5853500
2017-12-15,91.56999969482422,92.2699966430664,91.4800033569336,91.88999938964844,72.72652435302734,15924000
2017-12-18,91.9800033569336,93.13999938964844,91.80999755859375,91.87999725341797,72.71861267089844,7405700
2017-12-19,92.0,92.12999725341797,91.58000183105469,91.68000030517578,72.5603256225586,5644400
2017-12-20,91.80000305175781,91.97000122070312,91.3499984741211,91.52999877929688,72.44159698486328,6938500
2017-12-21,91.66000366210938,92.08000183105469,91.52999877929688,91.66999816894531,72.55241394042969,4860400
2017-12-22,91.87999725341797,92.43000030517578,91.72000122070312,92.12999725341797,72.91647338867188,4919400
2017-12-26,92.3499984741211,92.7699966430664,92.1500015258789,92.4800033569336,73.19348907470703,3431900
2017-12-27,92.48999786376953,92.75,91.93000030517578,92.0999984741211,72.8927230834961,4276700
2017-12-28,92.30000305175781,92.54000091552734,91.91000366210938,92.06999969482422,72.8689956665039,3005400
2017-12-29,92.23999786376953,92.45999908447266,91.87999725341797,91.87999725341797,72.71861267089844,4346700
2018-01-02,91.91999816894531,91.93000030517578,90.55000305175781,90.6500015258789,71.74510955810547,7558900
2018-01-03,90.7300033569336,91.08999633789062,90.5199966430664,90.54000091552734,71.65807342529297,5863600
2018-01-04,90.83000183105469,91.7699966430664,90.61000061035156,91.18000030517578,72.16461944580078,6322500
2018-01-05,91.2699966430664,91.30000305175781,90.56999969482422,91.23999786376953,72.21207427978516,5949700
2018-01-08,90.93000030517578,91.7699966430664,90.93000030517578,91.72000122070312,72.59197235107422,4860700
2018-01-09,91.47000122070312,91.6500015258789,91.01000213623047,91.05000305175781,72.06171417236328,6630100
2018-01-10,90.91000366210938,90.91000366210938,90.01000213623047,90.47000122070312,71.60266876220703,6564700
2018-01-11,90.4000015258789,90.5199966430664,89.91999816894531,90.1500015258789,71.34939575195312,5469700
2018-01-12,90.05000305175781,90.33999633789062,89.3499984741211,89.61000061035156,70.9219970703125,8111000
2018-01-16,90.13999938964844,90.7699966430664,89.63999938964844,90.22000122070312,71.40482330322266,9465300
2018-01-17,90.55999755859375,91.7300033569336,90.43000030517578,91.19999694824219,72.1804428100586,8345500
2018-01-18,90.23999786376953,90.6500015258789,89.66999816894531,90.18000030517578,71.9172592163086,7699800
2018-01-19,90.27999877929688,91.26000213623047,90.23999786376953,91.06999969482422,72.62701416015625,9364000
2018-01-22,90.87999725341797,91.91999816894531,90.7699966430664,91.88999938964844,73.28096008300781,8658000
2018-01-23,89.81999969482422,90.20999908447266,88.5999984741211,89.05000305175781,71.0160903930664,18756300
2018-01-24,89.05999755859375,89.16000366210938,87.69999694824219,88.30999755859375,70.42594146728516,15141900
2018-01-25,88.68000030517578,89.05000305175781,88.01000213623047,88.33999633789062,70.44987487792969,11264400
2018-01-26,88.16999816894531,88.16999816894531,87.2300033569336,87.7300033569336,69.96343994140625,11503100
2018-01-29,87.69000244140625,87.73999786376953,86.69000244140625,86.86000061035156,69.26960754394531,11685800
2018-01-30,86.81999969482422,87.44000244140625,86.62999725341797,86.94999694824219,69.34137725830078,9662900
2018-01-31,86.80999755859375,87.41000366210938,86.08000183105469,86.33999633789062,68.85490417480469,11798100
2018-02-01,86.1500015258789,86.5,85.55999755859375,85.8499984741211,68.46414184570312,8606300
2018-02-02,85.55999755859375,85.61000061035156,84.20999908447266,84.25,67.18817901611328,12846300
2018-02-05,83.98999786376953,84.37000274658203,80.0999984741211,81.05999755859375,64.64417266845703,17462200
2018-02-06,80.52999877929688,82.44999694824219,80.12000274658203,82.37999725341797,65.69686126708984,19955500
2018-02-07,82.30000305175781,83.38999938964844,81.81999969482422,81.83999633789062,65.26622009277344,11851800
2018-02-08,82.02999877929688,82.22000122070312,80.1500015258789,80.22000122070312,63.974300384521484,14596100
2018-02-09,80.9800033569336,81.02999877929688,78.58999633789062,79.91999816894531,63.735084533691406,18838800
2018-02-12,80.61000061035156,81.66999816894531,80.58000183105469,81.33000183105469,64.85951232910156,10769000
2018-02-13,81.1500015258789,81.83000183105469,80.91000366210938,81.5,64.99507904052734,9278700
2018-02-14,81.05999755859375,81.26000213623047,80.2699966430664,80.68000030517578,64.34114074707031,9412000
2018-02-15,80.97000122070312,82.41000366210938,80.5,82.41000366210938,65.72078704833984,8910700
2018-02-16,82.20999908447266,83.25,82.12999725341797,82.5999984741211,65.87232971191406,10371700
2018-02-20,82.19000244140625,82.22000122070312,81.06999969482422,81.33999633789062,64.86746978759766,7087700
2018-02-21,81.30999755859375,81.80999755859375,80.19000244140625,80.23999786376953,63.99024963378906,9134500
2018-02-22,80.47000122070312,81.27999877929688,80.16999816894531,80.83999633789062,64.46875762939453,10277700
2018-02-23,81.01000213623047,81.12000274658203,80.4800033569336,81.05000305175781,64.63622283935547,10321800
2018-02-26,81.44999694824219,81.69000244140625,81.05000305175781,81.62999725341797,65.0987548828125,9422200
2018-02-27,81.88999938964844,82.0,80.51000213623047,80.54000091552734,64.22948455810547,8919600
2018-02-28,80.68000030517578,80.79000091552734,78.5,78.5199966430664,62.61858367919922,16862000
2018-03-01,78.4000015258789,79.27999877929688,77.9000015258789,78.69999694824219,62.76212692260742,13504200
2018-03-02,78.4800033569336,79.66000366210938,78.41999816894531,79.5,63.40011215209961,9317700
2018-03-05,79.27999877929688,80.38999938964844,79.1500015258789,80.29000091552734,64.0301284790039,8177000
2018-03-06,80.41000366210938,80.41999816894531,79.37000274658203,80.0199966430664,63.81478500366211,9085300
2018-03-07,79.52999877929688,79.63999938964844,78.9000015258789,79.16000366210938,63.128963470458984,9089500
2018-03-08,79.16999816894531,79.98999786376953,79.0199966430664,79.97000122070312,63.774940490722656,7951700
2018-03-09,80.18000030517578,80.75,79.9000015258789,80.29000091552734,64.0301284790039,7662200
2018-03-12,80.2300033569336,80.62000274658203,79.76000213623047,79.86000061035156,63.687198638916016,7182000
2018-03-13,80.0,80.19000244140625,79.36000061035156,79.72000122070312,63.57555389404297,9620200
2018-03-14,79.69000244140625,79.83999633789062,78.86000061035156,79.0,63.00135040283203,8898100
2018-03-15,79.08999633789062,79.13999938964844,78.54000091552734,78.66999816894531,62.738224029541016,6996900
2018-03-16,78.93000030517578,79.38999938964844,78.83999633789062,78.97000122070312,62.97744369506836,17715400
2018-03-19,78.97000122070312,79.56999969482422,78.2699966430664,78.66000366210938,62.73023986816406,8368200
2018-03-20,78.73999786376953,79.0999984741211,77.95999908447266,78.30999755859375,62.45111083984375,8465500
2018-03-21,78.05000305175781,78.23999786376953,76.87999725341797,77.04000091552734,61.43828201293945,9822800
2018-03-22,76.83000183105469,77.5199966430664,76.37000274658203,76.41000366210938,60.93589401245117,10481600
2018-03-23,76.79000091552734,77.18000030517578,75.80999755859375,75.91000366210938,60.53713607788086,11728300
2018-03-26,76.56999969482422,76.87000274658203,76.0199966430664,76.41000366210938,60.93589401245117,12937000
2018-03-27,76.52999877929688,78.44000244140625,76.30000305175781,77.79000091552734,62.03641891479492,11288200
2018-03-28,77.94999694824219,79.13999938964844,77.94999694824219,78.83999633789062,62.87376403808594,12857800
2018-03-29,79.43000030517578,80.48999786376953,79.18000030517578,79.27999877929688,63.22466278076172,10036400
2018-04-02,79.26000213623047,79.37000274658203,77.05999755859375,77.4000015258789,61.72540283203125,12017200
2018-04-03,77.55999755859375,78.80000305175781,77.18000030517578,78.45999908447266,62.57072830200195,11933100
2018-04-04,77.81999969482422,79.5199966430664,77.58999633789062,79.05000305175781,63.041236877441406,9030800
2018-04-05,79.08999633789062,79.31999969482422,78.51000213623047,78.80000305175781,62.841861724853516,7864700
2018-04-06,78.37000274658203,79.36000061035156,77.9000015258789,78.43000030517578,62.54679870605469,8300800
2018-04-09,78.80000305175781,78.8499984741211,77.56999969482422,78.16000366210938,62.33147048950195,9031200
2018-04-10,78.70999908447266,78.83999633789062,77.94000244140625,78.37000274658203,62.49896240234375,6779000
2018-04-11,78.19000244140625,78.69000244140625,78.04000091552734,78.2699966430664,62.41921615600586,7143500
2018-04-12,78.63999938964844,78.69999694824219,77.79000091552734,77.79000091552734,62.03641891479492,8282300
2018-04-13,78.05999755859375,78.44000244140625,77.72000122070312,78.37000274658203,62.49896240234375,6198500
2018-04-16,78.55999755859375,78.86000061035156,78.04000091552734,78.61000061035156,62.69034957885742,5962200
2018-04-17,78.93000030517578,78.94000244140625,78.0999984741211,78.43000030517578,62.54679870605469,6492400
2018-04-18,78.58000183105469,78.68000030517578,78.0199966430664,78.19999694824219,62.363380432128906,7349400
2018-04-19,75.38999938964844,75.72000122070312,74.19999694824219,74.94999694824219,60.32467269897461,16955600
2018-04-20,74.04000091552734,74.91999816894531,73.73999786376953,73.80000305175781,59.3990592956543,14085000
2018-04-23,73.58999633789062,73.9800033569336,72.76000213623047,73.0,58.755157470703125,13653400
2018-04-24,73.05999755859375,73.33000183105469,72.1500015258789,72.5,58.352745056152344,16551700
2018-04-25,72.41000366210938,72.75,71.94999694824219,72.30000305175781,58.1917724609375,14208800
2018-04-26,72.56999969482422,73.01000213623047,72.37000274658203,72.75,58.55396270751953,11204300
2018-04-27,72.52999877929688,73.08000183105469,72.20999908447266,72.80999755859375,58.60223388671875,8144800
2018-04-30,72.91000366210938,72.91999816894531,72.16000366210938,72.33999633789062,58.22394561767578,13076500
2018-05-01,72.05000305175781,72.33000183105469,71.66000366210938,71.95999908447266,57.91811752319336,8103800
2018-05-02,71.94000244140625,72.01000213623047,70.7300033569336,70.94000244140625,57.09716033935547,10830900
2018-05-03,70.80999755859375,71.72000122070312,70.73999786376953,71.36000061035156,57.43518829345703,9386500
2018-05-04,71.37999725341797,72.62000274658203,71.33999633789062,72.43000030517578,58.29639434814453,8107400
2018-05-07,72.66999816894531,73.22000122070312,71.88999938964844,71.9800033569336,57.93418884277344,6633600
2018-05-08,72.05000305175781,72.12000274658203,71.11000061035156,71.44000244140625,57.499576568603516,8084100
2018-05-09,71.7699966430664,72.55000305175781,71.73999786376953,72.37000274658203,58.24810791015625,7528400
2018-05-10,72.94000244140625,73.33999633789062,72.69000244140625,73.1500015258789,58.87590026855469,7618500
2018-05-11,73.62999725341797,74.0999984741211,73.05000305175781,73.37000274658203,59.052978515625,7586200
2018-05-14,73.77999877929688,73.77999877929688,73.08999633789062,73.27999877929688,58.98052215576172,8646900
2018-05-15,73.30999755859375,73.41000366210938,72.5999984741211,72.94999694824219,58.71492004394531,11502800
2018-05-16,72.9800033569336,73.93000030517578,72.95999908447266,73.52999877929688,59.1817512512207,8325000
2018-05-17,73.5199966430664,74.0,73.4000015258789,73.95999908447266,59.52783966064453,8053600
2018-05-18,73.9800033569336,74.06999969482422,73.11000061035156,73.44999694824219,59.11735153198242,7042700
2018-05-21,73.75,74.25,73.41999816894531,74.05999755859375,59.608341217041016,6428400
2018-05-22,74.45999908447266,74.94000244140625,73.83000183105469,74.02999877929688,59.58417892456055,7744200
2018-05-23,74.0199966430664,74.30000305175781,73.72000122070312,74.18000030517578,59.70491409301758,6592500
2018-05-24,74.08000183105469,74.3499984741211,73.58999633789062,73.7699966430664,59.374908447265625,6508900
2018-05-25,73.9000015258789,74.62000274658203,73.75,74.30999755859375,59.80952835083008,7546500
2018-05-29,74.05999755859375,74.69999694824219,73.7699966430664,74.05000305175781,59.60026931762695,8905600
2018-05-30,74.33000183105469,75.0199966430664,74.05000305175781,74.88999938964844,60.2763671875,8128600
2018-05-31,74.66999816894531,74.69000244140625,72.80000305175781,73.16999816894531,58.891990661621094,15526000
2018-06-01,73.33000183105469,73.73999786376953,72.86000061035156,73.44999694824219,59.11735153198242,7209300
2018-06-04,73.54000091552734,74.62000274658203,73.44999694824219,74.18000030517578,59.70491409301758,8743800
2018-06-05,74.27999877929688,74.37999725341797,73.5999984741211,73.97000122070312,59.53588104248047,6910100
2018-06-06,74.06999969482422,74.41999816894531,73.72000122070312,74.3499984741211,59.841732025146484,7002900
2018-06-07,74.18000030517578,76.38999938964844,74.0999984741211,75.76000213623047,60.97658920288086,13476100
2018-06-08,75.8499984741211,77.20999908447266,75.73999786376953,77.18000030517578,62.1195182800293,13625300
2018-06-11,76.97000122070312,77.69000244140625,76.87999725341797,77.52999877929688,62.40120315551758,9049400
2018-06-12,77.81999969482422,77.88999938964844,77.11000061035156,77.23999786376953,62.16777420043945,8786000
2018-06-13,77.4000015258789,77.4000015258789,76.19999694824219,76.47000122070312,61.54805374145508,8022400
2018-06-14,76.55999755859375,76.55999755859375,75.69999694824219,75.98999786376953,61.161720275878906,8895200
2018-06-15,76.16000366210938,77.51000213623047,75.91999816894531,77.37999725341797,62.28046798706055,14943500
2018-06-18,76.86000061035156,77.0999984741211,75.38999938964844,75.83999633789062,61.040977478027344,7384900
2018-06-19,75.58999633789062,76.68000030517578,75.56999969482422,76.33000183105469,61.43537521362305,8514000
2018-06-20,76.3499984741211,76.3499984741211,75.54000091552734,75.8499984741211,61.04902648925781,6603500
2018-06-21,75.52999877929688,77.05000305175781,75.52999877929688,76.44000244140625,61.52390670776367,8691200
2018-06-22,76.79000091552734,77.62999725341797,76.7699966430664,77.43000030517578,62.320716857910156,11446400
2018-06-25,77.27999877929688,77.94000244140625,77.18000030517578,77.79000091552734,62.610477447509766,11300500
2018-06-26,77.79000091552734,78.30999755859375,77.36000061035156,78.0,62.77951431274414,9558500
2018-06-27,78.11000061035156,78.70999908447266,77.55999755859375,77.69000244140625,62.53000259399414,7873300
2018-06-28,77.86000061035156,78.31999969482422,77.66000366210938,78.05000305175781,62.81971740722656,5714400
2018-06-29,77.93000030517578,78.54000091552734,77.29000091552734,78.05999755859375,62.82778549194336,7679900
2018-07-02,77.5,78.30999755859375,77.41999816894531,78.12999725341797,62.88412857055664,6092800
2018-07-03,78.54000091552734,78.76000213623047,77.77999877929688,77.9000015258789,62.699012756347656,5897200
2018-07-05,78.13999938964844,79.25,78.12000274658203,79.20999908447266,63.75338363647461,7956100
2018-07-06,79.37999725341797,79.62000274658203,78.9000015258789,79.30999755859375,63.833866119384766,7244000
2018-07-09,78.45999908447266,78.83000183105469,77.77999877929688,77.86000061035156,62.66681671142578,9095900
2018-07-10,78.06999969482422,79.94000244140625,77.98999786376953,79.81999969482422,64.24432373046875,12773500
2018-07-11,79.62999725341797,79.83999633789062,79.02999877929688,79.16000366210938,63.713138580322266,7851600
2018-07-12,79.33999633789062,79.5199966430664,78.56999969482422,78.88999938964844,63.49583435058594,8556800
2018-07-13,79.08000183105469,79.47000122070312,78.9000015258789,79.30999755859375,63.833866119384766,6021300
2018-07-16,79.20999908447266,79.62999725341797,78.83000183105469,79.52999877929688,64.01094055175781,6931200
2018-07-17,79.66000366210938,80.5,79.55000305175781,80.02999877929688,64.41336059570312,8983400
2018-07-18,79.72000122070312,80.20999908447266,79.33000183105469,79.72000122070312,64.16386413574219,9105100
2018-07-19,78.41999816894531,79.19000244140625,77.88999938964844,78.7300033569336,63.942169189453125,8010600
2018-07-20,78.31999969482422,79.05999755859375,78.31999969482422,78.68000030517578,63.901554107666016,8234700
2018-07-23,78.48999786376953,78.94000244140625,78.23999786376953,78.51000213623047,63.76346969604492,5881600
2018-07-24,77.54000091552734,79.01000213623047,77.54000091552734,78.98999786376953,64.15330505371094,8297100
2018-07-25,78.72000122070312,79.5999984741211,78.72000122070312,79.47000122070312,64.54315185546875,6208400
2018-07-26,79.55999755859375,80.7699966430664,79.47000122070312,80.08999633789062,65.04669189453125,9771100
2018-07-27,79.66999816894531,80.83000183105469,79.45999908447266,80.58000183105469,65.44466400146484,7492900
2018-07-30,80.06999969482422,80.5,79.83999633789062,80.19999694824219,65.13602447509766,7090700
2018-07-31,80.38999938964844,80.9800033569336,79.43000030517578,80.87999725341797,65.68828582763672,9878200
2018-08-01,80.41999816894531,80.81999969482422,80.11000061035156,80.6500015258789,65.5014877319336,7556700
2018-08-02,80.80000305175781,82.22000122070312,80.58999633789062,82.0,66.59793853759766,9261700
2018-08-03,82.13999938964844,83.0999984741211,81.91999816894531,82.33000183105469,66.86595153808594,7102800
2018-08-06,82.19999694824219,82.93000030517578,82.1500015258789,82.5199966430664,67.02027893066406,5669200
2018-08-07,82.41000366210938,82.68000030517578,81.7300033569336,82.63999938964844,67.11771392822266,6418000
2018-08-08,82.0999984741211,82.80000305175781,82.0999984741211,82.3499984741211,66.8822021484375,4891300
2018-08-09,82.44000244140625,82.44000244140625,81.30000305175781,81.4000015258789,66.11063385009766,5167400
2018-08-10,81.30000305175781,81.76000213623047,81.0,81.43000030517578,66.13501739501953,5566000
2018-08-13,81.69999694824219,82.08000183105469,81.1500015258789,81.5199966430664,66.2081069946289,5068100
2018-08-14,81.38999938964844,81.72000122070312,81.2300033569336,81.30999755859375,66.03753662109375,6226900
2018-08-15,81.30000305175781,82.37000274658203,80.80999755859375,82.30000305175781,66.84161376953125,8753500
2018-08-16,82.45999908447266,84.0,82.30999755859375,83.69000244140625,67.97050476074219,12368000
2018-08-17,83.7300033569336,84.19999694824219,83.5999984741211,83.69000244140625,67.97050476074219,8409300
2018-08-20,83.88999938964844,83.94999694824219,83.30999755859375,83.63999938964844,67.92989349365234,6795800
2018-08-21,83.56999969482422,84.0,83.08999633789062,83.9000015258789,68.14104461669922,8534500
2018-08-22,83.80999755859375,83.8499984741211,83.05999755859375,83.38999938964844,67.72684478759766,5132600
2018-08-23,83.01000213623047,83.5999984741211,82.83999633789062,83.23999786376953,67.60502624511719,4323200
2018-08-24,83.22000122070312,83.55000305175781,83.02999877929688,83.36000061035156,67.70247650146484,5356000
2018-08-27,83.5,83.81999969482422,83.0199966430664,83.44000244140625,67.76744842529297,3941500
2018-08-28,83.72000122070312,83.86000061035156,83.31999969482422,83.4800033569336,67.79995727539062,5405200
2018-08-29,83.51000213623047,83.76000213623047,83.29000091552734,83.48999786376953,67.80806732177734,4520400
2018-08-30,83.38999938964844,83.73999786376953,83.19000244140625,83.41000366210938,67.74308776855469,4549700
2018-08-31,83.3499984741211,83.52999877929688,82.38999938964844,82.94999694824219,67.36951446533203,6674900
2018-09-04,82.4800033569336,82.95999908447266,82.06999969482422,82.69999694824219,67.16645812988281,5800700
2018-09-05,82.11000061035156,83.47000122070312,82.11000061035156,83.29000091552734,67.6456527709961,7651900
2018-09-06,82.91000366210938,83.30999755859375,82.48999786376953,82.6500015258789,67.12584686279297,7541100
2018-09-07,82.0999984741211,82.19999694824219,81.25,81.91000366210938,66.52485656738281,11110900
2018-09-10,82.58000183105469,83.0999984741211,82.33999633789062,82.37999725341797,66.90656280517578,6783000
2018-09-11,82.12999725341797,82.41999816894531,81.62999725341797,82.01000213623047,66.6060562133789,5210300
2018-09-12,81.9000015258789,83.18000030517578,81.69999694824219,83.11000061035156,67.49945068359375,5925200
2018-09-13,83.2699966430664,83.48999786376953,82.6500015258789,83.44999694824219,67.77558898925781,5328400
2018-09-14,83.47000122070312,83.66999816894531,82.97000122070312,83.61000061035156,67.9055404663086,5004100
2018-09-17,83.5,84.2699966430664,83.33999633789062,84.25,68.42533111572266,7098800
2018-09-18,84.29000091552734,84.29000091552734,83.58000183105469,84.0,68.2222900390625,6022800
2018-09-19,83.91999816894531,84.29000091552734,83.7699966430664,84.0,68.2222900390625,6157600
2018-09-20,84.29000091552734,85.63999938964844,84.2300033569336,85.36000061035156,69.3268051147461,10053000
2018-09-21,85.80999755859375,86.27999877929688,85.5199966430664,85.81999969482422,69.700439453125,17402500
2018-09-24,85.62999725341797,85.70999908447266,84.2300033569336,84.2699966430664,68.44156646728516,6389400
2018-09-25,84.27999877929688,84.41000366210938,83.08000183105469,83.12000274658203,67.50756072998047,5657200
2018-09-26,83.25,83.98999786376953,83.02999877929688,83.26000213623047,67.62127685546875,6581000
2018-09-27,83.04000091552734,83.62999725341797,82.80999755859375,82.86000061035156,67.2964096069336,6277600
2018-09-28,83.02999877929688,83.29000091552734,82.79000091552734,83.2300033569336,67.59691619873047,5125800
2018-10-01,83.30999755859375,83.72000122070312,83.16999816894531,83.66999816894531,67.95427703857422,4899900
2018-10-02,83.4800033569336,84.44000244140625,83.37000274658203,84.36000061035156,68.5146713256836,7390900
2018-10-03,84.44000244140625,84.5199966430664,82.8499984741211,83.02999877929688,67.4344711303711,7958700
2018-10-04,82.5,82.5,81.0999984741211,81.91999816894531,66.53297424316406,7029900
2018-10-05,81.9800033569336,82.44999694824219,81.9800033569336,82.1500015258789,66.71976470947266,5454600
2018-10-08,81.9800033569336,82.73999786376953,81.75,82.4000015258789,66.92280578613281,7192300
2018-10-09,82.38999938964844,82.72000122070312,82.05999755859375,82.19999694824219,66.76036834716797,6268100
2018-10-10,81.80999755859375,82.68000030517578,81.44000244140625,81.44000244140625,66.14313507080078,9295800
2018-10-11,81.63999938964844,81.97000122070312,78.66999816894531,78.87000274658203,64.05584716796875,12560300
2018-10-12,79.37000274658203,79.37999725341797,78.48999786376953,79.05999755859375,64.21015930175781,9878700
2018-10-15,79.01000213623047,80.54000091552734,78.91999816894531,80.12999725341797,65.07916259765625,9691500
2018-10-16,79.91000366210938,81.08999633789062,79.9000015258789,81.01000213623047,65.79388427734375,9462600
2018-10-17,80.76000213623047,82.18000030517578,80.37999725341797,81.86000061035156,66.48424530029297,10375300
2018-10-18,80.70999908447266,81.33999633789062,80.0,80.23999786376953,65.74436950683594,9869500
2018-10-19,84.86000061035156,87.76000213623047,84.86000061035156,87.30000305175781,71.52896118164062,30276400
2018-10-22,86.7300033569336,87.23999786376953,85.2300033569336,86.5999984741211,70.95541381835938,14124100
2018-10-23,86.01000213623047,87.30000305175781,86.01000213623047,87.16000366210938,71.41423797607422,16269500
2018-10-24,87.27999877929688,90.69999694824219,87.22000122070312,89.45999908447266,73.29875183105469,26703500
2018-10-25,88.11000061035156,89.33000183105469,87.30999755859375,89.0,72.92184448242188,14647000
2018-10-26,88.69000244140625,89.16999816894531,87.38999938964844,87.86000061035156,71.98779296875,14335900
2018-10-29,88.29000091552734,89.41999816894531,87.44000244140625,88.23999786376953,72.29912567138672,12878900
2018-10-30,88.8499984741211,89.43000030517578,88.20999908447266,89.19000244140625,73.07752227783203,13844000
2018-10-31,88.7699966430664,89.31999969482422,87.2699966430664,88.68000030517578,72.6596450805664,13362400
2018-11-01,88.80999755859375,89.83000183105469,88.18000030517578,89.58999633789062,73.40525817871094,9732400
2018-11-02,89.87999725341797,89.94999694824219,88.9800033569336,89.80999755859375,73.58551025390625,11336000
2018-11-05,89.88999938964844,91.44000244140625,89.81999969482422,91.19999694824219,74.7243881225586,12270100
2018-11-06,90.86000061035156,91.52999877929688,90.43000030517578,91.51000213623047,74.9783935546875,8857800
2018-11-07,91.58999633789062,91.62000274658203,90.62000274658203,91.29000091552734,74.79813385009766,9019800
2018-11-08,90.94999694824219,91.52999877929688,90.66999816894531,91.36000061035156,74.85548400878906,6614400
2018-11-09,91.3499984741211,92.66999816894531,91.16999816894531,92.41000366210938,75.7158203125,10713500
2018-11-12,92.20999908447266,93.44999694824219,91.75,92.69999694824219,75.95341491699219,12522100
2018-11-13,91.97000122070312,93.56999969482422,91.58999633789062,93.47000122070312,76.5843276977539,13438700
2018-11-14,93.41999816894531,93.9000015258789,92.98999786376953,93.48999786376953,76.60070037841797,11623000
2018-11-15,93.33000183105469,93.9000015258789,92.72000122070312,93.83000183105469,76.87928771972656,12506000
2018-11-16,93.81999969482422,94.80999755859375,93.66999816894531,93.81999969482422,76.87107849121094,13013500
2018-11-19,93.72000122070312,94.19000244140625,92.91000366210938,93.29000091552734,76.43685150146484,9458300
2018-11-20,93.23999786376953,93.79000091552734,91.86000061035156,92.0999984741211,75.46180725097656,12074000
2018-11-21,91.66000366210938,92.37000274658203,91.23999786376953,91.41000366210938,74.89646911621094,8911800
2018-11-23,91.25,91.98999786376953,90.62999725341797,91.54000091552734,75.00298309326172,4399600
2018-11-26,91.1500015258789,92.4000015258789,91.1500015258789,91.94000244140625,75.33071899414062,8171400
2018-11-27,91.93000030517578,92.86000061035156,91.8499984741211,92.72000122070312,75.96981048583984,9023400
2018-11-28,92.62999725341797,93.22000122070312,92.20999908447266,93.01000213623047,76.2074203491211,8093700
2018-11-29,92.86000061035156,93.30000305175781,92.66000366210938,92.81999969482422,76.05174255371094,6126900
2018-11-30,93.18000030517578,94.6500015258789,92.75,94.51000213623047,77.43645477294922,16291800
2018-12-03,94.66999816894531,94.66999816894531,92.26000213623047,93.31999969482422,76.46141815185547,13934700
2018-12-04,93.48999786376953,94.86000061035156,93.16999816894531,93.30999755859375,76.45320892333984,11123600
2018-12-06,92.69999694824219,93.62999725341797,91.08000183105469,93.55000305175781,76.6498794555664,14199200
2018-12-07,93.58999633789062,93.77999877929688,92.13999938964844,92.44999694824219,75.74857330322266,7996800
2018-12-10,93.25,93.4000015258789,91.37000274658203,93.02999877929688,76.22378540039062,9307600
2018-12-11,93.72000122070312,94.5199966430664,93.4000015258789,93.91000366210938,76.94482421875,8743800
2018-12-12,94.20999908447266,94.55000305175781,93.0999984741211,94.02999877929688,77.04315948486328,9644000
2018-12-13,94.87000274658203,96.79000091552734,94.80000305175781,96.48999786376953,79.05872344970703,18541300
2018-12-14,96.44999694824219,96.9000015258789,96.0199966430664,96.63999938964844,79.181640625,12657300
2018-12-17,96.0,96.5,92.4000015258789,92.7699966430664,76.01077270507812,12427600
2018-12-18,93.12999725341797,93.30999755859375,91.86000061035156,92.48999786376953,75.7813720703125,12250600
2018-12-19,92.55000305175781,93.3499984741211,91.29000091552734,91.76000213623047,75.1832275390625,10825600
2018-12-20,91.51000213623047,92.2300033569336,90.12999725341797,90.9800033569336,74.5441665649414,14439200
2018-12-21,90.61000061035156,93.16999816894531,90.36000061035156,90.97000122070312,74.53596496582031,24030000
2018-12-24,90.44999694824219,90.66000366210938,86.87999725341797,87.36000061035156,71.5781021118164,7396300
2018-12-26,87.41999816894531,90.08999633789062,86.73999786376953,90.08999633789062,73.8149185180664,8630900
2018-12-27,89.61000061035156,92.05000305175781,88.19999694824219,92.0199966430664,75.39624786376953,11360100
2018-12-28,92.55999755859375,93.27999877929688,90.83999633789062,91.18000030517578,74.70800018310547,9611800
2018-12-31,91.62999725341797,92.18000030517578,91.1500015258789,91.91999816894531,75.31433868408203,7239500
2019-01-02,91.02999877929688,91.38999938964844,89.93000030517578,91.27999877929688,74.78996276855469,9843900
2019-01-03,90.94000244140625,92.5,90.37999725341797,90.63999938964844,74.26555633544922,9820200
2019-01-04,90.83999633789062,92.48999786376953,90.37000274658203,92.48999786376953,75.7813720703125,10565700
2019-01-07,91.91000366210938,92.5,91.4000015258789,92.12000274658203,75.47819519042969,9012500
2019-01-08,92.69999694824219,93.08999633789062,91.81999969482422,92.45999908447266,75.75678253173828,9551300
2019-01-09,92.69000244140625,92.95999908447266,90.80999755859375,90.94999694824219,74.5195541381836,15015600
2019-01-10,90.88999938964844,91.54000091552734,90.61000061035156,91.16999816894531,74.6998291015625,11102300
2019-01-11,91.66999816894531,91.9800033569336,91.11000061035156,91.7699966430664,75.19142150878906,7166600
2019-01-14,91.5,91.91000366210938,90.8499984741211,91.1500015258789,74.68341064453125,7952000
2019-01-15,91.1500015258789,92.61000061035156,91.13999938964844,92.01000213623047,75.38809204101562,7834500
2019-01-16,91.73999786376953,92.1500015258789,90.98999786376953,91.37000274658203,74.86370086669922,7964500
2019-01-17,90.70999908447266,91.55999755859375,90.3499984741211,90.63999938964844,74.85294342041016,8044500
2019-01-18,91.37000274658203,91.83999633789062,91.04000091552734,91.41999816894531,75.49707794189453,9100300
2019-01-22,91.38999938964844,91.75,89.08000183105469,90.44000244140625,74.68779754638672,13518500
2019-01-23,94.18000030517578,96.41000366210938,93.62999725341797,94.83999633789062,78.3214111328125,22869000
2019-01-24,94.29000091552734,94.55999755859375,93.19000244140625,94.30000305175781,77.87548065185547,12146400
2019-01-25,94.41999816894531,94.88999938964844,93.05999755859375,93.5999984741211,77.29739379882812,10618000
2019-01-28,93.31999969482422,93.97000122070312,92.97000122070312,93.5199966430664,77.2313232421875,9765600
2019-01-29,93.79000091552734,94.12000274658203,93.0999984741211,93.54000091552734,77.24784851074219,9769800
2019-01-30,93.61000061035156,94.66000366210938,93.56999969482422,94.5199966430664,78.0571517944336,7750200
2019-01-31,94.43000030517578,96.80999755859375,94.08000183105469,96.47000122070312,79.6675033569336,16044400
2019-02-01,96.3499984741211,97.61000061035156,95.98999786376953,97.47000122070312,80.49333953857422,12720800
2019-02-04,97.20999908447266,98.22000122070312,96.72000122070312,98.02999877929688,80.95579528808594,11887500
2019-02-05,97.98999786376953,98.0199966430664,97.20999908447266,97.44000244140625,80.46859741210938,9772300
2019-02-06,97.25,98.31999969482422,97.12000274658203,97.91999816894531,80.86497497558594,8693900
2019-02-07,97.5199966430664,97.5999984741211,96.33999633789062,97.13999938964844,80.2208251953125,8732500
2019-02-08,97.01000213623047,97.72000122070312,96.69999694824219,97.70999908447266,80.6915512084961,7483200
2019-02-11,97.48999786376953,98.38999938964844,97.43000030517578,98.2699966430664,81.15401458740234,8494100
2019-02-12,98.37999725341797,99.33999633789062,97.9800033569336,99.26000213623047,81.9715805053711,11238800
2019-02-13,99.29000091552734,99.69999694824219,99.01000213623047,99.23999786376953,81.955078125,11587200
2019-02-14,98.69999694824219,98.81999969482422,97.83999633789062,98.45999908447266,81.3109130859375,7930100
2019-02-15,98.94999694824219,99.19999694824219,98.25,98.4800033569336,81.32742309570312,12069100
2019-02-19,98.55999755859375,100.0,98.47000122070312,99.98999786376953,82.5744400024414,10098200
2019-02-20,99.77999877929688,100.22000122070312,98.94000244140625,99.27999877929688,81.98810577392578,8947400
2019-02-21,99.0999984741211,99.86000061035156,98.58999633789062,99.77999877929688,82.40101623535156,7444800
2019-02-22,99.69000244140625,100.4000015258789,99.4000015258789,100.25,82.78914642333984,7925400
2019-02-25,100.36000061035156,100.44999694824219,99.33000183105469,99.56999969482422,82.22760009765625,7436100
2019-02-26,99.83999633789062,100.18000030517578,99.62999725341797,99.83000183105469,82.44229888916016,7115300
2019-02-27,99.33999633789062,99.62999725341797,98.81999969482422,98.91000366210938,81.68254089355469,6013600
2019-02-28,98.91000366210938,99.19999694824219,98.08000183105469,98.55000305175781,81.38524627685547,10575400
2019-03-01,98.61000061035156,98.77999877929688,97.83000183105469,98.44000244140625,81.29438781738281,7733200
2019-03-04,98.56999969482422,98.87999725341797,97.87999725341797,98.87000274658203,81.64950561523438,6895300
2019-03-05,98.91000366210938,99.68000030517578,98.91000366210938,99.08999633789062,81.83114624023438,6274600
2019-03-06,98.86000061035156,99.0999984741211,98.4000015258789,98.93000030517578,81.69908142089844,4622300
2019-03-07,98.97000122070312,99.5999984741211,98.25,98.55000305175781,81.38524627685547,8408600
2019-03-08,98.81999969482422,99.18000030517578,97.75,98.41000366210938,81.26962280273438,5144500
2019-03-11,98.79000091552734,99.68000030517578,98.51000213623047,99.58000183105469,82.23584747314453,7544400
2019-03-12,99.77999877929688,100.5199966430664,99.7300033569336,100.05000305175781,82.62397766113281,7597500
2019-03-13,99.98999786376953,101.58999633789062,99.95999908447266,101.18000030517578,83.55717468261719,9883300
2019-03-14,100.94000244140625,101.77999877929688,100.72000122070312,101.31999969482422,83.67276763916016,8590200
2019-03-15,101.76000213623047,102.88999938964844,101.7300033569336,102.44000244140625,84.59769439697266,30802700
2019-03-18,102.05999755859375,102.29000091552734,101.19999694824219,101.51000213623047,83.8296890258789,8442800
2019-03-19,101.91000366210938,102.13999938964844,101.29000091552734,101.9000015258789,84.15177154541016,7334100
2019-03-20,101.7300033569336,102.30999755859375,101.05000305175781,101.72000122070312,84.00309753417969,7513800
2019-03-21,101.27999877929688,102.91000366210938,101.27999877929688,102.48999786376953,84.63899230957031,8221000
2019-03-22,102.4800033569336,103.1500015258789,99.01000213623047,101.66000366210938,83.95357513427734,11035900
2019-03-25,101.66000366210938,102.33999633789062,101.26000213623047,101.95999908447266,84.2013168334961,6955500
2019-03-26,102.44000244140625,103.4800033569336,102.4000015258789,103.0199966430664,85.07667541503906,6909400
2019-03-27,102.76000213623047,103.0199966430664,102.04000091552734,102.9000015258789,84.97759246826172,6037100
2019-03-28,103.30999755859375,103.68000030517578,103.11000061035156,103.55000305175781,85.51439666748047,6793700
2019-03-29,103.86000061035156,104.1500015258789,103.11000061035156,104.05000305175781,85.92733764648438,7535400
2019-04-01,104.2300033569336,104.2300033569336,103.13999938964844,103.63999938964844,85.58869171142578,6626500
2019-04-02,103.61000061035156,104.0199966430664,103.26000213623047,103.75,85.67953491210938,6088800
2019-04-03,103.58000183105469,103.88999938964844,102.75,103.69000244140625,85.62999725341797,5226500
2019-04-04,103.4800033569336,103.66999816894531,102.79000091552734,103.43000030517578,85.415283203125,4786100
2019-04-05,103.61000061035156,103.69000244140625,103.16999816894531,103.6500015258789,85.59696960449219,4281800
2019-04-08,103.93000030517578,105.13999938964844,103.5,104.97000122070312,86.68704986572266,8468600
2019-04-09,104.55000305175781,104.76000213623047,104.13999938964844,104.66000366210938,86.43106842041016,5820300
2019-04-10,104.66000366210938,105.0,104.23999786376953,104.6500015258789,86.42279052734375,5394300
2019-04-11,104.58000183105469,105.05000305175781,104.37000274658203,104.75,86.50537872314453,5078400
2019-04-12,104.75,105.05999755859375,104.16999816894531,105.05999755859375,86.76139068603516,6707900
2019-04-15,104.9800033569336,105.77999877929688,104.79000091552734,105.7300033569336,87.31468963623047,5639200
2019-04-16,105.9800033569336,106.5,105.6500015258789,106.41999816894531,87.8844985961914,8136100
2019-04-17,106.2699966430664,106.51000213623047,105.3499984741211,105.8499984741211,88.03089141845703,6778100
2019-04-18,106.0199966430664,106.70999908447266,105.83000183105469,106.05000305175781,88.19721221923828,7248900
2019-04-22,106.12999725341797,107.19999694824219,105.73999786376953,106.01000213623047,88.16394805908203,9057200
2019-04-23,104.01000213623047,104.11000061035156,102.12999725341797,103.16000366210938,85.79373931884766,15979800
2019-04-24,103.31999969482422,104.6500015258789,102.79000091552734,103.69000244140625,86.23451232910156,10094800
2019-04-25,103.0999984741211,103.56999969482422,102.58999633789062,103.27999877929688,85.89349365234375,6085300
2019-04-26,103.94999694824219,105.87999725341797,103.91000366210938,105.86000061035156,88.0391845703125,7747400
2019-04-29,105.56999969482422,105.75,104.72000122070312,104.77999877929688,87.14100646972656,4787600
2019-04-30,104.86000061035156,106.62000274658203,104.66000366210938,106.4800033569336,88.55481719970703,8251300
2019-05-01,106.1500015258789,106.38999938964844,104.80999755859375,104.93000030517578,87.26575469970703,6733800
2019-05-02,105.19999694824219,105.76000213623047,105.05000305175781,105.55999755859375,87.78968811035156,6270300
2019-05-03,105.98999786376953,106.41000366210938,105.58000183105469,106.08000183105469,88.22215270996094,4793400
2019-05-06,105.12000274658203,105.81999969482422,105.04000091552734,105.68000030517578,87.88951110839844,4890400
2019-05-07,105.02999877929688,105.58000183105469,104.0999984741211,104.69999694824219,87.074462890625,6021700
2019-05-08,104.98999786376953,105.7699966430664,104.16000366210938,105.06999969482422,87.38218688964844,5392600
2019-05-09,104.66999816894531,105.04000091552734,103.77999877929688,104.23999786376953,86.69190979003906,6901700
2019-05-10,103.9800033569336,106.1500015258789,103.91999816894531,106.01000213623047,88.16394805908203,5815800
2019-05-13,105.13999938964844,106.58999633789062,104.8499984741211,106.11000061035156,88.24710845947266,7575500
2019-05-14,105.7699966430664,106.5,105.56999969482422,105.5999984741211,87.8229751586914,7004000
2019-05-15,105.61000061035156,107.0,105.5,106.69999694824219,88.73777770996094,5535600
2019-05-16,106.73999786376953,108.68000030517578,106.58999633789062,108.11000061035156,89.9104232788086,9284200
2019-05-17,107.2699966430664,108.0,107.26000213623047,107.44999694824219,89.36149597167969,6370200
2019-05-20,107.44000244140625,108.12999725341797,107.13999938964844,107.33000183105469,89.26172637939453,6565300
2019-05-21,107.47000122070312,107.54000091552734,106.29000091552734,106.37000274658203,88.46334075927734,5226400
2019-05-22,106.08999633789062,107.05000305175781,105.94000244140625,106.72000122070312,88.75440216064453,4889700
2019-05-23,106.68000030517578,107.02999877929688,105.88999938964844,106.76000213623047,88.78768920898438,6175600
2019-05-24,107.1500015258789,107.44000244140625,106.54000091552734,106.69000244140625,88.7294692993164,4372100
2019-05-28,106.69999694824219,107.25,104.41999816894531,104.45999908447266,86.8748550415039,7615500
2019-05-29,103.95999908447266,104.80999755859375,103.69999694824219,104.19000244140625,86.65032958984375,7137300
2019-05-30,104.37000274658203,105.37000274658203,104.37000274658203,105.33000183105469,87.59841918945312,4729200
2019-05-31,104.88999938964844,104.9000015258789,102.41000366210938,102.91000366210938,85.5857925415039,10282300
2019-06-03,103.1500015258789,103.95999908447266,102.4000015258789,103.80000305175781,86.32598114013672,8532900
2019-06-04,104.01000213623047,105.0999984741211,103.8499984741211,104.68000030517578,87.05783081054688,6906400
2019-06-05,105.23999786376953,106.75,104.88999938964844,106.7300033569336,88.76273345947266,6481700
2019-06-06,106.8499984741211,107.68000030517578,106.33000183105469,107.37999725341797,89.3033218383789,6681600
2019-06-07,107.73999786376953,109.37999725341797,107.73999786376953,108.7699966430664,90.45930480957031,8063400
2019-06-10,108.31999969482422,109.0199966430664,107.45999908447266,108.72000122070312,90.41773223876953,4767000
2019-06-11,108.94000244140625,109.5999984741211,108.87000274658203,109.37999725341797,90.96662902832031,8074400
2019-06-12,109.5999984741211,110.66000366210938,109.58000183105469,109.68000030517578,91.21613311767578,7687800
2019-06-13,109.9800033569336,110.94999694824219,109.86000061035156,110.91000366210938,92.23907470703125,8611400
2019-06-14,110.97000122070312,111.75,110.6500015258789,111.19999694824219,92.48023986816406,6438100
2019-06-17,111.16000366210938,111.20999908447266,110.23999786376953,110.98999786376953,92.30558776855469,6020000
2019-06-18,111.44999694824219,111.55999755859375,109.43000030517578,109.5999984741211,91.14960479736328,7731200
2019-06-19,109.5,110.7300033569336,109.26000213623047,110.41999816894531,91.83155059814453,7028000
2019-06-20,110.77999877929688,112.0199966430664,110.5,111.73999786376953,92.9293212890625,7044200
2019-06-21,111.62000274658203,112.47000122070312,111.0199966430664,111.19999694824219,92.48023986816406,13799400
2019-06-24,111.81999969482422,112.5,111.4000015258789,112.33000183105469,93.4200210571289,5518100
2019-06-25,112.11000061035156,112.62999725341797,111.30999755859375,111.72000122070312,92.9126968383789,6805600
2019-06-26,111.38999938964844,111.44000244140625,109.66000366210938,109.7300033569336,91.2576904296875,7170300
2019-06-27,109.91999816894531,110.2699966430664,109.29000091552734,109.77999877929688,91.2992935180664,5613300
2019-06-28,111.86000061035156,111.95999908447266,109.0199966430664,109.6500015258789,91.19117736816406,12152000
2019-07-01,109.91999816894531,110.69999694824219,109.61000061035156,110.48999786376953,91.88975524902344,6775900
2019-07-02,110.61000061035156,111.5,110.29000091552734,111.4800033569336,92.71310424804688,6578200
2019-07-03,111.95999908447266,114.2699966430664,111.83999633789062,114.08000183105469,94.87541961669922,6223300
2019-07-05,112.97000122070312,113.44999694824219,112.2300033569336,113.1500015258789,94.10196685791016,8694800
2019-07-08,113.33999633789062,114.2300033569336,113.30000305175781,114.05000305175781,94.85045623779297,5317800
2019-07-09,113.9000015258789,113.91000366210938,112.31999969482422,112.91000366210938,93.90237426757812,7537700
2019-07-10,113.45999908447266,114.5,113.4000015258789,113.75,94.6009750366211,5600700
2019-07-11,113.66000366210938,114.4000015258789,113.44000244140625,114.37999725341797,95.12489318847656,4625300
2019-07-12,114.06999969482422,115.20999908447266,114.06999969482422,114.98999786376953,95.6322250366211,7058600
2019-07-15,115.06999969482422,115.87999725341797,114.79000091552734,115.4800033569336,96.03971862792969,6240700
2019-07-16,115.72000122070312,116.5199966430664,115.44999694824219,115.88999938964844,96.38072204589844,7644300
2019-07-17,115.7300033569336,116.29000091552734,115.7300033569336,115.94000244140625,96.42229461669922,7861700
2019-07-18,114.93000030517578,115.7699966430664,114.79000091552734,115.44000244140625,96.62822723388672,5828700
2019-07-19,115.5,115.94999694824219,115.01000213623047,115.01000213623047,96.268310546875,6547000
2019-07-22,115.04000091552734,115.44999694824219,114.58000183105469,115.30000305175781,96.51102447509766,4018800
2019-07-23,115.70999908447266,116.05000305175781,113.83999633789062,113.8499984741211,95.29730987548828,8194600
2019-07-24,113.8499984741211,113.87999725341797,112.27999877929688,112.5999984741211,94.25100708007812,9635900
2019-07-25,111.4800033569336,112.9800033569336,111.37999725341797,112.7699966430664,94.39331817626953,7809400
2019-07-26,113.20999908447266,114.87999725341797,112.87999725341797,114.7300033569336,96.03390502929688,5559600
2019-07-29,114.7300033569336,116.20999908447266,114.62000274658203,116.0,97.09693908691406,7768700
2019-07-30,119.81999969482422,121.76000213623047,118.80000305175781,120.41000366210938,100.78829956054688,18788800
2019-07-31,119.66000366210938,120.68000030517578,117.06999969482422,118.04000091552734,98.80452728271484,12641800
2019-08-01,118.55999755859375,119.16999816894531,116.7300033569336,116.7300033569336,97.7079849243164,11308600
2019-08-02,116.51000213623047,117.08000183105469,115.69000244140625,116.44000244140625,97.46527099609375,12266100
2019-08-05,116.08999633789062,116.30000305175781,112.83000183105469,113.08000183105469,94.65278625488281,12974800
2019-08-06,113.6500015258789,115.0,113.18000030517578,114.27999877929688,95.65724182128906,9490600
2019-08-07,113.75,116.23999786376953,112.68000030517578,115.5199966430664,96.69515991210938,9507600
2019-08-08,115.5199966430664,117.48999786376953,115.33999633789062,117.44000244140625,98.30229949951172,7416600
2019-08-09,117.62000274658203,118.04000091552734,115.8499984741211,116.77999877929688,97.74987030029297,6939500
2019-08-12,116.77999877929688,117.66999816894531,115.58999633789062,116.02999877929688,97.1220474243164,4996200
2019-08-13,116.51000213623047,118.06999969482422,116.33999633789062,117.25,98.14325714111328,6722000
2019-08-14,116.45999908447266,117.94000244140625,115.66000366210938,115.79000091552734,96.9211654663086,10148300
2019-08-15,116.80000305175781,118.08999633789062,116.44000244140625,117.38999938964844,98.26045227050781,7758000
2019-08-16,118.05999755859375,119.54000091552734,117.5999984741211,119.18000030517578,99.75873565673828,8302400
2019-08-19,119.97000122070312,120.44999694824219,119.11000061035156,120.23999786376953,100.64601135253906,5867100
2019-08-20,120.05000305175781,120.26000213623047,118.79000091552734,118.9000015258789,99.52439880371094,6744300
2019-08-21,119.2699966430664,119.6500015258789,118.68000030517578,119.19999694824219,99.77548217773438,4037400
2019-08-22,119.08000183105469,119.79000091552734,118.69999694824219,119.41999816894531,99.95964050292969,4558400
2019-08-23,119.13999938964844,120.11000061035156,116.43000030517578,117.31999969482422,98.20185089111328,7336800
2019-08-26,117.75,119.5999984741211,117.22000122070312,119.31999969482422,99.87593078613281,5661500
2019-08-27,119.98999786376953,121.05000305175781,119.77999877929688,120.55000305175781,100.90550231933594,6996300
2019-08-28,120.45999908447266,121.43000030517578,119.62999725341797,121.4000015258789,101.61697387695312,4600300
2019-08-29,121.79000091552734,122.0,120.31999969482422,121.18000030517578,101.4328384399414,5011500
2019-08-30,121.95999908447266,122.0,119.51000213623047,120.2300033569336,100.63764190673828,6007100
2019-09-03,119.79000091552734,121.54000091552734,119.62999725341797,121.36000061035156,101.58350372314453,4959300
2019-09-04,121.8499984741211,123.27999877929688,121.45999908447266,123.20999908447266,103.13201904296875,5586900
2019-09-05,123.23999786376953,123.43000030517578,122.18000030517578,122.76000213623047,102.7553482055664,7491900
2019-09-06,123.0,123.37999725341797,122.54000091552734,122.87000274658203,102.84742736816406,5306900
2019-09-09,122.70999908447266,122.77999877929688,121.77999877929688,122.16999816894531,102.26151275634766,7662400
2019-09-10,121.02999877929688,121.18000030517578,119.58000183105469,119.87999725341797,100.34468841552734,9582200
2019-09-11,119.86000061035156,121.33999633789062,119.36000061035156,121.2699966430664,101.50813293457031,7565500
2019-09-12,122.6500015258789,123.20999908447266,121.62000274658203,122.7699966430664,102.76372528076172,6194300
2019-09-13,121.81999969482422,122.58000183105469,121.5,122.12000274658203,102.21963500976562,6777400
2019-09-16,121.80999755859375,121.95999908447266,119.0199966430664,119.75,100.2358627319336,9626700
2019-09-17,119.62999725341797,121.98999786376953,119.44000244140625,121.16000366210938,101.41606903076172,6377100
2019-09-18,121.2699966430664,121.95999908447266,120.7699966430664,121.41000366210938,101.62535095214844,5684200
2019-09-19,121.38999938964844,122.2300033569336,121.23999786376953,121.9000015258789,102.0354995727539,4525800
2019-09-20,122.12999725341797,122.5999984741211,121.75,122.23999786376953,102.32008361816406,15362000
2019-09-23,122.19999694824219,123.7699966430664,121.97000122070312,123.22000122070312,103.14039611816406,6060400
2019-09-24,123.69999694824219,124.7300033569336,123.36000061035156,123.61000061035156,103.46685028076172,7633200
2019-09-25,123.55999755859375,123.83000183105469,122.94999694824219,123.0199966430664,102.97297668457031,5812600
2019-09-26,123.63999938964844,125.0,123.52999877929688,124.30999755859375,104.05278778076172,6984800
2019-09-27,124.41000366210938,124.87999725341797,123.72000122070312,124.56999969482422,104.27041625976562,5589800
2019-09-30,124.56999969482422,125.36000061035156,124.12999725341797,124.37999725341797,104.11136627197266,5206900
2019-10-01,124.36000061035156,124.63999938964844,123.19999694824219,123.8499984741211,103.667724609375,5415700
2019-10-02,123.19999694824219,123.6500015258789,120.20999908447266,121.08000183105469,101.34912872314453,6755100
2019-10-03,121.66999816894531,122.54000091552734,120.83999633789062,121.73999786376953,101.90156555175781,5171000
2019-10-04,122.19000244140625,124.05999755859375,121.98999786376953,124.0,103.79330444335938,4377900
2019-10-07,123.52999877929688,123.88999938964844,122.68000030517578,122.83999633789062,102.82231903076172,4749700
2019-10-08,122.66000366210938,122.93000030517578,120.87999725341797,120.93000030517578,101.22358703613281,5545300
2019-10-09,121.80999755859375,122.38999938964844,121.43000030517578,121.9800033569336,102.10248565673828,3775600
2019-10-10,121.33000183105469,122.19000244140625,120.80000305175781,121.94000244140625,102.06901550292969,3943400
2019-10-11,122.04000091552734,122.05999755859375,120.81999969482422,121.08999633789062,101.35751342773438,6292200
2019-10-14,121.62000274658203,121.62000274658203,119.58000183105469,120.05000305175781,100.48699188232422,7360200
2019-10-15,120.19000244140625,120.55999755859375,116.69999694824219,117.19999694824219,98.10140228271484,11113900
2019-10-16,117.66999816894531,117.7699966430664,116.51000213623047,117.52999877929688,98.37762451171875,7973100
2019-10-17,117.30999755859375,117.63999938964844,116.55000305175781,116.62999725341797,98.24788665771484,5956900
2019-10-18,116.55000305175781,117.75,116.16999816894531,117.47000122070312,98.95550537109375,9016700
2019-10-21,117.41999816894531,119.12000274658203,117.3499984741211,119.08000183105469,100.31175994873047,6731600
2019-10-22,124.0,124.22000122070312,121.5999984741211,122.18000030517578,102.92314910888672,14410500
2019-10-23,121.98999786376953,123.7300033569336,121.83999633789062,123.0,103.6139144897461,8249300
2019-10-24,123.76000213623047,125.7699966430664,123.33999633789062,124.79000091552734,105.12178802490234,6725600
2019-10-25,124.81999969482422,124.81999969482422,123.16999816894531,123.25,103.82451629638672,6093300
2019-10-28,123.4800033569336,124.12000274658203,122.5999984741211,123.4800033569336,104.01826477050781,5459500
2019-10-29,123.19999694824219,124.55999755859375,123.0999984741211,123.5999984741211,104.11935424804688,5659800
2019-10-30,123.98999786376953,125.16999816894531,123.5,124.94000244140625,105.24816131591797,4734500
2019-10-31,124.79000091552734,125.44999694824219,123.36000061035156,124.51000213623047,104.88592529296875,6399500
2019-11-01,124.83000183105469,125.13999938964844,123.25,123.87000274658203,104.34680938720703,6010200
2019-11-04,123.91999816894531,123.91999816894531,118.63999938964844,119.06999969482422,100.30333709716797,10351400
2019-11-05,118.83000183105469,119.58999633789062,118.23999786376953,118.9000015258789,100.16012573242188,9239600
2019-11-06,119.0999984741211,120.3499984741211,118.66000366210938,120.31999969482422,101.35631561279297,6756300
2019-11-07,120.33999633789062,120.33999633789062,118.80999755859375,119.62000274658203,100.76666259765625,8909700
2019-11-08,119.8499984741211,120.58999633789062,119.16000366210938,119.69999694824219,100.83403015136719,4249900
2019-11-11,119.4800033569336,120.0,119.08999633789062,119.33000183105469,100.5223388671875,3850400
2019-11-12,119.48999786376953,119.5999984741211,118.55000305175781,119.2699966430664,100.47179412841797,4759600
2019-11-13,119.9000015258789,121.05000305175781,119.87000274658203,120.6500015258789,101.63429260253906,7262800
2019-11-14,120.62000274658203,121.16999816894531,120.11000061035156,120.5,101.50796508789062,5188300
2019-11-15,120.98999786376953,120.98999786376953,119.97000122070312,120.54000091552734,101.5416259765625,7108600
2019-11-18,120.25,122.55999755859375,120.16999816894531,121.88999938964844,102.67884826660156,7493700
2019-11-19,121.93000030517578,122.77999877929688,121.12999725341797,121.41999816894531,102.28294372558594,5989000
2019-11-20,121.41999816894531,122.37999725341797,120.93000030517578,122.29000091552734,103.01582336425781,6480000
2019-11-21,121.77999877929688,122.54000091552734,120.27999877929688,120.33999633789062,101.37316131591797,7094200
2019-11-22,120.2300033569336,120.61000061035156,119.38999938964844,120.29000091552734,101.33103942871094,4414900
2019-11-25,120.44000244140625,120.91999816894531,120.0199966430664,120.51000213623047,101.516357421875,5134300
2019-11-26,120.7300033569336,122.3499984741211,120.41000366210938,122.26000213623047,102.99053955078125,8235200
2019-11-27,122.41999816894531,122.44000244140625,120.95999908447266,121.76000213623047,102.56935119628906,3751400
2019-11-29,121.98999786376953,122.62999725341797,121.70999908447266,122.05999755859375,102.82205963134766,2927300
2019-12-02,121.94000244140625,122.77999877929688,120.95999908447266,122.72000122070312,103.37805938720703,6146200
2019-12-03,122.30999755859375,122.95999908447266,121.80000305175781,122.94999694824219,103.57180786132812,6396200
2019-12-04,122.75,124.58000183105469,122.69000244140625,124.52999877929688,104.90278625488281,6857300
2019-12-05,124.2699966430664,124.62999725341797,123.66000366210938,124.62000274658203,104.97860717773438,7029200
2019-12-06,124.7300033569336,125.44999694824219,123.88999938964844,124.19000244140625,104.61636352539062,7150900
2019-12-09,124.30999755859375,125.13999938964844,124.18000030517578,124.87000274658203,105.18917846679688,7452800
2019-12-10,124.77999877929688,124.87000274658203,124.12000274658203,124.2699966430664,104.68375396728516,4740100
2019-12-11,124.2699966430664,125.2699966430664,124.06999969482422,124.66000366210938,105.01227569580078,4823300
2019-12-12,124.77999877929688,125.76000213623047,123.87999725341797,124.56999969482422,104.93648529052734,5897800
2019-12-13,124.20999908447266,125.73999786376953,123.79000091552734,125.47000122070312,105.69461822509766,5471600
2019-12-16,125.47000122070312,126.3499984741211,125.3499984741211,125.55999755859375,105.77043914794922,8281900
2019-12-17,125.58999633789062,125.9800033569336,124.30999755859375,125.30999755859375,105.55984497070312,8832200
2019-12-18,125.30999755859375,125.87000274658203,123.69000244140625,124.01000213623047,104.46472930908203,8607600
2019-12-19,124.16000366210938,125.19999694824219,123.9000015258789,124.91999816894531,105.2313003540039,6629100
2019-12-20,126.1500015258789,126.5999984741211,125.02999877929688,125.36000061035156,105.60196685791016,16250500
2019-12-23,125.5199966430664,125.81999969482422,124.69000244140625,124.9000015258789,105.21446228027344,6619500
2019-12-24,124.79000091552734,125.30999755859375,124.58000183105469,125.22000122070312,105.48401641845703,2022100
2019-12-26,125.0999984741211,125.75,124.87000274658203,125.22000122070312,105.48401641845703,4760400
2019-12-27,125.55999755859375,126.30000305175781,125.38999938964844,126.08999633789062,106.21690368652344,5192000
2019-12-30,125.76000213623047,125.9800033569336,124.13999938964844,124.47000122070312,104.85222625732422,3884300
2019-12-31,124.43000030517578,124.98999786376953,123.94999694824219,124.9000015258789,105.21446228027344,4798900
2020-01-02,124.5,124.7300033569336,122.94000244140625,123.41000366210938,103.95932006835938,8130800
2020-01-03,122.16000366210938,123.52999877929688,121.86000061035156,122.58000183105469,103.2601089477539,7970500
2020-01-06,122.56999969482422,123.19000244140625,122.37999725341797,122.75,103.40332794189453,6674400
2020-01-07,122.87999725341797,123.20999908447266,121.87000274658203,121.98999786376953,102.76309204101562,7583400
2020-01-08,122.19000244140625,123.43000030517578,122.0,122.51000213623047,103.20113372802734,5385100
2020-01-09,122.51000213623047,123.87999725341797,122.51000213623047,123.8499984741211,104.32994079589844,5944000
2020-01-10,123.9000015258789,124.31999969482422,123.30000305175781,123.97000122070312,104.43104553222656,3927100
2020-01-13,124.0,124.9000015258789,123.80999755859375,124.87999725341797,105.1976089477539,8409200
2020-01-14,124.6500015258789,125.19999694824219,124.4800033569336,124.69000244140625,105.03755187988281,7829700
2020-01-15,125.05999755859375,126.12000274658203,125.01000213623047,125.95999908447266,106.10738372802734,4843700
2020-01-16,126.11000061035156,126.77999877929688,125.58999633789062,126.06999969482422,106.2000503540039,6233700
2020-01-17,126.3499984741211,127.0,125.87999725341797,126.41000366210938,106.4864730834961,11315200
2020-01-21,126.41000366210938,126.62000274658203,124.83999633789062,126.08999633789062,106.21690368652344,8553100
2020-01-22,126.33000183105469,126.68000030517578,125.83000183105469,126.30999755859375,106.4022216796875,7396700
2020-01-23,124.30000305175781,126.55000305175781,123.6500015258789,124.98999786376953,105.91582489013672,11096500
2020-01-24,125.22000122070312,126.79000091552734,124.7699966430664,125.13999938964844,106.04291534423828,9508600
2020-01-27,124.75,126.38999938964844,124.75,125.69000244140625,106.50900268554688,9338400
2020-01-28,125.93000030517578,126.9800033569336,125.72000122070312,126.02999877929688,106.79712677001953,6200200
2020-01-29,125.91000366210938,126.06999969482422,125.02999877929688,125.05999755859375,105.97512817382812,5271000
2020-01-30,124.79000091552734,126.05999755859375,124.41999816894531,125.94999694824219,106.72931671142578,5894400
2020-01-31,125.98999786376953,126.94999694824219,124.45999908447266,124.62000274658203,105.60231018066406,6612900
2020-02-03,124.66000366210938,125.94999694824219,124.48999786376953,125.11000061035156,106.01751708984375,6052300
2020-02-04,125.70999908447266,127.3499984741211,125.36000061035156,125.66000366210938,106.48358154296875,6512200
2020-02-05,125.91000366210938,127.05999755859375,125.4000015258789,126.80999755859375,107.45807647705078,6125400
2020-02-06,126.9000015258789,128.08999633789062,126.5999984741211,127.13999938964844,107.73771667480469,9102700
2020-02-07,127.19000244140625,127.2699966430664,126.05000305175781,126.08000183105469,106.83946990966797,5915100
2020-02-10,126.45999908447266,126.83000183105469,125.76000213623047,126.16999816894531,106.91575622558594,5216100
2020-02-11,126.2699966430664,126.2699966430664,124.02999877929688,124.16000366210938,105.21248626708984,6105700
2020-02-12,123.68000030517578,123.97000122070312,122.8499984741211,123.44999694824219,104.61083984375,6031700
2020-02-13,123.7300033569336,125.27999877929688,123.5199966430664,124.95999908447266,105.89039611816406,7159000
2020-02-14,125.29000091552734,126.1500015258789,124.79000091552734,126.13999938964844,106.89030456542969,5889100
2020-02-18,125.83000183105469,126.18000030517578,124.83000183105469,124.87000274658203,105.81413269042969,6767600
2020-02-19,124.8499984741211,126.47000122070312,124.6500015258789,125.44000244140625,106.29714965820312,4734000
2020-02-20,125.47000122070312,126.76000213623047,125.12999725341797,126.58000183105469,107.2631607055664,6094600
2020-02-21,126.12999725341797,128.07000732421875,125.9800033569336,126.69999694824219,107.36485290527344,8723900
2020-02-24,125.26000213623047,126.58999633789062,123.13999938964844,123.30000305175781,104.48373413085938,7533900
2020-02-25,123.0199966430664,123.95999908447266,120.87999725341797,121.43000030517578,102.89910125732422,8903200
2020-02-26,121.41999816894531,122.38999938964844,119.8499984741211,120.16000366210938,101.82292175292969,6894200
2020-02-27,119.12000274658203,119.91999816894531,113.43000030517578,113.5,96.17924499511719,13298900
2020-02-28,109.45999908447266,113.2300033569336,106.66999816894531,113.2300033569336,95.95047760009766,22784300
2020-03-02,113.19000244140625,119.79000091552734,112.55000305175781,119.55999755859375,101.31446838378906,12399800
2020-03-03,119.7300033569336,121.83999633789062,117.13999938964844,118.16999816894531,100.13658142089844,12510900
2020-03-04,119.87999725341797,124.69000244140625,119.5999984741211,124.5,105.50059509277344,9459300
2020-03-05,121.30000305175781,122.9000015258789,120.27999877929688,121.62999725341797,103.06855773925781,9363500
2020-03-06,118.02999877929688,122.61000061035156,117.55000305175781,121.66000366210938,103.09400177001953,9817400
2020-03-09,115.2699966430664,120.02999877929688,115.12000274658203,116.05999755859375,98.34860229492188,13116500
2020-03-10,118.95999908447266,120.81999969482422,114.44000244140625,120.55000305175781,102.15342712402344,11419100
2020-03-11,117.5999984741211,118.44000244140625,110.68000030517578,111.58999633789062,94.56074523925781,16456000
2020-03-12,103.0,111.58000183105469,101.0,101.83999633789062,86.29863739013672,20988000
2020-03-13,106.5,114.62999725341797,105.41000366210938,114.06999969482422,96.66226959228516,17378700
2020-03-16,101.75,115.94999694824219,101.0,108.5,91.9422836303711,17367400
2020-03-17,111.44999694824219,119.69999694824219,110.7699966430664,118.23999786376953,100.19590759277344,19451400
2020-03-18,113.0199966430664,121.5,112.08999633789062,117.44999694824219,99.52648162841797,23139200
2020-03-19,116.61000061035156,118.0,109.79000091552734,110.83000183105469,93.91671752929688,16428100
2020-03-20,109.19000244140625,109.69999694824219,101.58999633789062,102.43000030517578,86.79859924316406,19922900
2020-03-23,100.19000244140625,103.75,94.33999633789062,97.69999694824219,82.79041290283203,17776800
2020-03-24,101.2300033569336,104.0,96.06999969482422,103.2699966430664,87.51041412353516,14625500
2020-03-25,100.51000213623047,104.69999694824219,98.5999984741211,100.91999816894531,85.51905059814453,13789100
2020-03-26,103.87999725341797,108.30999755859375,102.52999877929688,107.37999725341797,90.99320220947266,15796000
2020-03-27,106.48999786376953,114.29000091552734,106.48999786376953,110.16999816894531,93.3574447631836,16073100
2020-03-30,113.9000015258789,115.79000091552734,110.19999694824219,115.0,97.45035552978516,14571600
2020-03-31,113.5,114.29000091552734,108.94999694824219,110.0,93.21338653564453,21691000
2020-04-01,107.94999694824219,112.18000030517578,107.0,109.33000183105469,92.6456298828125,11095800
2020-04-02,107.69000244140625,114.98999786376953,107.5,114.4000015258789,96.94192504882812,9168800
2020-04-03,113.73999786376953,115.9000015258789,113.01000213623047,115.08000183105469,97.51814270019531,7768700
2020-04-06,117.0,119.0,114.58000183105469,117.80999755859375,99.83155059814453,16848400
2020-04-07,116.70999908447266,120.05999755859375,112.5,112.7699966430664,95.56067657470703,14438400
2020-04-08,114.38999938964844,117.30000305175781,111.86000061035156,115.0999984741211,97.53508758544922,12564500
2020-04-09,115.26000213623047,118.66000366210938,114.19999694824219,114.66000366210938,97.16224670410156,12747300
2020-04-13,113.61000061035156,116.75,113.16000366210938,115.94999694824219,98.25537872314453,7926700
2020-04-14,118.76000213623047,121.47000122070312,116.25,120.95999908447266,102.50082397460938,10474200
2020-04-15,120.86000061035156,123.41999816894531,119.58999633789062,121.22000122070312,102.72113800048828,14192900
2020-04-16,122.3499984741211,122.5,119.9000015258789,121.5,102.95841217041016,12020200
2020-04-17,122.44999694824219,124.98999786376953,120.54000091552734,124.69000244140625,105.66162109375,15899800
2020-04-20,121.47000122070312,123.2300033569336,120.54000091552734,120.5999984741211,102.19573974609375,10832000
2020-04-21,119.5,120.30000305175781,118.43000030517578,119.68000030517578,101.41614532470703,9465400
2020-04-22,119.98999786376953,120.27999877929688,118.77999877929688,119.4000015258789,101.17888641357422,10259400
2020-04-23,118.6500015258789,119.66999816894531,118.05000305175781,119.4000015258789,101.85366821289062,17277000
2020-04-24,119.0999984741211,119.76000213623047,118.62000274658203,118.77999877929688,101.32476806640625,12751100
2020-04-27,119.19000244140625,119.19000244140625,116.9000015258789,117.44999694824219,100.1902084350586,10635700
2020-04-28,117.0999984741211,117.91000366210938,116.16999816894531,116.88999938964844,99.71250915527344,9958000
2020-04-29,117.5199966430664,118.05000305175781,115.08000183105469,117.08000183105469,99.8746109008789,8707900
2020-04-30,115.91999816894531,118.27999877929688,115.66000366210938,117.87000274658203,100.54850006103516,10026400
2020-05-01,117.5999984741211,118.37000274658203,116.31999969482422,116.81999969482422,99.65278625488281,7366400
2020-05-04,117.08999633789062,117.19999694824219,115.0,115.7699966430664,98.7571029663086,5636000
2020-05-05,115.80000305175781,117.26000213623047,115.20999908447266,116.01000213623047,98.96182250976562,5425200
2020-05-06,115.54000091552734,116.13999938964844,112.88999938964844,113.0999984741211,96.47944641113281,7892200
2020-05-07,114.05999755859375,114.13999938964844,111.81999969482422,112.16999816894531,95.68614196777344,8762800
2020-05-08,113.5199966430664,116.30000305175781,113.38999938964844,115.94999694824219,98.91065216064453,9279900
2020-05-11,115.75,116.01000213623047,114.91999816894531,115.30999755859375,98.3647232055664,6947500
2020-05-12,115.19999694824219,115.9000015258789,114.13999938964844,114.55000305175781,97.71638488769531,6734400
2020-05-13,114.27999877929688,115.3499984741211,113.7300033569336,113.91999816894531,97.17894744873047,9312600
2020-05-14,113.54000091552734,114.44999694824219,111.25,113.80999755859375,97.08511352539062,9310000
2020-05-15,113.93000030517578,114.79000091552734,112.05000305175781,114.61000061035156,97.76757049560547,10694800
2020-05-18,116.02999877929688,116.98999786376953,114.70999908447266,116.20999908447266,99.1324462890625,10020800
2020-05-19,115.08999633789062,115.63999938964844,112.33999633789062,112.44000244140625,95.91645812988281,8047600
2020-05-20,113.0,113.7699966430664,112.12999725341797,113.27999877929688,96.63300323486328,6593800
2020-05-21,112.80000305175781,113.19999694824219,111.43000030517578,111.62000274658203,95.21694946289062,6552700
2020-05-22,112.29000091552734,113.5999984741211,111.76000213623047,112.5999984741211,96.05294799804688,5571900
2020-05-26,114.1500015258789,114.1500015258789,111.68000030517578,112.02999877929688,95.56669616699219,10432400
2020-05-27,112.5,113.97000122070312,111.81999969482422,113.88999938964844,97.15335845947266,8279700
2020-05-28,115.52999877929688,116.98999786376953,114.9000015258789,116.05999755859375,99.00447845458984,6586700
2020-05-29,116.12999725341797,116.72000122070312,114.62000274658203,115.91999816894531,98.8850326538086,7868000
2020-06-01,116.0,117.5,115.26000213623047,117.25,100.01959991455078,5105600
2020-06-02,117.06999969482422,118.13999938964844,116.81999969482422,118.05999755859375,100.7105712890625,6327900
2020-06-03,118.0999984741211,119.19000244140625,117.94999694824219,118.52999877929688,101.11148834228516,6171000
2020-06-04,118.0,118.83000183105469,115.56999969482422,116.05000305175781,98.9959716796875,6895800
2020-06-05,116.25,118.83000183105469,116.05000305175781,118.33000183105469,100.94088745117188,7337800
2020-06-08,117.44000244140625,119.12000274658203,116.83999633789062,119.05000305175781,101.55508422851562,6926700
2020-06-09,119.4000015258789,119.76000213623047,118.1500015258789,118.33999633789062,100.94941711425781,5563200
2020-06-10,119.0,119.88999938964844,118.11000061035156,119.2300033569336,101.70863342285156,6678200
2020-06-11,118.80999755859375,119.56999969482422,116.0,116.26000213623047,99.17508697509766,8937500
2020-06-12,116.58999633789062,118.05000305175781,115.26000213623047,115.62000274658203,98.62914276123047,7998500
2020-06-15,114.55000305175781,117.27999877929688,113.76000213623047,116.69000244140625,99.54190826416016,8786000
2020-06-16,118.52999877929688,118.97000122070312,116.93000030517578,118.12999725341797,100.77029418945312,8165200
2020-06-17,118.38999938964844,119.11000061035156,117.44000244140625,117.93000030517578,100.59967803955078,6320800
2020-06-18,117.45999908447266,119.95999908447266,117.37000274658203,119.27999877929688,101.75126647949219,6274400
2020-06-19,120.48999786376953,121.81999969482422,118.83000183105469,118.91999816894531,101.44419860839844,17506200
2020-06-22,118.77999877929688,119.08000183105469,117.33999633789062,117.75,100.44612121582031,5695600
2020-06-23,118.66999816894531,119.19000244140625,117.6500015258789,117.7300033569336,100.4290771484375,5340400
2020-06-24,117.22000122070312,117.95999908447266,116.27999877929688,116.41999816894531,99.31156158447266,6547800
2020-06-25,116.98999786376953,118.02999877929688,116.02999877929688,117.88999938964844,100.56554412841797,5489300
2020-06-26,117.58999633789062,118.47000122070312,115.04000091552734,115.2300033569336,98.29645538330078,23201700
2020-06-29,116.51000213623047,118.05000305175781,116.3499984741211,117.66000366210938,100.36936950683594,6866900
2020-06-30,117.97000122070312,119.98999786376953,117.80000305175781,119.56999969482422,101.9986572265625,7818000
2020-07-01,119.6500015258789,120.38999938964844,118.9000015258789,119.9800033569336,102.34842681884766,6501200
2020-07-02,121.0,122.56999969482422,120.52999877929688,120.87999725341797,103.11614990234375,6150900
2020-07-06,121.7699966430664,122.41000366210938,120.87999725341797,121.62999725341797,103.75594329833984,6023300
2020-07-07,121.30000305175781,123.25,120.88999938964844,122.22000122070312,104.25924682617188,6866300
2020-07-08,122.1500015258789,123.23999786376953,122.0,122.88999938964844,104.8307876586914,6494100
2020-07-09,122.81999969482422,123.9800033569336,121.80999755859375,122.4800033569336,104.48102569580078,5341000
2020-07-10,122.56999969482422,124.5,122.47000122070312,123.88999938964844,105.68383026123047,6752600
2020-07-13,124.0,125.58999633789062,123.33999633789062,124.05000305175781,105.82030487060547,7681500
2020-07-14,123.98999786376953,125.66000366210938,123.5,125.08999633789062,106.70748138427734,6272100
2020-07-15,125.9800033569336,126.9000015258789,124.26000213623047,124.5,106.20416259765625,8145000
2020-07-16,125.08000183105469,125.5199966430664,123.91000366210938,124.76000213623047,106.42597961425781,3959300
2020-07-17,125.08999633789062,126.06999969482422,124.83000183105469,125.62999725341797,107.1681137084961,4868600
2020-07-20,125.47000122070312,125.83999633789062,124.79000091552734,125.23999786376953,106.83541870117188,4242100
2020-07-21,125.48999786376953,126.63999938964844,124.91999816894531,125.06999969482422,106.69042205810547,5162300
2020-07-22,125.5,126.4000015258789,124.20999908447266,126.13999938964844,107.60315704345703,5929200
2020-07-23,126.12000274658203,127.18000030517578,125.5999984741211,126.16000366210938,108.29935455322266,6664800
2020-07-24,126.98999786376953,127.7699966430664,125.31999969482422,125.95999908447266,108.12767028808594,6014200
2020-07-27,125.70999908447266,126.63999938964844,125.54000091552734,126.31999969482422,108.43671417236328,6464600
2020-07-28,126.37000274658203,128.4600067138672,126.29000091552734,127.87999725341797,109.77586364746094,7644400
2020-07-29,127.55999755859375,129.24000549316406,127.36000061035156,128.30999755859375,110.14498138427734,6702000
2020-07-30,130.66000366210938,132.02999877929688,129.64999389648438,131.4199981689453,112.814697265625,10400700
2020-07-31,130.66000366210938,131.2100067138672,129.27000427246094,131.1199951171875,112.55718231201172,8487000
2020-08-03,130.47000122070312,131.9199981689453,130.47000122070312,131.2899932861328,112.70309448242188,7769400
2020-08-04,130.77000427246094,133.92999267578125,130.6999969482422,133.7899932861328,114.84917449951172,7773700
2020-08-05,133.58999633789062,134.64999389648438,133.1199951171875,133.44000244140625,114.54874420166016,5680000
2020-08-06,132.85000610351562,133.3699951171875,132.1199951171875,132.7100067138672,113.92208862304688,3974100
2020-08-07,132.88999938964844,133.63999938964844,132.4499969482422,133.5500030517578,114.6431655883789,4934900
2020-08-10,133.6999969482422,134.44000244140625,133.19000244140625,134.10000610351562,115.11528778076172,5812700
2020-08-11,134.27000427246094,134.74000549316406,132.7899932861328,133.22999572753906,114.36844635009766,5329900
2020-08-12,133.77000427246094,135.97000122070312,133.6999969482422,135.4600067138672,116.28276062011719,5920400
2020-08-13,135.0800018310547,135.8699951171875,134.92999267578125,135.77999877929688,116.55746459960938,4989500
2020-08-14,135.61000061035156,135.63999938964844,134.5500030517578,135.10000610351562,115.9737319946289,5845200
2020-08-17,134.94000244140625,135.6999969482422,134.66000366210938,135.5,116.31709289550781,5603800
2020-08-18,135.80999755859375,137.52000427246094,135.4199981689453,136.50999450683594,117.18409729003906,8670700
2020-08-19,135.5399932861328,136.32000732421875,135.5,135.77000427246094,116.54887390136719,6827700
2020-08-20,135.24000549316406,136.97999572753906,135.19000244140625,136.85000610351562,117.47595977783203,4352200
2020-08-21,136.60000610351562,138.10000610351562,135.91000366210938,137.44000244140625,117.98243713378906,5706600
2020-08-24,137.49000549316406,138.77999877929688,137.1999969482422,138.50999450683594,118.90095520019531,7420500
2020-08-25,139.0,139.14999389648438,137.8000030517578,139.05999755859375,119.37310028076172,4718300
2020-08-26,138.57000732421875,139.32000732421875,138.25,138.38999938964844,118.79793548583984,4746200
2020-08-27,138.83999633789062,139.69000244140625,138.17999267578125,138.2100067138672,118.64341735839844,6156100
2020-08-28,138.32000732421875,138.91000366210938,136.9499969482422,138.77000427246094,119.12415313720703,4166300
2020-08-31,138.19000244140625,138.72999572753906,137.82000732421875,138.3300018310547,118.74642944335938,5596800
2020-09-01,137.86000061035156,138.22000122070312,137.07000732421875,138.17999267578125,118.61769104003906,5671800
2020-09-02,138.11000061035156,141.44000244140625,137.61000061035156,140.50999450683594,120.61781311035156,8384800
2020-09-03,140.74000549316406,141.6999969482422,137.08999633789062,138.25999450683594,118.68633270263672,7277900
2020-09-04,137.80999755859375,139.19000244140625,136.1199951171875,137.9600067138672,118.42884063720703,7437700
2020-09-08,138.52000427246094,138.63999938964844,135.0399932861328,135.94000244140625,116.69478607177734,6847500
2020-09-09,136.4199981689453,139.55999755859375,136.27000427246094,138.14999389648438,118.59194946289062,6002900
2020-09-10,138.1199951171875,138.72000122070312,136.50999450683594,136.6999969482422,117.34718322753906,5242500
2020-09-11,137.69000244140625,138.66000366210938,137.16000366210938,138.13999938964844,118.58333587646484,4398000
2020-09-14,138.44000244140625,139.5800018310547,138.3300018310547,138.6300048828125,119.00397491455078,4767400
2020-09-15,138.7899932861328,139.77000427246094,138.38999938964844,138.6300048828125,119.00397491455078,4046500
2020-09-16,139.57000732421875,140.1699981689453,137.60000610351562,137.6999969482422,118.20562744140625,6049900
2020-09-17,137.05999755859375,137.8800048828125,136.19000244140625,137.52000427246094,118.0511474609375,4648500
2020-09-18,136.91000366210938,137.92999267578125,136.25999450683594,137.3699951171875,117.92235565185547,10192800
2020-09-21,137.0,137.47000122070312,134.6999969482422,136.7100067138672,117.35579681396484,7092600
2020-09-22,136.49000549316406,139.02999877929688,136.24000549316406,137.9600067138672,118.42884063720703,4722800
2020-09-23,138.4199981689453,138.4199981689453,136.08999633789062,136.30999755859375,117.01241302490234,6373700
2020-09-24,136.6699981689453,137.14999389648438,135.7100067138672,136.9199981689453,117.53607177734375,5708200
2020-09-25,135.88999938964844,137.99000549316406,135.88999938964844,137.6199951171875,118.13695526123047,4969900
2020-09-28,138.55999755859375,139.94000244140625,137.77999877929688,138.00999450683594,118.47171783447266,5810800
2020-09-29,138.38999938964844,138.4199981689453,136.66000366210938,137.25999450683594,117.82792663574219,4492100
2020-09-30,138.16000366210938,139.85000610351562,137.80999755859375,138.99000549316406,119.31300354003906,8727800
2020-10-01,139.5800018310547,139.99000549316406,138.2100067138672,139.24000549316406,119.52760314941406,5713400
2020-10-02,137.92999267578125,139.1199951171875,136.9499969482422,138.1199951171875,118.566162109375,6077900
2020-10-05,138.72000122070312,139.64999389648438,138.3000030517578,139.38999938964844,119.65636444091797,6333900
2020-10-06,139.4199981689453,140.77000427246094,138.80999755859375,139.61000061035156,119.84520721435547,6042900
2020-10-07,140.0800018310547,141.38999938964844,139.3699951171875,140.6999969482422,120.78094482421875,4640900
2020-10-08,140.55999755859375,141.92999267578125,140.36000061035156,141.64999389648438,121.59642791748047,4569800
2020-10-09,141.83999633789062,143.63999938964844,141.6999969482422,142.9199981689453,122.68661499023438,6551700
2020-10-12,143.3300018310547,145.3300018310547,143.3300018310547,144.49000549316406,124.03437042236328,5791500
2020-10-13,143.82000732421875,144.83999633789062,143.4600067138672,144.2100067138672,123.79400634765625,4509400
2020-10-14,144.17999267578125,145.10000610351562,143.0800018310547,144.0399932861328,123.64807891845703,3860700
2020-10-15,143.05999755859375,144.38999938964844,142.88999938964844,143.8300018310547,123.46778106689453,4997100
2020-10-16,144.4199981689453,145.8699951171875,143.9199981689453,144.38999938964844,123.94851684570312,6806100
2020-10-19,144.47000122070312,145.38999938964844,141.1300048828125,141.91000366210938,121.81962585449219,6427600
2020-10-20,145.61000061035156,145.69000244140625,141.89999389648438,142.47999572753906,122.30890655517578,7582100
2020-10-21,142.49000549316406,144.33999633789062,142.47000122070312,143.25,122.96988677978516,5649700
2020-10-22,141.49000549316406,142.75,141.0800018310547,141.4499969482422,122.09893798828125,4502900
2020-10-23,141.75999450683594,142.8800048828125,141.75999450683594,142.3800048828125,122.90176391601562,4278100
2020-10-26,141.5,142.0500030517578,140.00999450683594,141.3000030517578,121.96942901611328,5315500
2020-10-27,141.94000244140625,143.33999633789062,141.64999389648438,142.36000061035156,122.88446044921875,6806700
2020-10-28,140.4499969482422,140.94000244140625,137.30999755859375,137.66000366210938,118.82744598388672,8192200
2020-10-29,137.35000610351562,139.08999633789062,135.8000030517578,137.57000732421875,118.7497329711914,5476900
2020-10-30,137.17999267578125,137.99000549316406,134.67999267578125,137.10000610351562,118.34405517578125,6422000
2020-11-02,138.50999450683594,140.0,137.44000244140625,138.5,119.55254364013672,6682800
2020-11-03,139.32000732421875,142.66000366210938,139.32000732421875,141.22000122070312,121.90040588378906,6244200
2020-11-04,140.4600067138672,143.0,140.27000427246094,140.63999938964844,121.39977264404297,5820600
2020-11-05,142.44000244140625,143.52999877929688,141.77999877929688,142.3800048828125,122.90176391601562,5673100
2020-11-06,142.6699981689453,144.07000732421875,142.3800048828125,143.22999572753906,123.63541412353516,4702300
2020-11-09,146.14999389648438,146.9199981689453,137.60000610351562,137.99000549316406,119.11231231689453,12664700
2020-11-10,138.10000610351562,140.6199951171875,137.14999389648438,140.25999450683594,121.07173919677734,7854000
2020-11-11,141.85000610351562,143.0,140.64999389648438,142.07000732421875,122.63414001464844,5554300
2020-11-12,142.2899932861328,142.5500030517578,141.07000732421875,142.14999389648438,122.70319366455078,5631700
2020-11-13,142.2100067138672,144.47999572753906,141.8800048828125,144.27999877929688,124.54178619384766,6466800
2020-11-16,144.77999877929688,144.77999877929688,141.25999450683594,142.42999267578125,122.94486999511719,7976600
2020-11-17,141.88999938964844,143.47000122070312,141.75,141.8800048828125,122.47010803222656,6396800
2020-11-18,141.99000549316406,142.10000610351562,139.66000366210938,139.6999969482422,120.5883560180664,6097100
2020-11-19,139.8699951171875,140.1199951171875,138.4499969482422,139.52999877929688,120.4416275024414,5284100
2020-11-20,139.52999877929688,140.35000610351562,138.6300048828125,139.3000030517578,120.24310302734375,4726900
2020-11-23,139.32000732421875,139.9499969482422,137.86000061035156,138.75999450683594,119.77693939208984,4770600
2020-11-24,138.8300018310547,139.83999633789062,138.07000732421875,138.30999755859375,119.38849639892578,7101800
2020-11-25,138.16000366210938,139.38999938964844,138.0399932861328,138.67999267578125,119.70790100097656,8411300
2020-11-27,138.58999633789062,138.88999938964844,137.52999877929688,138.61000061035156,119.64747619628906,4252200
2020-11-30,138.0,139.1999969482422,136.74000549316406,138.8699951171875,119.87187957763672,11640400
2020-12-01,139.16000366210938,139.5399932861328,138.16000366210938,139.3699951171875,120.30350494384766,7169700
2020-12-02,139.3699951171875,139.94000244140625,137.49000549316406,138.36000061035156,119.43165588378906,6963000
2020-12-03,138.08999633789062,138.35000610351562,135.5399932861328,137.33999633789062,118.55121612548828,8742500
2020-12-04,137.2100067138672,137.86000061035156,135.8699951171875,137.47000122070312,118.6634521484375,6617200
2020-12-07,136.61000061035156,137.74000549316406,136.55999755859375,137.67999267578125,118.84468841552734,6918000
2020-12-08,137.02000427246094,138.77999877929688,136.42999267578125,138.0500030517578,119.16413879394531,6493500
2020-12-09,137.8300018310547,138.0399932861328,136.25,136.41000366210938,117.74846649169922,6773400
2020-12-10,136.52000427246094,136.9199981689453,135.0399932861328,135.50999450683594,116.9715576171875,6800500
2020-12-11,134.4600067138672,136.8000030517578,134.1999969482422,136.50999450683594,117.83474731445312,6548000
2020-12-14,137.02000427246094,137.92999267578125,135.77000427246094,135.85000610351562,117.26506805419922,6485300
2020-12-15,136.38999938964844,137.5399932861328,136.24000549316406,136.64999389648438,117.95561981201172,5397000
2020-12-16,136.7100067138672,138.27000427246094,136.7100067138672,137.27000427246094,118.49081420898438,5382500
2020-12-17,138.00999450683594,139.1199951171875,137.9499969482422,138.25,119.33671569824219,7405300
2020-12-18,138.25999450683594,140.07000732421875,137.4499969482422,139.0399932861328,120.01863861083984,19988800
2020-12-21,137.9600067138672,138.42999267578125,136.22000122070312,137.52000427246094,118.70663452148438,6732400
2020-12-22,137.2899932861328,138.07000732421875,136.3800048828125,136.5500030517578,117.86927795410156,5023100
2020-12-23,137.38999938964844,137.5500030517578,136.1300048828125,136.33999633789062,117.68802642822266,6004200
2020-12-24,136.1999969482422,138.1300048828125,136.1999969482422,137.72000122070312,118.87924194335938,2588200
2020-12-28,138.14999389648438,139.38999938964844,137.9499969482422,138.67999267578125,119.70790100097656,3714700
2020-12-29,139.22000122070312,139.94000244140625,138.1999969482422,138.4199981689453,119.48348236083984,5139300
2020-12-30,138.60000610351562,138.9199981689453,137.5500030517578,137.77000427246094,118.92240142822266,3261400
2020-12-31,138.30999755859375,139.2899932861328,137.38999938964844,139.13999938964844,120.10496520996094,4076400
2021-01-04,139.66000366210938,139.86000061035156,136.35000610351562,137.82000732421875,118.96556854248047,8330900
2021-01-05,137.99000549316406,138.9199981689453,136.27000427246094,138.6999969482422,119.72517395019531,6856400
2021-01-06,138.77000427246094,141.0399932861328,138.60000610351562,140.16000366210938,120.98543548583984,10578000
2021-01-07,139.75,140.1300048828125,138.0399932861328,138.85000610351562,119.85465240478516,7355400
2021-01-08,138.47000122070312,139.05999755859375,137.0,138.7899932861328,119.80286407470703,7448500
2021-01-11,138.75,139.44000244140625,137.60000610351562,137.85000610351562,118.99144744873047,7239900
2021-01-12,137.85000610351562,138.25,136.24000549316406,137.0500030517578,118.3009033203125,6333500
2021-01-13,137.10000610351562,138.07000732421875,137.10000610351562,137.25999450683594,118.48217010498047,6078800
2021-01-14,137.42999267578125,137.64999389648438,135.27999877929688,135.8000030517578,117.22190856933594,6172800
2021-01-15,135.25,136.1999969482422,134.66000366210938,134.77999877929688,116.34143829345703,7757600
2021-01-19,135.6999969482422,136.36000061035156,133.55999755859375,133.60000610351562,115.3228759765625,9184900
2021-01-20,132.52999877929688,133.8000030517578,131.25999450683594,131.92999267578125,113.88134002685547,12506600
2021-01-21,130.64999389648438,131.99000549316406,130.50999450683594,131.00999450683594,113.7693099975586,8761600
2021-01-22,131.02000427246094,131.47000122070312,129.99000549316406,130.0,112.89222717285156,7202800
2021-01-25,129.9499969482422,133.0,129.89999389648438,132.24000549316406,114.8374252319336,9640000
2021-01-26,132.25,133.47000122070312,131.42999267578125,133.08999633789062,115.57559204101562,5996700
2021-01-27,132.38999938964844,133.10000610351562,127.69999694824219,128.3800048828125,111.48541259765625,10826700
2021-01-28,127.83999633789062,131.64999389648438,127.44000244140625,130.36000061035156,113.204833984375,8242000
2021-01-29,130.19000244140625,130.2899932861328,128.07000732421875,128.2100067138672,111.33780670166016,8344100
2021-02-01,129.0,129.66000366210938,128.1999969482422,128.97000122070312,111.99777221679688,6534200
2021-02-02,129.60000610351562,130.72000122070312,128.69000244140625,128.7899932861328,111.8414535522461,6825600
2021-02-03,128.9499969482422,129.1999969482422,127.75,128.9499969482422,111.98038482666016,7309400
2021-02-04,129.3800048828125,129.4600067138672,128.5800018310547,129.02999877929688,112.04988861083984,6613700
2021-02-05,129.1199951171875,130.10000610351562,129.02999877929688,129.57000732421875,112.5188217163086,5063700
2021-02-08,129.92999267578125,130.10000610351562,128.11000061035156,129.1699981689453,112.17144775390625,7011200
2021-02-09,129.4600067138672,129.94000244140625,128.22999572753906,128.6699981689453,111.73725891113281,5917800
2021-02-10,128.75,129.16000366210938,127.95999908447266,128.22000122070312,111.34648895263672,8594100
2021-02-11,128.5399932861328,129.3300018310547,128.2100067138672,128.3300018310547,111.44200134277344,6139200
2021-02-12,128.0,128.1300048828125,126.58000183105469,127.62000274658203,110.8254165649414,8407300
2021-02-16,127.97000122070312,128.1699981689453,126.98999786376953,127.91999816894531,111.08594512939453,8246000
2021-02-17,127.19000244140625,129.49000549316406,127.11000061035156,128.4600067138672,111.55488586425781,8845200
2021-02-18,127.80999755859375,129.85000610351562,127.58999633789062,129.52999877929688,112.48407745361328,6936400
2021-02-19,129.35000610351562,129.44000244140625,127.0199966430664,127.12000274658203,110.39122772216797,8277900
2021-02-22,126.79000091552734,127.23999786376953,126.37999725341797,126.58000183105469,109.92228698730469,6975500
2021-02-23,127.77999877929688,129.92999267578125,127.19000244140625,127.5199966430664,110.73860168457031,10145300
2021-02-24,127.3499984741211,128.24000549316406,126.91000366210938,127.66000366210938,110.86015319824219,7263000
2021-02-25,127.48999786376953,128.99000549316406,126.29000091552734,126.58000183105469,109.92228698730469,7790800
2021-02-26,126.54000091552734,126.93000030517578,121.81999969482422,123.52999877929688,107.27366638183594,17718800
2021-03-01,124.16000366210938,125.48999786376953,124.0,124.29000091552734,107.93364715576172,7740200
2021-03-02,123.87000274658203,124.86000061035156,123.43000030517578,123.9000015258789,107.5949935913086,10206500
2021-03-03,123.7699966430664,124.19999694824219,122.79000091552734,123.16000366210938,106.95237731933594,7537000
2021-03-04,123.0999984741211,124.7699966430664,121.54000091552734,122.1500015258789,106.07528686523438,10228100
2021-03-05,122.76000213623047,126.33000183105469,122.55000305175781,125.9800033569336,109.4012451171875,10490900
2021-03-08,125.76000213623047,128.89999389648438,125.31999969482422,127.30999755859375,110.55622863769531,9224700
2021-03-09,127.6500015258789,128.9199981689453,126.05999755859375,126.18000030517578,109.5749282836914,8859700
2021-03-10,126.1500015258789,128.4199981689453,125.47000122070312,127.33999633789062,110.582275390625,9070900
2021-03-11,127.12999725341797,127.8499984741211,126.72000122070312,126.91000366210938,110.20886993408203,6941500
2021-03-12,127.6500015258789,128.82000732421875,127.6500015258789,128.13999938964844,111.2769775390625,6521900
2021-03-15,128.38999938964844,129.0399932861328,127.19000244140625,128.55999755859375,111.6417236328125,7172600
2021-03-16,128.50999450683594,129.97999572753906,128.50999450683594,128.94000244140625,111.97174072265625,6485200
2021-03-17,129.11000061035156,129.83999633789062,128.35000610351562,128.4199981689453,111.52014923095703,6192900
2021-03-18,128.2100067138672,129.0399932861328,127.04000091552734,128.6999969482422,111.76329803466797,6871300
2021-03-19,129.10000610351562,129.74000549316406,127.9000015258789,128.00999450683594,111.16410064697266,20262100
2021-03-22,128.00999450683594,130.88999938964844,128.00999450683594,130.17999267578125,113.04852294921875,8077600
2021-03-23,130.41000366210938,133.2899932861328,129.99000549316406,132.60000610351562,115.15008544921875,9503800
2021-03-24,130.94000244140625,133.13999938964844,130.6199951171875,132.55999755859375,115.11532592773438,8318000
2021-03-25,133.08999633789062,133.6199951171875,132.0500030517578,133.47999572753906,115.91425323486328,7517300
2021-03-26,133.22000122070312,135.61000061035156,132.47999572753906,135.4499969482422,117.625,10821200
2021-03-29,135.0,137.60000610351562,135.0,137.57000732421875,119.46601104736328,11176000
2021-03-30,136.61000061035156,137.0,135.13999938964844,135.4499969482422,117.625,8090600
2021-03-31,135.67999267578125,136.75,135.25999450683594,135.42999267578125,117.60763549804688,9202600
2021-04-01,135.0500030517578,135.47999572753906,133.3300018310547,134.27999877929688,116.60900115966797,9117800
2021-04-05,134.9600067138672,137.25,134.72999572753906,136.4499969482422,118.49342346191406,8279100
2021-04-06,136.0,137.02000427246094,135.63999938964844,136.5,118.5368423461914,6180600
2021-04-07,137.1199951171875,137.3300018310547,136.25,136.74000549316406,118.74526977539062,10244500
2021-04-08,136.89999389648438,137.6300048828125,136.58999633789062,137.25999450683594,119.19681549072266,6190300
2021-04-09,136.50999450683594,137.27000427246094,135.55999755859375,136.3699951171875,118.42394256591797,5855400
2021-04-12,136.5,137.0399932861328,135.7100067138672,136.9199981689453,118.90158081054688,6440900
2021-04-13,136.02000427246094,136.38999938964844,134.83999633789062,135.11000061035156,117.32977294921875,9161200
2021-04-14,135.52000427246094,135.7899932861328,134.5800018310547,135.60000610351562,117.75527954101562,7584000
2021-04-15,135.97000122070312,137.75999450683594,135.8699951171875,137.24000549316406,119.179443359375,7945300
2021-04-16,137.61000061035156,137.89999389648438,136.8800048828125,137.25,119.18814086914062,7708500
2021-04-19,136.94000244140625,137.0800018310547,135.38999938964844,136.61000061035156,118.63236236572266,9149400
2021-04-20,134.83999633789062,138.58999633789062,133.52999877929688,137.75,119.62232208251953,10040500
2021-04-21,137.88999938964844,138.57000732421875,136.60000610351562,136.85000610351562,118.84076690673828,8465900
2021-04-22,135.3699951171875,135.7899932861328,134.05999755859375,134.6300048828125,117.66093444824219,7338300
2021-04-23,134.92999267578125,135.0800018310547,133.25,133.94000244140625,117.05791473388672,6708300
2021-04-26,133.49000549316406,133.75999450683594,131.1699981689453,131.25999450683594,114.71568298339844,9910600
2021-04-27,131.24000549316406,131.88999938964844,130.2899932861328,131.17999267578125,114.64575958251953,8296800
2021-04-28,131.7100067138672,131.85000610351562,130.8800048828125,131.39999389648438,114.8380355834961,6262800
2021-04-29,131.30999755859375,132.99000549316406,131.30999755859375,132.50999450683594,115.80813598632812,6786800
2021-04-30,132.75,133.6699981689453,132.25999450683594,133.4199981689453,116.60344696044922,9188600
2021-05-03,134.02999877929688,135.67999267578125,134.02999877929688,135.0,117.98429107666016,8070300
2021-05-04,134.97999572753906,135.8300018310547,134.2100067138672,134.5399932861328,117.58226776123047,9624000
2021-05-05,134.3699951171875,134.97000122070312,133.3699951171875,133.4600067138672,116.6384048461914,8295900
2021-05-06,134.00999450683594,135.3699951171875,133.9199981689453,135.13999938964844,118.10664367675781,9771100
2021-05-07,135.0800018310547,136.02999877929688,134.75999450683594,135.14999389648438,118.11538696289062,6299100
2021-05-10,135.88999938964844,138.4199981689453,135.69000244140625,137.6699981689453,120.31777954101562,8852700
2021-05-11,138.49000549316406,138.7899932861328,136.47000122070312,136.99000549316406,119.72347259521484,10973700
2021-05-12,136.49000549316406,137.0,135.49000549316406,135.5399932861328,118.45621490478516,8853700
2021-05-13,135.88999938964844,138.52999877929688,135.38999938964844,137.72000122070312,120.36148834228516,8753600
2021-05-14,137.6699981689453,139.10000610351562,137.6699981689453,138.00999450683594,120.61487579345703,5989500
2021-05-17,137.97000122070312,139.07000732421875,137.61000061035156,137.72999572753906,120.37020111083984,7690700
2021-05-18,136.4600067138672,137.8300018310547,136.14999389648438,136.32000732421875,119.13792419433594,9239100
2021-05-19,136.05999755859375,136.8300018310547,135.58999633789062,136.60000610351562,119.38262176513672,9806800
2021-05-20,136.7899932861328,138.7100067138672,136.72000122070312,138.0,120.60616302490234,8768200
2021-05-21,138.1999969482422,138.94000244140625,137.77999877929688,138.0,120.60616302490234,10161000
2021-05-24,138.0,138.8000030517578,137.72999572753906,137.9600067138672,120.57123565673828,6981300
2021-05-25,138.0500030517578,138.47999572753906,136.75,138.42999267578125,120.98196411132812,8142400
2021-05-26,138.7899932861328,138.86000061035156,137.8699951171875,138.1199951171875,120.71102905273438,8122900
2021-05-27,138.1199951171875,138.27999877929688,134.66000366210938,134.97999572753906,117.96683502197266,33095700
2021-05-28,135.14999389648438,136.1300048828125,134.63999938964844,134.85000610351562,117.85321807861328,10477100
2021-06-01,135.7899932861328,136.0,132.47999572753906,132.8800048828125,116.13150787353516,9993900
2021-06-02,133.0,133.6300048828125,132.52000427246094,133.4600067138672,116.6384048461914,8254100
2021-06-03,133.22999572753906,135.91000366210938,133.1999969482422,135.85000610351562,118.72716522216797,11249800
2021-06-04,135.6999969482422,136.6199951171875,135.39999389648438,135.9499969482422,118.81452941894531,6894400
2021-06-07,136.36000061035156,136.83999633789062,135.67999267578125,136.4199981689453,119.22530364990234,8418000
2021-06-08,136.67999267578125,136.75,134.75,134.83999633789062,117.84447479248047,6911500
2021-06-09,135.5500030517578,136.44000244140625,134.74000549316406,134.7899932861328,117.8007583618164,6200700
2021-06-10,135.02000427246094,136.35000610351562,134.6199951171875,135.7899932861328,118.6747055053711,6515500
2021-06-11,135.75,135.8699951171875,133.89999389648438,134.86000061035156,117.86194610595703,10641400
2021-06-14,134.97999572753906,135.02999877929688,133.9600067138672,134.91000366210938,117.90564727783203,6302000
2021-06-15,135.1999969482422,135.63999938964844,134.5500030517578,134.64999389648438,117.67839050292969,5543400
2021-06-16,135.17999267578125,135.5800018310547,132.64999389648438,132.77999877929688,116.04410552978516,8936400
2021-06-17,132.82000732421875,134.16000366210938,132.64999389648438,133.99000549316406,117.10160827636719,7875600
2021-06-18,133.33999633789062,133.35000610351562,131.94000244140625,132.02999877929688,115.38863372802734,13997600
2021-06-21,132.69000244140625,133.25999450683594,132.39999389648438,133.07000732421875,116.29756927490234,8014800
2021-06-22,133.0399932861328,134.02000427246094,132.8800048828125,133.1199951171875,116.34123229980469,6550900
2021-06-23,132.9499969482422,133.36000061035156,132.32000732421875,132.92999267578125,116.1751937866211,5796000
2021-06-24,132.9499969482422,133.30999755859375,132.6999969482422,133.02000427246094,116.25384521484375,6056700
2021-06-25,133.25999450683594,135.5399932861328,132.9499969482422,134.9199981689453,117.91436767578125,24504900
2021-06-28,134.89999389648438,136.16000366210938,134.75999450683594,135.32000732421875,118.26399230957031,6065400
2021-06-29,135.50999450683594,135.8300018310547,133.82000732421875,134.39999389648438,117.45991516113281,5792300
2021-06-30,134.5800018310547,135.2899932861328,134.2899932861328,134.92999267578125,117.9231185913086,5776600
2021-07-01,135.42999267578125,136.13999938964844,134.9199981689453,135.24000549316406,118.1940689086914,5922300
2021-07-02,135.60000610351562,136.63999938964844,135.4199981689453,135.89999389648438,118.7708511352539,5572000
2021-07-06,135.52000427246094,136.3000030517578,135.36000061035156,135.97999572753906,118.84077453613281,6534400
2021-07-07,136.02999877929688,137.58999633789062,136.02999877929688,137.0,119.73223114013672,5532700
2021-07-08,136.99000549316406,137.39999389648438,135.88999938964844,136.97999572753906,119.71472930908203,7585200
2021-07-09,137.24000549316406,137.64999389648438,136.83999633789062,137.02999877929688,119.75846099853516,5948700
2021-07-12,136.89999389648438,137.47000122070312,136.42999267578125,137.13999938964844,119.85458374023438,6807300
2021-07-13,136.38999938964844,137.57000732421875,136.38999938964844,136.97000122070312,119.70596313476562,5603800
2021-07-14,137.00999450683594,138.22999572753906,136.3699951171875,137.97999572753906,120.58869934082031,5903600
2021-07-15,138.00999450683594,139.25999450683594,137.6999969482422,139.16000366210938,121.61995697021484,7357100
2021-07-16,139.3000030517578,140.77999877929688,139.11000061035156,140.50999450683594,122.79979705810547,9346300
2021-07-19,140.32000732421875,141.8699951171875,138.80999755859375,140.44000244140625,122.7386474609375,9544100
2021-07-20,140.44000244140625,141.97999572753906,139.63999938964844,139.69000244140625,122.0831527709961,8136300
2021-07-21,139.9499969482422,140.1999969482422,138.99000549316406,139.1999969482422,121.65492248535156,6954700
2021-07-22,137.2899932861328,138.3300018310547,136.7100067138672,137.8000030517578,121.18880462646484,6013800
2021-07-23,137.47999572753906,139.97999572753906,137.0800018310547,139.7899932861328,122.93892669677734,7906000
2021-07-26,139.6199951171875,140.82000732421875,139.22000122070312,140.27999877929688,123.36986541748047,5925800
2021-07-27,140.14999389648438,141.6199951171875,140.0,140.85000610351562,123.87114715576172,7075400
2021-07-28,140.6699981689453,140.6699981689453,138.7100067138672,138.75999450683594,122.03308868408203,8520000
2021-07-29,139.75999450683594,140.17999267578125,138.72999572753906,139.47999572753906,122.66632080078125,5430500
2021-07-30,142.0,144.5399932861328,141.5500030517578,142.22999572753906,125.08479309082031,14394300
2021-08-02,141.77000427246094,142.42999267578125,140.8000030517578,141.8800048828125,124.77701568603516,7009500
2021-08-03,141.86000061035156,144.2100067138672,141.52000427246094,143.9499969482422,126.59745788574219,8455700
2021-08-04,143.0399932861328,144.08999633789062,142.35000610351562,142.42999267578125,125.26066589355469,6628000
2021-08-05,143.35000610351562,143.5500030517578,141.47000122070312,142.5,125.32225036621094,5363300
2021-08-06,143.02999877929688,143.1199951171875,141.22000122070312,141.41000366210938,124.36363983154297,6030100
2021-08-09,141.9499969482422,142.58999633789062,141.6999969482422,142.17999267578125,125.04080963134766,4743800
2021-08-10,141.91000366210938,142.50999450683594,141.66000366210938,142.27000427246094,125.11998748779297,5253500
2021-08-11,142.74000549316406,143.24000549316406,142.47000122070312,142.6199951171875,125.42778015136719,4205000
2021-08-12,143.14999389648438,143.14999389648438,142.35000610351562,142.9499969482422,125.718017578125,4956100
2021-08-13,142.9499969482422,143.99000549316406,142.69000244140625,143.63999938964844,126.3248519897461,4888800
2021-08-16,143.6699981689453,144.69000244140625,143.3800048828125,144.63999938964844,127.20428466796875,6040800
2021-08-17,144.39999389648438,145.60000610351562,143.88999938964844,144.8800048828125,127.41535186767578,7577000
2021-08-18,144.6999969482422,144.8800048828125,143.17999267578125,143.3000030517578,126.02581787109375,7162000
2021-08-19,143.16000366210938,145.27999877929688,143.16000366210938,144.99000549316406,127.5120849609375,5787200
2021-08-20,145.25,145.97999572753906,144.77999877929688,145.08999633789062,127.60001373291016,5273800
2021-08-23,144.2899932861328,145.33999633789062,144.22999572753906,144.35000610351562,126.94923400878906,4522200
2021-08-24,144.00999450683594,144.14999389648438,142.97999572753906,143.17999267578125,125.9203109741211,4560400
2021-08-25,143.07000732421875,143.1300048828125,142.25,142.6699981689453,125.47173309326172,3861500
2021-08-26,142.55999755859375,142.7100067138672,141.47000122070312,142.4199981689453,125.25189208984375,4749400
2021-08-27,142.47999572753906,142.77000427246094,141.63999938964844,142.30999755859375,125.15513610839844,4741200
2021-08-30,142.60000610351562,142.99000549316406,142.0500030517578,142.92999267578125,125.70040893554688,3845800
2021-08-31,143.0399932861328,143.52999877929688,142.0500030517578,142.38999938964844,125.22550964355469,9642400
2021-09-01,142.3300018310547,144.19000244140625,142.22999572753906,143.83999633789062,126.50071716308594,6214200
2021-09-02,143.97000122070312,144.72999572753906,143.5800018310547,143.9499969482422,126.59745788574219,5392500
2021-09-03,143.75999450683594,144.3699951171875,143.52000427246094,144.0500030517578,126.68541717529297,5466400
2021-09-07,144.32000732421875,144.5,143.2899932861328,143.50999450683594,126.21050262451172,6520600
2021-09-08,143.0800018310547,144.94000244140625,143.00999450683594,144.60000610351562,127.16908264160156,6897800
2021-09-09,144.57000732421875,144.8800048828125,143.64999389648438,143.99000549316406,126.63261413574219,6354700
2021-09-10,144.05999755859375,144.4600067138672,143.32000732421875,144.1300048828125,126.75576782226562,5750000
2021-09-13,144.85000610351562,147.22999572753906,144.85000610351562,145.67999267578125,128.11891174316406,9952500
2021-09-14,146.1300048828125,146.36000061035156,144.9499969482422,145.42999267578125,127.89904022216797,5831800
2021-09-15,145.35000610351562,145.77000427246094,144.74000549316406,145.1199951171875,127.62641906738281,6237100
2021-09-16,144.83999633789062,145.19000244140625,142.82000732421875,144.11000061035156,126.7381820678711,6142100
2021-09-17,144.3699951171875,146.27999877929688,144.22999572753906,144.33999633789062,126.9404296875,18737400
2021-09-20,144.22000122070312,144.85000610351562,141.97000122070312,142.88999938964844,125.66522216796875,10238700
2021-09-21,142.97999572753906,144.52999877929688,142.8800048828125,143.11000061035156,125.85874938964844,6651300
2021-09-22,143.82000732421875,144.35000610351562,142.86000061035156,143.60000610351562,126.2896728515625,6332500
2021-09-23,144.05999755859375,144.69000244140625,143.49000549316406,144.19000244140625,126.80854797363281,5171200
2021-09-24,143.8000030517578,144.4499969482422,143.08999633789062,143.5500030517578,126.24568939208984,5009400
2021-09-27,143.14999389648438,143.1699981689453,141.52000427246094,141.66000366210938,124.58352661132812,5749700
2021-09-28,141.0500030517578,141.3699951171875,139.55999755859375,140.58999633789062,123.64250183105469,7015300
2021-09-29,140.27000427246094,142.67999267578125,140.17999267578125,142.02000427246094,124.90010070800781,5460000
2021-09-30,142.63999938964844,142.74000549316406,139.52999877929688,139.8000030517578,122.94772338867188,6934900
2021-10-01,139.92999267578125,140.22999572753906,138.32000732421875,139.5800018310547,122.75424194335938,5587200
2021-10-04,139.38999938964844,140.39999389648438,137.60000610351562,138.7899932861328,122.0594711303711,5816000
2021-10-05,138.8000030517578,140.52000427246094,138.72000122070312,139.3300018310547,122.53437805175781,6902700
2021-10-06,138.99000549316406,141.25999450683594,138.6199951171875,141.19000244140625,124.17020416259766,5332900
2021-10-07,141.75,143.02999877929688,141.75,142.32000732421875,125.16394805908203,5334600
2021-10-08,142.2899932861328,142.6199951171875,141.0399932861328,141.72999572753906,124.64506530761719,6131800
2021-10-11,142.3699951171875,142.77000427246094,141.77000427246094,142.32000732421875,125.16394805908203,5995600
2021-10-12,142.60000610351562,143.0399932861328,141.6999969482422,142.11000061035156,124.979248046875,6734800
2021-10-13,142.39999389648438,142.75999450683594,141.02999877929688,142.44000244140625,125.26948547363281,5689800
2021-10-14,142.8300018310547,144.30999755859375,142.80999755859375,144.0500030517578,126.68541717529297,6777800
2021-10-15,144.52000427246094,144.8699951171875,143.67999267578125,144.4199981689453,127.01081085205078,6923700
2021-10-18,143.5500030517578,143.6999969482422,142.10000610351562,142.33999633789062,125.18152618408203,9119000
2021-10-19,139.0800018310547,140.82000732421875,138.8000030517578,140.66000366210938,123.70404815673828,9555300
2021-10-20,140.14999389648438,141.9600067138672,139.85000610351562,141.2100067138672,124.18779754638672,7352700
2021-10-21,140.86000061035156,141.16000366210938,139.17999267578125,139.3300018310547,123.29399108886719,6545500
2021-10-22,139.38999938964844,141.00999450683594,139.32000732421875,140.8300018310547,124.62135314941406,5265000
2021-10-25,140.41000366210938,140.9199981689453,139.0500030517578,140.85000610351562,124.63905334472656,5382100
2021-10-26,141.6199951171875,143.17999267578125,141.24000549316406,142.85000610351562,126.4088363647461,6234900
2021-10-27,143.13999938964844,143.67999267578125,141.69000244140625,141.8300018310547,125.50627136230469,9643500
2021-10-28,141.88999938964844,142.8800048828125,141.7100067138672,142.67999267578125,126.25841522216797,4538500
2021-10-29,142.16000366210938,143.47999572753906,142.02000427246094,142.99000549316406,126.53276062011719,6239500
2021-11-01,143.36000061035156,143.8000030517578,142.49000549316406,142.63999938964844,126.22303771972656,5038900
2021-11-02,142.72000122070312,144.5800018310547,142.27999877929688,144.05999755859375,127.47960662841797,9954300
2021-11-03,144.1300048828125,145.11000061035156,143.52000427246094,145.0500030517578,128.35568237304688,7620100
2021-11-04,142.83999633789062,145.38999938964844,142.33999633789062,145.32000732421875,128.59458923339844,6402500
2021-11-05,145.44000244140625,146.3699951171875,144.8000030517578,146.0399932861328,129.231689453125,6062700
2021-11-08,145.5,146.10000610351562,144.02000427246094,144.9499969482422,128.26715087890625,5854400
2021-11-09,145.02999877929688,145.8300018310547,144.5800018310547,145.38999938964844,128.65652465820312,4873100
2021-11-10,145.74000549316406,147.30999755859375,145.58999633789062,146.82000732421875,129.92193603515625,7334900
2021-11-11,146.86000061035156,146.97000122070312,146.2100067138672,146.39999389648438,129.55032348632812,4096300
2021-11-12,146.74000549316406,147.0800018310547,145.97999572753906,146.55999755859375,129.69186401367188,5687400
2021-11-15,147.02999877929688,147.75,146.47000122070312,147.39999389648438,130.43515014648438,5510200
2021-11-16,147.38999938964844,148.58999633789062,147.00999450683594,147.19000244140625,130.24935913085938,7603900
2021-11-17,146.97000122070312,147.77999877929688,146.4199981689453,147.10000610351562,130.16970825195312,4900200
2021-11-18,147.0399932861328,148.0800018310547,146.50999450683594,147.1199951171875,130.18740844726562,5509300
2021-11-19,147.9499969482422,148.22999572753906,146.7899932861328,146.82000732421875,129.92193603515625,6274300
2021-11-22,146.97000122070312,148.94000244140625,146.8300018310547,147.8000030517578,130.7891387939453,6625400
2021-11-23,147.8300018310547,149.5,147.6699981689453,149.44000244140625,132.24044799804688,7912800
2021-11-24,148.77000427246094,148.8800048828125,147.67999267578125,148.66000366210938,131.5501708984375,5665200
2021-11-26,148.5800018310547,149.72000122070312,147.30999755859375,147.47000122070312,130.4971466064453,6299800
2021-11-29,147.7899932861328,149.66000366210938,146.7899932861328,149.02000427246094,131.86868286132812,7113300
2021-11-30,147.80999755859375,148.5399932861328,144.1199951171875,144.5800018310547,127.93973541259766,11696400
2021-12-01,144.85000610351562,147.8699951171875,144.85000610351562,146.39999389648438,129.55032348632812,8313500
2021-12-02,147.00999450683594,148.4600067138672,146.94000244140625,147.25999450683594,130.31129455566406,9468800
2021-12-03,148.02000427246094,150.0,147.66000366210938,149.8800048828125,132.62974548339844,11200800
2021-12-06,150.19000244140625,152.38999938964844,150.19000244140625,152.14999389648438,134.63848876953125,11935100
2021-12-07,151.9499969482422,152.5800018310547,151.27000427246094,151.75,134.2845458984375,7913400
2021-12-08,151.6699981689453,152.66000366210938,150.27999877929688,152.42999267578125,134.88626098632812,8329300
2021-12-09,152.30999755859375,154.19000244140625,151.60000610351562,153.32000732421875,135.673828125,8334300
2021-12-10,153.85000610351562,155.8000030517578,153.42999267578125,155.4600067138672,137.56756591796875,7172300
2021-12-13,155.3000030517578,158.3300018310547,154.91000366210938,157.6699981689453,139.523193359375,8944000
2021-12-14,157.89999389648438,158.6300048828125,156.66000366210938,158.25,140.0364227294922,8677500
2021-12-15,157.63999938964844,159.63999938964844,157.63999938964844,158.86000061035156,140.5762176513672,9152600
2021-12-16,158.72999572753906,161.32000732421875,158.4199981689453,161.11000061035156,142.56727600097656,10852900
2021-12-17,160.66000366210938,161.72000122070312,157.30999755859375,157.4600067138672,139.33737182617188,24349400
2021-12-20,156.60000610351562,158.4600067138672,156.57000732421875,157.86000061035156,139.6913604736328,9202600
2021-12-21,157.64999389648438,158.14999389648438,156.7899932861328,157.75999450683594,139.60281372070312,6946000
2021-12-22,157.77000427246094,159.5800018310547,157.27000427246094,159.32000732421875,140.98329162597656,6626300
2021-12-23,159.5,160.9199981689453,159.44000244140625,160.10000610351562,141.67349243164062,5640900
2021-12-27,160.6699981689453,161.99000549316406,160.61000061035156,161.97000122070312,143.3282928466797,4548600
2021-12-28,161.9600067138672,163.3800048828125,161.94000244140625,162.83999633789062,144.09814453125,5929400
2021-12-29,163.2100067138672,164.97999572753906,163.0800018310547,164.19000244140625,145.2928009033203,5346100
2021-12-30,164.39999389648438,164.58999633789062,162.61000061035156,162.77000427246094,144.03616333007812,5911500
2021-12-31,162.86000061035156,163.72999572753906,162.4600067138672,163.5800018310547,144.7529754638672,5327000
2022-01-03,161.69000244140625,162.94000244140625,159.8800048828125,162.89999389648438,144.15122985839844,9317300
2022-01-04,162.2899932861328,164.38999938964844,162.17999267578125,163.47000122070312,144.6556396484375,9253800
2022-01-05,163.44000244140625,165.32000732421875,163.39999389648438,164.2100067138672,145.3104705810547,9330200
2022-01-06,164.33999633789062,165.1999969482422,162.61000061035156,162.8300018310547,144.0892791748047,7556000
2022-01-07,163.1300048828125,163.52999877929688,161.9499969482422,162.74000549316406,144.00965881347656,6098500
2022-01-10,162.50999450683594,163.1199951171875,160.1699981689453,160.52000427246094,142.04515075683594,8055000
2022-01-11,160.22000122070312,160.22000122070312,156.91000366210938,158.66000366210938,140.39923095703125,11957900
2022-01-12,158.25999450683594,159.36000061035156,157.8300018310547,159.00999450683594,140.7089385986328,7127500
2022-01-13,159.30999755859375,159.4499969482422,157.77999877929688,158.2899932861328,140.07180786132812,6551000
2022-01-14,158.07000732421875,160.49000549316406,157.55999755859375,159.80999755859375,141.41685485839844,10708000
2022-01-18,158.52999877929688,158.52999877929688,156.0399932861328,156.72999572753906,138.69139099121094,10988400
2022-01-19,157.61000061035156,164.19000244140625,156.97000122070312,162.0,143.35487365722656,14088300
2022-01-20,160.1199951171875,164.3300018310547,160.1199951171875,162.0,144.1288604736328,10799100
2022-01-21,163.0,165.35000610351562,162.10000610351562,162.6199951171875,144.68045043945312,10900400
2022-01-24,163.42999267578125,164.1199951171875,158.72000122070312,161.3000030517578,143.50608825683594,14838100
2022-01-25,160.4499969482422,161.3000030517578,157.88999938964844,159.5399932861328,141.94020080566406,9369600
2022-01-26,157.33999633789062,159.57000732421875,156.3800048828125,158.14999389648438,140.70355224609375,10707100
2022-01-27,158.72999572753906,161.35000610351562,158.5800018310547,159.1300048828125,141.57545471191406,9083000
2022-01-28,158.61000061035156,160.9499969482422,157.32000732421875,160.5,142.79432678222656,9494200
2022-01-31,159.35000610351562,160.64999389648438,158.8699951171875,160.4499969482422,142.74981689453125,8950100
2022-02-01,160.7899932861328,161.3000030517578,157.72999572753906,159.74000549316406,142.11817932128906,6284100
2022-02-02,160.13999938964844,162.83999633789062,159.47000122070312,162.60000610351562,144.66268920898438,7558800
2022-02-03,161.97999572753906,164.97999572753906,161.6199951171875,164.13999938964844,146.0327606201172,10474500
2022-02-04,163.1300048828125,164.49000549316406,161.41000366210938,161.52999877929688,143.71072387695312,8959900
2022-02-07,161.8699951171875,162.25999450683594,159.6699981689453,160.32000732421875,142.63418579101562,6430500
2022-02-08,161.1199951171875,161.27000427246094,159.64999389648438,159.9600067138672,142.31387329101562,5048700
2022-02-09,160.36000061035156,160.63999938964844,159.27000427246094,159.60000610351562,141.99359130859375,8077400
2022-02-10,159.08999633789062,159.5,156.64999389648438,157.1699981689453,139.83164978027344,7033000
2022-02-11,158.00999450683594,158.5800018310547,155.5800018310547,156.2899932861328,139.0487518310547,9341400
2022-02-14,156.13999938964844,157.05999755859375,153.36000061035156,156.74000549316406,139.44912719726562,9472200
2022-02-15,157.77000427246094,159.32000732421875,156.11000061035156,156.82000732421875,139.52027893066406,6659200
2022-02-16,156.8300018310547,158.77999877929688,156.27000427246094,158.00999450683594,140.57904052734375,9315700
2022-02-17,158.3800048828125,160.3800048828125,157.35000610351562,159.82000732421875,142.1893310546875,7925500
2022-02-18,159.5,161.05999755859375,158.82000732421875,159.89999389648438,142.26052856445312,8063200
2022-02-22,160.11000061035156,160.8800048828125,156.66000366210938,157.92999267578125,140.5078125,8179500
2022-02-23,158.3000030517578,158.60000610351562,155.60000610351562,155.9600067138672,138.75514221191406,6273000
2022-02-24,155.63999938964844,155.97999572753906,150.55999755859375,151.75999450683594,135.01846313476562,13145100
2022-02-25,152.3300018310547,158.94000244140625,152.25,158.24000549316406,140.7836151123047,8888800
2022-02-28,156.2899932861328,157.19000244140625,153.82000732421875,155.88999938964844,138.69288635253906,8669200
2022-03-01,154.30999755859375,155.39999389648438,152.33999633789062,153.30999755859375,136.3975067138672,8311900
2022-03-02,152.9600067138672,155.0800018310547,152.60000610351562,153.7899932861328,136.8245391845703,6111300
2022-03-03,153.77000427246094,155.86000061035156,153.77000427246094,154.36000061035156,137.33169555664062,7451200
2022-03-04,153.1199951171875,155.35000610351562,152.5500030517578,155.13999938964844,138.02560424804688,8639100
2022-03-07,154.49000549316406,154.52000427246094,151.13999938964844,152.83999633789062,135.9793243408203,8374500
2022-03-08,152.17999267578125,152.9499969482422,146.5800018310547,146.7899932861328,130.59677124023438,9517200
2022-03-09,148.8300018310547,150.47000122070312,147.80999755859375,148.77000427246094,132.35833740234375,7044100
2022-03-10,147.8000030517578,148.27999877929688,143.94000244140625,144.94000244140625,128.9508514404297,9221000
2022-03-11,145.39999389648438,146.16000366210938,143.02999877929688,143.22000122070312,127.42057800292969,7086100
2022-03-14,144.4499969482422,146.0399932861328,143.35000610351562,145.0500030517578,129.04872131347656,7964600
2022-03-15,147.00999450683594,150.5399932861328,146.88999938964844,150.27000427246094,133.69285583496094,9868400
2022-03-16,150.6300048828125,151.7899932861328,148.0399932861328,149.75999450683594,133.2390899658203,6908900
2022-03-17,149.99000549316406,150.47000122070312,148.5,150.22999572753906,133.65725708007812,6003800
2022-03-18,150.8699951171875,150.8699951171875,148.24000549316406,150.14999389648438,133.58607482910156,15570300
2022-03-21,150.44000244140625,151.4199981689453,149.24000549316406,150.72000122070312,134.0932159423828,6937500
2022-03-22,153.42999267578125,153.60000610351562,150.52000427246094,151.8800048828125,135.12527465820312,7292100
2022-03-23,152.1999969482422,153.00999450683594,150.69000244140625,150.82000732421875,134.1822052001953,5531900
2022-03-24,150.88999938964844,151.55999755859375,150.16000366210938,151.0800018310547,134.4134979248047,4203100
2022-03-25,151.6300048828125,153.9199981689453,151.50999450683594,152.8300018310547,135.97042846679688,5047700
2022-03-28,153.63999938964844,153.89999389648438,152.6300048828125,153.8800048828125,136.90460205078125,4234000
2022-03-29,155.3699951171875,156.47000122070312,154.02000427246094,155.4600067138672,138.31033325195312,5643400
2022-03-30,152.5,154.42999267578125,151.94000244140625,154.38999938964844,137.35833740234375,5779300
2022-03-31,154.10000610351562,154.33999633789062,152.39999389648438,152.8000030517578,135.94374084472656,7538600
2022-04-01,153.52000427246094,155.4600067138672,152.05999755859375,155.08999633789062,137.9811248779297,5742600
2022-04-04,153.80999755859375,154.35000610351562,151.25999450683594,154.0800018310547,137.08253479003906,5992000
2022-04-05,153.61000061035156,157.3699951171875,153.5399932861328,154.6199951171875,137.56298828125,7653000
2022-04-06,154.4199981689453,157.2899932861328,153.94000244140625,156.8300018310547,139.52920532226562,8884700
2022-04-07,157.8699951171875,159.38999938964844,156.97000122070312,158.86000061035156,141.33523559570312,6889700
2022-04-08,159.6999969482422,160.52999877929688,158.9199981689453,160.10000610351562,142.43846130371094,6045400
2022-04-11,159.9499969482422,161.2100067138672,158.6300048828125,159.49000549316406,141.895751953125,6158400
2022-04-12,159.30999755859375,160.6300048828125,158.6999969482422,159.00999450683594,141.4686737060547,7221500
2022-04-13,159.0800018310547,160.41000366210938,158.7100067138672,159.4600067138672,141.8690643310547,5247700
2022-04-14,159.97999572753906,160.3000030517578,158.4499969482422,158.57000732421875,141.07725524902344,7806500
2022-04-18,158.47999572753906,158.97999572753906,156.52999877929688,157.05999755859375,139.73379516601562,6034500
2022-04-19,156.77000427246094,160.02999877929688,156.3000030517578,159.41000366210938,141.8245849609375,7897000
2022-04-20,160.5,164.47999572753906,160.0,163.64999389648438,145.5968017578125,10196100
2022-04-21,163.82000732421875,164.89999389648438,162.42999267578125,162.61000061035156,145.4832000732422,9365700
2022-04-22,163.24000549316406,163.52000427246094,160.91000366210938,161.25,144.2664031982422,9394600
2022-04-25,161.6999969482422,163.2899932861328,159.8000030517578,162.5500030517578,145.42953491210938,6986800
2022-04-26,162.67999267578125,163.63999938964844,159.75,159.7899932861328,142.96022033691406,7769500
2022-04-27,160.2100067138672,161.4499969482422,159.11000061035156,159.36000061035156,142.5754852294922,6754900
2022-04-28,160.5399932861328,163.7100067138672,159.27000427246094,163.41000366210938,146.1989288330078,9306800
2022-04-29,162.47000122070312,162.9499969482422,160.1999969482422,160.5500030517578,143.64016723632812,10637000
2022-05-02,161.60000610351562,162.0,156.19000244140625,158.3800048828125,141.69871520996094,10351600
2022-05-03,158.22000122070312,158.99000549316406,155.00999450683594,156.2100067138672,139.75730895996094,10344000
2022-05-04,155.8300018310547,157.5500030517578,155.14999389648438,157.36000061035156,140.7861785888672,7771000
2022-05-05,156.3000030517578,157.2899932861328,153.13999938964844,154.4600067138672,138.19158935546875,8217100
2022-05-06,154.77000427246094,156.24000549316406,153.8699951171875,156.0,139.5694122314453,7304800
2022-05-09,153.9600067138672,156.75999450683594,152.75,155.61000061035156,139.22048950195312,8540800
2022-05-10,155.5500030517578,156.6199951171875,153.94000244140625,154.7899932861328,138.48681640625,7447400
2022-05-11,154.02999877929688,155.89999389648438,152.35000610351562,152.61000061035156,136.53646850585938,7692200
2022-05-12,153.52000427246094,153.61000061035156,149.8800048828125,151.99000549316406,135.98179626464844,9600800
2022-05-13,152.5800018310547,153.72999572753906,150.4199981689453,153.6199951171875,137.44009399414062,5675500
2022-05-16,153.47000122070312,155.89999389648438,152.02999877929688,155.1199951171875,138.78207397460938,5971000
2022-05-17,155.1300048828125,156.75,153.07000732421875,154.67999267578125,138.38841247558594,6509100
2022-05-18,154.6699981689453,154.75999450683594,144.5399932861328,145.0399932861328,129.76376342773438,9670700
2022-05-19,143.41000366210938,143.4199981689453,140.60000610351562,141.6999969482422,126.77555084228516,9694100
2022-05-20,142.14999389648438,142.4499969482422,139.17999267578125,141.7899932861328,126.85606384277344,7786900
2022-05-23,142.83999633789062,145.6300048828125,142.0800018310547,145.0500030517578,129.77273559570312,7134500
2022-05-24,144.88999938964844,147.94000244140625,144.82000732421875,147.6300048828125,132.0809783935547,7207400
2022-05-25,147.11000061035156,147.13999938964844,143.5,145.2100067138672,129.9158477783203,8217800
2022-05-26,146.47999572753906,147.3800048828125,145.0399932861328,146.47999572753906,131.0520477294922,5702600
2022-05-27,146.97000122070312,148.72000122070312,146.6300048828125,148.72000122070312,133.05618286132812,6028800
2022-05-31,147.2899932861328,148.99000549316406,146.16000366210938,147.8800048828125,132.3046417236328,12416700
2022-06-01,148.0,148.1199951171875,144.7100067138672,145.63999938964844,130.30055236816406,7036000
2022-06-02,145.97000122070312,147.25999450683594,142.6300048828125,147.2100067138672,131.7052001953125,6479800
2022-06-03,146.36000061035156,147.2100067138672,145.1199951171875,145.88999938964844,130.5242156982422,4720700
2022-06-06,147.3699951171875,147.63999938964844,144.58999633789062,145.32000732421875,130.01426696777344,4751100
2022-06-07,143.6699981689453,147.17999267578125,143.42999267578125,146.94000244140625,131.4636688232422,4918600
2022-06-08,146.3000030517578,146.42999267578125,144.99000549316406,145.11000061035156,129.82640075683594,4369600
2022-06-09,145.41000366210938,146.88999938964844,142.33999633789062,142.49000549316406,127.48235321044922,4625700
2022-06-10,140.88999938964844,143.14999389648438,139.4499969482422,141.9499969482422,126.99922180175781,6630800
2022-06-13,139.5,140.49000549316406,137.6300048828125,138.14999389648438,123.5993881225586,8549500
2022-06-14,137.50999450683594,137.5800018310547,132.5399932861328,133.83999633789062,119.74340057373047,9980200
2022-06-15,134.44000244140625,134.89999389648438,129.5,132.50999450683594,118.55345153808594,12178100
2022-06-16,131.02999877929688,135.07000732421875,130.60000610351562,133.32000732421875,119.27816772460938,9683300
2022-06-17,132.55999755859375,134.25999450683594,131.42999267578125,132.36000061035156,118.41925048828125,17113300
2022-06-21,134.6199951171875,137.0,133.42999267578125,136.3699951171875,122.00689697265625,9017000
2022-06-22,135.67999267578125,139.69000244140625,135.6699981689453,138.5,123.91255950927734,8374500
2022-06-23,139.0500030517578,142.47999572753906,138.89999389648438,142.3000030517578,127.31232452392578,6418300
2022-06-24,144.1999969482422,145.24000549316406,143.1199951171875,144.35000610351562,129.1464385986328,19440600
2022-06-27,144.1199951171875,144.75999450683594,142.7100067138672,143.25,128.16226196289062,5618500
2022-06-28,143.5399932861328,144.08999633789062,140.5800018310547,140.9199981689453,126.07765197753906,6077300
2022-06-29,141.60000610351562,142.86000061035156,141.14999389648438,142.1999969482422,127.2228775024414,5174600
2022-06-30,141.69000244140625,144.44000244140625,141.22999572753906,143.7899932861328,128.64540100097656,7410100
2022-07-01,144.24000549316406,146.25,143.39999389648438,146.11000061035156,130.7210693359375,5937200
2022-07-05,144.5800018310547,146.10000610351562,142.5399932861328,144.6999969482422,129.45953369140625,5760900
2022-07-06,145.50999450683594,147.49000549316406,144.97000122070312,146.0500030517578,130.6674041748047,5485200
2022-07-07,145.2899932861328,146.19000244140625,144.60000610351562,146.0,130.6226806640625,6623400
2022-07-08,145.99000549316406,146.80999755859375,144.57000732421875,145.02000427246094,129.74588012695312,4294200
2022-07-11,145.14999389648438,146.5800018310547,144.67999267578125,146.0399932861328,130.65841674804688,5482900
2022-07-12,145.86000061035156,146.9199981689453,144.3699951171875,144.75,129.50430297851562,5204400
2022-07-13,144.41000366210938,146.9600067138672,144.2100067138672,145.6999969482422,130.354248046875,5075600
2022-07-14,143.75999450683594,145.52999877929688,143.47000122070312,145.27000427246094,129.96954345703125,4867000
2022-07-15,145.33999633789062,145.6999969482422,144.10000610351562,145.07000732421875,129.7906036376953,6264600
2022-07-18,144.94000244140625,145.08999633789062,143.1699981689453,143.30999755859375,128.21595764160156,6047500
2022-07-19,144.57000732421875,145.00999450683594,143.63999938964844,144.0399932861328,128.8690643310547,5943600
2022-07-20,144.0,144.22000122070312,140.63999938964844,141.5500030517578,126.641357421875,8635300
2022-07-21,140.60000610351562,141.36000061035156,138.9499969482422,140.77000427246094,126.76112365722656,8310200
2022-07-22,140.75999450683594,143.1699981689453,140.6699981689453,143.02000427246094,128.78721618652344,5292700
2022-07-25,142.8000030517578,144.4199981689453,142.52999877929688,143.99000549316406,129.66065979003906,5262100
2022-07-26,142.69000244140625,144.49000549316406,141.7100067138672,144.27000427246094,129.91282653808594,5375700
2022-07-27,143.8800048828125,146.2100067138672,143.52999877929688,145.63999938964844,131.14645385742188,5500000
2022-07-28,146.13999938964844,148.61000061035156,145.0800018310547,148.05999755859375,133.32559204101562,7115700
2022-07-29,141.42999267578125,142.5,138.22999572753906,138.91000366210938,125.086181640625,18694700
2022-08-01,138.33999633789062,143.94000244140625,138.27000427246094,142.89999389648438,128.67909240722656,12590000
2022-08-02,143.11000061035156,143.72000122070312,141.77000427246094,141.9499969482422,127.82369232177734,7495000
2022-08-03,141.66000366210938,145.27000427246094,140.91000366210938,144.8800048828125,130.4620819091797,6811000
2022-08-04,144.85000610351562,146.4600067138672,144.00999450683594,144.64999389648438,130.25497436523438,6124700
2022-08-05,143.75,144.83999633789062,142.77000427246094,144.72000122070312,130.31800842285156,4580300
2022-08-08,145.02999877929688,146.47000122070312,144.72999572753906,145.27000427246094,130.8133087158203,4486800
2022-08-09,145.57000732421875,145.94000244140625,144.49000549316406,144.92999267578125,130.50711059570312,3977300
2022-08-10,145.88999938964844,146.5,145.38999938964844,146.3000030517578,131.7407684326172,4641300
2022-08-11,146.80999755859375,147.2899932861328,144.92999267578125,145.25999450683594,130.8042755126953,5954300
2022-08-12,145.91000366210938,146.72999572753906,144.9600067138672,146.6699981689453,132.07395935058594,5038700
2022-08-15,146.8699951171875,148.77000427246094,146.75,148.55999755859375,133.77587890625,6008000
2022-08-16,148.36000061035156,150.60000610351562,148.36000061035156,149.92999267578125,135.009521484375,7093000
2022-08-17,149.10000610351562,149.75,148.8800048828125,149.24000549316406,134.38819885253906,4834600
2022-08-18,148.8699951171875,149.99000549316406,148.52000427246094,149.77000427246094,134.86544799804688,3829000
2022-08-19,149.2100067138672,150.6300048828125,148.72000122070312,149.72999572753906,134.8294219970703,6502500
2022-08-22,148.97999572753906,150.1300048828125,148.83999633789062,149.3300018310547,134.46925354003906,6380700
2022-08-23,148.42999267578125,148.44000244140625,145.8300018310547,146.4499969482422,131.8758544921875,5268200
2022-08-24,146.61000061035156,147.25999450683594,145.1199951171875,145.82000732421875,131.30857849121094,5903200
2022-08-25,145.22999572753906,145.77999877929688,144.49000549316406,145.6999969482422,131.20046997070312,5097600
2022-08-26,146.0,146.52999877929688,142.02000427246094,142.2899932861328,128.1298065185547,6086600
2022-08-29,141.3000030517578,142.69000244140625,141.02000427246094,141.69000244140625,127.58954620361328,5272100
2022-08-30,142.41000366210938,142.41000366210938,139.91000366210938,140.17999267578125,126.22978973388672,5203700
2022-08-31,140.39999389648438,140.8800048828125,137.86000061035156,137.94000244140625,124.21275329589844,8406900
2022-09-01,137.8300018310547,139.75999450683594,136.75999450683594,139.63999938964844,125.74353790283203,7446500
2022-09-02,140.4199981689453,141.14999389648438,136.5500030517578,137.16000366210938,123.51036834716797,7077800
2022-09-06,135.8800048828125,137.94000244140625,135.2899932861328,135.6300048828125,122.13262176513672,8217200
2022-09-07,136.02999877929688,137.75999450683594,136.02000427246094,137.67999267578125,123.97859954833984,6609400
2022-09-08,137.00999450683594,138.49000549316406,136.05999755859375,137.86000061035156,124.14067840576172,7380500
2022-09-09,137.9499969482422,141.08999633789062,137.3000030517578,139.9600067138672,126.03168487548828,6434300
2022-09-12,139.41000366210938,141.8000030517578,139.11000061035156,141.10000610351562,127.05828857421875,5818700
2022-09-13,140.77999877929688,141.42999267578125,137.86000061035156,138.17999267578125,124.42881774902344,6350200
2022-09-14,138.66000366210938,139.66000366210938,137.6699981689453,138.50999450683594,124.72599029541016,6137800
2022-09-15,138.77999877929688,138.88999938964844,136.63999938964844,137.44000244140625,123.76245880126953,5320700
2022-09-16,137.44000244140625,139.05999755859375,137.11000061035156,138.27999877929688,124.51887512207031,9321500
2022-09-19,138.1999969482422,138.4600067138672,137.22999572753906,137.99000549316406,124.25775909423828,6056000
2022-09-20,137.41000366210938,137.97000122070312,136.52999877929688,137.5,123.8165283203125,5589800
2022-09-21,138.0800018310547,138.1999969482422,135.7100067138672,135.72999572753906,122.22267150878906,6413900
2022-09-22,135.74000549316406,137.07000732421875,135.24000549316406,136.2100067138672,122.6549072265625,5061600
2022-09-23,135.67999267578125,136.5,133.9499969482422,135.5800018310547,122.08759307861328,6523600
2022-09-26,135.5800018310547,136.82000732421875,134.99000549316406,135.7100067138672,122.20465850830078,7396400
2022-09-27,135.9600067138672,136.94000244140625,131.7100067138672,131.97999572753906,118.84583282470703,7722200
2022-09-28,133.02000427246094,133.02000427246094,131.19000244140625,131.97999572753906,118.84583282470703,10455100
2022-09-29,131.8699951171875,131.8699951171875,128.25999450683594,128.6999969482422,115.89225769042969,7128500
2022-09-30,129.0,129.0399932861328,126.20999908447266,126.25,113.68608856201172,9431900
2022-10-03,127.25,129.10000610351562,126.68000030517578,128.50999450683594,115.7211685180664,8477700
2022-10-04,129.10000610351562,130.8699951171875,128.6999969482422,130.10000610351562,117.1529541015625,7211600
2022-10-05,129.1999969482422,130.08999633789062,128.08999633789062,129.1999969482422,116.34249877929688,5071100
2022-10-06,128.88999938964844,129.05999755859375,126.3499984741211,126.4800033569336,113.8931884765625,5530800
2022-10-07,126.5,126.58000183105469,123.76000213623047,124.2699966430664,111.90310668945312,6095400
2022-10-10,123.37000274658203,124.25,122.18000030517578,123.76000213623047,111.44388580322266,6923300
2022-10-11,123.69000244140625,125.69999694824219,123.5999984741211,124.2300033569336,111.86709594726562,5516200
2022-10-12,124.83999633789062,125.80999755859375,124.41000366210938,124.43000030517578,112.04718017578125,6823500
2022-10-13,123.51000213623047,126.75,122.91999816894531,126.30999755859375,113.74009704589844,6910500
2022-10-14,126.75,127.0199966430664,124.7699966430664,125.08000183105469,112.63250732421875,5516800
2022-10-17,126.01000213623047,128.27999877929688,125.86000061035156,127.33999633789062,114.6676025390625,6664600
2022-10-18,129.3300018310547,130.07000732421875,127.66000366210938,128.3699951171875,115.5950927734375,7114200
2022-10-19,131.63999938964844,133.0,129.50999450683594,129.55999755859375,116.66667175292969,9993700
2022-10-20,128.6199951171875,129.77000427246094,126.68000030517578,126.98999786376953,115.16397857666016,8168000
2022-10-21,126.54000091552734,128.9499969482422,126.4800033569336,128.5800018310547,116.60592651367188,6394600
2022-10-24,129.49000549316406,130.44000244140625,128.35000610351562,129.3699951171875,117.32233428955078,6946000
2022-10-25,129.60000610351562,131.17999267578125,128.47000122070312,130.86000061035156,118.67359161376953,6776000
2022-10-26,130.64999389648438,132.57000732421875,130.39999389648438,131.77999877929688,119.5079345703125,6612800
2022-10-27,132.0,133.1199951171875,131.5,131.8800048828125,119.5986099243164,6676700
2022-10-28,133.1699981689453,135.50999450683594,132.9199981689453,135.22000122070312,122.6275634765625,6996400
2022-10-31,135.1999969482422,135.6699981689453,134.25999450683594,134.6699981689453,122.1287841796875,8346300
2022-11-01,134.6999969482422,136.27999877929688,133.83999633789062,134.8800048828125,122.31922149658203,6428300
2022-11-02,134.72000122070312,136.5399932861328,132.80999755859375,132.94000244140625,120.55989837646484,7318100
2022-11-03,131.72999572753906,132.63999938964844,130.9600067138672,132.02999877929688,119.73461151123047,5204000
2022-11-04,133.32000732421875,135.0,132.52000427246094,134.44000244140625,121.9201889038086,5555400
2022-11-07,135.35000610351562,137.19000244140625,135.05999755859375,136.5,123.7883529663086,6746800
2022-11-08,136.82000732421875,137.52000427246094,135.8000030517578,136.80999755859375,124.06951904296875,5266200
2022-11-09,136.8699951171875,137.97000122070312,136.33999633789062,136.47999572753906,123.77021026611328,5690700
2022-11-10,139.4600067138672,141.6300048828125,138.1999969482422,141.17999267578125,128.0325469970703,8068700
2022-11-11,141.1999969482422,141.6300048828125,139.11000061035156,140.97000122070312,127.84210205078125,7175200
2022-11-14,140.50999450683594,143.55999755859375,140.25999450683594,140.97999572753906,127.85115051269531,8516200
2022-11-15,142.08999633789062,143.1999969482422,139.6999969482422,140.49000549316406,127.40678405761719,7732400
2022-11-16,141.5,142.91000366210938,140.97999572753906,141.74000549316406,128.54037475585938,6193700
2022-11-17,141.11000061035156,141.69000244140625,139.86000061035156,140.8699951171875,127.75138854980469,5186300
2022-11-18,141.9199981689453,142.75999450683594,141.27000427246094,142.57000732421875,129.29310607910156,5671400
2022-11-21,143.05999755859375,145.19000244140625,142.8300018310547,144.3800048828125,130.9345245361328,6377200
2022-11-22,145.42999267578125,145.7899932861328,144.83999633789062,145.6199951171875,132.05908203125,5372900
2022-11-23,145.89999389648438,146.6300048828125,145.57000732421875,146.4499969482422,132.81178283691406,4296000
2022-11-25,146.7899932861328,147.1999969482422,146.39999389648438,146.72000122070312,133.056640625,2411100
2022-11-28,146.38999938964844,147.33999633789062,146.13999938964844,146.60000610351562,132.94784545898438,6628200
2022-11-29,145.75,146.05999755859375,144.52999877929688,145.47999572753906,131.93206787109375,5634200
2022-11-30,145.64999389648438,149.16000366210938,145.1300048828125,149.16000366210938,135.26939392089844,12396800
2022-12-01,149.52999877929688,150.36000061035156,148.57000732421875,149.25,135.3510284423828,6927400
2022-12-02,148.47000122070312,150.77000427246094,148.0800018310547,150.61000061035156,136.58438110351562,4938300
2022-12-05,148.7100067138672,149.6699981689453,148.27000427246094,149.08999633789062,135.20591735839844,5402500
2022-12-06,149.72000122070312,150.0800018310547,148.27999877929688,149.27999877929688,135.3782196044922,6866700
2022-12-07,149.00999450683594,150.42999267578125,149.00999450683594,150.24000549316406,136.24880981445312,6175500
2022-12-08,149.4600067138672,151.3800048828125,149.00999450683594,151.32000732421875,137.22821044921875,5187100
2022-12-09,150.6999969482422,151.9499969482422,150.22000122070312,150.9199981689453,136.865478515625,5868200
2022-12-12,151.22000122070312,152.55999755859375,151.0399932861328,152.47000122070312,138.27114868164062,6142400
2022-12-13,153.41000366210938,154.22999572753906,150.7899932861328,152.24000549316406,138.06256103515625,7680600
2022-12-14,152.7899932861328,154.44000244140625,152.1699981689453,152.83999633789062,138.606689453125,7385600
2022-12-15,151.72000122070312,152.0,149.74000549316406,151.11000061035156,137.03781127929688,7117200
2022-12-16,150.36000061035156,151.07000732421875,149.02000427246094,150.44000244140625,136.4302215576172,19966400
2022-12-19,150.22000122070312,151.3800048828125,149.24000549316406,150.39999389648438,136.39390563964844,5881800
2022-12-20,149.32000732421875,150.89999389648438,149.27000427246094,150.4600067138672,136.44833374023438,5646100
2022-12-21,150.75,152.6300048828125,150.72000122070312,151.83999633789062,137.69981384277344,5024700
2022-12-22,151.1300048828125,152.41000366210938,150.8800048828125,152.19000244140625,138.01724243164062,5904900
2022-12-23,152.30999755859375,152.9199981689453,151.6699981689453,152.6199951171875,138.4071807861328,3401800
2022-12-27,152.6999969482422,154.32000732421875,152.66000366210938,153.9499969482422,139.61334228515625,4215100
2022-12-28,154.27999877929688,154.64999389648438,151.89999389648438,151.9600067138672,137.8086395263672,4197500
2022-12-29,152.80999755859375,153.24000549316406,152.13999938964844,152.58999633789062,138.37994384765625,3809100
2022-12-30,152.42999267578125,152.67999267578125,150.44000244140625,151.55999755859375,137.44589233398438,4532000
2023-01-03,150.9499969482422,151.7100067138672,149.1199951171875,151.57000732421875,137.4550018310547,6447300
2023-01-04,151.99000549316406,153.38999938964844,151.22999572753906,152.22999572753906,138.05348205566406,7313400
2023-01-05,152.2100067138672,152.47999572753906,150.1300048828125,150.33999633789062,136.3395233154297,5373800
2023-01-06,151.85000610351562,154.4600067138672,151.75,153.9199981689453,139.58612060546875,7882200
2023-01-09,153.44000244140625,154.8000030517578,152.0,152.0399932861328,137.8811798095703,5727000
2023-01-10,152.10000610351562,152.6999969482422,150.94000244140625,151.88999938964844,137.74517822265625,4716400
2023-01-11,152.32000732421875,152.55999755859375,149.35000610351562,150.66000366210938,136.62974548339844,8691300
2023-01-12,151.6999969482422,151.72999572753906,149.52000427246094,149.80999755859375,135.85885620117188,7801600
2023-01-13,149.61000061035156,151.0500030517578,149.4199981689453,150.8800048828125,136.82923889160156,5535800
2023-01-17,150.7899932861328,152.1300048828125,150.39999389648438,150.44000244140625,136.4302215576172,9611800
2023-01-18,149.66000366210938,149.92999267578125,146.0399932861328,146.41000366210938,132.77549743652344,10461200
2023-01-19,143.30999755859375,146.22000122070312,142.24000549316406,142.4199981689453,129.96754455566406,12683700
2023-01-20,142.32000732421875,143.14999389648438,140.14999389648438,142.97000122070312,130.46945190429688,8603300
2023-01-23,143.36000061035156,143.6999969482422,140.69000244140625,141.0500030517578,128.71730041503906,7473100
2023-01-24,140.69000244140625,142.3800048828125,139.80999755859375,141.82000732421875,129.41998291015625,6822500
2023-01-25,140.38999938964844,141.75,138.72999572753906,141.72000122070312,129.32872009277344,6902600
2023-01-26,141.72999572753906,141.74000549316406,140.74000549316406,141.14999389648438,128.80856323242188,5398600
2023-01-27,141.07000732421875,141.36000061035156,139.2899932861328,140.57000732421875,128.27931213378906,6870800
2023-01-30,140.9600067138672,142.1199951171875,140.27999877929688,141.00999450683594,128.68080139160156,6369300
2023-01-31,141.22999572753906,142.47000122070312,140.75999450683594,142.3800048828125,129.9310302734375,9373400
2023-02-01,142.0800018310547,144.10000610351562,141.35000610351562,143.19000244140625,130.67018127441406,7207900
2023-02-02,142.1699981689453,142.7100067138672,141.2100067138672,142.1699981689453,129.73939514160156,6444300
2023-02-03,142.77999877929688,143.3800048828125,141.1699981689453,142.61000061035156,130.14089965820312,5993100
2023-02-06,142.00999450683594,142.63999938964844,141.00999450683594,141.39999389648438,129.03671264648438,6108100
2023-02-07,139.97000122070312,140.7899932861328,138.77999877929688,140.02000427246094,127.77734375,6278300
2023-02-08,139.05999755859375,139.5399932861328,138.41000366210938,138.57000732421875,126.45414733886719,7123800
2023-02-09,138.8800048828125,139.3300018310547,137.0,137.0500030517578,125.06706237792969,6547400
2023-02-10,136.9499969482422,138.3000030517578,135.8300018310547,138.25999450683594,126.1712417602539,8108900
2023-02-13,138.94000244140625,140.4499969482422,138.74000549316406,140.07000732421875,127.82299041748047,5081600
2023-02-14,140.13999938964844,140.24000549316406,138.6199951171875,139.27999877929688,127.10208129882812,5253500
2023-02-15,139.11000061035156,139.32000732421875,138.07000732421875,138.9600067138672,126.8100357055664,5530300
2023-02-16,137.38999938964844,138.1999969482422,136.5500030517578,137.13999938964844,125.14917755126953,7595700
2023-02-17,136.58999633789062,140.0399932861328,136.58999633789062,140.00999450683594,127.76824951171875,8034700
2023-02-21,138.8699951171875,140.88999938964844,138.8699951171875,139.91000366210938,127.67698669433594,6899500
2023-02-22,139.97999572753906,141.5800018310547,139.8800048828125,140.5,128.21543884277344,6126300
2023-02-23,140.22999572753906,141.13999938964844,139.10000610351562,140.0500030517578,127.80473327636719,5835400
2023-02-24,138.92999267578125,139.42999267578125,138.0800018310547,139.25999450683594,127.08383178710938,5260700
2023-02-27,139.61000061035156,140.47000122070312,138.52999877929688,139.13999938964844,126.97430419921875,5820900
2023-02-28,138.4499969482422,138.58999633789062,137.27999877929688,137.55999755859375,125.53245544433594,6709900
2023-03-01,138.0500030517578,138.3300018310547,136.50999450683594,137.66000366210938,125.62371063232422,7101800
2023-03-02,138.0,140.42999267578125,137.77999877929688,139.92999267578125,127.69523620605469,5924600
2023-03-03,141.19000244140625,141.24000549316406,139.97000122070312,140.9499969482422,128.62606811523438,5259400
2023-03-06,140.72999572753906,141.13999938964844,139.94000244140625,140.35000610351562,128.07852172851562,4943100
2023-03-07,140.42999267578125,140.6199951171875,137.33999633789062,137.55999755859375,125.53245544433594,5606800
2023-03-08,137.1999969482422,137.69000244140625,136.60000610351562,137.5800018310547,125.55069732666016,5518800
2023-03-09,138.14999389648438,138.55999755859375,136.10000610351562,136.57000732421875,124.62901306152344,4467200
2023-03-10,136.9499969482422,137.99000549316406,136.35000610351562,137.19000244140625,125.19482421875,5928000
2023-03-13,137.0399932861328,141.32000732421875,137.0399932861328,138.13999938964844,126.0617446899414,8337100
2023-03-14,138.2899932861328,140.11000061035156,137.39999389648438,139.85000610351562,127.62223052978516,9219700
2023-03-15,138.80999755859375,142.14999389648438,138.80999755859375,141.8300018310547,129.42909240722656,8823500
2023-03-16,141.94000244140625,143.1199951171875,141.61000061035156,142.88999938964844,130.3964080810547,7063400
2023-03-17,142.5,143.38999938964844,141.52999877929688,142.92999267578125,130.4329376220703,16018800
2023-03-20,143.5,145.39999389648438,143.22999572753906,145.1300048828125,132.44056701660156,8379200
2023-03-21,144.91000366210938,145.22999572753906,142.83999633789062,144.0800018310547,131.48236083984375,7753200
2023-03-22,144.0399932861328,145.75,143.8300018310547,143.99000549316406,131.40023803710938,5729100
2023-03-23,144.24000549316406,145.1199951171875,143.19000244140625,143.7899932861328,131.2176971435547,5788400
2023-03-24,144.3000030517578,146.75999450683594,144.3000030517578,146.72000122070312,133.89157104492188,6144800
2023-03-27,146.88999938964844,147.4199981689453,145.8699951171875,145.9499969482422,133.1888427734375,5917200
2023-03-28,146.5500030517578,146.82000732421875,145.8000030517578,146.36000061035156,133.5630340576172,4213800
2023-03-29,147.0800018310547,147.2899932861328,146.25999450683594,146.80999755859375,133.9736785888672,4987700
2023-03-30,146.9199981689453,147.5399932861328,146.3000030517578,147.4499969482422,134.5577392578125,4117700
2023-03-31,147.74000549316406,148.69000244140625,147.57000732421875,148.69000244140625,135.68931579589844,7685900
2023-04-03,148.42999267578125,150.07000732421875,147.08999633789062,149.50999450683594,136.43759155273438,5721700
2023-04-04,150.0800018310547,151.7100067138672,150.0800018310547,150.22999572753906,137.09463500976562,6714300
2023-04-05,151.3300018310547,152.35000610351562,151.14999389648438,151.25999450683594,138.0345916748047,6094800
2023-04-06,151.8699951171875,152.9600067138672,151.4199981689453,152.22000122070312,138.91064453125,5399700
2023-04-10,151.64999389648438,151.6699981689453,149.50999450683594,150.9600067138672,137.76083374023438,4891800
2023-04-11,151.25999450683594,151.44000244140625,150.52000427246094,150.66000366210938,137.48709106445312,6311800
2023-04-12,150.30999755859375,152.41000366210938,149.92999267578125,151.07000732421875,137.8612060546875,6137900
2023-04-13,150.89999389648438,151.8699951171875,149.82000732421875,151.77000427246094,138.50001525878906,5489500
2023-04-14,151.35000610351562,151.58999633789062,150.50999450683594,151.0,137.79730224609375,4478800
2023-04-17,151.1699981689453,151.47000122070312,150.33999633789062,151.0500030517578,137.84295654296875,4296400
2023-04-18,150.97999572753906,151.58999633789062,150.10000610351562,151.2100067138672,137.9889678955078,4158400
2023-04-19,151.1699981689453,151.89999389648438,150.7100067138672,151.24000549316406,138.016357421875,3837600
2023-04-20,150.3699951171875,151.36000061035156,150.3699951171875,150.85000610351562,138.52230834960938,5370900
2023-04-21,154.94000244140625,158.11000061035156,154.5,156.07000732421875,143.3157501220703,14876900
2023-04-24,155.22000122070312,157.25,155.22000122070312,156.35000610351562,143.57284545898438,8109800
2023-04-25,156.50999450683594,157.94000244140625,155.7899932861328,156.38999938964844,143.60958862304688,8341800
2023-04-26,155.3000030517578,156.0,154.33999633789062,154.5800018310547,141.947509765625,4843700
2023-04-27,155.3000030517578,156.61000061035156,155.00999450683594,156.47000122070312,143.68307495117188,4805600
2023-04-28,156.27999877929688,157.3699951171875,155.75999450683594,156.3800048828125,143.6003875732422,5754700
2023-05-01,156.02999877929688,157.39999389648438,155.8000030517578,156.57000732421875,143.77484130859375,3844600
2023-05-02,156.58999633789062,156.92999267578125,155.6699981689453,156.42999267578125,143.64630126953125,5262900
2023-05-03,156.63999938964844,157.57000732421875,155.42999267578125,156.22999572753906,143.46263122558594,5775000
2023-05-04,156.10000610351562,156.60000610351562,155.08999633789062,155.50999450683594,142.80148315429688,4892600
2023-05-05,155.39999389648438,156.30999755859375,154.69000244140625,156.02999877929688,143.2790069580078,3989200
2023-05-08,155.35000610351562,155.72999572753906,154.8699951171875,155.3000030517578,142.60865783691406,4950700
2023-05-09,155.85000610351562,155.97999572753906,153.5800018310547,153.7100067138672,141.1486053466797,4472100
2023-05-10,153.4499969482422,154.32000732421875,152.44000244140625,154.02999877929688,141.44241333007812,4754900
2023-05-11,154.80999755859375,154.88999938964844,153.38999938964844,154.38999938964844,141.7730255126953,3495300
2023-05-12,154.6999969482422,156.0500030517578,154.38999938964844,155.9600067138672,143.21470642089844,5252900
2023-05-15,156.61000061035156,156.75,154.63999938964844,156.00999450683594,143.26063537597656,5414900
2023-05-16,155.8699951171875,156.9199981689453,154.92999267578125,155.74000549316406,143.01272583007812,5591500
2023-05-17,156.25999450683594,156.55999755859375,153.89999389648438,155.0800018310547,142.40663146972656,4286900
2023-05-18,153.30999755859375,153.64999389648438,151.60000610351562,152.52999877929688,140.0650177001953,6997600
2023-05-19,152.47000122070312,153.32000732421875,151.83999633789062,153.1699981689453,140.65269470214844,4754100
2023-05-22,152.5,152.60000610351562,148.8300018310547,149.16000366210938,136.97042846679688,7876200
2023-05-23,148.7899932861328,148.8800048828125,147.07000732421875,147.5500030517578,135.49197387695312,6116000
2023-05-24,147.58999633789062,148.1999969482422,146.08999633789062,146.3300018310547,134.37167358398438,5755400
2023-05-25,145.49000549316406,146.2100067138672,144.35000610351562,145.38999938964844,133.5084991455078,6510300
2023-05-26,145.3300018310547,146.00999450683594,144.72999572753906,145.39999389648438,133.5177001953125,4716400
2023-05-30,143.86000061035156,144.0399932861328,142.35000610351562,143.17999267578125,131.47911071777344,5561000
2023-05-31,143.16000366210938,143.97999572753906,141.89999389648438,142.5,130.85467529296875,19854800
2023-06-01,143.25,144.1199951171875,142.4499969482422,143.9600067138672,132.19537353515625,6091100
2023-06-02,144.50999450683594,146.67999267578125,144.38999938964844,146.52000427246094,134.54620361328125,6124400
2023-06-05,146.0500030517578,147.85000610351562,145.72999572753906,145.94000244140625,134.01353454589844,4753700
2023-06-06,146.07000732421875,146.30999755859375,143.5500030517578,144.49000549316406,132.68206787109375,4635900
2023-06-07,144.00999450683594,145.1199951171875,143.47000122070312,144.8000030517578,132.9667510986328,6194400
2023-06-08,145.33999633789062,146.64999389648438,144.9199981689453,146.44000244140625,134.47268676757812,4863700
2023-06-09,145.67999267578125,146.77999877929688,144.72999572753906,146.55999755859375,134.58290100097656,5569500
2023-06-12,147.0,147.00999450683594,144.5500030517578,145.41000366210938,133.52685546875,5354000
2023-06-13,144.50999450683594,145.67999267578125,144.27999877929688,145.05999755859375,133.2054901123047,5321200
2023-06-14,145.30999755859375,146.88999938964844,144.8300018310547,146.4199981689453,134.454345703125,5693300
2023-06-15,147.1699981689453,148.97000122070312,146.5399932861328,148.4499969482422,136.3184356689453,5863000
2023-06-16,148.9199981689453,150.08999633789062,148.89999389648438,149.5399932861328,137.31939697265625,11244900
2023-06-20,149.75,150.27999877929688,148.11000061035156,148.16000366210938,136.05215454101562,5340700
2023-06-21,148.25999450683594,149.60000610351562,147.8699951171875,149.44000244140625,137.22755432128906,4649700
2023-06-22,150.35000610351562,151.10000610351562,149.47999572753906,149.9499969482422,137.69586181640625,6666800
2023-06-23,150.25,150.52999877929688,147.9600067138672,148.4600067138672,136.32762145996094,13843300
2023-06-26,148.10000610351562,148.97000122070312,146.72000122070312,148.61000061035156,136.4653778076172,4353100
2023-06-27,148.44000244140625,150.1699981689453,148.38999938964844,150.02000427246094,137.76014709472656,5445400
2023-06-28,149.3300018310547,150.3000030517578,147.9600067138672,149.99000549316406,137.7326202392578,6733300
2023-06-29,148.47999572753906,149.6999969482422,147.10000610351562,149.3800048828125,137.1724090576172,7343000
2023-06-30,149.8300018310547,152.07000732421875,149.7899932861328,151.74000549316406,139.33958435058594,7058300
2023-07-03,151.47999572753906,152.52999877929688,150.47000122070312,152.5,140.03746032714844,3996100
2023-07-05,151.6300048828125,152.4600067138672,151.44000244140625,152.24000549316406,139.79872131347656,8279800
2023-07-06,151.1999969482422,152.19000244140625,150.75999450683594,151.99000549316406,139.5691680908203,7958300
2023-07-07,151.7100067138672,151.9199981689453,148.75,148.8000030517578,136.6398468017578,9169500
2023-07-10,148.94000244140625,150.32000732421875,148.74000549316406,148.86000061035156,136.6949462890625,5529200
2023-07-11,148.72999572753906,149.0500030517578,146.9600067138672,148.0800018310547,135.97869873046875,5150300
2023-07-12,148.02999877929688,149.39999389648438,147.63999938964844,148.85000610351562,136.68576049804688,6764600
2023-07-13,149.0,149.52000427246094,148.1999969482422,148.9499969482422,136.77757263183594,5561400
2023-07-14,149.27000427246094,150.6300048828125,148.72999572753906,150.0500030517578,137.78768920898438,6128900
2023-07-17,149.64999389648438,150.16000366210938,148.97000122070312,148.99000549316406,136.81430053710938,4625300
2023-07-18,148.63999938964844,150.47999572753906,148.3800048828125,149.27000427246094,137.07144165039062,5351200
2023-07-19,149.5500030517578,150.82000732421875,148.86000061035156,150.2899932861328,138.00808715820312,6203600
2023-07-20,149.5500030517578,150.75,148.13999938964844,150.55999755859375,139.1271209716797,6445400
2023-07-21,151.14999389648438,153.6699981689453,150.6999969482422,152.92999267578125,141.317138671875,9938400
2023-07-24,152.83999633789062,153.9499969482422,152.3000030517578,153.4199981689453,141.76995849609375,5549500
2023-07-25,153.47999572753906,153.86000061035156,152.4499969482422,153.77999877929688,142.10263061523438,5883800
2023-07-26,153.1199951171875,154.83999633789062,152.88999938964844,153.94000244140625,142.25045776367188,7013800
2023-07-27,154.16000366210938,154.60000610351562,151.9199981689453,152.11000061035156,140.5594482421875,7191600
2023-07-28,154.66000366210938,157.47999572753906,154.60000610351562,156.41000366210938,144.53289794921875,9397300
2023-07-31,156.39999389648438,157.67999267578125,155.05999755859375,156.3000030517578,144.43124389648438,7955200
2023-08-01,155.8800048828125,157.1699981689453,155.8699951171875,156.25,144.38507080078125,5718800
2023-08-02,155.97000122070312,157.72999572753906,155.97000122070312,156.58999633789062,144.69920349121094,5636000
2023-08-03,156.75999450683594,157.6999969482422,156.2100067138672,157.0,145.07809448242188,5792700
2023-08-04,157.42999267578125,157.72999572753906,155.14999389648438,155.27999877929688,143.48867797851562,4785900
2023-08-07,155.6699981689453,157.14999389648438,155.49000549316406,156.9199981689453,145.00416564941406,4107400
2023-08-08,157.27999877929688,157.6300048828125,156.52999877929688,157.08999633789062,145.1612548828125,4625500
2023-08-09,157.30999755859375,158.08999633789062,156.77000427246094,156.88999938964844,144.97645568847656,4293200
2023-08-10,157.1699981689453,158.3800048828125,155.8000030517578,156.11000061035156,144.25570678710938,4307800
2023-08-11,156.42999267578125,157.4600067138672,155.7899932861328,157.02000427246094,145.0965576171875,3862300
2023-08-14,157.1300048828125,157.52999877929688,155.5,155.7899932861328,143.95997619628906,4297600
2023-08-15,155.7899932861328,155.97000122070312,154.4600067138672,154.7899932861328,143.03590393066406,6921100
2023-08-16,154.75999450683594,155.72999572753906,152.8699951171875,153.2100067138672,141.57591247558594,6356800
2023-08-17,153.2100067138672,153.55999755859375,151.7899932861328,152.11000061035156,140.5594482421875,6419500
2023-08-18,151.6199951171875,152.88999938964844,151.1699981689453,152.5399932861328,140.95675659179688,5448200
2023-08-21,152.08999633789062,152.77999877929688,151.25999450683594,151.77000427246094,140.24522399902344,4504700
2023-08-22,151.4199981689453,152.14999389648438,150.92999267578125,151.8300018310547,140.30067443847656,4195600
2023-08-23,152.47000122070312,153.47999572753906,152.47000122070312,153.25,141.61285400390625,4522500
2023-08-24,152.5500030517578,154.67999267578125,152.47999572753906,152.5399932861328,140.95675659179688,4088900
2023-08-25,153.39999389648438,154.0800018310547,152.4600067138672,153.5399932861328,141.8808135986328,3541500
2023-08-28,153.7100067138672,154.3699951171875,153.0500030517578,153.77999877929688,142.10263061523438,3614700
2023-08-29,153.9499969482422,154.0399932861328,152.02999877929688,153.8699951171875,142.18577575683594,4034600
2023-08-30,154.10000610351562,154.8699951171875,153.7100067138672,154.0399932861328,142.34283447265625,3712200
2023-08-31,154.1199951171875,155.16000366210938,153.8300018310547,154.33999633789062,142.62008666992188,5451400
2023-09-01,154.89999389648438,155.27999877929688,153.55999755859375,154.50999450683594,142.77720642089844,4126300
2023-09-05,153.8000030517578,154.85000610351562,152.39999389648438,152.44000244140625,140.86434936523438,5097000
2023-09-06,152.2899932861328,152.4499969482422,151.5399932861328,152.13999938964844,140.587158203125,3877400
2023-09-07,152.49000549316406,154.19000244140625,152.3699951171875,153.58999633789062,141.92701721191406,4824800
2023-09-08,153.4199981689453,153.4600067138672,152.35000610351562,152.92999267578125,141.317138671875,3384700
2023-09-11,153.3300018310547,155.10000610351562,153.0800018310547,154.75,142.9989471435547,4288500
2023-09-12,154.99000549316406,155.14999389648438,151.57000732421875,152.02999877929688,140.4855194091797,4537800
2023-09-13,151.97999572753906,153.58999633789062,151.66000366210938,153.08999633789062,141.46498107910156,4040600
2023-09-14,153.85000610351562,154.9199981689453,153.3699951171875,154.77000427246094,143.01744079589844,4606800
2023-09-15,154.02999877929688,155.32000732421875,153.22999572753906,153.47000122070312,141.81614685058594,10262400
2023-09-18,154.4499969482422,154.47999572753906,153.50999450683594,154.0500030517578,142.3520965576172,3536500
2023-09-19,153.75,154.05999755859375,151.74000549316406,153.60000610351562,141.936279296875,4704200
2023-09-20,153.77000427246094,154.77999877929688,153.36000061035156,153.47000122070312,141.81614685058594,5446400
2023-09-21,153.4499969482422,153.7100067138672,152.07000732421875,152.13999938964844,140.587158203125,5096400
2023-09-22,152.44000244140625,153.33999633789062,151.3800048828125,151.5800018310547,140.0697021484375,6327000
2023-09-25,151.17999267578125,151.27999877929688,150.02000427246094,150.66000366210938,139.21951293945312,5527000
2023-09-26,149.97999572753906,150.36000061035156,148.7899932861328,149.32000732421875,137.98129272460938,6366500
2023-09-27,149.4199981689453,149.6999969482422,146.6300048828125,147.33999633789062,136.151611328125,5403700
2023-09-28,147.82000732421875,147.97999572753906,145.67999267578125,146.33999633789062,135.22756958007812,6237100
2023-09-29,146.5399932861328,146.77000427246094,144.82000732421875,145.86000061035156,134.78402709960938,6683300
2023-10-02,144.77999877929688,145.60000610351562,143.89999389648438,145.19000244140625,134.16488647460938,5153800
2023-10-03,145.1699981689453,146.49000549316406,145.00999450683594,145.49000549316406,134.44215393066406,4670600
2023-10-04,145.58999633789062,146.30999755859375,144.92999267578125,145.97000122070312,134.88563537597656,4727800
2023-10-05,145.67999267578125,146.08999633789062,143.69000244140625,143.8000030517578,132.88046264648438,5205700
2023-10-06,143.60000610351562,144.55999755859375,141.4499969482422,144.08999633789062,133.14842224121094,7406700
2023-10-09,143.36000061035156,143.97000122070312,141.60000610351562,143.36000061035156,132.47386169433594,5062200
2023-10-10,143.97999572753906,145.22000122070312,143.72000122070312,144.77999877929688,133.78602600097656,5988900
2023-10-11,145.13999938964844,145.55999755859375,142.55999755859375,143.0,132.1411895751953,5469100
2023-10-12,142.7899932861328,143.92999267578125,141.66000366210938,143.32000732421875,132.43690490722656,5965600
2023-10-13,143.19000244140625,145.02999877929688,143.19000244140625,144.69000244140625,133.70285034179688,7078900
2023-10-16,145.86000061035156,147.05999755859375,145.4600067138672,146.07000732421875,134.97811889648438,6509800
2023-10-17,146.11000061035156,146.82000732421875,145.24000549316406,146.25999450683594,135.1536102294922,6160100
2023-10-18,150.05999755859375,151.3000030517578,148.77000427246094,150.02999877929688,138.6373748779297,10508500
2023-10-19,149.61000061035156,150.27999877929688,147.17999267578125,148.25,137.857177734375,8146000
2023-10-20,149.0500030517578,149.8800048828125,147.9199981689453,148.0500030517578,137.6712188720703,7284200
2023-10-23,147.86000061035156,149.5,147.55999755859375,148.14999389648438,137.76419067382812,5981800
2023-10-24,148.1199951171875,150.07000732421875,148.07000732421875,149.89999389648438,139.3915252685547,6322000
2023-10-25,149.63999938964844,151.19000244140625,149.1199951171875,150.60000610351562,140.04244995117188,6172900
2023-10-26,151.0500030517578,151.3800048828125,149.74000549316406,149.8000030517578,139.2985382080078,7582100
2023-10-27,148.97999572753906,149.9499969482422,146.27999877929688,147.16000366210938,136.84361267089844,8131800
2023-10-30,147.89999389648438,149.5500030517578,147.5399932861328,149.25999450683594,138.79640197753906,5412800
2023-10-31,149.4600067138672,150.25999450683594,148.63999938964844,150.02999877929688,139.5124053955078,6762100
2023-11-01,150.67999267578125,150.67999267578125,149.2100067138672,149.61000061035156,139.12185668945312,5896900
2023-11-02,149.5399932861328,151.64999389648438,148.91000366210938,151.44000244140625,140.82357788085938,5859200
2023-11-03,151.7899932861328,152.2899932861328,149.6199951171875,150.07000732421875,139.54959106445312,6587700
2023-11-06,150.36000061035156,151.25,150.10000610351562,150.94000244140625,140.35861206054688,6480800
2023-11-07,150.9199981689453,151.25,150.1199951171875,150.58999633789062,140.0331573486328,6003800
2023-11-08,150.9600067138672,151.1999969482422,149.50999450683594,150.00999450683594,139.49378967285156,4832600
2023-11-09,149.74000549316406,150.35000610351562,149.1199951171875,150.35000610351562,139.8099822998047,6581500
2023-11-10,150.83999633789062,151.44000244140625,149.9199981689453,151.41000366210938,140.79566955566406,5387200
2023-11-13,151.4499969482422,152.89999389648438,151.4499969482422,152.4600067138672,141.7720489501953,6297500
2023-11-14,152.5500030517578,153.5,151.67999267578125,152.1199951171875,141.45590209960938,7982600
2023-11-15,152.05999755859375,152.38999938964844,150.3800048828125,151.4199981689453,140.80496215820312,7672600
2023-11-16,151.99000549316406,152.88999938964844,151.30999755859375,152.8300018310547,142.1161346435547,7590500
2023-11-17,152.72000122070312,152.83999633789062,150.88999938964844,151.07000732421875,140.4794921875,8495600
2023-11-20,150.2100067138672,151.02999877929688,149.66000366210938,150.27000427246094,139.73556518554688,6856500
2023-11-21,149.85000610351562,150.00999450683594,148.8300018310547,149.61000061035156,139.12185668945312,7310400
2023-11-22,150.10000610351562,151.47999572753906,150.10000610351562,151.02000427246094,140.43301391601562,4372700
2023-11-24,151.17999267578125,151.74000549316406,151.02999877929688,151.3800048828125,140.7677764892578,2132500
2023-11-27,151.52000427246094,151.63999938964844,150.74000549316406,151.24000549316406,140.63758850097656,6021300
2023-11-28,151.14999389648438,152.77000427246094,151.14999389648438,152.2899932861328,141.6139678955078,6110400
2023-11-29,152.2899932861328,152.4499969482422,150.99000549316406,151.1300048828125,140.5352783203125,5342700
2023-11-30,150.89999389648438,153.6300048828125,150.0800018310547,153.52000427246094,142.75772094726562,9771300
2023-12-01,153.3300018310547,153.49000549316406,152.22999572753906,152.66000366210938,141.9580535888672,5685400
2023-12-04,151.77000427246094,152.52999877929688,151.66000366210938,152.05999755859375,141.4001007080078,6578300
2023-12-05,152.13999938964844,152.61000061035156,146.17999267578125,146.75999450683594,136.47164916992188,11895800
2023-12-06,147.00999450683594,147.16000366210938,145.63999938964844,146.64999389648438,136.3693389892578,7610000
2023-12-07,146.57000732421875,147.10000610351562,146.02000427246094,146.5,136.2298583984375,6119600
2023-12-08,145.9199981689453,146.24000549316406,144.52000427246094,145.14999389648438,134.97447204589844,6385300
2023-12-11,144.8000030517578,145.8699951171875,144.64999389648438,145.82000732421875,135.59754943847656,8471200
2023-12-12,145.86000061035156,146.22999572753906,145.0800018310547,145.94000244140625,135.70913696289062,6069200
2023-12-13,145.86000061035156,148.64999389648438,145.4499969482422,148.5800018310547,138.16404724121094,9055500
2023-12-14,148.4600067138672,148.5500030517578,144.3800048828125,144.66000366210938,134.5188446044922,10565200
2023-12-15,143.17999267578125,144.25,142.5,143.9600067138672,133.86793518066406,14550000
2023-12-18,144.1699981689453,147.49000549316406,144.14999389648438,146.1699981689453,135.92300415039062,8421800
2023-12-19,145.6699981689453,146.33999633789062,145.38999938964844,146.1699981689453,135.92300415039062,5233600
2023-12-20,145.57000732421875,146.07000732421875,143.83999633789062,143.91000366210938,133.82144165039062,7663800
2023-12-21,144.52000427246094,144.7899932861328,143.1300048828125,144.25999450683594,134.1468963623047,6104700
2023-12-22,144.5,145.6300048828125,144.2899932861328,145.27999877929688,135.0953826904297,4413800
2023-12-26,145.08999633789062,146.1699981689453,144.97000122070312,145.94000244140625,135.70913696289062,3634900
2023-12-27,145.64999389648438,146.30999755859375,145.36000061035156,146.05999755859375,135.82069396972656,4569400
2023-12-28,146.0,146.00999450683594,145.0399932861328,145.72999572753906,135.5138397216797,5023000
2023-12-29,146.0,146.9600067138672,145.72999572753906,146.5399932861328,136.26705932617188,5300900
2024-01-02,146.36000061035156,149.41000366210938,146.30999755859375,148.74000549316406,138.31283569335938,7238400
2024-01-03,148.33999633789062,149.1999969482422,147.17999267578125,147.83999633789062,137.47592163085938,7697500
2024-01-04,148.0500030517578,149.27000427246094,147.77000427246094,148.64999389648438,138.2291259765625,7067400
2024-01-05,148.72000122070312,148.8699951171875,146.5500030517578,147.4199981689453,137.0853729248047,5294200
2024-01-08,147.91000366210938,148.9199981689453,147.64999389648438,148.69000244140625,138.266357421875,8255300
2024-01-09,148.57000732421875,149.39999389648438,148.0500030517578,149.3000030517578,138.8335723876953,9786800
2024-01-10,149.35000610351562,150.0,149.25999450683594,149.94000244140625,139.4287109375,8591100
2024-01-11,150.0500030517578,150.8000030517578,149.2899932861328,150.50999450683594,139.958740234375,6659400
2024-01-12,150.9499969482422,151.3000030517578,149.88999938964844,150.60000610351562,140.04244995117188,5684700
2024-01-16,150.14999389648438,151.5,148.8800048828125,149.7899932861328,139.28924560546875,8120100
2024-01-17,149.16000366210938,150.60000610351562,149.00999450683594,149.94000244140625,139.4287109375,6541400
2024-01-18,148.22999572753906,148.39999389648438,146.9199981689453,148.13999938964844,138.62489318847656,6526200
2024-01-19,148.25,148.6199951171875,147.30999755859375,147.57000732421875,138.09149169921875,7848100
2024-01-22,146.97000122070312,148.2100067138672,146.27999877929688,147.86000061035156,138.3628692626953,11084100
2024-01-23,153.11000061035156,156.39999389648438,152.88999938964844,153.97999572753906,144.0897674560547,19101600
2024-01-24,153.92999267578125,154.22999572753906,152.08999633789062,152.1199951171875,142.3492431640625,11592700
2024-01-25,152.39999389648438,155.66000366210938,152.05999755859375,155.6199951171875,145.62442016601562,10352500
2024-01-26,155.80999755859375,156.16000366210938,155.33999633789062,156.13999938964844,146.11105346679688,8356600
2024-01-29,156.67999267578125,157.3300018310547,155.39999389648438,156.16000366210938,146.1297607421875,8987400
2024-01-30,156.33999633789062,157.9199981689453,155.82000732421875,157.49000549316406,147.3743133544922,7794700
2024-01-31,157.99000549316406,158.5,156.6999969482422,157.13999938964844,147.04681396484375,8870000
2024-02-01,156.77000427246094,159.3000030517578,156.6199951171875,159.17999267578125,148.95578002929688,7601100
2024-02-02,158.97000122070312,159.60000610351562,157.52999877929688,158.08999633789062,147.935791015625,7937700
2024-02-05,158.1699981689453,159.0,157.55999755859375,158.2100067138672,148.048095703125,6931900
2024-02-06,158.30999755859375,159.07000732421875,157.8699951171875,158.9600067138672,148.7499237060547,6185400
2024-02-07,159.10000610351562,159.8300018310547,158.74000549316406,159.1199951171875,148.89964294433594,7209300
2024-02-08,158.8000030517578,159.10000610351562,157.77000427246094,158.63999938964844,148.45045471191406,6121600
2024-02-09,158.25999450683594,158.33999633789062,156.9600067138672,157.4199981689453,147.308837890625,5978000
2024-02-12,157.36000061035156,157.61000061035156,155.49000549316406,157.11000061035156,147.0187225341797,5482000
2024-02-13,157.75,158.97000122070312,155.47999572753906,156.27000427246094,146.23272705078125,6046800
2024-02-14,156.16000366210938,156.16000366210938,154.91000366210938,155.6300048828125,145.6337890625,5727300
2024-02-15,156.3000030517578,157.4199981689453,156.14999389648438,157.00999450683594,146.92515563964844,6249200
2024-02-16,157.0399932861328,158.4499969482422,156.6699981689453,157.50999450683594,147.39303588867188,6617600
2024-02-20,158.6999969482422,159.7899932861328,158.1300048828125,158.50999450683594,148.3288116455078,6622100
2024-02-21,159.19000244140625,160.39999389648438,159.19000244140625,160.39999389648438,150.097412109375,7121000
2024-02-22,159.4600067138672,161.08999633789062,158.6300048828125,160.55999755859375,150.24713134765625,6619500
2024-02-23,160.60000610351562,161.74000549316406,160.16000366210938,161.02999877929688,150.68695068359375,5486500
2024-02-26,161.02999877929688,161.1699981689453,160.07000732421875,160.22000122070312,149.92897033691406,4531900
2024-02-27,159.41000366210938,159.8000030517578,158.9600067138672,159.3000030517578,149.06808471679688,3868200
2024-02-28,159.07000732421875,160.1199951171875,158.63999938964844,160.0500030517578,149.76991271972656,3802900
2024-02-29,159.92999267578125,160.11000061035156,158.17999267578125,158.94000244140625,148.731201171875,8348100
2024-03-01,158.0500030517578,159.02999877929688,157.61000061035156,158.85000610351562,148.64697265625,4819800
2024-03-04,157.74000549316406,159.75999450683594,157.6699981689453,159.55999755859375,149.3113555908203,3841600
2024-03-05,159.4600067138672,159.99000549316406,158.77999877929688,159.32000732421875,149.08680725097656,4481600
2024-03-06,159.67999267578125,159.99000549316406,158.91000366210938,159.57000732421875,149.32073974609375,5405700
2024-03-07,159.9499969482422,160.91000366210938,159.47000122070312,160.6199951171875,150.3032989501953,4783900
2024-03-08,159.85000610351562,161.25,158.2899932861328,160.35000610351562,150.05064392089844,5080200
2024-03-11,161.33999633789062,162.6199951171875,160.82000732421875,161.5500030517578,151.17355346679688,5170900
2024-03-12,161.82000732421875,162.52000427246094,161.22999572753906,161.92999267578125,151.52914428710938,4229100
2024-03-13,162.3800048828125,162.72999572753906,161.3300018310547,162.3000030517578,151.8753662109375,5410500
2024-03-14,162.24000549316406,162.6199951171875,161.1300048828125,161.5,151.1267547607422,5848100
2024-03-15,160.6999969482422,161.5,160.3000030517578,161.3800048828125,151.01446533203125,10956900
2024-03-18,161.47999572753906,162.72000122070312,161.0,161.2100067138672,150.8553924560547,6086300
2024-03-19,161.8000030517578,162.1699981689453,161.1699981689453,161.8300018310547,151.43556213378906,6148100
2024-03-20,162.00999450683594,162.39999389648438,161.47000122070312,161.99000549316406,151.58529663085938,4870300
2024-03-21,162.08999633789062,162.4600067138672,161.1199951171875,161.86000061035156,151.463623046875,5211500
2024-03-22,162.1999969482422,162.41000366210938,161.47000122070312,161.66000366210938,151.2764892578125,6393200
2024-03-25,161.1699981689453,161.66000366210938,159.72999572753906,160.19000244140625,149.9009246826172,7145600
2024-03-26,160.36000061035156,161.13999938964844,160.13999938964844,160.5500030517578,150.23779296875,5842700
2024-03-27,161.36000061035156,162.74000549316406,161.33999633789062,162.61000061035156,152.16546630859375,6599700
2024-03-28,162.82000732421875,163.13999938964844,161.6999969482422,162.25,151.82858276367188,7191500
2024-04-01,161.77999877929688,162.07000732421875,159.8000030517578,160.5800018310547,150.26583862304688,5971900
2024-04-02,159.63999938964844,160.7100067138672,159.63999938964844,160.57000732421875,150.2565155029297,6771200
2024-04-03,160.6300048828125,160.8800048828125,155.67999267578125,156.14999389648438,146.12037658691406,9601800
2024-04-04,156.8800048828125,157.0800018310547,155.41000366210938,155.4499969482422,145.46534729003906,6801700
2024-04-05,155.2899932861328,157.05999755859375,154.69000244140625,156.10000610351562,146.07362365722656,5121200
2024-04-08,155.97000122070312,156.6999969482422,155.6300048828125,156.0399932861328,146.01742553710938,5476800
2024-04-09,156.27000427246094,156.75,155.6999969482422,156.66000366210938,146.59762573242188,4608100
2024-04-10,155.64999389648438,157.5800018310547,155.64999389648438,157.24000549316406,147.14039611816406,7784900
2024-04-11,157.5500030517578,157.60000610351562,155.77000427246094,155.83999633789062,145.83029174804688,8209800
2024-04-12,155.22000122070312,155.97000122070312,154.74000549316406,155.3300018310547,145.35304260253906,6770500
2024-04-15,156.4199981689453,156.82000732421875,155.3300018310547,155.4499969482422,145.46534729003906,5754000
2024-04-16,155.85000610351562,156.94000244140625,155.6699981689453,155.9499969482422,145.93324279785156,6103300
2024-04-17,156.3000030517578,157.1199951171875,155.74000549316406,156.9600067138672,146.87838745117188,6621900
2024-04-18,156.33999633789062,157.6300048828125,155.9600067138672,157.2899932861328,148.13755798339844,7819300
2024-04-19,154.97999572753906,158.17999267578125,153.52000427246094,158.13999938964844,148.9381103515625,12034200
2024-04-22,158.42999267578125,161.2899932861328,157.25,160.5399932861328,151.1984405517578,8926300
2024-04-23,161.67999267578125,162.10000610351562,160.4199981689453,161.5,152.10260009765625,7707300
2024-04-24,161.1999969482422,162.86000061035156,159.4199981689453,162.60000610351562,153.1385955810547,7217600
2024-04-25,162.97000122070312,164.32000732421875,162.0800018310547,162.5500030517578,153.09152221679688,7094600
2024-04-26,162.5,163.32000732421875,160.49000549316406,161.2899932861328,151.9048309326172,5659800
2024-04-29,161.1699981689453,161.7899932861328,160.41000366210938,161.66000366210938,152.25332641601562,4621000
2024-04-30,161.83999633789062,163.35000610351562,161.60000610351562,163.1999969482422,153.7036895751953,8106100
2024-05-01,163.27999877929688,164.24000549316406,162.22000122070312,163.39999389648438,153.8920440673828,7543000
2024-05-02,163.5399932861328,164.49000549316406,162.63999938964844,163.83999633789062,154.30642700195312,5647500
2024-05-03,163.5399932861328,164.7100067138672,162.16000366210938,164.4600067138672,154.89036560058594,5581500
2024-05-06,164.77999877929688,164.97999572753906,163.25999450683594,164.44000244140625,154.8715362548828,5472400
2024-05-07,164.97999572753906,166.0399932861328,164.58999633789062,165.75999450683594,156.11471557617188,6433000
2024-05-08,165.97999572753906,166.3699951171875,164.92999267578125,165.07000732421875,155.46487426757812,4579400
2024-05-09,165.0500030517578,166.3300018310547,165.0500030517578,166.0399932861328,156.37840270996094,4671100
2024-05-10,166.08999633789062,167.36000061035156,165.6999969482422,166.85000610351562,157.1413116455078,4879400
2024-05-13,166.85000610351562,167.64999389648438,165.36000061035156,165.8699951171875,156.2183074951172,5725500
2024-05-14,165.52999877929688,166.07000732421875,163.9499969482422,165.75999450683594,156.11471557617188,6009800
2024-05-15,165.30999755859375,166.67999267578125,165.1199951171875,166.50999450683594,156.82107543945312,5102700
2024-05-16,166.92999267578125,168.33999633789062,166.58999633789062,167.86000061035156,158.09251403808594,6793600
2024-05-17,167.6699981689453,168.0,166.8800048828125,167.63999938964844,157.8853302001953,4700800
2024-05-20,167.5500030517578,167.8800048828125,166.7899932861328,167.30999755859375,157.5745086669922,3804600
2024-05-21,167.75999450683594,168.5399932861328,167.2899932861328,168.35000610351562,158.5540313720703,5147100
2024-05-22,168.00999450683594,168.42999267578125,167.6300048828125,167.80999755859375,158.04544067382812,4536700
2024-05-23,167.2899932861328,168.11000061035156,165.32000732421875,165.49000549316406,155.86041259765625,4729800
2024-05-24,165.85000610351562,166.30999755859375,165.14999389648438,165.3300018310547,155.70973205566406,3820100
2024-05-28,164.49000549316406,164.75999450683594,162.25999450683594,163.11000061035156,153.6189422607422,6466200
2024-05-29,162.64999389648438,162.74000549316406,161.4199981689453,161.64999389648438,152.24386596679688,4360400
2024-05-30,161.64999389648438,162.6999969482422,161.47999572753906,162.5800018310547,153.1197509765625,4748200
2024-05-31,162.44000244140625,164.77000427246094,161.97000122070312,164.5399932861328,154.96571350097656,10341400
2024-06-03,163.92999267578125,166.24000549316406,163.6300048828125,164.64999389648438,155.06932067871094,5828400
2024-06-04,164.7899932861328,167.1199951171875,164.39999389648438,167.00999450683594,157.29197692871094,6277000
2024-06-05,167.00999450683594,167.00999450683594,164.97999572753906,166.0500030517578,156.3878631591797,5243300
2024-06-06,165.8300018310547,168.5800018310547,165.0800018310547,168.47000122070312,158.6670379638672,6302000
2024-06-07,168.39999389648438,168.97000122070312,166.83999633789062,167.05999755859375,157.3390655517578,4558200
2024-06-10,166.77999877929688,167.72000122070312,166.0800018310547,167.35000610351562,157.61219787597656,4110600
2024-06-11,166.97000122070312,167.5,166.02000427246094,167.47999572753906,157.73463439941406,3947700
2024-06-12,167.5,167.63999938964844,164.22000122070312,165.17999267578125,155.56846618652344,5474500
2024-06-13,164.47000122070312,167.0,164.47000122070312,166.41000366210938,156.7269287109375,4902200
2024-06-14,165.99000549316406,166.92999267578125,165.25,166.7899932861328,157.0847930908203,3695000
2024-06-17,165.85000610351562,168.7100067138672,165.39999389648438,167.5,157.7534942626953,6759400
2024-06-18,167.02999877929688,168.64999389648438,166.94000244140625,168.55999755859375,158.75177001953125,5112600
2024-06-20,168.3699951171875,168.77999877929688,166.86000061035156,167.6699981689453,157.91357421875,8483600
2024-06-21,167.47999572753906,168.8800048828125,167.17999267578125,168.25999450683594,158.46923828125,14682000
2024-06-24,168.75999450683594,169.41000366210938,167.47999572753906,168.4499969482422,158.64817810058594,7565200
2024-06-25,168.6300048828125,168.91000366210938,165.89999389648438,166.85000610351562,157.1413116455078,7968200
2024-06-26,166.0500030517578,167.80999755859375,165.66000366210938,167.4499969482422,157.7063751220703,5164000
2024-06-27,167.49000549316406,168.10000610351562,165.5,166.6199951171875,156.92465209960938,5007000
2024-06-28,166.0,167.24000549316406,164.5800018310547,164.9199981689453,155.3236083984375,9253100
2024-07-01,165.58999633789062,166.2100067138672,162.1999969482422,162.72000122070312,153.2516326904297,7638600
2024-07-02,162.5800018310547,164.0399932861328,161.7100067138672,163.89999389648438,154.36293029785156,5449200
2024-07-03,163.2100067138672,164.2100067138672,162.97999572753906,163.8300018310547,154.2970428466797,2980500
2024-07-05,164.00999450683594,165.6300048828125,163.5,165.2100067138672,155.59671020507812,6509200
2024-07-08,165.9499969482422,166.6699981689453,165.6199951171875,166.52000427246094,156.83050537109375,5144500
2024-07-09,166.6300048828125,166.75999450683594,165.13999938964844,165.66000366210938,156.0205535888672,4393100
2024-07-10,165.89999389648438,166.9199981689453,165.5399932861328,166.8000030517578,157.09420776367188,5037100
2024-07-11,166.3000030517578,166.6300048828125,164.77999877929688,165.5399932861328,155.9075164794922,5831500
2024-07-12,166.22000122070312,167.63999938964844,166.02000427246094,166.61000061035156,156.91525268554688,4684600
2024-07-15,166.47000122070312,166.6199951171875,164.4600067138672,164.5800018310547,155.00340270996094,5752500
2024-07-16,164.91000366210938,167.07000732421875,164.61000061035156,166.9499969482422,157.2354736328125,6378300
2024-07-17,167.75,170.1699981689453,167.3300018310547,169.44000244140625,159.58059692382812,7982300
2024-07-18,168.8000030517578,170.9199981689453,168.27999877929688,168.44000244140625,158.63877868652344,5926300
2024-07-19,167.97000122070312,169.0399932861328,167.1300048828125,167.9600067138672,159.1381072998047,6597100
2024-07-22,167.92999267578125,168.6999969482422,167.6999969482422,168.25,159.41287231445312,6383000
2024-07-23,168.11000061035156,168.4199981689453,166.32000732421875,166.6199951171875,157.86846923828125,4863400
2024-07-24,166.32000732421875,168.27999877929688,165.5800018310547,168.0,159.17599487304688,5907000
2024-07-25,168.32000732421875,170.08999633789062,166.8699951171875,166.89999389648438,158.1337890625,7338300
2024-07-26,167.25,169.32000732421875,167.02999877929688,169.11000061035156,160.22767639160156,5581600
2024-07-29,168.85000610351562,170.5399932861328,168.11000061035156,169.92999267578125,161.004638671875,6797800
2024-07-30,161.7899932861328,162.3800048828125,158.0399932861328,161.6999969482422,153.20689392089844,15746300
2024-07-31,160.80999755859375,162.86000061035156,159.2100067138672,160.75999450683594,152.31625366210938,9660900
2024-08-01,160.8800048828125,166.30999755859375,160.67999267578125,165.69000244140625,156.98733520507812,12532700
2024-08-02,167.44000244140625,170.35000610351562,165.14999389648438,170.0800018310547,161.1467742919922,11899000
2024-08-05,170.8800048828125,170.8800048828125,166.6699981689453,168.05999755859375,159.2328338623047,10338800
2024-08-06,167.89999389648438,170.3300018310547,167.85000610351562,168.08999633789062,159.26124572753906,7454900
2024-08-07,168.57000732421875,171.72000122070312,168.00999450683594,170.02000427246094,161.0899200439453,8385500
2024-08-08,169.4199981689453,171.55999755859375,169.0,170.8699951171875,161.89524841308594,6386900
2024-08-09,170.1199951171875,171.25999450683594,169.64999389648438,170.5399932861328,161.5825653076172,5377300
2024-08-12,169.39999389648438,169.64999389648438,166.1999969482422,166.80999755859375,158.0485076904297,7208100
2024-08-13,167.33999633789062,167.8000030517578,166.4600067138672,167.2899932861328,158.5032958984375,3770000
2024-08-14,166.5,169.47000122070312,165.82000732421875,168.8000030517578,159.93397521972656,5476600
2024-08-15,169.4600067138672,169.67999267578125,166.75,167.9199981689453,159.10018920898438,9491400
2024-08-16,167.82000732421875,168.35000610351562,166.8000030517578,167.88999938964844,159.07177734375,5640800
2024-08-19,168.17999267578125,169.24000549316406,168.1699981689453,168.4199981689453,159.57394409179688,3885300
2024-08-20,168.77000427246094,170.55999755859375,168.11000061035156,170.41000366210938,161.45941162109375,4513600
2024-08-21,170.19000244140625,171.88999938964844,169.60000610351562,170.16000366210938,161.22254943847656,4082000
2024-08-22,170.8800048828125,171.24000549316406,169.13999938964844,170.14999389648438,161.21307373046875,4097300
2024-08-23,170.0500030517578,170.11000061035156,168.25,169.1699981689453,160.28453063964844,4771300
2024-08-26,168.6999969482422,170.97000122070312,168.6999969482422,170.35000610351562,161.40257263183594,6472400
2024-08-27,170.8300018310547,171.10000610351562,169.0800018310547,169.25,160.36033630371094,4456400
2024-08-28,169.4199981689453,171.1999969482422,168.5800018310547,169.05999755859375,160.18032836914062,5644800
2024-08-29,169.75,170.60000610351562,168.94000244140625,170.02999877929688,161.099365234375,4413200
2024-08-30,170.16000366210938,171.8800048828125,169.69000244140625,171.5399932861328,162.5300750732422,7301600
2024-09-03,171.02999877929688,175.0,170.99000549316406,174.52000427246094,165.35353088378906,10101400
2024-09-04,173.6300048828125,176.0,173.6300048828125,175.89999389648438,166.66104125976562,7517500
2024-09-05,175.99000549316406,176.5500030517578,174.6699981689453,175.47000122070312,166.25364685058594,6061900
2024-09-06,175.75999450683594,177.0399932861328,175.33999633789062,175.58999633789062,166.36734008789062,5785700
2024-09-09,175.5399932861328,176.83999633789062,174.66000366210938,176.05999755859375,166.81263732910156,6450200
2024-09-10,175.91000366210938,177.94000244140625,175.91000366210938,177.7899932861328,168.4517822265625,6396300
2024-09-11,176.60000610351562,177.0,173.6300048828125,173.9199981689453,164.78504943847656,6828200
2024-09-12,173.89999389648438,174.61000061035156,172.44000244140625,173.47000122070312,164.35867309570312,4838900
2024-09-13,173.3699951171875,174.5399932861328,172.8000030517578,174.0800018310547,164.93666076660156,3918000
2024-09-16,174.7100067138672,177.30999755859375,174.32000732421875,177.24000549316406,167.9306640625,6892300
2024-09-17,176.6300048828125,176.97000122070312,175.36000061035156,175.8800048828125,166.64212036132812,4757100
2024-09-18,175.0500030517578,175.89999389648438,172.57000732421875,173.9199981689453,164.78504943847656,5102900
2024-09-19,172.8800048828125,173.16000366210938,170.3800048828125,171.5399932861328,162.5300750732422,8692000
2024-09-20,171.50999450683594,174.5399932861328,171.5,174.22000122070312,165.06930541992188,28647500
2024-09-23,174.00999450683594,175.19000244140625,172.58999633789062,173.77000427246094,164.64292907714844,10265000
2024-09-24,172.8800048828125,174.5,172.6199951171875,173.24000549316406,164.1407928466797,5422400
2024-09-25,174.07000732421875,174.67999267578125,172.05999755859375,172.25999450683594,163.21224975585938,8916500
2024-09-26,171.5,174.61000061035156,171.36000061035156,173.2100067138672,164.11236572265625,4957200
2024-09-27,173.00999450683594,174.4499969482422,172.5800018310547,173.5500030517578,164.4344940185547,4599500
2024-09-30,173.72999572753906,174.0,172.7100067138672,173.1999969482422,164.10287475585938,6296600
2024-10-01,173.24000549316406,174.0,172.1999969482422,173.0399932861328,163.95126342773438,7130600
2024-10-02,172.00999450683594,172.4499969482422,171.0800018310547,171.9199981689453,162.89010620117188,6212700
2024-10-03,171.3699951171875,171.3699951171875,169.77000427246094,170.1199951171875,161.1846466064453,4794300
2024-10-04,168.85000610351562,170.08999633789062,168.25999450683594,168.8800048828125,160.009765625,6002800
2024-10-07,169.16000366210938,169.5800018310547,166.8699951171875,167.1199951171875,158.34222412109375,6325300
2024-10-08,166.85000610351562,168.58999633789062,166.27000427246094,168.16000366210938,159.32760620117188,7473000
2024-10-09,168.3800048828125,169.80999755859375,168.0,169.27000427246094,160.37930297851562,8758800
2024-10-10,168.8000030517578,169.7899932861328,168.3699951171875,168.9499969482422,160.0760955810547,6932300
2024-10-11,169.4600067138672,171.41000366210938,168.97000122070312,171.08999633789062,162.10369873046875,7036500
2024-10-14,171.02000427246094,172.83999633789062,170.74000549316406,172.50999450683594,163.44912719726562,5909000
2024-10-15,172.88999938964844,174.91000366210938,172.82000732421875,173.57000732421875,164.4534454345703,7172200
2024-10-16,171.8800048828125,172.58999633789062,170.88999938964844,172.3800048828125,163.325927734375,6117000
2024-10-17,172.17999267578125,173.67999267578125,171.75999450683594,172.27999877929688,163.231201171875,7045600
2024-10-18,170.3000030517578,172.2100067138672,168.4600067138672,171.27999877929688,163.23789978027344,8372500
2024-10-21,170.97999572753906,171.47999572753906,168.4499969482422,169.5399932861328,161.5795440673828,5522500
2024-10-22,168.57000732421875,170.72999572753906,168.57000732421875,169.6999969482422,161.73204040527344,7511400
2024-10-23,169.5500030517578,170.1699981689453,168.72999572753906,169.5800018310547,161.61770629882812,4837800
2024-10-24,169.4199981689453,169.9600067138672,168.92999267578125,169.6199951171875,161.6558074951172,5861200
2024-10-25,168.9199981689453,169.39999389648438,168.0399932861328,168.22000122070312,160.32154846191406,4877900
2024-10-28,169.27999877929688,169.66000366210938,168.3800048828125,169.3000030517578,161.350830078125,5753800
2024-10-29,168.86000061035156,168.86000061035156,166.8300018310547,167.1699981689453,159.32083129882812,5681000
2024-10-30,167.08999633789062,167.32000732421875,165.9600067138672,166.16000366210938,158.35826110839844,5518100
2024-10-31,165.75999450683594,167.0399932861328,165.08999633789062,165.17999267578125,157.4242706298828,6056500
2024-11-01,165.30999755859375,166.35000610351562,164.99000549316406,165.10000610351562,157.34805297851562,5454800
2024-11-04,165.72000122070312,166.27000427246094,164.5800018310547,165.0800018310547,157.3289794921875,5130200
2024-11-05,164.3300018310547,166.32000732421875,164.3300018310547,165.75999450683594,157.97703552246094,4397400
2024-11-06,165.61000061035156,166.0399932861328,159.80999755859375,161.0500030517578,153.48818969726562,11473700
2024-11-07,161.9600067138672,163.9499969482422,161.47999572753906,163.41000366210938,155.73736572265625,9056700
2024-11-08,164.02000427246094,167.75,163.92999267578125,167.7100067138672,159.83547973632812,7506200
2024-11-11,167.0,168.52000427246094,165.77999877929688,166.02999877929688,158.23435974121094,6364400
2024-11-12,166.13999938964844,167.05999755859375,165.57000732421875,165.83999633789062,158.05328369140625,6507500
2024-11-13,166.05999755859375,166.8000030517578,165.67999267578125,166.5800018310547,158.75856018066406,5412300
2024-11-14,166.7100067138672,168.0399932861328,166.50999450683594,167.0800018310547,159.23507690429688,7444300
2024-11-15,167.94000244140625,170.57000732421875,166.8800048828125,169.5399932861328,161.5795440673828,9939400
2024-11-18,169.11000061035156,171.4499969482422,168.8300018310547,170.75,162.7327423095703,6681000
2024-11-19,170.69000244140625,171.1699981689453,169.66000366210938,170.75999450683594,162.74227905273438,5683700
2024-11-20,170.00999450683594,171.07000732421875,169.50999450683594,170.88999938964844,162.86618041992188,7081100
2024-11-21,171.66000366210938,173.50999450683594,170.22000122070312,172.75,164.6388397216797,6240400
2024-11-22,174.14999389648438,177.39999389648438,173.8800048828125,176.27999877929688,168.0030975341797,10609800
2024-11-25,177.47999572753906,178.82000732421875,176.89999389648438,177.38999938964844,169.0609893798828,19357000
2024-11-26,177.1999969482422,179.4600067138672,177.1999969482422,179.30999755859375,170.89083862304688,6276700
2024-11-27,180.0,180.42999267578125,178.72999572753906,179.36000061035156,170.9384765625,5522900
2024-11-29,178.6999969482422,179.6300048828125,178.27999877929688,179.25999450683594,170.8431854248047,3823700
2024-12-02,179.1199951171875,180.16000366210938,178.00999450683594,179.6999969482422,171.26254272460938,5728200
2024-12-03,178.77000427246094,179.6199951171875,175.1999969482422,175.4199981689453,167.18345642089844,8127300
2024-12-04,174.1699981689453,175.14999389648438,173.4600067138672,175.11000061035156,166.88803100585938,6823500
2024-12-05,174.86000061035156,176.4600067138672,174.4499969482422,176.02999877929688,167.7648468017578,5022200
2024-12-06,175.3699951171875,176.74000549316406,173.75,173.82000732421875,165.65863037109375,5741200
2024-12-09,173.63999938964844,173.75999450683594,170.42999267578125,170.7899932861328,162.7708740234375,7164300
2024-12-10,170.4199981689453,172.92999267578125,169.92999267578125,172.27999877929688,164.19088745117188,6219900
2024-12-11,173.00999450683594,173.38999938964844,170.39999389648438,170.6300048828125,162.61839294433594,5237500
2024-12-12,171.42999267578125,171.82000732421875,170.02000427246094,170.85000610351562,162.82806396484375,4072800
2024-12-13,170.77000427246094,171.7899932861328,170.1199951171875,171.05999755859375,163.02821350097656,3884500
2024-12-16,171.4499969482422,172.77999877929688,171.10000610351562,171.13999938964844,163.1044158935547,5943600
2024-12-17,170.6699981689453,171.9499969482422,170.02000427246094,170.3300018310547,162.3324737548828,6069200
2024-12-18,169.75999450683594,170.55999755859375,169.02000427246094,169.0800018310547,161.1411590576172,7517100
2024-12-19,169.00999450683594,170.10000610351562,167.35000610351562,169.19000244140625,161.2460174560547,8585200
2024-12-20,168.8699951171875,169.8699951171875,167.5,168.05999755859375,160.16905212402344,21999300
2024-12-23,168.05999755859375,168.67999267578125,166.36000061035156,168.11000061035156,160.2167205810547,6983900
2024-12-24,167.6199951171875,169.17999267578125,167.4199981689453,168.94000244140625,161.00772094726562,2460800
2024-12-26,168.30999755859375,170.3000030517578,168.07000732421875,170.16000366210938,162.1704559326172,3629400
2024-12-27,169.4199981689453,170.75999450683594,169.25999450683594,169.52999877929688,161.5700225830078,4367900
2024-12-30,168.6699981689453,168.97999572753906,166.7100067138672,167.08999633789062,159.24459838867188,4354500
2024-12-31,167.36000061035156,168.0800018310547,166.58999633789062,167.64999389648438,159.77830505371094,3957600
